0 290
0 2487
0 2655
0 2646
0 2176
0 2902
0 2531
0 2907
1 278
1 2176
1 2902
1 2531
2 3037
2 2646
2 2176
2 2902
2 2531
2 2578
2 2149
3 283
3 2477
3 2646
3 2176
3 2902
3 2531
4 3046
4 2762
4 2646
4 2902
4 2531
5 1065
5 29
6 1066
7 3046
7 1823
7 2176
7 2902
7 2531
8 282
8 2656
8 1290
8 2646
8 2902
8 2531
9 45
9 43
9 25
10 3048
10 2737
10 2646
10 2176
10 3011
11 3042
11 2646
11 2176
11 2902
11 2531
12 3038
12 2176
12 2902
13 3045
13 2646
13 2176
13 2902
13 2531
14 3045
14 2646
14 2176
14 2902
14 2531
16 43
17 34
18 15
18 27
19 282
19 2646
19 2176
19 2902
19 2531
20 299
20 2646
20 2176
20 2902
20 2531
20 2817
21 273
21 2902
21 2531
1344 1064
1344 1063
1344 1062
1344 1061
1344 1060
1344 1059
1344 1058
1344 1057
1344 1056
1344 1055
1344 1054
1344 1053
1344 1052
1344 1051
1344 1050
1344 1049
1344 1048
1344 1047
1344 1046
1344 1045
1344 1044
1344 1043
1344 1042
1344 1041
1344 1040
1344 1039
22 280
22 465
22 2031
22 2646
22 2176
22 2902
22 2531
22 2653
23 833
23 610
23 941
23 690
23 693
23 845
23 783
23 937
23 979
23 1023
23 800
23 646
23 637
23 850
23 820
23 790
23 626
23 684
23 977
23 891
23 818
23 617
23 1018
23 700
23 591
23 877
23 858
23 756
23 815
23 579
23 661
23 588
23 638
23 1008
23 923
23 682
23 728
23 660
23 903
23 587
23 843
23 916
23 929
23 789
23 691
23 807
23 572
23 962
23 1030
23 749
23 732
23 954
23 742
23 771
23 886
23 698
23 917
23 711
23 894
23 841
23 570
23 887
23 699
23 869
23 670
23 622
23 785
23 675
23 542
23 958
23 1004
23 1034
23 873
23 847
23 776
23 616
23 575
23 681
23 1013
23 797
23 667
23 734
23 909
23 630
23 828
23 889
23 944
23 744
23 722
23 907
23 762
23 760
23 864
23 780
23 1016
23 792
23 925
23 583
23 987
23 755
23 695
23 1015
23 953
23 998
23 652
23 936
23 995
23 878
23 867
23 664
23 724
23 791
23 761
23 692
23 1012
23 671
23 978
23 782
23 643
23 677
23 731
23 993
23 605
23 602
23 984
23 950
23 826
23 840
23 560
23 933
23 632
23 1033
23 648
23 960
23 1014
23 802
23 633
23 1007
23 830
23 765
23 736
23 636
23 541
23 628
23 559
23 928
23 913
23 811
23 829
23 639
23 655
23 544
23 846
23 746
23 779
23 674
23 901
23 618
23 546
23 747
23 685
23 603
23 604
23 1027
23 631
23 932
23 947
23 748
23 857
23 1009
23 985
23 608
23 934
23 715
23 640
23 822
23 713
23 770
23 614
23 679
23 949
23 769
23 794
23 774
23 598
23 683
23 650
23 578
23 676
23 543
23 966
23 837
23 801
23 942
23 951
23 986
23 1017
23 834
23 654
23 659
23 627
23 752
23 997
23 812
23 718
23 1037
23 910
23 851
23 606
23 948
23 729
23 852
23 896
23 871
23 596
23 1010
23 663
23 786
23 938
23 827
23 884
23 883
23 1026
23 727
23 814
23 594
23 764
23 725
23 968
23 924
23 787
23 577
23 788
23 839
23 569
23 585
23 553
23 844
23 1002
23 946
23 625
23 735
23 1024
23 573
23 994
23 819
23 981
23 911
23 973
23 635
23 644
23 703
23 863
23 619
23 719
23 967
23 1001
23 918
23 548
23 880
23 888
23 599
23 862
23 832
23 859
23 708
23 540
23 641
23 902
23 808
23 545
23 704
23 784
23 931
23 777
23 562
23 1038
23 701
23 999
23 726
23 566
23 766
23 970
23 555
23 607
23 914
23 900
23 584
23 1003
23 912
23 813
23 620
23 551
23 571
23 898
23 816
23 580
23 754
23 757
23 983
23 915
23 723
23 853
23 865
23 568
23 721
23 992
23 989
23 991
23 810
23 600
23 665
23 1036
23 680
23 842
23 623
23 550
23 612
23 798
23 669
23 772
23 582
23 1006
23 592
23 567
23 817
23 895
23 793
23 673
23 940
23 855
23 741
23 753
23 558
23 990
23 921
23 781
23 959
23 930
23 866
23 952
23 982
23 890
23 961
23 1021
23 1031
23 710
23 656
23 957
23 908
23 556
23 642
23 838
23 836
23 613
23 831
23 702
23 943
23 557
23 825
23 805
23 624
23 804
23 759
23 796
23 806
23 609
23 662
23 778
23 768
23 611
23 904
23 739
23 906
23 823
23 795
23 709
23 666
23 1022
23 882
23 615
23 574
23 1005
23 658
23 980
23 593
23 905
23 854
23 956
23 651
23 601
23 629
23 564
23 920
23 563
23 1035
23 939
23 879
23 1019
23 899
23 969
23 988
23 751
23 965
23 737
23 694
23 653
23 927
23 885
23 552
23 1029
23 595
23 717
23 554
23 919
23 743
23 590
23 775
23 975
23 964
23 893
23 597
23 976
23 963
23 868
23 849
23 750
23 1011
23 996
23 621
23 955
23 897
23 922
23 678
23 876
23 686
23 799
23 870
23 714
23 561
23 974
23 672
23 730
23 647
23 763
23 971
23 856
23 875
23 712
23 1000
23 872
23 687
23 881
23 803
23 716
23 657
23 945
23 821
23 634
23 586
23 589
23 689
23 1025
23 824
23 758
23 848
23 835
23 645
23 547
23 697
23 565
23 935
23 720
23 707
23 576
23 581
23 972
23 668
23 649
23 1020
23 874
23 860
23 1028
23 549
23 773
23 688
23 767
23 696
23 740
23 892
23 861
23 738
23 705
23 1032
23 809
23 733
23 745
23 926
23 706
23 475
23 456
23 141
23 286
23 145
23 96
23 509
23 393
23 106
23 477
23 410
23 12
23 146
23 50
23 356
23 437
23 181
23 76
23 137
23 470
23 254
23 478
23 257
23 435
23 54
23 538
23 127
23 526
23 504
23 381
23 364
23 460
23 155
23 250
23 523
23 231
23 3
23 281
23 179
23 397
23 380
23 151
23 263
23 368
23 52
23 99
23 528
23 337
23 172
23 51
23 467
23 426
23 287
23 527
23 66
23 150
23 284
23 249
23 163
23 166
23 373
23 339
23 267
23 438
23 451
23 26
23 493
23 388
23 525
23 476
23 264
23 391
23 187
23 498
23 363
23 457
23 487
23 255
23 144
23 116
23 343
23 481
23 103
23 56
23 132
23 319
23 242
23 252
23 424
23 162
23 36
23 125
23 123
23 519
23 483
23 342
23 142
23 328
23 8
23 160
23 307
23 441
23 75
23 49
23 61
23 315
23 530
23 246
23 338
23 301
23 444
23 241
23 84
23 247
23 432
23 469
23 433
23 384
23 313
23 88
23 520
23 461
23 14
23 177
23 233
23 129
23 183
23 529
23 330
23 350
23 340
23 407
23 176
23 395
23 21
23 369
23 436
23 413
23 390
23 463
23 112
23 383
23 291
23 110
23 118
23 168
23 354
23 442
23 515
23 446
23 63
23 405
23 134
23 128
23 67
23 31
23 417
23 71
23 1
23 512
23 482
23 38
23 70
23 466
23 459
23 334
23 323
23 62
23 167
23 130
23 524
23 427
23 228
23 174
23 536
23 488
23 232
23 422
23 403
23 522
23 450
23 353
23 535
23 349
23 359
23 55
23 192
23 4
23 97
23 495
23 317
23 385
23 64
23 235
23 402
23 352
23 513
23 305
23 184
23 300
23 532
23 455
23 237
23 117
23 98
23 288
23 244
23 365
23 421
23 22
23 136
23 178
23 472
23 19
23 105
23 169
23 108
23 65
23 431
23 302
23 499
23 428
23 69
23 268
23 40
23 135
23 285
23 256
23 331
23 387
23 415
23 73
23 510
23 485
23 449
23 85
23 195
23 35
23 386
23 131
23 107
23 57
23 392
23 156
23 153
23 121
23 139
23 418
23 53
23 521
23 361
23 248
23 86
23 87
23 185
23 399
23 398
23 270
23 500
23 316
23 377
23 83
23 325
23 347
23 68
23 474
23 262
23 78
23 348
23 320
23 358
23 120
23 42
23 370
23 311
23 253
23 375
23 401
23 275
23 124
23 464
23 82
23 265
23 113
23 32
23 502
23 293
23 314
23 445
23 59
23 158
23 443
23 376
23 272
23 100
23 452
23 138
23 480
23 102
23 164
23 80
23 60
23 518
23 101
23 37
23 229
23 79
23 149
23 448
23 58
23 261
23 400
23 260
23 382
23 416
23 327
23 33
23 28
23 516
23 465
23 111
23 0
23 332
23 308
23 274
23 243
23 357
23 147
23 503
23 238
23 245
23 439
23 371
23 506
23 324
23 133
23 468
23 496
23 93
23 389
23 269
23 161
23 171
23 194
23 425
23 186
23 95
23 454
23 489
23 266
23 491
23 367
23 539
23 372
23 344
23 109
23 333
23 458
23 404
23 336
23 462
23 429
23 81
23 154
23 408
23 423
23 511
23 508
23 345
23 10
23 114
23 312
23 190
23 104
23 379
23 326
23 230
23 419
23 322
23 494
23 90
23 74
23 394
23 351
23 362
23 318
23 479
23 471
23 7
23 182
23 490
23 414
23 447
23 396
23 152
23 453
23 77
23 531
23 170
23 486
23 180
23 94
23 140
23 329
23 409
23 259
23 507
23 430
23 276
23 534
23 41
23 374
23 484
23 189
23 2
23 298
23 258
23 91
23 20
23 341
23 289
23 173
23 412
23 517
23 434
23 279
23 191
23 271
23 143
23 165
23 321
23 148
23 411
23 346
23 122
23 514
23 240
23 11
23 193
23 115
23 420
23 188
23 89
23 24
23 473
23 175
23 251
23 72
23 119
23 126
23 13
23 196
23 197
23 198
23 199
23 200
23 201
23 202
23 203
23 204
23 205
23 206
23 207
23 208
23 209
23 210
23 211
23 212
23 213
23 214
23 215
23 216
23 217
23 218
23 219
23 220
23 221
23 222
23 223
23 224
23 225
23 226
23 227
23 497
23 492
23 533
23 501
23 157
23 239
23 159
23 236
23 440
23 234
23 537
23 378
23 505
23 297
23 360
23 92
23 335
23 355
24 273
24 2646
24 2902
24 2531
24 2578
25 1066
25 1891
25 1982
25 1666
25 1669
25 1989
25 1854
25 1684
25 1698
25 1896
25 1897
25 1599
25 1705
25 1818
25 1559
25 1799
25 1910
25 1762
25 1994
25 1687
25 2013
25 1948
25 1753
25 1968
25 1985
25 2019
25 1860
25 1769
25 1699
25 1843
25 1572
25 2036
25 2015
25 1816
25 1579
25 2035
25 1648
25 1850
25 1922
25 1725
25 1574
25 1873
25 1565
25 1980
25 1637
25 2034
25 1892
25 1620
25 1748
25 1741
25 1920
25 1978
25 1732
25 1567
25 1597
25 1928
25 1852
25 2021
25 1933
25 1622
25 1885
25 1872
25 1727
25 1797
25 2037
25 1858
25 1779
25 1821
25 1639
25 1817
25 1976
25 1792
25 1750
25 2031
25 1987
25 1766
25 1642
25 1634
25 1911
25 1588
25 1598
25 1677
25 1995
25 1580
25 1999
25 1584
25 1923
25 1964
25 1744
25 2005
25 1942
25 1925
25 1643
25 1621
25 1595
25 1593
25 1742
25 1571
25 1938
25 1919
25 1791
25 1973
25 2022
25 2009
25 1717
25 1912
25 1845
25 1606
25 1610
25 1844
25 1612
25 1569
25 1870
25 1786
25 1697
25 1611
25 1605
25 1570
25 1640
25 1981
25 2011
25 1902
25 1794
25 1714
25 1659
25 1849
25 1694
25 1678
25 1653
25 1880
25 1581
25 2024
25 1724
25 1983
25 1743
25 1685
25 1798
25 1789
25 1656
25 1632
25 1560
25 1856
25 1711
25 1731
25 1929
25 1721
25 1582
25 1813
25 1608
25 1775
25 1864
25 1814
25 1784
25 1874
25 1736
25 1832
25 1986
25 1950
25 2020
25 1945
25 1585
25 1739
25 1767
25 1901
25 1662
25 1726
25 1723
25 2026
25 1663
25 1993
25 1823
25 1887
25 1859
25 1848
25 1836
25 1915
25 1886
25 1764
25 1861
25 1961
25 1808
25 1781
25 1647
25 1811
25 2033
25 1934
25 1812
25 1658
25 1624
25 1778
25 1954
25 1979
25 1828
25 1914
25 1716
25 1671
25 1641
25 1628
25 2007
25 1894
25 1777
25 2010
25 1963
25 1881
25 1689
25 1857
25 1745
25 1988
25 1587
25 1809
25 1774
25 1573
25 1787
25 1783
25 1575
25 1890
25 1720
25 1951
25 1806
25 1566
25 1686
25 1661
25 1576
25 1710
25 1583
25 1558
25 1807
25 1839
25 1830
25 1702
25 1683
25 1949
25 1771
25 1959
25 1960
25 1974
25 1718
25 1618
25 1703
25 1556
25 1992
25 1972
25 1695
25 1564
25 1957
25 1966
25 1636
25 1841
25 1730
25 1625
25 1810
25 1927
25 1773
25 2004
25 1793
25 2030
25 1898
25 1693
25 1943
25 1675
25 1883
25 1875
25 1846
25 1924
25 1825
25 1577
25 1592
25 1937
25 1755
25 1701
25 2025
25 1770
25 1917
25 1996
25 1953
25 1627
25 1681
25 1900
25 1654
25 1931
25 1930
25 1905
25 1733
25 1759
25 1889
25 1795
25 1763
25 1679
25 1672
25 1895
25 1617
25 1737
25 1837
25 1562
25 1788
25 1709
25 2016
25 1984
25 1882
25 1977
25 1947
25 1629
25 1735
25 1780
25 1944
25 1594
25 1704
25 1601
25 1646
25 1965
25 2027
25 1747
25 1998
25 1907
25 1652
25 1673
25 1603
25 2000
25 1815
25 1563
25 2028
25 1772
25 1591
25 1616
25 1756
25 2023
25 1822
25 1604
25 1561
25 1899
25 1719
25 1904
25 1893
25 1650
25 1871
25 1997
25 1921
25 1674
25 1645
25 1623
25 1877
25 1665
25 1607
25 1782
25 1802
25 1847
25 1884
25 1765
25 1752
25 1936
25 1819
25 1690
25 1734
25 1865
25 1838
25 1676
25 1935
25 1706
25 1613
25 1820
25 2003
25 1600
25 1790
25 1728
25 1768
25 1667
25 1749
25 1952
25 1879
25 1851
25 1840
25 1991
25 1829
25 1692
25 1630
25 2008
25 1834
25 1722
25 1955
25 1776
25 1644
25 1633
25 1615
25 1971
25 1707
25 1941
25 1660
25 1651
25 1916
25 1932
25 1804
25 1926
25 2032
25 1918
25 1876
25 1908
25 1833
25 1715
25 1668
25 1589
25 1867
25 1826
25 1855
25 1746
25 1785
25 1631
25 1740
25 1655
25 2012
25 1712
25 1590
25 1946
25 1758
25 1868
25 1863
25 1796
25 1956
25 1803
25 1760
25 1975
25 1602
25 1555
25 2029
25 1800
25 2002
25 1958
25 1831
25 1869
25 1708
25 1962
25 1967
25 1682
25 2017
25 1805
25 1578
25 1754
25 1853
25 1713
25 1626
25 1586
25 1670
25 1635
25 1738
25 1557
25 1940
25 2006
25 2014
25 1903
25 1761
25 1657
25 1970
25 1638
25 1596
25 1619
25 2018
25 1568
25 1913
25 1888
25 1680
25 1614
25 1835
25 1729
25 1688
25 1939
25 1827
25 1696
25 1700
25 1664
25 1751
25 1649
25 1609
25 1909
25 1969
25 1878
25 1757
25 1691
25 1842
25 1990
25 1862
25 1801
25 2001
25 1906
25 1866
25 1824
25 1221
25 1210
25 1179
25 1530
25 1477
25 1466
25 1281
25 1388
25 1504
25 1430
25 1319
25 1076
25 1364
25 1185
25 1525
25 1151
25 1317
25 1261
25 1294
25 1491
25 1298
25 1324
25 1266
25 1551
25 1381
25 1212
25 1302
25 1315
25 1512
25 1309
25 1206
25 1148
25 1108
25 1080
25 1244
25 1526
25 1095
25 1425
25 1365
25 1111
25 1333
25 1171
25 1220
25 1274
25 1357
25 1090
25 1374
25 1098
25 1389
25 1219
25 1414
25 1452
25 1368
25 1310
25 1461
25 1267
25 1352
25 1159
25 1554
25 1163
25 1116
25 1225
25 1398
25 1485
25 1540
25 1412
25 1175
25 1138
25 1067
25 1325
25 1456
25 1269
25 1500
25 1402
25 1383
25 1367
25 1233
25 1136
25 1178
25 1101
25 1068
25 1172
25 1114
25 1493
25 1086
25 1443
25 1122
25 1532
25 1481
25 1161
25 1265
25 1305
25 1531
25 1545
25 1455
25 1293
25 1363
25 1144
25 1523
25 1154
25 1112
25 1079
25 1429
25 1503
25 1495
25 1435
25 1292
25 1223
25 1421
25 1529
25 1290
25 1106
25 1268
25 1283
25 1458
25 1149
25 1131
25 1194
25 1207
25 1537
25 1141
25 1453
25 1462
25 1401
25 1409
25 1197
25 1550
25 1547
25 1396
25 1359
25 1273
25 1123
25 1419
25 1334
25 1252
25 1329
25 1405
25 1506
25 1284
25 1083
25 1549
25 1511
25 1200
25 1312
25 1518
25 1342
25 1483
25 1467
25 1442
25 1297
25 1226
25 1251
25 1277
25 1451
25 1346
25 1469
25 1246
25 1231
25 1088
25 1459
25 1384
25 1497
25 1103
25 1510
25 1400
25 1232
25 1391
25 1180
25 1373
25 1214
25 1124
25 1189
25 1536
25 1399
25 1446
25 1186
25 1427
25 1361
25 1199
25 1433
25 1272
25 1195
25 1496
25 1355
25 1436
25 1358
25 1339
25 1468
25 1193
25 1379
25 1164
25 1169
25 1304
25 1392
25 1280
25 1145
25 1075
25 1449
25 1428
25 1099
25 1188
25 1133
25 1378
25 1482
25 1069
25 1168
25 1465
25 1078
25 1253
25 1247
25 1089
25 1426
25 1336
25 1322
25 1160
25 1092
25 1349
25 1162
25 1519
25 1438
25 1229
25 1208
25 1508
25 1350
25 1205
25 1126
25 1377
25 1337
25 1335
25 1263
25 1181
25 1521
25 1403
25 1415
25 1385
25 1286
25 1250
25 1109
25 1097
25 1072
25 1514
25 1422
25 1372
25 1370
25 1501
25 1494
25 1439
25 1404
25 1234
25 1156
25 1255
25 1382
25 1183
25 1376
25 1533
25 1524
25 1394
25 1243
25 1340
25 1237
25 1104
25 1499
25 1190
25 1150
25 1202
25 1137
25 1535
25 1502
25 1120
25 1113
25 1321
25 1107
25 1387
25 1434
25 1546
25 1121
25 1215
25 1249
25 1142
25 1307
25 1424
25 1074
25 1323
25 1418
25 1211
25 1155
25 1177
25 1176
25 1478
25 1259
25 1153
25 1397
25 1218
25 1489
25 1118
25 1230
25 1490
25 1393
25 1077
25 1406
25 1291
25 1256
25 1227
25 1515
25 1091
25 1295
25 1539
25 1316
25 1330
25 1073
25 1257
25 1543
25 1276
25 1473
25 1204
25 1105
25 1102
25 1479
25 1360
25 1527
25 1201
25 1542
25 1445
25 1117
25 1270
25 1130
25 1213
25 1238
25 1492
25 1314
25 1182
25 1362
25 1087
25 1100
25 1070
25 1222
25 1369
25 1447
25 1343
25 1306
25 1348
25 1288
25 1217
25 1275
25 1216
25 1457
25 1513
25 1463
25 1356
25 1192
25 1371
25 1390
25 1345
25 1262
25 1464
25 1548
25 1407
25 1520
25 1289
25 1165
25 1440
25 1236
25 1146
25 1119
25 1096
25 1132
25 1338
25 1260
25 1278
25 1157
25 1460
25 1444
25 1375
25 1553
25 1380
25 1245
25 1084
25 1129
25 1235
25 1552
25 1423
25 1417
25 1254
25 1386
25 1441
25 1198
25 1196
25 1516
25 1437
25 1081
25 1279
25 1487
25 1328
25 1085
25 1224
25 1484
25 1471
25 1327
25 1135
25 1134
25 1347
25 1420
25 1248
25 1353
25 1110
25 1311
25 1476
25 1152
25 1448
25 1474
25 1528
25 1228
25 1300
25 1127
25 1285
25 1147
25 1413
25 1143
25 1454
25 1326
25 1522
25 1296
25 1332
25 1303
25 1174
25 1505
25 1509
25 1158
25 1395
25 1239
25 1450
25 1431
25 1432
25 1071
25 1480
25 1318
25 1115
25 1094
25 1320
25 1534
25 1544
25 1093
25 1308
25 1203
25 1410
25 1184
25 1341
25 1170
25 1498
25 1538
25 1351
25 1271
25 1187
25 1282
25 1507
25 1082
25 1541
25 1128
25 1331
25 1366
25 1470
25 1242
25 1258
25 1475
25 1139
25 1209
25 1313
25 1166
25 1472
25 1517
25 1354
25 1191
25 1416
25 1287
25 1140
25 1241
25 1173
25 1486
25 1301
25 1167
25 1240
25 1408
25 1411
25 1125
25 1299
25 1264
25 1488
26 299
26 2003
26 2646
26 2176
26 2902
26 2531
28 299
28 285
28 2646
28 2902
28 2912
29 1065
31 3041
31 2646
31 2902
31 2531
32 3040
32 2646
32 2176
32 2902
32 2531
33 282
33 1285
33 2646
33 2176
33 2902
33 2531
33 2762
34 1064
34 1063
34 1062
34 1061
34 1060
34 1059
34 1058
34 1057
34 1056
34 1055
34 1054
34 1053
34 1052
34 1051
34 1050
34 1049
34 1048
34 1047
34 1046
34 1045
34 1044
34 1043
34 1042
34 1041
34 1040
34 1039
35 278
35 2176
35 2902
35 2531
36 292
36 2646
36 2176
36 2902
36 2531
37 299
37 2646
37 2902
37 2531
38 3042
38 2646
38 2176
38 2902
38 2531
38 2929
39 25
39 23
40 282
40 1286
40 2646
40 2176
40 2531
41 3049
41 2176
41 2902
41 2531
42 299
42 2012
42 2270
42 2176
42 2902
42 2531
42 2655
43 25
43 23
46 2870
46 2367
48 47
48 366
49 3039
49 2646
49 2902
49 2531
50 280
50 2185
50 2646
50 2176
50 2902
50 2531
50 2836
51 299
51 2646
51 2176
51 2902
51 2578
51 2907
52 280
52 2176
52 2902
52 2531
53 295
53 2646
53 2176
53 2902
53 2531
54 3040
54 878
54 2646
54 2176
54 2902
54 2531
54 3011
54 2656
55 292
55 2646
55 2176
55 2902
55 2531
55 2578
55 2505
56 3043
56 1364
56 2646
56 2176
56 2902
56 2531
56 2765
57 292
57 2646
57 2176
57 2902
57 2531
58 292
58 2646
58 2902
58 2531
58 2979
59 3043
59 2646
59 2176
59 2902
59 2531
60 273
60 207
60 2176
60 2902
60 2531
60 3012
61 290
61 2646
61 2176
61 2902
61 2531
61 2762
62 277
62 1936
62 2646
62 2176
62 2902
62 2531
62 2137
63 299
63 1136
63 2646
63 2176
63 2902
63 2531
64 3048
64 2646
64 2176
64 2902
64 2582
64 2529
65 3042
65 2487
65 2646
65 2176
65 2902
65 2531
66 3049
66 2031
66 2646
66 2176
66 2531
66 2656
67 282
67 2646
67 2902
67 2531
68 294
68 2808
68 437
68 2646
68 2176
68 2902
68 2531
69 283
69 1775
69 2646
69 2176
69 2902
69 2531
69 2912
69 2200
70 3039
70 2386
70 2176
70 2902
71 278
71 2176
71 2902
71 2531
72 3049
72 1558
72 2646
72 2176
72 2902
72 2531
72 3011
73 3040
73 1928
73 2176
73 2902
73 2531
73 2293
73 2912
74 296
74 2646
74 2902
75 296
75 1786
75 1505
75 2643
75 2646
75 2176
75 2902
75 2531
76 3048
76 1142
76 2646
76 2902
76 2406
77 292
77 1786
77 2059
77 2646
77 2176
77 2902
77 2531
77 2985
77 2765
78 282
78 2646
78 2176
78 2902
78 2578
78 2531
79 280
79 2521
79 2003
79 2646
79 2176
79 2902
79 2531
80 273
80 2176
80 2902
80 2531
80 2712
81 3045
81 1928
81 2646
81 2176
81 2531
82 3045
82 2646
82 2176
82 2165
82 2108
83 3039
83 769
83 2646
83 2176
83 2578
83 2531
83 2825
84 3049
84 2646
84 2176
84 2902
84 2531
85 277
85 2632
85 2646
85 2176
85 2902
85 2531
86 3042
86 2646
86 2531
86 2253
87 282
87 1331
87 2646
87 2176
87 2902
87 2578
87 2531
87 2152
87 2132
88 296
88 2646
88 2176
88 2902
88 2531
89 273
89 2138
89 2646
89 2176
89 2902
89 2531
89 2578
90 3043
90 2176
90 2902
90 2531
90 2656
91 292
91 2185
91 2627
91 2176
91 2902
91 2531
91 2132
92 3047
92 2646
92 2176
92 2902
92 2531
93 3040
93 2478
93 2646
93 2176
93 2902
93 2531
94 3037
94 2902
94 2578
95 3042
95 2646
95 2176
95 2902
95 2531
95 2591
96 296
96 2646
96 2176
96 2902
96 2531
96 2907
97 3043
97 3036
97 2176
97 2902
97 2531
98 294
98 2646
98 2902
98 2531
99 277
99 2176
99 2902
99 2531
99 2936
100 278
100 2493
100 2646
100 2902
100 2531
100 2353
101 3040
101 1799
101 2343
101 2646
101 2176
101 2902
101 2531
102 3047
102 2731
102 2646
102 2176
102 2531
102 2985
102 2059
103 3046
103 2646
103 2176
103 2902
104 278
104 2646
104 2176
104 2902
104 2531
105 3042
105 2015
105 2646
105 2176
105 2902
105 2531
105 2406
106 277
106 2646
106 2176
106 2902
106 2531
107 3044
107 2646
107 2176
107 2902
107 2531
108 3042
108 2646
108 2176
108 2902
108 2531
109 3038
109 2646
109 2176
109 2902
109 2531
109 2149
110 295
110 1375
110 2537
110 2646
110 2176
110 2902
110 2531
111 3037
111 727
111 2646
111 2176
111 2902
111 2531
111 2485
112 3038
112 1285
112 2176
112 2902
112 2531
113 283
113 2877
113 2646
113 2176
113 2902
113 2531
113 2486
114 3039
114 2646
114 2176
114 2902
114 2531
115 3043
115 2646
115 2176
115 2902
116 283
116 1652
116 2646
116 2176
116 2902
116 2531
116 2485
117 273
117 1224
117 2646
117 2176
117 2902
117 2531
118 283
118 2311
118 2646
118 2902
118 2531
118 2760
119 3043
119 1869
119 2646
119 2176
119 2902
119 2531
120 3039
120 2176
120 2902
120 2531
120 2907
121 3048
121 1807
121 2646
121 2176
121 2902
121 2531
122 3045
122 2021
122 2646
122 2176
122 2902
123 299
123 2859
123 2582
123 2779
123 2646
123 2176
123 2902
123 2531
124 3041
124 2646
124 2176
124 2902
124 2531
125 3044
125 2646
125 2176
125 2902
125 2531
126 3041
126 2646
126 2176
126 2902
126 2531
127 280
127 2765
127 2646
127 2176
127 2902
127 2531
128 283
128 1313
128 2748
128 2176
128 2902
128 2531
129 3044
129 2646
129 2176
129 2902
129 3009
130 273
130 376
130 2310
130 2646
130 2176
130 2902
130 2531
131 295
131 2646
131 2176
131 2902
131 2531
132 277
132 2486
132 2646
132 2902
132 2531
133 280
133 1148
133 2176
133 2902
133 2531
133 2912
133 2961
134 3038
134 2646
134 2176
134 2902
134 2531
135 3037
135 2176
135 2902
135 2912
136 278
136 1228
136 2646
136 2176
136 2902
136 2531
136 3011
137 3047
137 2176
137 2902
137 2531
137 2921
138 296
138 1114
138 2646
138 2176
138 2902
138 2531
138 2077
139 3043
139 2264
139 2238
139 2646
139 2176
139 2902
139 2531
139 2578
140 3037
140 2487
140 2531
140 2521
141 3038
141 2646
141 2176
141 2531
142 3038
142 2985
142 2646
142 2176
143 3047
143 837
143 1585
143 1956
143 2646
143 2176
143 2902
144 290
144 1535
144 2646
144 2176
144 2902
144 2557
145 3046
145 2646
145 2176
145 2902
145 2531
146 3037
146 2646
146 2531
147 273
147 2646
147 2176
147 2902
147 2531
148 3043
148 2646
148 2176
148 2902
148 2476
148 3011
149 283
149 2646
149 2176
149 2902
149 2531
150 3049
150 2646
150 2902
150 2531
151 3045
151 228
151 937
151 1906
151 2646
151 2176
151 2531
152 3046
152 396
152 2646
152 2176
152 2902
153 3049
153 2485
153 2646
153 2176
153 2902
153 2531
154 3047
154 2646
154 2176
154 2902
154 2531
155 283
155 2646
155 2176
155 2531
155 2985
155 2945
156 290
156 2646
156 2176
156 2902
156 2531
157 3038
157 426
157 1464
157 1670
157 2176
157 2902
157 2531
158 3047
158 2646
158 2176
158 2902
158 2531
159 3039
159 2646
159 2902
159 2531
159 2762
159 2907
160 3038
160 2646
160 2176
160 2902
160 2531
160 2238
161 292
161 2646
161 2176
161 2531
162 273
162 1332
162 2077
162 2646
162 2176
162 2902
162 2531
163 282
163 2176
163 2902
163 2878
164 296
164 2646
164 2176
164 2902
165 3042
165 2646
165 2176
165 2902
165 2531
165 2487
166 282
166 2646
166 2176
166 2902
166 2531
167 295
167 1807
167 2646
167 2176
167 2902
167 2626
168 290
168 1517
168 1786
168 2646
168 2176
168 2902
168 2531
169 3044
169 1191
169 2646
169 2902
169 2531
169 2803
169 2084
170 3046
170 2646
170 2176
170 2902
170 2531
171 3049
171 2646
171 2176
171 2902
171 2531
172 295
172 2646
172 2176
172 2902
172 2531
173 290
173 2646
173 2176
173 2902
173 2531
174 277
174 2902
174 2531
175 3044
175 1225
175 1274
175 2646
175 2176
175 2902
175 2531
176 278
176 2646
176 2176
176 2902
176 2531
177 292
177 2646
177 2176
177 2902
177 2531
177 2171
178 3038
178 2825
178 2646
178 2176
178 2902
179 3043
179 1148
179 2646
179 2176
179 2902
179 2531
180 1450
180 283
180 80
180 2646
180 2176
180 2902
180 2531
181 3038
181 923
181 2646
181 2902
181 2531
182 282
182 2646
182 2176
182 2902
182 2134
183 3046
183 1191
183 2646
183 2176
183 2531
183 3011
183 2510
183 2545
184 3047
184 1893
184 2152
184 1873
184 2646
184 2176
184 2902
184 2531
185 3046
185 2176
185 2902
185 2531
185 2792
186 295
186 2399
186 2137
186 2646
186 2176
186 2902
186 2531
186 2578
187 290
187 2646
187 2176
187 2902
187 2531
188 292
188 1617
188 2646
188 2176
188 2902
188 2531
188 2945
189 292
189 2505
189 2646
189 2176
189 2902
189 2531
190 3039
190 2646
190 2176
190 2902
190 2531
190 3011
191 3046
191 1585
191 2716
191 2646
191 2176
191 2902
191 2531
192 294
192 2646
192 2176
192 2902
192 2531
193 277
193 2176
193 2902
193 2531
194 3047
194 1547
194 2646
194 2176
194 2902
194 2067
195 283
195 2646
195 2176
195 2902
195 2531
196 3038
196 2646
196 2176
196 2902
196 2531
197 3043
197 1816
197 263
197 2646
197 2176
197 2902
197 2531
197 3011
197 2836
197 2985
198 295
198 2646
198 2176
198 2902
198 2531
198 2859
199 3039
199 2176
199 2531
200 296
200 1207
200 2646
200 2176
200 2531
200 2245
201 3037
201 2646
201 2176
201 2902
201 2531
202 292
202 2646
202 2176
202 2902
203 277
203 1450
203 2646
203 2176
203 2902
203 2531
204 3046
204 1739
204 2646
204 2176
204 2902
204 2578
204 2531
205 3047
205 2646
205 2176
205 2902
205 2531
206 292
206 429
206 2443
206 2646
206 2176
206 2902
206 2531
207 294
207 2646
207 2176
207 2531
208 3039
208 2646
208 2176
208 2902
208 2531
209 3039
209 2646
209 2176
209 2902
209 2531
209 3011
210 294
210 2646
210 2902
210 2531
210 2765
211 294
211 2646
211 2176
211 2902
212 292
212 2646
212 2176
212 2902
212 2578
212 2531
212 2476
213 299
213 1656
213 2646
213 2176
213 2902
213 2531
214 3043
214 1810
214 2646
214 2902
214 2531
214 2749
215 273
215 2646
215 2176
215 2902
215 2531
216 3043
216 3012
216 2122
216 1834
216 2646
216 2176
216 2531
217 295
217 1871
217 2902
217 2531
218 3042
218 2725
218 1811
218 2836
218 2646
218 2176
218 2902
218 2531
219 296
219 2646
219 2176
219 2902
219 2531
220 3041
220 2646
220 2176
220 2902
220 2531
220 2912
221 282
221 2646
221 2176
221 2531
222 3042
222 2646
222 2902
222 2531
222 2445
223 3040
223 2343
223 2646
223 2902
223 2531
224 3049
224 2176
224 2902
224 2907
224 2912
224 3011
225 2012
225 3045
225 2646
225 2176
225 2902
225 2531
226 3041
226 2328
226 2836
226 2176
226 2902
226 2531
227 3044
227 2075
227 2646
227 2176
227 2902
227 2531
228 283
228 2646
228 2176
228 2902
228 2578
228 2112
229 3045
229 2646
229 2902
229 2531
229 2581
230 294
230 127
230 2646
230 2176
230 2902
231 296
231 1971
231 2646
231 2176
231 2902
231 2531
232 283
232 2646
232 2176
232 2902
232 2531
233 282
233 2646
233 2176
233 2902
233 2531
233 2985
234 3049
234 2275
234 1472
234 2646
234 2176
234 2902
234 2531
235 3042
235 2646
235 2176
235 2902
235 2531
236 278
236 76
236 2646
236 2176
236 2902
236 2531
236 2170
236 2293
237 295
237 2646
237 2176
237 2902
237 2531
237 2945
238 3046
238 1377
238 2646
238 2176
238 2902
238 2160
239 290
239 2632
239 2238
239 2646
239 2902
239 2531
240 3044
240 1976
240 2646
240 2176
240 2902
240 2531
241 296
241 2231
241 2399
241 2646
241 2176
241 2531
242 280
242 1849
242 2646
242 2176
242 2902
242 2531
243 3048
243 2646
243 2176
243 2902
243 2531
243 2361
244 294
244 2646
244 2176
244 2902
244 2531
245 3045
245 2725
245 2964
245 2646
245 2902
245 2578
246 277
246 2176
246 2902
246 2531
246 2912
247 3039
247 2646
247 2176
247 2902
247 2531
248 294
248 157
248 2646
248 2176
248 2902
248 2531
248 2132
249 3044
249 2646
249 2176
249 2902
249 2578
250 278
250 1233
250 100
250 1602
250 2646
250 2176
250 2531
251 296
251 1454
251 2451
251 2646
251 2176
251 2902
251 2531
252 296
252 2646
252 2176
252 2902
252 2531
253 278
253 1423
253 2646
253 2176
253 2902
253 2531
253 2578
253 2912
253 3009
254 3040
254 1014
254 2002
254 2176
254 2902
254 2531
255 280
255 2171
255 2646
255 2176
255 2902
255 2531
256 3048
256 2646
256 2176
256 2902
256 2531
257 273
257 2646
257 2176
257 2912
257 2985
257 2600
258 3037
258 3036
258 2176
258 2902
258 2531
259 283
259 676
259 2646
259 2176
259 2902
259 2531
260 282
260 2646
260 2176
260 2902
260 2531
260 2912
260 2760
261 3047
261 2646
261 2176
261 2902
261 2531
261 2763
262 3039
262 2646
262 2176
262 2245
262 2528
262 2777
263 3049
263 1286
263 2646
263 2176
263 2902
263 2578
263 2531
264 280
264 2845
264 2646
264 2176
264 2902
264 2945
265 3043
265 2646
265 2902
265 2531
266 3045
266 2176
266 2902
266 2531
266 3011
267 3049
267 2646
267 2176
267 2902
267 2531
267 2655
268 299
268 2646
268 2176
268 2531
268 2907
268 2655
269 3042
269 2038
269 1204
269 1381
269 2646
269 2176
269 2902
269 2531
270 3043
270 1792
270 1653
270 2646
270 2176
270 2902
270 2531
270 3011
271 296
271 2646
271 2176
271 2902
271 2531
271 3011
272 296
272 2646
272 2176
272 2902
272 2531
272 2912
273 3105
273 3074
273 366
274 3045
274 2646
274 2176
274 2531
275 3048
275 2646
275 2176
275 2902
275 2531
276 3044
276 2646
276 2902
276 2531
277 3119
277 366
278 366
279 3045
279 2176
279 2902
279 2531
280 3113
280 3093
280 366
281 3047
281 2646
281 2176
281 2902
281 2531
281 2907
281 2116
281 2130
282 3098
282 3109
282 3115
282 3117
282 366
282 366
283 3102
283 3081
283 3074
283 366
284 3047
284 2537
284 2646
284 2176
284 2531
284 2912
285 3048
285 2361
285 2646
285 2176
285 2902
285 2531
286 283
286 1348
286 2902
287 273
287 2646
287 2176
287 2902
287 2912
288 3048
288 2646
288 2176
288 2902
288 2531
289 290
289 1710
289 2646
289 2176
289 2902
289 2531
290 3121
290 366
291 294
291 2130
291 2937
291 1919
291 2646
291 2176
291 2902
292 3110
292 3106
292 366
293 299
293 2646
293 2176
293 2902
293 2531
293 2245
293 2627
294 3084
294 3105
294 3107
294 3118
294 3122
294 366
295 3111
295 3107
295 3104
295 366
296 3118
296 3116
296 3095
296 366
297 3040
297 2646
297 2176
298 3042
298 1928
298 1225
298 2646
298 2176
298 2902
298 2531
298 2912
299 3100
299 366
300 277
300 377
300 1901
300 1377
300 2646
300 2176
300 2902
300 2531
300 2182
301 3039
301 1390
301 2646
301 2902
301 2531
302 3041
302 2176
302 2531
303 3115
303 3101
303 3091
303 366
304 3116
304 3086
304 3084
304 366
305 278
305 1811
305 1350
305 2646
305 2176
305 2902
305 2531
306 3116
306 3101
306 3082
306 366
307 280
307 2763
307 2646
307 2176
307 2902
307 2809
308 3041
308 1078
308 440
308 2646
308 2176
308 2902
308 2531
309 3110
309 3089
309 366
310 3120
310 3106
310 366
311 278
311 2899
311 2646
311 2176
311 2138
312 3046
312 2647
312 2646
312 2176
312 2902
312 2531
313 3043
313 2646
313 2176
313 2902
313 2531
313 2149
314 3044
314 2646
314 2176
314 2902
314 2531
314 2859
314 2132
314 2655
315 3041
315 1136
315 2646
315 2176
315 2902
315 2531
315 2777
316 3041
316 2749
316 2646
316 2176
316 2902
317 294
317 2646
317 2176
317 2902
317 2531
317 2739
318 278
318 2361
318 1602
318 2646
318 2176
318 2902
318 2531
319 280
319 2399
319 2646
319 2176
319 2902
319 2531
320 3045
320 1513
320 2646
320 2176
320 2531
320 2298
321 3041
321 2646
321 2176
321 2902
321 2531
322 296
322 2902
322 2531
323 3041
323 63
323 2646
323 2176
323 2902
323 2531
324 3039
324 2646
324 2176
324 2902
324 2531
325 3040
325 2646
325 2176
325 2902
325 2531
326 290
326 2646
326 2176
326 2902
327 278
327 2870
327 2646
327 2902
328 3046
328 2021
328 2646
328 2176
328 2902
329 292
329 2343
329 1390
329 2646
329 2176
329 2902
329 2531
330 273
330 671
330 35
330 2646
330 2176
330 2531
330 2245
330 2632
331 296
331 2176
331 2531
332 3041
332 1856
332 1189
332 2646
332 2176
332 2902
332 2531
332 2907
333 294
333 2427
333 2902
333 2531
333 2912
334 277
334 2646
334 2176
334 2902
334 2529
335 277
335 2646
335 2176
335 2902
335 2531
336 3046
336 1124
336 2646
336 2176
336 2902
337 278
337 385
337 476
337 2646
337 2176
337 2902
337 2531
338 283
338 2646
338 2176
338 2902
338 2531
339 283
339 1627
339 1811
339 2176
339 2902
339 2531
339 2132
340 3038
340 2646
340 2902
340 2531
341 294
341 2646
341 2902
341 2531
341 3011
342 290
342 2646
342 2176
342 2902
342 2531
342 2485
343 273
343 2646
343 2176
343 2531
343 2907
344 3047
344 2646
344 2176
344 2902
344 2531
344 2582
345 3045
345 2245
345 1307
345 2646
345 2176
345 2531
346 3042
346 2205
346 2646
346 2176
346 2531
347 3046
347 1792
347 2176
347 2902
347 2531
347 2528
348 295
348 317
348 2646
348 2176
348 2902
348 2531
348 2242
348 2343
349 283
349 2646
349 2176
349 2531
349 2907
350 3041
350 2646
350 2176
350 2902
350 2531
351 3049
351 2021
351 2646
351 2176
351 2902
352 3046
352 2646
352 2176
352 2531
352 2912
353 273
353 2646
353 2176
353 2902
353 2531
353 2993
354 3045
354 2505
354 1478
354 2646
354 2176
354 2902
354 2578
354 2531
355 296
355 1853
355 2646
355 2902
355 2578
355 2423
356 3041
356 2529
356 2646
356 2176
356 2902
356 2531
357 3046
357 614
357 2646
357 2176
357 2902
357 2531
358 277
358 2176
358 2902
358 2531
359 273
359 2646
359 2531
360 3047
360 2343
360 2646
360 2176
360 2902
361 290
361 2329
361 2646
361 2176
361 2531
362 3043
362 1377
362 1181
362 2646
362 2176
362 2902
362 2531
362 2912
362 2745
362 2264
363 277
363 1347
363 2646
363 2176
363 2902
363 2531
364 282
364 1904
364 1976
364 2176
364 2902
364 2531
364 2464
365 3040
365 2646
365 2176
365 2531
366 46
366 34
366 30
366 3052
366 3051
367 295
367 2646
367 2902
367 2531
368 295
368 2646
368 2176
368 2531
368 2578
368 2912
368 2310
369 3040
369 2646
369 2176
369 2531
370 282
370 2445
370 2646
370 2176
370 2902
371 3044
371 2176
371 2902
371 2531
371 2443
371 3011
372 3048
372 2646
372 2176
372 2902
372 2531
373 3049
373 2912
373 2506
373 1114
373 2176
373 2902
373 2531
374 3048
374 2964
374 2646
374 2176
374 2531
374 2581
375 282
375 2646
375 2176
375 2902
375 2531
376 3037
376 2904
376 1139
376 2176
376 2902
377 3044
377 1919
377 2646
377 2176
377 2902
377 2531
378 3039
378 2646
378 2176
378 2531
379 278
379 2646
379 2902
379 2531
380 294
380 2321
380 2598
380 2646
380 2176
380 2531
380 2762
381 3038
381 1313
381 2697
381 2646
381 2176
381 2902
381 2531
382 3044
382 2386
382 2646
382 2531
383 280
383 1390
383 2646
383 2531
384 299
384 1916
384 2646
384 2176
384 2531
384 2321
385 3048
385 2646
385 2902
385 2531
386 3039
386 2176
386 2531
387 280
387 2646
387 2902
387 2531
387 2912
387 2476
388 3037
388 2381
388 2176
388 2531
388 2911
389 3038
389 2646
389 2176
389 2902
389 2531
390 3046
390 2646
390 2176
390 2531
391 3046
391 2646
391 2902
391 2531
392 3041
392 2831
392 622
392 1274
392 2643
392 2176
392 2902
392 2578
392 2531
393 294
393 2781
393 2176
393 2902
393 2531
394 3039
394 2646
394 2902
394 2531
394 2578
395 283
395 2764
395 2646
395 2176
395 2902
395 2531
396 3045
396 2646
396 2176
396 2531
397 3045
397 1478
397 1436
397 1747
397 2646
397 2176
397 2902
398 3047
398 2598
398 2646
398 2176
398 2902
399 296
399 1285
399 2646
399 2902
399 2531
399 2912
399 2945
400 3047
400 1444
400 811
400 1078
400 2646
400 2902
400 2531
400 2912
400 2328
401 3048
401 2646
401 2902
401 2531
402 282
402 2646
402 2902
402 2531
403 283
403 1906
403 2176
403 2902
403 2531
403 2278
403 2476
404 292
404 1589
404 2646
404 2176
404 2902
404 2531
404 2279
404 2485
405 3038
405 1506
405 2646
405 2902
406 44
407 3042
407 2646
407 2902
407 2531
408 3046
408 2071
408 2038
408 1506
408 2066
408 1515
408 2646
408 2902
408 2531
409 3047
409 2578
409 2646
409 2176
409 2902
409 2578
409 2764
410 3048
410 2510
410 2646
410 2176
410 2902
410 2531
410 2907
411 3047
411 1696
411 2646
411 2176
411 2531
412 3039
412 2646
412 2176
412 2902
412 2531
412 3011
413 3045
413 2646
413 2176
413 2902
413 2531
413 2762
414 3041
414 2248
414 2646
414 2902
414 2859
414 2122
415 295
415 58
415 2646
415 2176
415 2902
415 2531
415 3011
416 282
416 2646
416 2176
416 2902
416 2531
416 2697
417 294
417 2137
417 2646
417 2902
418 3043
418 1450
418 1454
418 2646
418 2902
419 282
419 1510
419 2646
419 2176
419 2902
419 2531
420 282
420 2646
420 2176
420 2902
420 2531
421 3048
421 2238
421 2646
421 2902
421 2531
421 2808
421 2263
422 3045
422 2646
422 2176
422 2902
422 2531
423 3042
423 2646
423 2176
423 2902
423 2531
424 277
424 2176
424 2902
424 2578
424 2531
425 290
425 2646
425 2176
425 2531
425 2311
426 282
426 1464
426 2328
426 2646
426 2176
426 2902
426 2531
427 296
427 1142
427 2176
427 2902
427 2531
428 3049
428 2646
428 2176
428 2902
428 2531
428 3011
429 292
429 2970
429 2646
429 2176
429 2902
429 2531
430 3038
430 663
430 2979
430 1547
430 2646
430 2176
430 2902
430 2531
430 2985
431 299
431 2646
431 2176
431 2531
431 2149
432 273
432 2646
432 2176
432 2902
432 2531
433 283
433 2646
433 2176
433 2902
433 2531
433 2293
434 3049
434 2059
434 2646
434 2176
434 2902
434 2531
435 3043
435 2646
435 2176
435 2902
436 294
436 1582
436 340
436 2646
436 2176
436 2902
436 2531
437 3046
437 2112
437 2646
437 2176
437 2902
437 2531
437 2765
437 2481
438 290
438 1956
438 1398
438 2176
438 2902
438 2531
438 2383
439 3042
439 1747
439 907
439 1920
439 2646
439 2176
440 273
440 2176
440 2902
440 2531
440 2907
441 3040
441 1078
441 2646
441 2176
441 2902
441 2531
441 2907
442 3039
442 1657
442 2646
442 2176
442 2902
442 2531
442 2912
443 292
443 360
443 1547
443 1495
443 2646
443 2176
443 2902
443 2531
443 2845
443 2688
444 3049
444 2646
444 2176
444 2902
444 2531
445 3047
445 2285
445 2646
445 2176
445 2531
446 295
446 2646
446 2176
446 2902
446 2578
446 2132
447 3041
447 2646
447 2176
447 2902
448 290
448 2646
448 2176
448 2902
449 3047
449 2122
449 1921
449 2646
449 2176
449 2902
449 2531
449 2054
450 1303
450 3049
450 1535
450 2646
450 2176
450 2531
451 280
451 2646
451 2176
451 2902
451 2531
452 282
452 1921
452 2646
452 2176
452 2902
452 2531
452 2748
453 3046
453 1879
453 2646
453 2176
453 2902
453 2531
453 2876
453 2485
454 3043
454 2263
454 2937
454 2646
454 2176
454 2902
454 2531
454 2476
455 290
455 393
455 2646
455 2176
455 2902
455 2531
455 3011
455 2899
456 295
456 1273
456 507
456 2646
456 2176
456 2902
456 2578
457 277
457 2423
457 2646
457 2176
457 2902
457 2578
458 3044
458 1853
458 2646
458 2176
458 2902
458 2531
459 294
459 2646
459 2176
459 2902
459 2531
460 3045
460 1823
460 2639
460 2646
460 2176
460 2902
460 2531
461 299
461 2545
461 2176
461 2902
461 2531
461 2304
462 3047
462 2646
462 2176
462 2531
462 2907
463 296
463 2646
463 2176
463 2902
463 2531
464 3047
464 2182
464 1189
464 2646
464 2902
464 2531
465 278
465 2646
465 2176
465 2902
465 2531
465 2600
466 3041
466 2248
466 2646
466 2176
466 2902
466 2531
467 3049
467 2646
467 2176
467 2902
467 2531
467 2912
468 294
468 990
468 2730
468 2646
468 2176
468 2902
468 2531
469 3044
469 2646
469 2176
469 2902
469 2531
469 2912
470 3046
470 1148
470 481
470 2945
471 280
471 1347
471 2176
471 2902
471 2531
472 3049
472 2646
472 2176
472 2902
472 2531
473 3046
473 2646
473 2176
473 2902
473 2531
474 3043
474 2646
474 2176
474 2902
474 2531
474 2248
474 2912
475 3040
475 2646
475 2176
475 2902
475 2531
475 2367
476 292
476 2653
476 2176
476 2902
476 2471
476 2518
477 3041
477 2321
477 1444
477 2176
477 2902
477 2531
478 3046
478 2176
478 2902
478 2531
479 3039
479 2646
479 2176
479 2902
479 2531
480 2877
480 282
480 2176
480 2902
480 2531
481 3043
481 2646
481 2902
481 2531
482 3044
482 2646
482 2176
482 2902
483 299
483 2176
483 2902
483 2531
484 3043
484 1624
484 1421
484 1558
484 2646
484 2176
484 2902
484 2531
485 280
485 2646
485 2176
485 2902
485 2531
486 294
486 1278
486 2646
486 2176
486 2902
486 2531
486 2907
487 296
487 2248
487 2646
487 2176
487 2902
487 2531
487 2578
487 2536
487 2907
488 3046
488 1921
488 2646
488 2176
488 2902
488 2531
489 280
489 2781
489 2310
489 2646
489 2176
489 2902
489 2531
490 295
490 2002
490 1921
490 26
490 2834
490 2646
490 2176
490 2902
490 2907
491 3043
491 2311
491 2646
491 2176
491 2902
491 2531
492 299
492 2646
492 2902
492 2531
492 2912
493 3038
493 2646
493 2176
493 2531
494 290
494 1916
494 1142
494 2176
494 2902
494 2531
495 3042
495 1670
495 2646
495 2176
495 2531
495 2132
496 282
496 2646
496 2176
496 2902
496 2531
496 2485
496 2639
496 2907
497 280
497 2646
497 2176
497 2902
497 2689
497 2656
498 278
498 2485
498 1771
498 2646
498 2176
498 2902
498 2531
498 2245
499 290
499 2353
499 2176
499 2902
499 2531
499 2171
500 283
500 2646
500 2531
500 3011
501 3041
501 2611
501 1285
501 2646
501 2176
501 2902
501 2531
501 2487
502 3041
502 1921
502 2646
502 2176
502 2902
502 2531
503 282
503 1224
503 2646
503 2176
504 3042
504 2646
504 2176
504 2902
504 2531
505 290
505 2646
505 2176
505 2902
505 2531
506 3047
506 759
506 2646
506 2176
506 2902
506 2531
507 294
507 2646
507 2176
507 2902
507 2531
508 277
508 2646
508 2176
508 2531
508 2598
508 2907
509 3049
509 2646
509 2176
509 2902
509 2531
509 2038
509 2132
510 273
510 2646
510 2176
510 2902
510 2506
511 3040
511 2985
511 90
511 2646
511 2176
511 2902
511 2531
512 3041
512 1353
512 2646
512 2176
512 2902
512 2531
512 3011
513 3039
513 2845
513 2646
513 2176
513 2902
514 3038
514 2646
514 2176
514 2902
514 2531
514 3011
515 3039
515 357
515 2139
515 2646
515 2176
515 2902
516 3039
516 2313
516 2810
516 2646
516 2176
516 2902
516 2531
517 3038
517 2176
517 2902
517 2531
518 282
518 1551
518 2646
518 2176
518 2902
518 2531
518 2907
519 277
519 2646
519 2176
519 2902
519 2531
520 3038
520 2646
520 2176
520 2902
520 2531
520 2517
521 296
521 2361
521 2176
521 2902
521 2531
522 294
522 2646
522 2176
522 2531
522 2964
523 296
523 2646
523 2531
524 3039
524 2646
524 2176
524 2531
525 3044
525 2646
525 2902
525 2531
526 278
526 2646
526 2176
526 2902
526 2656
526 3011
527 283
527 2176
527 2902
528 292
528 2646
528 2176
528 2902
528 2531
529 280
529 1377
529 2646
529 2176
529 2531
530 299
530 2646
530 2176
531 278
531 2646
531 2902
532 3045
532 2646
532 2176
532 2902
532 2531
533 3041
533 2238
533 2646
533 2176
533 2902
533 2531
534 3047
534 2646
534 2902
534 2531
535 3045
535 2275
535 2715
535 2646
535 2176
535 2902
535 2531
535 2201
536 292
536 2646
536 2176
536 2902
536 2245
536 3011
537 273
537 592
537 2646
537 2176
537 2531
537 2907
538 1380
538 277
538 2904
538 2646
538 2176
538 2902
538 2531
539 3040
539 2585
539 2646
539 2176
539 2902
539 2531
539 2912
540 3048
540 2646
540 2176
540 2902
540 2531
541 3037
541 1921
541 1873
541 2646
541 2176
541 2902
541 2531
541 2730
542 294
542 2176
542 2451
543 294
543 2598
543 2646
543 2176
543 2902
543 2531
543 2293
544 3038
544 2205
544 644
544 2646
544 2176
544 2902
544 2531
545 282
545 2661
545 554
545 2646
545 2176
545 2902
545 2531
546 3037
546 2712
546 2646
546 2176
546 2902
546 2531
547 3049
547 2985
547 2176
547 2902
547 2531
547 2293
548 3038
548 2343
548 2493
548 2646
548 2176
548 2531
548 2578
549 3045
549 1597
549 2646
549 2176
549 2902
550 3037
550 2356
550 2646
550 2902
550 2531
551 299
551 2646
551 2176
551 2902
551 2531
552 3047
552 2646
552 2176
552 2329
553 282
553 2646
553 2176
553 2902
553 2531
554 282
554 2646
554 2176
554 2902
554 2149
554 2265
555 277
555 2646
555 2176
555 2531
556 283
556 2646
556 2531
557 3037
557 1191
557 1267
557 653
557 2646
557 2176
557 2902
557 2531
557 2655
558 277
558 2176
558 2902
558 2531
559 299
559 2176
559 2902
559 2531
560 3045
560 2275
560 2646
560 2176
560 2902
560 2443
561 278
561 2682
561 2646
561 2902
562 3041
562 2646
562 2176
562 2902
562 2531
563 3044
563 1454
563 2646
563 2176
563 2902
563 2531
564 3046
564 1747
564 2464
564 2646
564 2176
564 2902
564 2531
565 299
565 1547
565 2646
565 2176
565 2902
565 2531
565 2737
566 3047
566 2646
566 2176
566 2531
567 277
567 2646
567 2176
567 2902
567 2904
567 2149
567 2245
568 3040
568 1839
568 2176
568 2902
568 2531
568 2655
569 296
569 1710
569 2646
569 2176
569 2902
569 2578
569 2311
569 2461
569 2730
570 3044
570 1794
570 2646
570 2176
570 2902
570 2907
571 299
571 2646
571 2176
571 2902
571 2531
571 2386
572 3047
572 2505
572 2112
572 2646
572 2176
572 2902
572 2531
573 3042
573 2591
573 2148
573 1142
573 2646
573 2176
573 2902
573 2531
574 3045
574 2646
574 2176
574 2902
574 2531
574 2275
574 2921
575 290
575 2646
575 2176
575 2902
575 2149
576 294
576 2646
576 2176
576 2531
577 3042
577 244
577 2646
577 2176
577 2902
577 2531
578 294
578 2176
578 2902
578 2531
578 2859
578 2912
579 3049
579 2646
579 2176
579 2902
579 2578
579 2531
580 3049
580 2646
580 2902
580 2907
581 283
581 1919
581 1936
581 2646
581 2176
581 2902
581 2531
582 290
582 471
582 2176
582 2902
582 2531
582 2765
583 3043
583 1936
583 2646
583 2176
583 2902
583 2531
584 3049
584 2646
584 2176
584 2902
584 2531
585 3037
585 1904
585 2646
585 2176
585 2902
585 2531
585 2172
586 273
586 2646
586 2902
586 2531
586 2985
587 295
587 2238
587 2176
587 2902
588 299
588 2529
588 2646
588 2176
588 2902
588 2531
589 3038
589 1303
589 2176
589 2902
589 2531
590 3045
590 2646
590 2176
590 2902
590 2531
591 3042
591 2298
591 2484
591 2902
591 2531
592 3047
592 2646
592 2176
592 2902
592 2531
593 282
593 2646
593 2902
593 2531
593 2964
594 292
594 501
594 2993
594 2646
594 2176
594 2902
594 2531
595 280
595 2646
595 2176
595 2902
595 2531
595 2831
596 3043
596 2646
596 2176
596 2902
597 3048
597 2972
597 2646
597 2176
597 2902
597 2531
598 295
598 2646
598 2176
598 2531
598 2765
599 3038
599 2077
599 887
599 1377
599 2176
599 2531
600 3043
600 2682
600 815
600 2646
600 2176
600 2531
600 2536
601 294
601 1794
601 2646
601 2176
601 2902
601 2531
601 2071
602 3049
602 2859
602 1638
602 2176
602 2902
602 2531
603 3042
603 2517
603 2646
603 2176
603 2902
604 3040
604 2646
604 2176
604 2902
604 2531
605 3045
605 2676
605 1224
605 2646
605 2176
606 3037
606 1228
606 2646
606 2176
606 2902
606 2531
607 3038
607 2646
607 2176
607 2902
607 2531
608 280
608 2176
608 2902
608 2531
608 3011
609 3041
609 1148
609 2646
609 2531
609 2054
609 2585
610 3049
610 1710
610 2646
610 2176
610 2902
610 2531
610 2293
611 295
611 2646
611 2176
611 2656
612 299
612 190
612 1470
612 2646
612 2902
612 2531
612 2578
613 3040
613 2646
613 2176
613 2902
613 2531
614 282
614 1009
614 2646
614 2176
614 2902
614 2531
614 2832
615 299
615 2646
615 2176
615 2902
615 3017
616 3049
616 2356
616 2730
616 2646
616 2176
616 2902
616 2531
616 2578
616 3011
616 2476
617 282
617 1224
617 2646
617 2176
617 2902
617 2531
617 2907
618 294
618 994
618 2176
618 2902
618 2870
618 2899
618 2937
619 273
619 2646
619 2902
619 2531
620 295
620 2646
620 2176
620 2902
620 2531
621 283
621 2646
621 2176
621 2902
621 2531
622 3049
622 2646
622 2176
622 2902
622 2531
622 2476
623 290
623 2603
623 1854
623 2646
623 2902
623 2531
623 2961
624 3046
624 2646
624 2176
624 2531
624 2293
625 3044
625 3017
625 1770
625 2002
625 2646
625 2176
625 2902
625 2531
626 3037
626 2461
626 2646
626 2176
626 2902
626 2531
627 295
627 2646
627 2176
627 2531
628 3041
628 1834
628 2646
628 2176
628 2902
628 2531
628 2697
629 3039
629 2140
629 31
629 2646
629 2176
629 2902
629 2531
630 3048
630 673
630 1218
630 2646
630 2176
630 2902
630 2531
631 292
631 246
631 2231
631 2646
631 2176
631 2902
631 2531
632 3045
632 2176
632 2902
632 2531
633 3048
633 2646
633 2902
633 2531
634 3049
634 1196
634 2646
634 2176
634 2902
634 2531
635 3048
635 2961
635 2646
635 2176
635 2902
635 2578
635 2765
635 2655
636 292
636 2582
636 2646
636 2176
636 2902
636 2531
636 2877
637 283
637 2521
637 1390
637 2646
637 2176
637 2902
637 2531
638 3048
638 1078
638 1278
638 2603
638 1450
638 2902
638 2531
638 2423
639 3042
639 2445
639 2646
639 2176
639 2902
639 2912
640 283
640 1350
640 2176
640 2902
640 2531
640 2655
641 290
641 2481
641 358
641 2591
641 2646
641 2176
641 2902
641 2531
641 2661
642 3037
642 2646
642 2176
642 2902
642 2531
642 2907
643 3043
643 190
643 2964
643 2646
643 2176
643 2902
643 2531
644 294
644 85
644 2646
644 2176
644 2902
644 2531
644 2278
645 280
645 2646
645 2176
645 2531
646 3048
646 2646
646 2176
646 2902
646 2531
647 3039
647 2646
647 2176
647 2902
647 2531
647 2455
648 292
648 2646
648 2176
648 2902
648 2531
649 3037
649 725
649 2517
649 2646
649 2176
649 2902
649 2531
649 2804
649 2643
650 3046
650 2899
650 2646
650 2176
650 2902
650 2531
651 3047
651 1638
651 2646
651 2176
651 2531
652 3042
652 2646
652 2902
652 2531
652 3011
653 294
653 2646
653 2176
653 2902
653 2531
654 273
654 2646
654 2176
654 2902
654 2531
655 3044
655 2581
655 2646
655 2902
655 2531
656 3042
656 636
656 2646
656 2176
656 2902
657 3039
657 2646
657 2176
657 2902
657 2531
657 2656
658 3040
658 2646
658 2902
658 2531
658 2656
659 294
659 1377
659 2646
659 2176
659 2902
659 2531
659 2392
660 283
660 2646
660 2176
660 2902
660 2531
661 283
661 2171
661 1530
661 2604
661 2646
661 2176
661 2902
662 282
662 1901
662 2015
662 2646
662 2176
662 2902
662 2578
662 2531
663 278
663 1707
663 2646
663 2902
664 299
664 2176
664 2531
664 2907
665 3047
665 2646
665 2902
665 2531
666 3045
666 1811
666 2646
666 2176
666 2902
666 2531
667 280
667 2313
667 1971
667 2646
667 2902
667 2531
668 290
668 2152
668 2646
668 2176
668 2902
668 2531
668 2149
669 283
669 2870
669 3017
669 2646
669 2176
669 2902
669 2531
670 3042
670 2646
670 2902
670 2531
671 3049
671 1739
671 2176
671 2902
671 2531
672 292
672 2263
672 2646
672 2176
672 2902
672 2531
673 3037
673 2646
673 2176
673 2902
673 2531
674 277
674 2646
674 2176
674 2902
674 2531
674 3011
675 278
675 2646
675 2176
675 2531
675 2762
676 3039
676 2313
676 2646
676 2176
676 2902
676 2859
677 299
677 2646
677 2902
677 2531
678 296
678 704
678 2646
678 2902
678 2531
679 277
679 1656
679 2031
679 2603
679 2646
679 2176
679 2902
679 2531
679 2737
679 3011
679 2603
680 3047
680 2176
680 2902
680 2578
680 2531
680 2611
681 292
681 2646
681 2176
681 2902
681 2531
682 277
682 2646
682 2176
682 2902
682 2531
682 2912
682 2137
682 2604
683 292
683 1513
683 2646
683 2176
683 2902
683 2531
683 2781
683 2912
684 3038
684 2646
684 2176
684 2902
684 2485
685 3047
685 1280
685 1811
685 2176
685 2531
685 2578
686 273
686 2059
686 2876
686 2176
686 2902
686 2531
686 2907
686 2165
687 299
687 2646
687 2176
687 2902
687 2531
687 2485
688 294
688 2646
688 2176
688 2531
689 3049
689 2427
689 1513
689 2646
689 2176
689 2902
689 2531
690 273
690 2646
690 2176
690 2902
690 2531
691 3043
691 2646
691 2176
691 2902
691 2531
692 3040
692 1003
692 1652
692 2646
692 2176
692 2902
692 2531
693 280
693 2067
693 2646
693 2176
693 2902
693 2531
693 2381
694 277
694 2176
694 2902
694 2531
695 3046
695 2646
695 2176
695 2902
695 2531
695 2912
695 3011
696 273
696 2646
696 2176
696 2902
696 2531
697 273
697 1786
697 2646
697 2176
697 2902
697 2531
698 273
698 2646
698 2176
698 2902
698 2531
699 295
699 2176
699 2902
699 2531
700 3044
700 1472
700 1213
700 2646
700 2176
700 2902
700 2531
700 2149
701 3038
701 2367
701 2439
701 2067
701 2646
701 2176
701 2902
701 2531
702 3040
702 2646
702 2902
703 295
703 2646
703 2176
703 2902
703 2531
704 296
704 2646
704 2176
704 2902
704 2531
704 2293
704 3036
705 299
705 451
705 2646
705 2176
705 2902
705 2531
706 3043
706 1948
706 1114
706 2646
706 2176
706 2902
706 2531
707 283
707 1511
707 2646
707 2902
707 2531
707 2912
707 2075
708 3047
708 950
708 2646
708 2902
708 2531
709 3040
709 1839
709 2176
709 2902
709 2531
710 280
710 2646
710 2176
710 2902
710 2531
710 2639
711 3041
711 2832
711 2176
711 2902
711 2531
711 3011
712 299
712 2646
712 2176
712 2902
712 2531
712 2229
713 3037
713 2646
713 2176
713 2902
713 2531
714 3043
714 2646
714 2176
714 2902
714 2531
715 3045
715 2646
715 2531
715 3011
716 292
716 2639
716 2646
716 2176
716 2902
716 2531
716 3011
717 3039
717 1398
717 2646
717 2176
717 2902
717 2531
718 3048
718 1589
718 1443
718 2067
718 2646
718 2176
718 2902
718 2531
718 2907
718 2392
719 294
719 2646
719 2176
719 2902
719 2531
720 277
720 841
720 2427
720 2646
720 2176
720 2902
720 2531
721 3037
721 1657
721 1928
721 2176
721 2902
721 2531
722 278
722 395
722 1589
722 2646
722 2176
722 2902
722 2531
723 3042
723 2478
723 2646
723 2176
723 2902
723 2531
724 278
724 2591
724 2646
724 2176
724 2902
724 2531
724 2730
724 2386
725 3045
725 2646
725 2902
725 2531
726 3047
726 1464
726 2353
726 2646
726 2902
726 2531
727 280
727 2646
727 2176
727 2902
727 2531
728 3040
728 1584
728 1285
728 2176
728 2902
728 2531
729 3047
729 2647
729 1816
729 2646
729 2176
729 2902
729 2531
730 295
730 2176
730 2902
730 2531
731 295
731 2764
731 1584
731 2646
731 2531
731 3008
731 2985
732 295
732 2646
732 2176
732 2902
732 2531
732 2730
733 296
733 2646
733 2902
733 2531
734 3039
734 1627
734 1936
734 2646
734 2176
734 2902
735 296
735 2176
735 2902
736 3041
736 1350
736 2646
736 2176
736 2902
736 2531
736 2170
737 3046
737 1854
737 2171
737 2176
737 2902
737 2531
738 3046
738 1916
738 1630
738 1273
738 2646
738 2176
738 2902
738 2531
738 2912
738 2537
739 3038
739 2176
739 2902
739 2531
740 295
740 2739
740 2108
740 2646
740 2176
740 2902
740 2531
740 2484
741 295
741 2646
741 2176
741 2902
741 2531
741 2578
742 3037
742 2646
742 2176
742 2902
742 2531
743 296
743 2646
743 2902
743 2531
744 3040
744 2176
744 2902
744 2531
744 2227
745 282
745 2646
745 2176
745 2902
745 2531
746 3048
746 2646
746 2902
746 2531
746 2148
747 290
747 2176
747 2902
748 3044
748 2646
748 2176
748 2902
748 2531
749 294
749 2112
749 2185
749 2646
749 2531
750 3037
750 2646
750 2176
750 2902
750 2531
750 2859
751 292
751 2367
751 2646
751 2176
751 2902
751 2531
751 2245
751 2550
752 3038
752 2646
752 2176
752 2902
752 2531
753 295
753 2646
753 2176
753 2902
753 2531
753 2730
753 2907
753 2859
754 3037
754 2646
754 2176
754 2902
754 2531
755 3039
755 2937
755 2646
755 2176
755 2902
755 2531
756 294
756 2536
756 2921
756 2646
756 2176
756 2902
756 2531
756 2231
757 3040
757 2132
757 2646
757 2176
757 2902
757 2531
758 3045
758 2646
758 2176
758 2902
758 2531
759 295
759 2902
759 2531
760 3040
760 2748
760 2646
760 2176
760 2902
760 2531
761 3038
761 2646
761 2902
762 280
762 2646
762 2176
762 2902
762 2531
762 2907
763 3039
763 2176
763 2902
763 2531
763 2907
764 3042
764 2646
764 2176
764 2902
764 2531
764 2148
765 3044
765 69
765 1196
765 2646
765 2176
765 2902
765 2531
766 282
766 2176
766 2902
766 2531
767 292
767 2531
768 3047
768 2764
768 1816
768 2646
768 2176
768 2531
768 2328
769 3041
769 1511
769 2646
769 2176
769 2531
769 2779
770 3040
770 2646
770 2176
770 2902
770 2531
771 277
771 2646
771 2176
771 2902
771 2531
772 3039
772 2646
772 2176
772 2902
772 2531
773 280
773 2646
773 2176
773 2902
773 2531
773 2330
774 292
774 822
774 2646
774 2176
774 2902
775 273
775 869
775 2248
775 2646
775 2176
775 2902
775 2531
776 3045
776 2937
776 2646
776 2176
776 2902
777 283
777 1806
777 2646
777 2902
777 2531
777 2730
777 2716
778 3040
778 1505
778 2176
778 2902
778 2531
778 2682
778 2353
779 3041
779 2646
779 2176
779 2531
780 278
780 2176
780 2902
780 2531
781 283
781 301
781 1454
781 2646
781 2176
781 2531
782 3038
782 2921
782 2646
782 2176
782 2902
782 2531
782 2335
783 3040
783 2646
783 2176
783 2531
784 277
784 1707
784 2646
784 2176
784 2902
784 2531
785 290
785 2227
785 2646
785 2176
785 2902
785 2531
785 2730
786 290
786 2870
786 2646
786 2176
786 2902
786 2531
786 2912
786 2765
786 2270
787 296
787 1303
787 2646
787 2176
787 2902
787 2531
787 2904
787 2293
788 290
788 288
788 2646
788 2176
788 2531
789 3037
789 2646
789 2176
789 2902
789 2531
790 295
790 2646
790 2176
790 2902
791 3041
791 1286
791 2646
791 2176
791 2902
792 3039
792 2059
792 1916
792 2646
792 2176
792 2531
792 2725
793 3045
793 566
793 1381
793 2646
793 2176
793 2902
793 2531
793 2907
794 3043
794 846
794 2646
794 2176
794 2902
794 2531
795 3045
795 2646
795 2176
795 2902
795 2245
795 2476
796 277
796 1017
796 2646
796 2176
796 2902
796 2531
796 2578
796 2762
797 292
797 2646
797 2176
797 2531
797 3011
798 3037
798 2929
798 67
798 2598
798 2646
798 2176
798 2902
798 2531
799 3038
799 2646
799 2176
799 2902
800 3043
800 2646
800 2176
800 2902
800 2531
801 3038
801 2646
801 2176
801 2902
801 2578
801 2531
802 3041
802 705
802 1832
802 2646
802 2176
802 2902
802 2531
803 3039
803 2646
803 2902
803 2531
804 3037
804 2646
804 2176
805 3038
805 1436
805 2176
805 2902
805 2531
805 2831
806 3038
806 1224
806 2646
806 2176
806 2902
806 2531
806 3011
807 3037
807 2646
807 2176
807 2902
807 2531
808 3047
808 2485
808 2015
808 2646
808 2176
808 2902
808 2531
808 2108
808 2834
809 3048
809 2646
809 2176
809 2902
809 2531
810 3040
810 2646
810 2176
810 2902
810 2531
811 295
811 2902
811 2531
812 3049
812 1854
812 2646
812 2176
812 2902
812 2531
813 3041
813 2122
813 2646
813 2902
813 2578
813 2531
813 2182
814 3039
814 2646
814 2902
814 2531
814 2764
814 2907
815 290
815 2646
815 2176
815 2531
815 2340
815 2765
816 278
816 1663
816 2646
816 2176
816 2902
816 2531
817 3037
817 2646
817 2176
817 2531
818 3044
818 2834
818 2646
818 2176
818 2902
818 2531
818 2803
819 3040
819 1770
819 1982
819 2646
819 2176
819 2531
820 295
820 2646
820 2176
820 2902
820 2531
820 2477
821 3043
821 2646
821 2176
821 2902
821 2531
821 2647
822 3046
822 2160
822 2176
822 2531
822 3011
823 280
823 2646
823 2176
823 2902
823 2531
823 3011
823 2730
824 3042
824 2643
824 2646
824 2176
824 2902
825 3043
825 1844
825 2646
825 2902
825 2531
826 273
826 2646
826 2176
826 2902
826 2531
826 2557
827 3045
827 2646
827 2176
827 2902
827 2531
827 3011
827 2245
828 3043
828 2002
828 1444
828 1652
828 2646
828 2176
828 2902
828 2531
829 3041
829 1823
829 2781
829 2646
829 2902
830 3048
830 687
830 2646
830 2176
830 2902
830 2505
831 282
831 2646
831 2902
831 2531
832 3038
832 2646
832 2176
832 2902
832 2531
832 2945
833 278
833 2031
833 2646
833 2176
833 2902
834 299
834 2176
834 2902
834 3011
835 3042
835 2646
835 2176
835 2902
835 2531
836 3048
836 2646
836 2902
836 2531
836 2945
837 3037
837 2646
837 2176
837 2902
837 2531
838 3044
838 2557
838 2176
838 2531
838 2762
839 290
839 1605
839 2646
839 2176
839 2902
839 2531
840 3044
840 1274
840 2304
840 1511
840 2907
840 2176
840 2902
840 2531
841 283
841 2646
841 2902
841 2531
842 296
842 2655
842 2176
842 2902
842 2531
842 2578
843 294
843 2646
843 2176
843 2531
843 2427
843 3011
844 3042
844 2176
844 2902
844 2531
844 2676
845 280
845 2176
845 2902
845 2531
845 2907
846 3044
846 2646
846 2176
846 2902
847 273
847 2646
847 2176
847 2902
847 2531
848 273
848 1530
848 2902
848 2531
849 3043
849 2646
849 2176
849 2902
849 2531
849 2907
850 3043
850 2176
850 2902
850 2531
850 2809
851 278
851 2646
851 2176
851 2531
851 2859
852 3039
852 2646
852 2176
852 2902
852 2531
852 3011
853 3044
853 1152
853 2646
853 2902
853 2731
854 295
854 2646
855 3045
855 2485
855 2646
855 2176
855 2902
855 2531
856 3042
856 2646
856 2176
856 2902
856 2531
857 292
857 2285
857 2646
857 2176
857 2902
857 2531
858 290
858 2487
858 1893
858 2646
858 2902
858 2531
858 2503
858 2907
859 299
859 2238
859 1617
859 2646
859 2531
860 273
860 2176
860 2902
860 2531
861 3038
861 2810
861 2646
861 2176
861 2902
861 2531
862 3037
862 2646
862 2902
862 2531
863 3037
863 2646
863 2176
863 2902
863 2531
863 2912
864 295
864 2646
864 2176
864 2531
865 283
865 2646
865 2176
865 2902
865 2531
866 290
866 2646
866 2176
866 2902
866 2531
866 2739
867 290
867 2176
867 2902
867 2531
868 280
868 2176
868 2902
868 2531
868 3011
869 299
869 2646
869 2176
869 2902
869 2531
869 2907
870 273
870 1747
870 1524
870 2646
870 2902
870 2531
871 3048
871 264
871 2639
871 2817
871 2646
871 2176
871 2912
872 3043
872 2646
872 2176
872 2531
873 280
873 1280
873 1538
873 2646
873 2902
873 2531
873 2356
874 3037
874 2021
874 2760
874 2646
874 2176
874 2902
874 2531
875 292
875 2646
875 2176
875 2902
875 2531
876 3044
876 2779
876 1906
876 2646
876 2176
876 2902
877 3044
877 2646
877 2176
877 2902
877 2531
878 3046
878 2185
878 2646
878 2176
878 2902
878 2531
878 2912
879 278
879 2486
879 2176
879 2902
879 2531
880 296
880 2343
880 2646
880 2176
880 2902
880 2531
881 3048
881 2921
881 2646
881 2902
881 2578
882 3040
882 1928
882 1994
882 2646
882 2176
882 2902
882 2531
883 290
883 447
883 2646
883 2176
883 2531
884 3038
884 2646
884 2176
884 2531
885 3046
885 1524
885 2902
885 2531
886 3049
886 1873
886 2646
886 2176
886 2902
886 2531
887 294
887 1834
887 2646
887 2176
887 2902
887 2578
887 2134
887 2911
888 3041
888 1944
888 1738
888 2646
888 2176
888 2902
888 2531
888 2132
889 283
889 2646
889 2176
890 3049
890 2176
890 2902
890 2531
891 3043
891 2646
891 2176
891 2531
892 3048
892 1549
892 2646
892 2176
892 2902
892 2531
893 283
893 2176
893 2902
893 2205
894 3038
894 1439
894 2646
894 2176
894 2531
895 273
895 2646
895 2176
895 2902
895 2531
896 280
896 2646
896 2176
896 2902
896 2531
897 292
897 2646
897 2176
897 2902
898 3037
898 2646
898 2176
898 2902
898 2531
899 295
899 2646
899 2902
899 2531
899 2140
900 273
900 42
900 2478
900 2646
900 2176
900 2902
901 3044
901 1516
901 2646
901 2176
901 2902
901 2531
901 2478
902 278
902 2945
902 2646
902 2176
902 2902
902 2531
903 3046
903 2646
903 2902
903 2531
904 273
904 2646
904 2176
904 2902
904 2531
905 3045
905 3009
905 2646
905 2176
905 2902
905 2531
906 3049
906 2646
906 2176
906 2902
906 2531
906 2907
907 3039
907 2921
907 2646
907 2176
907 2902
907 2531
907 3011
908 277
908 2646
908 2902
908 2531
908 2172
908 2762
909 3044
909 1871
909 2646
909 2176
909 2902
909 2531
909 2907
909 2603
910 3048
910 2646
910 2902
910 2531
911 3037
911 2646
911 2176
911 2531
912 280
912 2646
912 2176
912 2902
912 2531
912 2066
912 2972
913 3040
913 2646
913 2176
913 2902
913 2531
913 3011
914 3040
914 2176
914 2902
914 2531
915 296
915 2646
915 2531
916 3041
916 2646
916 2176
916 2902
916 2531
916 3011
917 290
917 2646
917 2176
917 2531
917 2912
917 2970
918 296
918 2646
918 2176
918 2902
918 2531
919 3037
919 939
919 1799
919 2810
919 2176
919 2902
920 3040
920 2176
920 2902
920 2531
920 2293
921 3042
921 2646
921 2176
921 2531
922 273
922 1657
922 2646
922 2176
922 2902
922 2531
922 2066
923 278
923 2646
923 2176
923 2902
924 299
924 2646
924 2176
924 2531
925 278
925 555
925 2646
925 2176
925 2531
926 299
926 2646
926 2176
926 2531
927 282
927 2632
927 2764
927 2176
927 2531
927 2912
928 3044
928 8
928 2646
928 2902
928 2531
928 2907
928 2730
929 299
929 2902
930 3048
930 2762
930 2231
930 2646
930 2176
930 2902
930 2531
930 2748
930 2817
930 2725
931 278
931 2646
931 2176
931 2902
931 2531
932 290
932 2285
932 2646
932 2176
932 2902
932 2531
932 2907
932 2945
933 3046
933 2646
933 2176
933 2902
933 2531
934 3048
934 485
934 2626
934 2646
934 2902
934 2531
934 2573
935 3048
935 1794
935 2716
935 2646
935 2902
935 2531
936 3040
936 2329
936 2646
936 2176
936 2902
936 2531
937 277
937 2646
937 2176
937 2902
937 2531
938 3040
938 2646
938 2176
938 2531
939 277
939 1869
939 751
939 2646
939 2176
939 2531
940 290
940 2328
940 1375
940 2646
940 2176
940 2902
940 2531
941 3044
941 1124
941 2176
941 2902
941 2531
941 2730
942 296
942 1907
942 2646
942 2176
942 2902
942 2531
942 2611
942 2486
943 294
943 2781
943 2176
943 2902
943 2531
944 2600
944 3046
944 2646
944 2176
944 2531
945 292
945 2149
945 2646
945 2176
945 2902
945 2531
945 2578
945 2912
946 3044
946 3011
946 2646
946 2176
946 2902
946 2531
947 292
947 522
947 724
947 2002
947 2176
947 2902
947 2912
948 295
948 2646
948 2902
948 2531
949 3041
949 2646
949 2176
949 2902
949 2531
950 290
950 1956
950 2646
950 2176
950 2531
950 2912
951 282
951 2646
951 2176
951 2902
951 2531
952 295
952 1280
952 2646
952 2176
952 2531
953 3049
953 2646
953 2176
953 2531
953 3011
954 3045
954 2646
954 2176
954 2902
954 2531
955 3048
955 649
955 2176
955 2902
955 2531
955 2907
956 295
956 2176
956 2902
956 2531
956 2656
957 280
957 2176
957 2902
957 2531
957 2476
957 2506
958 3039
958 2646
958 2902
958 2531
959 299
959 2646
959 2176
959 2902
959 2531
959 2955
960 278
960 2003
960 1871
960 2646
960 2176
960 2902
960 2531
960 2945
960 2399
961 3048
961 2200
961 2646
961 2902
961 2531
961 2476
962 3042
962 2646
962 2176
962 2902
963 277
963 2646
963 2176
963 2902
963 2531
963 2285
963 3011
964 277
964 2536
964 2646
964 2176
964 2531
965 296
965 2343
965 2367
965 2176
965 2902
965 2531
966 3046
966 2646
966 2176
966 2531
966 2485
967 3039
967 1627
967 2646
967 2176
967 2531
967 2653
967 2907
968 280
968 847
968 1946
968 2176
968 2902
968 2531
968 2762
968 2655
969 278
969 2764
969 1832
969 1807
969 2646
969 2176
969 2902
969 2531
970 3049
970 2176
970 2902
970 2531
971 292
971 1656
971 2646
971 2176
971 2902
972 3037
972 2646
972 2176
972 2902
972 2531
972 2765
973 3048
973 2646
973 2902
973 2531
974 3047
974 2646
974 2176
974 2902
974 2531
975 3046
975 3008
975 2646
975 2176
975 2902
975 2531
975 2907
975 2849
976 277
976 1228
976 2646
976 2176
976 2531
977 3049
977 1136
977 2646
977 2176
977 2902
977 2531
978 3042
978 2176
978 2531
979 278
979 2245
979 1602
979 2646
979 2176
979 2531
980 278
980 2646
980 2902
980 2531
980 2912
981 3044
981 2646
981 2176
981 2902
981 2531
982 273
982 2343
982 2646
982 2176
982 2902
983 3040
983 2646
983 2176
983 2902
983 2531
984 3044
984 2646
984 2176
984 2902
984 2531
985 3049
985 2646
985 2902
985 2531
986 3041
986 2803
986 2646
986 2902
986 2531
987 295
987 2646
987 2176
987 2531
987 2912
988 3040
988 2646
988 2902
988 2531
989 278
989 2176
989 2902
989 2531
990 280
990 1513
990 1423
990 2646
990 2176
991 294
991 2242
991 2487
991 2176
991 2902
991 2907
992 292
992 2646
992 2176
992 2902
992 2531
993 280
993 2646
993 2176
993 2902
993 2531
994 282
994 1464
994 2646
994 2176
994 2902
994 2531
994 2912
995 3042
995 703
995 2911
995 2646
995 2176
995 2985
996 3037
996 1936
996 2646
996 2176
996 2902
996 3011
997 299
997 2646
997 2176
997 2902
997 2531
998 292
998 2646
998 2176
998 2531
999 299
999 1971
999 2646
999 2176
999 2902
999 2531
999 2484
1000 283
1000 2646
1000 2176
1000 2902
1000 2531
1000 2859
1000 2270
1001 296
1001 2836
1001 689
1001 2646
1001 2176
1001 2902
1001 2531
1002 280
1002 1605
1002 2646
1002 2176
1002 2902
1002 2531
1003 3042
1003 1807
1003 1285
1003 2646
1003 2176
1003 2902
1003 2531
1003 2810
1003 3011
1004 299
1004 1538
1004 2646
1004 2902
1004 2531
1004 2185
1005 3047
1005 2646
1005 2176
1005 2902
1005 2531
1006 3044
1006 2227
1006 2646
1006 2176
1006 2902
1006 2531
1006 2578
1006 2715
1007 3041
1007 1653
1007 903
1007 2646
1007 2176
1007 2902
1007 2531
1007 2578
1007 2912
1007 2802
1007 2907
1008 3038
1008 2581
1008 2646
1008 2176
1008 2902
1008 2531
1008 2149
1009 3045
1009 2899
1009 2313
1009 2902
1009 2531
1010 296
1010 2646
1010 2176
1010 3011
1010 2439
1011 3042
1011 2015
1011 2646
1011 2176
1011 2902
1011 2531
1011 2859
1012 282
1012 1353
1012 2646
1012 2176
1012 2902
1012 2531
1012 2493
1012 2455
1013 290
1013 2353
1013 2646
1013 2176
1013 2902
1013 2531
1013 2912
1014 3048
1014 2646
1014 2902
1014 2531
1015 273
1015 1668
1015 2176
1015 2902
1015 2531
1015 2912
1016 277
1016 2646
1016 2176
1016 2902
1017 283
1017 1273
1017 2646
1017 2176
1017 2902
1017 2531
1017 2485
1018 299
1018 2646
1018 2902
1018 2531
1019 3037
1019 2646
1019 2176
1019 2902
1019 2531
1019 2578
1020 3047
1020 2646
1020 2176
1020 2902
1020 2531
1020 2656
1021 283
1021 2646
1021 2176
1021 2902
1021 2531
1022 296
1022 2803
1022 2646
1022 2176
1022 2902
1022 2531
1022 2242
1022 2907
1023 280
1023 2653
1023 2646
1023 2176
1023 2902
1023 2531
1024 278
1024 1450
1024 2646
1024 2176
1024 2902
1024 2907
1025 3041
1025 2646
1025 2176
1025 2902
1025 2531
1026 296
1026 1584
1026 2140
1026 2646
1026 2176
1026 2902
1026 2531
1027 277
1027 2646
1027 2176
1027 2902
1027 2531
1028 3049
1028 2367
1028 2646
1028 2176
1028 2902
1028 2578
1028 2531
1028 2139
1029 3044
1029 1136
1029 2278
1029 1558
1029 2646
1029 2176
1029 2902
1029 2531
1030 294
1030 2656
1030 2646
1030 2902
1030 2531
1031 3048
1031 2510
1031 1511
1031 2646
1031 2176
1031 2902
1031 2531
1032 277
1032 2646
1032 2176
1032 2902
1032 2531
1033 3043
1033 123
1033 2646
1033 2176
1033 2531
1034 3042
1034 2646
1034 2176
1034 2902
1034 2531
1034 2313
1035 277
1035 2478
1035 2646
1035 2176
1035 2902
1035 2132
1035 2907
1036 3040
1036 2646
1036 2176
1036 2902
1036 2531
1037 290
1037 2979
1037 2646
1037 2176
1037 2902
1037 2531
1038 3048
1038 1350
1038 2646
1038 2176
1038 2902
1038 2531
1038 2655
1039 48
1040 48
1041 48
1042 48
1043 48
1044 48
1045 48
1046 48
1047 48
1048 48
1049 48
1050 48
1051 48
1052 48
1053 48
1054 48
1055 48
1056 48
1057 48
1058 48
1059 48
1060 48
1061 48
1062 48
1063 48
1064 48
1065 366
1066 366
1344 366
1344 366
1067 3053
1067 317
1068 3063
1069 3072
1069 529
1070 3069
1070 1027
1071 3070
1072 3055
1072 857
1073 3059
1074 306
1075 310
1075 95
1076 309
1344 3068
1344 540
1344 432
1077 306
1078 309
1078 255
1079 3068
1079 900
1079 482
1080 310
1080 372
1081 3058
1082 3053
1082 368
1082 761
1083 3061
1344 2739
1344 3071
1344 896
1084 3066
1085 3059
1085 708
1086 3064
1087 3055
1087 716
1087 454
1088 310
1089 3067
1090 3070
1090 716
1090 858
1091 3064
1091 641
1092 3054
1093 3060
1093 608
1094 3066
1094 746
1095 3071
1096 3053
1096 380
1097 3061
1098 3053
1098 178
1098 227
1099 3054
1099 726
1100 3061
1100 938
1344 2116
1344 309
1344 11
1344 3054
1344 404
1101 3056
1102 3069
1102 964
1102 639
1103 3057
1103 155
1103 430
1104 3066
1104 465
1104 220
1105 3066
1105 96
1105 520
1106 3064
1106 521
1106 257
1107 3065
1107 873
1107 610
1108 310
1108 723
1108 817
1109 3056
1110 3061
1110 995
1110 568
1111 3068
1111 642
1111 718
1112 3070
1113 3065
1113 857
1114 3055
1114 120
1114 642
1115 3066
1116 304
1116 86
1117 3055
1117 508
1118 304
1119 3059
1119 301
1119 922
1120 3063
1120 163
1120 259
1121 3070
1122 3063
1123 3066
1123 164
1124 3061
1124 14
1125 306
1125 1030
1126 3065
1126 966
1126 258
1127 3055
1128 3068
1128 195
1129 3067
1129 329
1130 3055
1130 354
1130 459
1131 3062
1132 3060
1132 900
1133 3053
1133 609
1133 669
1134 3055
1134 832
1134 597
1135 3066
1135 974
1135 232
1136 304
1136 193
1136 778
1137 3061
1138 304
1138 591
1138 400
1139 2792
1139 306
1139 878
1139 464
1140 3071
1141 3067
1141 549
1142 2591
1142 3057
1142 1031
1143 3063
1143 718
1144 3068
1144 33
1145 2870
1145 2510
1145 3054
1145 227
1145 13
1146 3069
1146 94
1147 3061
1147 199
1148 3070
1149 3061
1150 304
1150 192
1151 3057
1151 171
1151 785
1152 3063
1152 156
1153 3062
1153 970
1154 310
1155 3059
1155 440
1156 3053
1156 794
1157 309
1157 201
1158 304
1158 321
1158 586
1159 3059
1159 774
1160 309
1161 3072
1162 3059
1162 188
1162 964
1163 3072
1163 222
1164 3060
1164 53
1164 423
1165 303
1165 352
1165 910
1344 3060
1344 602
1166 304
1166 965
1167 3062
1167 72
1167 988
1168 3058
1168 226
1168 127
1169 3064
1169 203
1169 472
1170 303
1170 41
1170 144
1171 3058
1171 119
1172 3072
1172 615
1172 314
1173 3071
1173 860
1173 947
1174 3055
1174 896
1174 1011
1175 3060
1176 3062
1176 234
1176 252
1177 3067
1178 3068
1178 494
1179 3070
1179 493
1179 195
1180 310
1181 3067
1181 199
1181 102
1182 3065
1182 900
1182 311
1183 3061
1183 427
1184 3065
1184 390
1184 777
1185 3058
1185 857
1186 3063
1186 823
1186 314
1187 3064
1187 960
1187 752
1188 3058
1188 681
1189 2464
1189 303
1189 217
1189 64
1190 3053
1190 692
1190 979
1191 303
1191 481
1191 206
1192 3062
1193 3059
1194 3066
1194 526
1195 310
1195 902
1195 602
1196 2445
1196 3072
1197 3069
1197 119
1197 526
1198 3067
1199 3056
1200 3069
1201 3072
1202 3056
1202 645
1203 3061
1204 3008
1204 3064
1205 3062
1205 344
1206 303
1207 3071
1207 743
1207 300
1208 3070
1208 457
1208 814
1209 3055
1209 84
1209 219
1210 3069
1211 3069
1212 3067
1212 771
1213 303
1213 830
1214 3065
1214 158
1214 705
1215 3053
1216 3057
1216 524
1216 251
1217 3062
1217 522
1218 303
1218 513
1219 310
1219 959
1220 3071
1221 3056
1221 648
1221 831
1222 3068
1222 871
1222 538
1223 3069
1223 927
1224 2383
1224 309
1225 2518
1225 309
1225 376
1225 666
1226 3053
1226 1022
1226 473
1227 3054
1227 132
1227 850
1228 3055
1228 963
1229 3055
1230 3057
1231 3070
1231 12
1231 593
1232 3059
1232 748
1232 1012
1233 2517
1233 3069
1234 3065
1235 310
1236 310
1236 1036
1236 222
1237 3066
1237 691
1238 3060
1238 444
1238 964
1344 3064
1344 642
1344 335
1239 3070
1239 420
1239 704
1240 3072
1240 909
1241 3057
1241 367
1241 647
1242 3064
1242 171
1242 837
1243 3060
1244 3064
1244 399
1245 304
1246 3053
1246 1030
1247 3062
1248 3060
1248 673
1248 599
1249 3059
1249 739
1250 3058
1250 937
1250 635
1251 3067
1251 239
1252 310
1252 1019
1253 3064
1253 449
1253 946
1254 3069
1254 561
1255 309
1255 541
1255 484
1256 3056
1257 3066
1257 135
1257 226
1258 3063
1258 741
1258 824
1259 3058
1259 927
1259 868
1260 3070
1260 783
1261 3063
1262 304
1262 54
1262 308
1263 3063
1264 3057
1265 3071
1265 460
1266 3058
1266 348
1266 608
1267 3060
1268 3063
1268 13
1269 3069
1269 442
1270 3054
1270 999
1270 215
1271 3066
1271 710
1272 309
1272 961
1273 309
1274 3059
1274 893
1274 557
1275 3068
1275 639
1276 3069
1277 3071
1277 248
1278 3056
1278 720
1279 3061
1279 80
1279 840
1280 3070
1280 51
1280 558
1281 3057
1282 3055
1283 3072
1284 3058
1284 592
1284 978
1285 306
1285 802
1286 3070
1287 3059
1288 3065
1288 362
1288 661
1289 3054
1289 238
1290 3067
1290 374
1290 494
1291 3071
1292 3067
1292 32
1293 3066
1293 720
1293 469
1294 3066
1294 994
1295 3062
1296 3058
1296 531
1344 3065
1344 903
1297 3068
1298 304
1298 308
1298 200
1299 3058
1299 323
1300 3059
1301 309
1301 286
1301 330
1302 3069
1303 3071
1303 206
1304 303
1304 775
1305 3072
1305 352
1305 67
1306 3064
1306 60
1307 3053
1307 850
1307 336
1308 3072
1309 310
1309 549
1309 689
1310 3054
1310 224
1310 127
1344 3064
1344 298
1311 310
1311 683
1311 900
1312 3071
1313 3071
1313 66
1314 3069
1315 309
1315 662
1316 3065
1316 97
1317 3063
1317 513
1318 3069
1319 306
1319 908
1320 3070
1321 3058
1321 222
1321 412
1322 3054
1322 862
1323 3060
1323 823
1324 3061
1324 361
1324 260
1325 3054
1325 631
1325 726
1326 3071
1326 14
1327 309
1327 335
1327 7
1328 3067
1328 463
1328 252
1329 3072
1330 3060
1330 685
1330 323
1331 3070
1331 167
1331 883
1332 3061
1333 304
1333 696
1333 874
1334 309
1344 3067
1344 126
1344 859
1335 3060
1336 3066
1337 3062
1337 268
1337 465
1338 3057
1339 3072
1340 3065
1341 3070
1341 461
1342 3059
1342 445
1343 3054
1343 620
1343 108
1344 3067
1344 146
1345 310
1345 170
1345 649
1346 3070
1347 310
1347 876
1347 59
1348 3069
1348 878
1349 3062
1349 490
1349 213
1350 3066
1350 649
1351 3061
1352 3064
1352 971
1352 95
1353 3071
1353 263
1353 70
1354 3070
1354 236
1355 3057
1356 310
1356 622
1357 3066
1358 3055
1358 646
1358 284
1359 3063
1359 397
1359 655
1360 3053
1360 137
1360 550
1361 3064
1361 767
1361 615
1362 3060
1362 445
1362 340
1363 3057
1363 824
1363 26
1364 3065
1364 207
1364 2
1365 3054
1366 303
1366 832
1367 3060
1367 865
1367 139
1368 3068
1369 3072
1370 309
1371 3056
1371 845
1371 523
1372 3059
1373 3054
1373 778
1374 304
1374 230
1374 364
1375 3059
1375 672
1375 136
1376 3053
1377 2140
1377 3069
1377 736
1378 3067
1379 3072
1379 59
1379 100
1380 3069
1381 3072
1382 3056
1382 632
1382 449
1383 3064
1384 306
1384 459
1385 3070
1385 317
1385 953
1386 306
1387 3057
1388 3057
1389 3058
1389 133
1390 3062
1390 326
1391 3063
1391 149
1392 3055
1392 116
1393 3061
1394 3071
1394 551
1395 306
1395 640
1395 189
1396 310
1397 309
1397 549
1397 494
1398 3055
1399 3072
1399 911
1399 1016
1400 310
1401 3071
1344 3068
1344 850
1402 3066
1402 643
1403 3068
1403 301
1404 3053
1405 309
1405 262
1405 805
1406 3055
1344 3063
1344 78
1407 3065
1407 192
1408 3061
1409 3058
1410 310
1411 3063
1412 310
1412 728
1413 3057
1413 318
1413 67
1414 303
1414 813
1414 221
1415 3065
1415 214
1415 1027
1416 3055
1416 625
1416 535
1417 303
1417 417
1417 331
1418 309
1418 672
1418 927
1419 3060
1420 3068
1420 1033
1420 889
1421 3069
1421 1031
1421 115
1422 304
1422 1036
1423 2038
1423 310
1424 306
1425 3066
1425 307
1425 177
1426 304
1427 3061
1428 306
1428 14
1429 310
1429 123
1430 3066
1431 3057
1431 430
1432 3063
1432 513
1432 564
1433 3057
1434 3057
1434 218
1435 3068
1435 470
1436 3059
1436 1011
1437 3062
1437 536
1437 833
1438 310
1438 374
1439 309
1439 450
1440 309
1440 831
1441 3070
1441 392
1442 309
1443 3055
1444 2907
1444 3068
1445 3056
1445 791
1445 178
1446 3060
1447 3069
1447 639
1448 3068
1448 733
1449 310
1449 941
1449 797
1450 3068
1450 500
1451 3068
1452 3054
1452 910
1452 421
1453 3056
1453 646
1454 3070
1454 662
1455 3067
1455 579
1455 440
1456 3055
1457 3064
1457 774
1458 3059
1459 3063
1459 26
1459 883
1460 3060
1460 612
1460 418
1461 3060
1461 234
1462 3057
1462 37
1463 3067
1463 548
1463 481
1464 3067
1464 574
1465 3064
1466 3058
1466 142
1466 574
1467 3064
1467 346
1468 3053
1468 652
1468 966
1469 3061
1469 326
1470 3071
1471 3070
1471 608
1471 344
1472 3065
1472 983
1472 770
1473 3058
1473 717
1473 38
1474 3059
1475 3060
1476 3058
1476 319
1477 3064
1477 389
1477 894
1478 2765
1478 2182
1478 3067
1478 236
1479 3056
1479 1017
1480 3056
1481 3054
1481 899
1481 67
1482 3058
1482 445
1482 683
1483 303
1484 3054
1484 839
1484 134
1485 3068
1485 508
1485 726
1486 303
1486 330
1487 3072
1487 655
1344 3071
1344 302
1488 3064
1488 478
1489 3055
1489 300
1490 304
1490 426
1491 3057
1491 920
1491 716
1492 309
1492 130
1493 3059
1494 304
1494 766
1494 256
1495 3053
1495 638
1496 3061
1496 464
1496 172
1497 303
1498 309
1498 411
1498 544
1499 310
1500 3065
1500 492
1501 3067
1502 304
1502 568
1502 380
1503 3071
1504 3054
1505 3066
1505 112
1505 443
1506 3060
1506 803
1507 3059
1508 3053
1508 895
1509 304
1509 842
1510 2955
1510 3062
1510 471
1510 826
1511 3072
1512 3056
1512 617
1512 731
1513 3072
1513 730
1514 3060
1514 566
1515 309
1515 368
1516 3063
1516 582
1517 3055
1517 663
1518 3053
1518 642
1518 174
1519 303
1519 491
1520 3062
1520 428
1520 971
1521 306
1521 505
1522 3065
1522 377
1523 3065
1523 110
1524 2626
1524 3063
1524 317
1524 79
1525 3053
1525 359
1525 861
1526 3063
1526 586
1526 568
1527 3062
1527 41
1528 3053
1528 829
1528 343
1529 3071
1529 180
1529 409
1530 310
1531 3054
1531 368
1531 203
1532 310
1532 633
1532 654
1533 3065
1534 310
1534 191
1535 3065
1535 665
1535 939
1536 3054
1536 470
1536 109
1537 3053
1537 73
1538 3059
1538 545
1538 911
1539 3072
1539 222
1539 414
1344 3070
1344 836
1540 3072
1540 720
1540 605
1541 306
1542 303
1543 3059
1543 534
1543 916
1544 3068
1545 3070
1545 613
1546 3068
1547 3060
1547 1021
1548 3070
1548 660
1549 3060
1549 611
1550 3057
1550 935
1551 3054
1552 3060
1553 3056
1553 870
1553 341
1554 303
1554 1031
1555 3067
1556 3072
1557 3072
1557 721
1557 435
1558 3069
1559 3054
1560 3060
1560 531
1560 284
1561 3065
1561 534
1561 516
1562 3068
1562 577
1563 3061
1563 193
1563 266
1564 310
1564 776
1564 730
1565 3054
1565 652
1566 3064
1566 85
1567 3066
1567 983
1567 966
1568 304
1569 3057
1569 929
1569 766
1570 3055
1570 921
1570 433
1571 3070
1571 955
1571 206
1572 3053
1573 3068
1573 707
1573 681
1574 310
1575 3066
1575 226
1576 3054
1576 671
1576 642
1577 310
1577 837
1578 3067
1578 580
1578 208
1579 3068
1579 899
1579 900
1580 3059
1580 587
1581 3063
1582 3055
1582 378
1582 87
1583 3059
1584 306
1584 437
1585 3055
1585 852
1585 352
1586 3054
1587 3069
1588 3062
1588 449
1588 954
1589 3070
1590 3064
1591 3063
1592 3053
1592 938
1592 147
1593 3057
1594 3054
1594 628
1595 3054
1595 403
1596 304
1596 382
1597 3062
1597 786
1597 964
1598 3066
1598 921
1598 311
1599 3061
1599 998
1600 310
1600 525
1600 476
1601 3072
1601 757
1601 703
1602 3062
1602 205
1603 3063
1603 384
1603 436
1604 310
1604 802
1604 990
1605 3062
1605 504
1605 95
1606 3071
1606 783
1607 3061
1607 865
1608 3056
1608 357
1608 901
1609 3057
1610 3057
1610 64
1610 881
1611 3054
1612 3065
1613 3071
1613 121
1613 1019
1614 3056
1614 964
1615 3069
1616 3056
1616 547
1616 561
1617 2763
1617 3063
1617 722
1618 3061
1619 3071
1619 459
1619 167
1620 3067
1620 214
1621 3065
1621 267
1622 309
1344 3071
1344 888
1623 3057
1624 306
1625 3053
1626 3061
1626 284
1627 3066
1627 763
1628 3071
1629 3068
1629 4
1629 136
1630 306
1631 3056
1631 994
1631 1033
1632 3053
1633 3062
1633 663
1634 304
1635 309
1636 3068
1637 3072
1637 657
1638 306
1344 3056
1344 512
1639 3053
1640 3072
1640 551
1640 748
1641 3062
1641 815
1641 154
1642 3066
1643 3062
1644 304
1644 94
1644 983
1645 3068
1645 600
1646 3053
1646 405
1646 455
1647 3065
1647 561
1647 135
1648 3062
1649 3067
1649 939
1649 842
1650 3057
1650 380
1651 3053
1652 3055
1652 362
1653 3067
1653 732
1654 3070
1654 820
1654 631
1655 3072
1656 306
1656 534
1656 253
1657 303
1657 545
1657 648
1658 3061
1658 869
1658 790
1659 303
1344 3064
1344 943
1660 303
1660 371
1661 3065
1661 117
1661 340
1662 306
1662 1
1663 3055
1663 958
1663 798
1664 303
1664 621
1664 469
1665 3062
1666 3057
1667 3059
1667 466
1667 42
1668 304
1668 591
1668 291
1669 309
1669 960
1344 3055
1344 906
1670 3058
1671 3069
1671 236
1672 3071
1673 303
1673 1038
1673 430
1674 3054
1674 212
1675 3066
1676 3059
1676 976
1676 416
1677 3056
1678 304
1679 3061
1680 3069
1680 919
1680 732
1681 3058
1682 303
1683 3056
1683 743
1684 310
1684 89
1685 306
1685 798
1686 3058
1686 54
1687 3061
1687 423
1687 404
1688 3056
1344 2443
1344 3061
1344 82
1689 3067
1690 3058
1690 119
1690 227
1691 3070
1692 303
1692 963
1692 94
1693 309
1693 7
1694 3056
1694 704
1695 3062
1695 87
1695 469
1696 3069
1696 7
1696 1034
1697 3053
1698 3070
1699 3065
1699 468
1700 3058
1700 20
1701 3063
1701 237
1701 71
1702 3059
1702 50
1703 3067
1703 659
1703 787
1704 3054
1705 304
1706 303
1706 1032
1707 3055
1707 692
1707 365
1708 3062
1709 3054
1709 888
1709 589
1710 3071
1711 3057
1711 854
1712 3058
1712 431
1712 995
1713 3066
1713 576
1713 181
1714 3054
1714 561
1715 3065
1715 960
1715 481
1716 3069
1716 716
1716 536
1717 3067
1717 92
1718 3068
1719 3054
1719 485
1719 350
1720 3064
1720 230
1721 3060
1722 3058
1722 155
1722 1028
1723 309
1723 735
1723 234
1724 3054
1724 988
1725 306
1725 650
1725 22
1726 3060
1727 306
1727 460
1728 3053
1728 329
1729 3072
1730 3070
1730 942
1731 304
1731 997
1731 577
1732 3058
1732 80
1732 513
1344 3065
1344 365
1344 640
1733 3061
1733 1000
1734 3069
1735 3067
1736 2697
1736 3066
1737 3068
1737 611
1738 2340
1738 2581
1738 3069
1738 21
1738 501
1739 3064
1740 3059
1740 449
1741 3057
1741 22
1741 440
1742 3055
1743 3066
1743 945
1743 224
1744 3070
1745 3072
1745 625
1745 787
1746 3064
1747 304
1344 3055
1344 695
1748 3059
1749 3056
1749 631
1750 3054
1750 150
1750 863
1751 3068
1751 896
1751 109
1752 3067
1753 309
1753 725
1753 418
1754 303
1754 625
1754 119
1755 3070
1755 13
1756 3057
1756 865
1756 298
1757 303
1757 194
1757 560
1758 303
1759 303
1760 3066
1760 555
1760 442
1761 3054
1761 1018
1762 3057
1763 310
1763 765
1763 755
1764 3068
1764 670
1764 335
1765 3064
1765 51
1765 909
1766 3060
1766 322
1766 216
1767 3056
1768 3055
1768 984
1768 204
1769 3055
1770 3065
1770 863
1770 10
1344 3057
1344 344
1771 3068
1772 3063
1772 123
1772 1012
1773 3067
1773 784
1774 3056
1775 2688
1775 3072
1776 2108
1776 3057
1776 192
1776 866
1777 3064
1777 182
1777 781
1778 3053
1778 127
1778 562
1779 3060
1779 455
1779 1016
1780 304
1781 3056
1781 529
1782 3062
1782 326
1782 426
1783 3071
1784 3054
1784 172
1784 637
1785 303
1785 60
1785 389
1786 3053
1786 617
1786 2
1787 3065
1788 3066
1788 650
1789 3061
1790 3065
1790 652
1791 306
1792 3070
1793 309
1793 858
1794 2054
1794 3067
1794 424
1794 467
1344 2760
1344 2627
1344 304
1344 501
1344 138
1795 3055
1795 120
1795 945
1796 3069
1796 574
1796 384
1797 3066
1798 3062
1799 3071
1799 832
1799 233
1800 3063
1800 1031
1801 3069
1802 310
1802 373
1802 881
1803 309
1803 180
1804 3062
1804 977
1805 3058
1805 452
1806 3071
1806 728
1807 2455
1807 303
1807 496
1807 572
1808 309
1808 753
1808 929
1809 3067
1810 3056
1810 182
1811 3061
1811 981
1812 3058
1813 3059
1813 183
1813 679
1814 3063
1814 457
1814 305
1815 3058
1815 1029
1816 3054
1816 1025
1816 125
1817 3064
1818 3053
1818 92
1818 431
1819 3062
1820 3068
1821 306
1821 705
1822 3057
1822 791
1823 304
1824 304
1824 569
1825 3065
1825 832
1826 3053
1826 579
1826 481
1827 3058
1827 3
1827 970
1828 306
1828 448
1829 310
1829 739
1829 381
1830 3057
1830 457
1830 288
1831 3061
1832 3065
1832 453
1832 931
1833 3063
1833 785
1833 658
1834 306
1835 3061
1836 303
1837 310
1838 309
1838 732
1838 1007
1839 310
1840 3066
1840 713
1841 306
1841 336
1842 3061
1842 1022
1843 304
1843 158
1344 3054
1344 896
1844 2227
1844 309
1845 3070
1845 1035
1846 3059
1847 3058
1848 3059
1849 3072
1849 510
1849 261
1850 3057
1850 37
1850 127
1851 303
1851 719
1851 496
1852 303
1853 3072
1853 371
1854 2603
1854 306
1854 129
1854 137
1855 3062
1855 440
1856 309
1856 195
1857 3070
1857 417
1857 539
1858 3053
1858 49
1859 3053
1860 303
1861 3056
1861 761
1861 849
1862 3060
1862 553
1862 267
1863 309
1863 88
1863 852
1864 3063
1864 504
1865 3063
1865 54
1865 727
1866 3059
1866 425
1866 798
1867 3068
1868 3066
1869 3059
1869 89
1869 611
1870 3053
1871 3055
1871 570
1871 776
1872 3063
1873 2859
1873 3071
1873 602
1873 139
1874 303
1874 51
1874 596
1875 309
1875 428
1876 3072
1877 3059
1878 3060
1879 3063
1879 76
1880 3064
1881 3064
1882 303
1882 257
1883 3064
1883 519
1884 3061
1884 658
1885 304
1885 1016
1886 3060
1886 88
1887 2270
1887 3068
1888 3055
1889 3071
1889 168
1889 609
1890 3064
1891 306
1891 639
1892 306
1893 309
1893 527
1894 3058
1894 794
1894 87
1895 3055
1895 682
1895 222
1896 3060
1896 860
1896 588
1897 3066
1897 591
1897 921
1898 3068
1344 3071
1344 842
1344 445
1899 3061
1899 471
1900 3067
1900 699
1901 3060
1901 660
1901 516
1902 3071
1902 824
1903 3069
1903 879
1904 3056
1904 342
1904 658
1905 3065
1905 670
1905 647
1906 2725
1906 3070
1907 2945
1907 3065
1907 962
1907 629
1908 3064
1908 845
1909 304
1910 3057
1910 698
1910 738
1911 3065
1912 3072
1913 3067
1913 903
1914 3069
1914 374
1915 3054
1915 485
1916 3072
1916 770
1917 3058
1918 3065
1918 904
1918 584
1919 3056
1919 482
1919 3
1920 3062
1920 1032
1921 3062
1922 3069
1922 177
1922 20
1923 3068
1924 3061
1924 447
1925 3066
1925 474
1926 3064
1927 3063
1928 3009
1928 3069
1928 1009
1929 3069
1930 3058
1930 591
1931 3054
1932 3062
1932 675
1932 342
1933 3056
1933 453
1934 3063
1934 716
1935 306
1936 2682
1936 2200
1936 3068
1936 204
1936 384
1937 3070
1937 221
1937 520
1938 3071
1938 268
1939 3060
1939 203
1940 3062
1940 968
1940 477
1941 3067
1942 3064
1942 792
1942 503
1943 3059
1943 681
1943 696
1944 3066
1945 3062
1945 632
1945 624
1946 304
1947 3055
1947 164
1947 558
1948 2712
1948 303
1948 247
1948 805
1949 310
1950 3070
1950 270
1951 3060
1951 376
1951 766
1952 306
1952 375
1953 3056
1953 691
1953 790
1954 3067
1954 279
1954 948
1955 3057
1955 235
1956 3060
1957 3066
1957 72
1958 3056
1958 374
1959 3069
1959 781
1960 3059
1961 3056
1961 423
1962 3071
1962 493
1963 3064
1963 654
1964 3068
1965 3060
1965 186
1966 3056
1966 130
1967 3059
1967 167
1967 482
1968 306
1968 60
1968 67
1969 3058
1969 376
1970 306
1970 527
1971 3065
1972 3061
1972 1037
1972 913
1973 3069
1973 421
1973 750
1974 3063
1974 747
1975 3072
1975 1011
1975 553
1976 306
1976 833
1977 304
1977 65
1978 3059
1979 3053
1979 795
1979 181
1980 3072
1980 109
1980 855
1981 3071
1981 990
1982 3071
1983 3064
1984 3060
1984 245
1985 3070
1985 383
1985 930
1986 3058
1986 973
1987 306
1988 306
1989 3070
1990 304
1990 623
1991 3067
1991 387
1991 855
1992 3057
1993 3068
1994 3061
1994 740
1995 304
1996 3058
1996 930
1996 300
1997 306
1997 887
1997 185
1998 3056
1998 1007
1998 85
1999 3055
1999 532
2000 3066
2001 3056
1344 3058
1344 471
1344 513
2002 3053
2003 3071
2004 3063
2004 255
2005 3065
2005 901
2006 3055
2006 317
2007 309
2007 218
2007 602
2008 3055
2008 150
2009 3066
2009 69
2010 3058
2011 3057
2011 285
2011 377
2012 3072
2012 418
2012 921
2013 306
2014 3053
2015 3067
2015 493
2015 446
2016 303
2016 391
2017 3062
2018 3067
2019 3056
2019 351
2020 3059
2020 279
2020 829
2021 2461
2021 3065
1344 304
1344 578
1344 228
2022 304
2023 3063
2024 3063
2025 3071
2025 748
2025 932
2026 3062
2026 1037
2027 3058
2028 3062
2029 3072
2029 345
2029 935
2030 3064
2030 363
1344 303
1344 140
2031 306
2031 325
2031 788
2032 3067
2032 323
2032 437
2033 3060
2034 3069
2035 2367
2035 3069
2035 449
1344 3061
1344 728
2036 3063
2037 3064
1344 2749
1344 3072
1344 1015
2038 2035
2038 2031
2038 1853
2038 1516
2038 1491
2038 1505
2038 1285
2038 1189
2039 2008
2039 1395
2039 1220
2039 1156
2040 1987
2040 1819
2040 1760
2040 1612
2040 1487
2040 1246
2040 1119
2041 1915
2041 1959
2041 1949
2041 1503
2041 1178
2042 1967
2042 1606
2042 1608
2042 1571
2042 1586
2042 1440
2042 1345
2042 1174
2043 1700
2043 1384
2044 1467
2044 1365
2044 1144
2044 1110
2044 2815
2045 2018
2045 1875
2045 1598
2045 1354
2046 1993
2046 1556
2046 1487
2046 1449
2046 1200
2047 1983
2047 1831
2047 1339
2047 1269
2047 1150
2047 2234
2048 1972
2048 2025
2048 1608
2048 1658
2048 1440
2048 1238
2048 2472
2049 1716
2049 1651
2049 1673
2049 1405
2049 1186
2049 2722
2050 1892
2050 1860
2050 1468
2050 1465
2050 1361
2050 1349
2050 1165
2051 1977
2051 1964
2051 1649
2051 1425
2052 1528
2052 1593
2052 1459
2052 1276
2052 2173
2053 1883
2053 1837
2053 1693
2053 1640
2053 1076
2054 1871
2054 1810
2054 1854
2054 1721
2054 1551
2054 1538
2054 2765
2054 2176
2055 1945
2055 1804
2055 1731
2055 1424
2055 1405
2055 1339
2055 1342
2056 1757
2056 1645
2056 1682
2056 1579
2056 1272
2056 1198
2056 2233
2057 1212
2057 1089
2057 2507
2057 2790
2058 1894
2058 1508
2058 2296
2058 2602
2059 1627
2059 1436
2059 1364
2060 1875
2060 1926
2060 1851
2060 1867
2060 1689
2060 1374
2060 1163
2060 1223
2060 1083
2061 1455
2061 1259
2062 1852
2062 1825
2062 1678
2062 1473
2062 1330
2062 2060
2062 2426
2063 1949
2063 1698
2063 1622
2063 1482
2063 1372
2063 1396
2063 1188
2063 1086
2063 1143
2064 1730
2064 1533
2064 1507
2064 1310
2064 1234
2065 1870
2065 1743
2065 1427
2065 1407
2065 1395
2065 1199
2065 1144
2065 1098
2065 2284
2066 2643
2066 2477
2066 1907
2066 1696
2066 1627
2066 1470
2066 1381
2067 1901
2067 1627
2067 1204
2067 1124
2067 2643
2068 1937
2068 1428
2068 1296
2068 1283
2068 1259
2068 1226
2068 2180
2069 1877
2069 1952
2069 1485
2069 1312
2069 1326
2069 1108
2070 1883
2070 1740
2070 1669
2070 1618
2070 1418
2070 1166
2071 2285
2071 2012
2071 1747
2071 1439
2071 1464
2071 1298
2071 1124
2072 1715
2072 1685
2072 1504
2072 1338
2072 1256
2072 1247
2072 1321
2072 2687
2073 1643
2073 1573
2073 1193
2073 1231
2073 2644
2074 1714
2074 1767
2074 1709
2074 1321
2075 1936
2075 1811
2075 1721
2075 1747
2075 1690
2075 1549
2075 1420
2075 1398
2076 1947
2076 1774
2076 1536
2076 1501
2076 1223
2076 2277
2077 1865
2077 1839
2077 1710
2077 1423
2077 1380
2078 1950
2078 1514
2078 1328
2079 1902
2079 1884
2079 1254
2079 1159
2080 1877
2080 1885
2080 1868
2080 1860
2080 1248
2080 1293
2080 1147
2081 1962
2081 1848
2081 1835
2081 1628
2081 1107
2081 1141
2081 1125
2082 1798
2082 1600
2082 1168
2082 1211
2083 1822
2083 1793
2083 1361
2083 1384
2083 1190
2083 1140
2084 1879
2084 1807
2084 1834
2084 1738
2084 1505
2084 1313
2085 1918
2085 1711
2085 1337
2085 1417
2085 1317
2086 1972
2086 1967
2086 2028
2086 1911
2086 1742
2086 1571
2086 1539
2086 1374
2086 1121
2086 2542
2086 2472
2087 1814
2087 1682
2087 1623
2087 1527
2087 1468
2087 1382
2087 1219
2087 1071
2088 1978
2088 1704
2088 1318
2088 1319
2088 1087
2088 1126
2088 2254
2089 1986
2089 1820
2089 1762
2089 1601
2090 2009
2090 1609
2090 1419
2090 2535
2090 2217
2091 1891
2091 1892
2091 1432
2091 1352
2091 1366
2091 1304
2091 1209
2091 1068
2091 1123
2091 2167
2092 1749
2092 1428
2092 1367
2092 1334
2093 1999
2093 1864
2093 1540
2093 1408
2093 1410
2093 1333
2093 1085
2093 2496
2094 1409
2094 1108
2095 1980
2095 1718
2095 1720
2095 1264
2095 1129
2095 1092
2095 1117
2096 1790
2096 1863
2096 1560
2096 1534
2096 1507
2096 1310
2096 1158
2096 1155
2097 1846
2097 1760
2097 1245
2097 1208
2098 1383
2098 1310
2099 1977
2099 2022
2099 1804
2099 1318
2099 1185
2099 2786
2100 1960
2101 1915
2101 1595
2101 1539
2101 1453
2101 1355
2101 1214
2101 1238
2101 1153
2102 1899
2102 1324
2102 1111
2103 1985
2103 1830
2103 1762
2103 1294
2104 1697
2104 1632
2104 1669
2104 1569
2104 1529
2104 1446
2104 1471
2104 1430
2104 1269
2104 1166
2105 1889
2105 1765
2105 1662
2105 1548
2105 1580
2105 1494
2105 1483
2105 1393
2105 1397
2105 1215
2107 1909
2107 1847
2107 1864
2107 1362
2107 1320
2107 1297
2107 1170
2107 2530
2108 2003
2108 1938
2108 1589
2109 1981
2109 2029
2109 1845
2109 1766
2109 1716
2109 1755
2109 1185
2110 1939
2110 1746
2110 1734
2110 1600
2110 1327
2110 1243
2110 2106
2111 1922
2111 1174
2111 2991
2112 2313
2112 1638
2112 1506
2112 1375
2112 1204
2112 1096
2113 1809
2113 1614
2113 1526
2113 1346
2113 1306
2114 1993
2114 1718
2114 1614
2114 1518
2115 1725
2115 1715
2115 1367
2115 1282
2115 1259
2115 1168
2116 1946
2116 1799
2116 1630
2116 1558
2116 1491
2116 1298
2116 1191
2117 1779
2117 1836
2117 1676
2117 1179
2118 2033
2118 1988
2118 1828
2118 1750
2118 1688
2118 1683
2118 1109
2118 2571
2119 1952
2119 1507
2119 1326
2120 1576
2121 1894
2121 1752
2121 1509
2121 1099
2122 1853
2122 1551
2123 1809
2123 1598
2123 1458
2123 1212
2123 1090
2123 1086
2124 1989
2124 1952
2124 1623
2124 1308
2124 1248
2124 1100
2125 1984
2125 1902
2125 1575
2125 1487
2125 1336
2125 1306
2125 1182
2125 1089
2126 1518
2126 1440
2126 1385
2126 1411
2126 1174
2126 2446
2127 1939
2127 1655
2127 1552
2127 1592
2127 1211
2127 1202
2127 2302
2127 2821
2128 1819
2128 1774
2128 1419
2128 1208
2129 1931
2129 1603
2129 1400
2129 1113
2130 1982
2130 1865
2130 1313
2130 1331
2130 1273
2130 1189
2130 2485
2131 1988
2131 1876
2131 1737
2131 1483
2131 2959
2132 2298
2132 2012
2132 2021
2132 1834
2132 1856
2132 1589
2132 1530
2132 1436
2132 1274
2132 2604
2133 2004
2133 1951
2133 1903
2133 1858
2133 1718
2133 1760
2133 1634
2133 1521
2133 1291
2133 1281
2133 1238
2133 3024
2134 1976
2134 1944
2134 1652
2134 1589
2134 1273
2135 1762
2135 1681
2135 1641
2135 1400
2135 1417
2135 1088
2135 2109
2136 1935
2136 1862
2136 1782
2136 1528
2136 1357
2136 1265
2136 1257
2136 1179
2136 1160
2136 2577
2137 1694
2137 1524
2138 3017
2138 1944
2138 1666
2138 1668
2138 1589
2138 1505
2138 1423
2138 1439
2138 1280
2138 1274
2139 1839
2139 1564
2139 1495
2139 1421
2140 1710
2140 1213
2141 1700
2141 1744
2141 1629
2141 1541
2141 1475
2141 1227
2141 1187
2141 1110
2141 1133
2141 2243
2142 1978
2142 1985
2142 1733
2142 1569
2142 1434
2142 1373
2142 1294
2142 2700
2143 1912
2143 1754
2143 1756
2143 1588
2143 1576
2143 1111
2144 1667
2144 1578
2144 1521
2144 1562
2144 1441
2144 1482
2144 1188
2144 1083
2144 3015
2145 1512
2145 1528
2145 1476
2145 1276
2145 1158
2145 1203
2146 1943
2146 1891
2146 1466
2146 1293
2146 1222
2146 1241
2146 1140
2147 1905
2147 1730
2147 1310
2147 1222
2147 1198
2147 1098
2147 3007
2148 2036
2148 1854
2148 1558
2148 1515
2148 1505
2148 2264
2148 2356
2149 2012
2149 1535
2149 1298
2149 1332
2149 1172
2149 1224
2149 1078
2149 1104
2149 2329
2149 2443
2150 1682
2150 1293
2150 1305
2150 1205
2150 1149
2151 2017
2151 1995
2151 1931
2151 1768
2151 1299
2151 1314
2151 1150
2151 1113
2152 2808
2153 1925
2153 1227
2153 2474
2154 1531
2154 1378
2155 1150
2155 1122
2155 2839
2156 1973
2156 1843
2156 1820
2156 1583
2156 1479
2156 1221
2156 1072
2157 1826
2157 1848
2157 1502
2157 1442
2158 1809
2158 1654
2158 1503
2158 1281
2158 1264
2159 1926
2159 1742
2159 1445
2159 1300
2159 1159
2160 1976
2160 1901
2160 1928
2160 1770
2160 1495
2160 1224
2160 2603
2161 1969
2161 2016
2161 1848
2161 1706
2161 1643
2161 1277
2161 1226
2161 1079
2162 2022
2162 1828
2162 1122
2162 2741
2163 1926
2163 1742
2163 1680
2163 1571
2163 1473
2163 1306
2163 1086
2163 1090
2164 1590
2164 1581
2164 3005
2165 1907
2165 1810
2165 1535
2165 1152
2165 2264
2166 1996
2166 1610
2166 1644
2166 1460
2166 1314
2166 1271
2167 1935
2167 1790
2167 1489
2167 1485
2167 1295
2167 1156
2167 1161
2168 1805
2168 1641
2168 1580
2168 1583
2168 1109
2169 1299
2169 1216
2169 2103
2169 2885
2170 2611
2170 3011
2170 1816
2170 1783
2170 1597
2170 1491
2170 1478
2170 1353
2170 2505
2171 1834
2171 1478
2171 1196
2171 2936
2171 2832
2172 1907
2172 1770
2172 1273
2172 1224
2172 1104
2173 1795
2173 1594
2173 1459
2173 1388
2173 1335
2173 1179
2174 1973
2174 1788
2174 1737
2174 1765
2174 1563
2174 1496
2174 1434
2174 1373
2175 2028
2175 1689
2175 1654
2175 1606
2175 1101
2175 1083
2176 1145
2176 1273
2176 1524
2176 1770
2177 1954
2177 1780
2177 1817
2177 1650
2177 1588
2177 1412
2177 1243
2178 1796
2178 1628
2178 1431
2178 1438
2178 1259
2178 1077
2178 1131
2179 1926
2179 1951
2179 1852
2179 1449
2179 1153
2179 2450
2180 1763
2180 1369
2180 1401
2180 1340
2180 1247
2181 1993
2181 1769
2181 1554
2181 1501
2181 1441
2181 1463
2181 1406
2181 1372
2181 1281
2181 1254
2182 2764
2182 1948
2182 1799
2182 1582
2182 1497
2182 1478
2183 1749
2183 1282
2183 1258
2183 1094
2183 2951
2184 1701
2184 1525
2184 1435
2184 1469
2184 1365
2184 1236
2184 1167
2184 2671
2185 1994
2185 1535
2185 1350
2185 1332
2186 1993
2186 1745
2186 1426
2186 1289
2187 2005
2187 1623
2187 1257
2187 1205
2188 1899
2188 1888
2188 1749
2188 1607
2188 1509
2188 1457
2188 1451
2188 1358
2188 1387
2188 1226
2189 1979
2189 2017
2189 1640
2189 1583
2189 1318
2189 1072
2190 1995
2190 1563
2190 1599
2190 1316
2190 1292
2191 1989
2191 1891
2191 1527
2191 1541
2191 1493
2191 1357
2192 1988
2192 1963
2192 1927
2192 1729
2192 1448
2192 1275
2192 1201
2192 1157
2193 1238
2193 1200
2194 1613
2194 1607
2194 1568
2194 1502
2194 1367
2194 1311
2194 1334
2194 1131
2195 1609
2195 1625
2195 1345
2195 2203
2196 1780
2196 1481
2196 1370
2196 1321
2196 1334
2196 1324
2196 1134
2196 2932
2197 1947
2197 1809
2197 1712
2197 1461
2198 1880
2198 1842
2198 1733
2198 1686
2198 1631
2198 1610
2198 1448
2198 1479
2198 1109
2198 1120
2199 2016
2199 1872
2199 1950
2199 1643
2199 1544
2199 1462
2199 1457
2200 2035
2200 1692
2200 1624
2200 1535
2200 2361
2201 2031
2201 1696
2201 1670
2201 1196
2201 2484
2202 1842
2202 1722
2202 1697
2202 1703
2202 1580
2202 1116
2203 1908
2203 1958
2203 1689
2203 1595
2203 1379
2203 1208
2203 1083
2203 2973
2204 1676
2204 1489
2204 1236
2204 1165
2204 1244
2204 1161
2204 2375
2205 2010
2205 1748
2205 1636
2205 1313
2206 1847
2206 1576
2206 1226
2206 1243
2207 1841
2207 1608
2207 1279
2207 2990
2208 2029
2208 1977
2208 1829
2208 1733
2208 1543
2209 1611
2209 1384
2209 1210
2209 1102
2210 1874
2210 1667
2210 1556
2210 1501
2210 1385
2210 1264
2210 2128
2211 2017
2211 1889
2211 1669
2211 1424
2211 1393
2211 1400
2211 1271
2211 1072
2211 2131
2211 2885
2212 2032
2212 1782
2212 1485
2212 1389
2212 1312
2212 1248
2212 1241
2213 1401
2213 1320
2214 1983
2214 1815
2214 1686
2214 1424
2214 1437
2215 1979
2215 1866
2215 1686
2215 1500
2215 1216
2215 1116
2215 2281
2216 1895
2216 1660
2216 1341
2217 2006
2217 1761
2217 2952
2217 2348
2218 1963
2218 1845
2218 1733
2218 1640
2218 1559
2218 1537
2218 2215
2219 1633
2219 2778
2220 1990
2220 1950
2220 1726
2220 1074
2221 1973
2221 2022
2221 1927
2221 1861
2221 1704
2221 1740
2221 1729
2221 1631
2222 1915
2222 1897
2222 1742
2222 1553
2222 1376
2222 1406
2222 1289
2222 2665
2223 1897
2223 1874
2223 1728
2223 1660
2223 1200
2223 1135
2224 1980
2224 2025
2224 1859
2224 1742
2224 1658
2224 1620
2224 1411
2224 2290
2225 1983
2225 2000
2225 1924
2225 1546
2225 1120
2225 2105
2226 1818
2226 1860
2226 1386
2227 1624
2227 1454
2227 1307
2227 1224
2227 2285
2228 1608
2228 1374
2228 1411
2229 2003
2229 1879
2229 1497
2229 1505
2229 1176
2229 1152
2229 1148
2229 2238
2230 1828
2230 1599
2230 1488
2231 2036
2231 1938
2231 1436
2231 2899
2232 1820
2232 1866
2232 1784
2232 1646
2232 1548
2232 1180
2232 1186
2232 1169
2232 1081
2232 2947
2233 1782
2233 1206
2233 1237
2233 1110
2234 2026
2234 1845
2234 1615
2234 1580
2234 1359
2234 1183
2234 1169
2235 1833
2235 1316
2235 1284
2235 1093
2235 1072
2236 1826
2236 1550
2237 1886
2237 1796
2237 1635
2237 1650
2237 1252
2237 1297
2237 1322
2237 1195
2237 2462
2238 1747
2238 1776
2238 1584
2238 1478
2238 1225
2238 1096
2238 1078
2239 1998
2239 1965
2239 1555
2239 1300
2239 1289
2239 1306
2239 1095
2240 2030
2240 1378
2240 1246
2241 1395
2241 1161
2242 2979
2242 1748
2242 1602
2242 1636
2242 1530
2242 1303
2243 1957
2243 1795
2243 1452
2243 1220
2243 1219
2244 2014
2244 1933
2244 1793
2244 1782
2244 1695
2244 1507
2244 1407
2244 1276
2244 1312
2244 1272
2244 1220
2244 2925
2245 2356
2245 2545
2245 1707
2245 1472
2245 1470
2245 2676
2246 1968
2246 1939
2246 1763
2246 1576
2246 1408
2246 1403
2246 1324
2247 1415
2247 1403
2247 1311
2247 3020
2248 1721
2248 1478
2248 1148
2248 2487
2249 1779
2249 1637
2249 1594
2249 1365
2249 1257
2249 1147
2250 1833
2250 1791
2251 2017
2251 1931
2251 1880
2251 1766
2251 1716
2251 1275
2251 1269
2251 2151
2252 1968
2252 1939
2252 1796
2252 1403
2252 1202
2253 1938
2253 1873
2253 1771
2253 1517
2253 1464
2253 2132
2254 1992
2254 1681
2254 1687
2254 1446
2254 1319
2255 2026
2255 1890
2255 1766
2255 1713
2255 1764
2255 1765
2255 1543
2255 1221
2255 3022
2256 1959
2256 1689
2256 1404
2256 1374
2256 1419
2256 1143
2256 2354
2257 1981
2257 1727
2257 1559
2257 1394
2258 1718
2258 1680
2258 1266
2258 3015
2259 1932
2259 1927
2259 1850
2259 1731
2259 1673
2260 1744
2260 1352
2260 1304
2260 1325
2260 1160
2260 2147
2261 1910
2261 1860
2261 1676
2261 1522
2261 1237
2261 1118
2261 2244
2262 1765
2262 1737
2262 1601
2262 1342
2262 1180
2262 1081
2263 1808
2263 1856
2263 1694
2263 1602
2263 1224
2263 2343
2264 1907
2264 1921
2264 1823
2264 1807
2264 1738
2264 1636
2264 1285
2264 2961
2265 2021
2265 1832
2265 1696
2265 1423
2265 1278
2266 1905
2266 1730
2266 1244
2266 2286
2267 1349
2267 1161
2267 1102
2268 1821
2268 1560
2268 1236
2269 2007
2269 1881
2269 1872
2269 1899
2269 1864
2269 1252
2269 1311
2269 1230
2270 1839
2270 1547
2270 1517
2270 1454
2270 1204
2271 1905
2271 1868
2272 1900
2272 1801
2272 1593
2272 1533
2272 1532
2272 1468
2272 1312
2272 1209
2272 1098
2272 2729
2273 2016
2273 1726
2273 1753
2273 1451
2273 1277
2273 1125
2273 1079
2274 1814
2274 1357
2274 1098
2274 1140
2275 2911
2275 1597
2276 1987
2276 1774
2276 1614
2276 1487
2276 1173
2276 1178
2276 1121
2276 2159
2277 1819
2277 1501
2278 1806
2278 1865
2278 1375
2278 1350
2279 1377
2280 1954
2280 1415
2281 1631
2281 1197
2281 1127
2282 1101
2283 1797
2283 1342
2283 1294
2283 1301
2283 1186
2284 1695
2284 1682
2285 2471
2285 1873
2285 1928
2285 1808
2285 1799
2285 1280
2285 1172
2286 2014
2286 1857
2286 1326
2287 1872
2287 1835
2287 1767
2287 1403
2287 1202
2287 1192
2288 1973
2288 1563
2288 1537
2288 2903
2289 1923
2289 1891
2289 1836
2289 1637
2289 1664
2289 1349
2289 1343
2290 1874
2290 1961
2290 1482
2291 1939
2291 1642
2291 1253
2291 1230
2292 1914
2292 1717
2292 1719
2292 1091
2293 1921
2293 1799
2293 1478
2293 1329
2293 1228
2293 2386
2294 1580
2294 1496
2294 1201
2295 1785
2295 1742
2295 1625
2295 2818
2295 2906
2296 1941
2296 1709
2296 1502
2296 2462
2297 1900
2297 1952
2297 1744
2297 1352
2297 1335
2297 2209
2298 1944
2298 1811
2298 1585
2298 1511
2298 1478
2298 1398
2298 1176
2298 2242
2299 1979
2299 1784
2299 1804
2299 1569
2299 1418
2300 1974
2300 1958
2300 1531
2300 1291
2300 1240
2300 2351
2301 2019
2301 1958
2301 1759
2301 1634
2301 1379
2301 1336
2301 1178
2301 1232
2302 2013
2302 2023
2302 1628
2302 1674
2302 1429
2302 1457
2302 1433
2302 1296
2303 2013
2303 1999
2303 1499
2303 1277
2303 1211
2303 2981
2304 2015
2304 1786
2304 1849
2304 1517
2304 1505
2304 1331
2304 1148
2304 2902
2305 2006
2305 1884
2305 1852
2305 1677
2305 1518
2305 1526
2305 1376
2305 1245
2305 2910
2306 1752
2306 1749
2306 1211
2306 1134
2306 1077
2307 1801
2307 1701
2307 1778
2307 1389
2307 1315
2307 1206
2307 1190
2307 2187
2308 1943
2308 1772
2308 1305
2308 1237
2308 1210
2308 1149
2309 1861
2309 1740
2309 1681
2309 1662
2309 1601
2309 1397
2309 1242
2309 1081
2310 2229
2310 1928
2310 1921
2310 1916
2310 1871
2310 1834
2310 1811
2310 1856
2310 1495
2311 2139
2311 1739
2311 1104
2312 1984
2312 1926
2312 1902
2312 1426
2312 1419
2312 1132
2313 1627
2313 1663
2313 1584
2313 1191
2313 2298
2314 2000
2314 1837
2314 1697
2314 1599
2314 1484
2314 1437
2314 1496
2314 1342
2314 1093
2314 1075
2314 2255
2315 1995
2315 2026
2315 1269
2316 1698
2316 1570
2316 1346
2317 1973
2317 1697
2317 1762
2317 1483
2318 1951
2318 1539
2318 1453
2318 1330
2318 1173
2319 1855
2319 1734
2319 1684
2319 1455
2319 1403
2320 1531
2320 1518
2320 1445
2320 1372
2320 1246
2320 1263
2320 1092
2321 1511
2322 1964
2322 1764
2322 1604
2322 1424
2322 1393
2322 3005
2323 1977
2323 1673
2323 1681
2323 2394
2323 2142
2324 2013
2324 1912
2324 1798
2324 1600
2324 1438
2324 1456
2324 1297
2324 1085
2325 2028
2325 1878
2325 1915
2325 1718
2325 1705
2325 1689
2325 1266
2325 1188
2325 1132
2325 2915
2326 1975
2326 1953
2326 1753
2326 1613
2326 1255
2327 1743
2327 1645
2327 1523
2327 1498
2327 1507
2327 1388
2327 1248
2327 1123
2327 1155
2328 2036
2328 1956
2328 1938
2328 1946
2328 1624
2328 1274
2328 1267
2328 1114
2329 1997
2329 1976
2329 2035
2329 1776
2329 1630
2329 1280
2329 1332
2329 2367
2330 2451
2330 2656
2330 1956
2330 1808
2330 1776
2330 1510
2330 1495
2330 1351
2331 1726
2331 1702
2331 1613
2331 1451
2331 1481
2331 1433
2332 1952
2332 1699
2332 1520
2332 1476
2332 1469
2332 2091
2333 1895
2333 1473
2333 1214
2333 1173
2333 1143
2334 1970
2334 1691
2334 1567
2334 1167
2334 1100
2334 2957
2334 2551
2335 2655
2335 1948
2335 1869
2335 1694
2335 1516
2336 2004
2336 1875
2336 1878
2336 1571
2336 1503
2336 1482
2336 1341
2336 1200
2336 2450
2337 1855
2337 1714
2337 1486
2337 1283
2337 1175
2337 1141
2338 2006
2338 1463
2338 1374
2338 1363
2338 2818
2339 1846
2339 1761
2339 1376
2339 1413
2339 1264
2339 1223
2339 2195
2340 2878
2340 2010
2340 1347
2340 1285
2340 1181
2340 2343
2341 1987
2341 1556
2341 1426
2341 1208
2341 1137
2342 2025
2342 1720
2342 1578
2342 1246
2342 1178
2342 2596
2343 1638
2343 1191
2344 1780
2344 1639
2344 1655
2345 1929
2345 1764
2345 1448
2346 1835
2346 1708
2346 1767
2346 1752
2346 1486
2346 1457
2346 1115
2347 1882
2347 1843
2347 1646
2347 1649
2347 1601
2347 1566
2347 1393
2347 1171
2347 1146
2348 1998
2348 1482
2348 1385
2348 1300
2348 1223
2348 1217
2348 1092
2348 2186
2349 1913
2349 1903
2349 1769
2349 1724
2349 1698
2349 1095
2349 1121
2349 2339
2350 1999
2350 1261
2350 1099
2350 2376
2351 1947
2351 1595
2351 3002
2352 1791
2352 1693
2352 1755
2352 1704
2352 1590
2352 1500
2353 2036
2353 1513
2353 1273
2353 1114
2354 2030
2354 1679
2354 1609
2354 1300
2354 1070
2354 1086
2355 2007
2355 1886
2355 1937
2355 1613
2355 1592
2355 1519
2355 1462
2355 1340
2355 1091
2355 2976
2356 2781
2356 1582
2356 1538
2356 1176
2357 1428
2357 1115
2357 1107
2357 2292
2358 1965
2358 1769
2358 1419
2358 1154
2359 2030
2359 1895
2359 1363
2359 1406
2359 1413
2359 1101
2359 1092
2359 3016
2360 1933
2360 1790
2360 1520
2360 1335
2361 1904
2361 1653
2361 1381
2361 1332
2361 2130
2362 1984
2362 1913
2362 1785
2362 1575
2362 1245
2362 1208
2363 2032
2363 1933
2363 1824
2363 1512
2363 1459
2363 1357
2363 1165
2363 2233
2364 1964
2364 1737
2364 1437
2364 1474
2365 1646
2365 1359
2365 1087
2365 2142
2366 2009
2366 1789
2366 1440
2366 1355
2366 1112
2367 1879
2367 1670
2367 1381
2367 1228
2367 1145
2367 2899
2367 2993
2368 2027
2368 1741
2368 1755
2368 1764
2368 1603
2368 1647
2368 1480
2368 1430
2368 1215
2368 1109
2369 1781
2369 1835
2369 1780
2369 1675
2369 1576
2369 1508
2369 1415
2369 1107
2369 1134
2369 2782
2370 1953
2370 1613
2370 1422
2370 1296
2370 1243
2370 2496
2371 1804
2371 1828
2371 1861
2371 1618
2371 1565
2371 1448
2372 1761
2372 1598
2372 1562
2372 1553
2372 1345
2372 1341
2372 1263
2373 1618
2373 1548
2374 2026
2374 1945
2374 1861
2374 1704
2374 1169
2374 1180
2375 1621
2375 1567
2375 1361
2375 1165
2375 1100
2375 1144
2375 2509
2376 1754
2376 1752
2376 1231
2376 1131
2377 1939
2377 1937
2377 1684
2377 1550
2377 1455
2377 1422
2378 1929
2378 1866
2378 1529
2378 1437
2379 1963
2379 1890
2379 1711
2379 1722
2379 1599
2379 1587
2379 1574
2379 1471
2379 1339
2379 2871
2379 2720
2380 1695
2380 1395
2380 1073
2381 1810
2381 1530
2381 1307
2381 1124
2381 2067
2382 1900
2382 1801
2382 1520
2382 1343
2382 1293
2382 1295
2382 1165
2382 1144
2383 1919
2383 1213
2384 1905
2384 1793
2384 1772
2384 1467
2384 1158
2384 1219
2384 2789
2385 1818
2385 1795
2385 1691
2385 1432
2385 1352
2385 1357
2385 1305
2386 1347
2387 1711
2387 1750
2387 1581
2387 1394
2387 2913
2388 1960
2388 1354
2388 1173
2388 1188
2388 1137
2388 2042
2389 1804
2389 1604
2389 1631
2389 1618
2389 2949
2390 1941
2390 1714
2390 1639
2390 1643
2390 1514
2390 1358
2390 1328
2390 1324
2390 1077
2391 1918
2391 1880
2391 1727
2391 1529
2391 1494
2391 1150
2392 2002
2392 1906
2392 1653
2392 1690
2392 1423
2392 1298
2392 1124
2392 2518
2393 1980
2393 1825
2393 1774
2393 1680
2393 1473
2393 1503
2393 1385
2393 1291
2393 1138
2394 2000
2394 1918
2394 1565
2394 1460
2394 1480
2395 1979
2395 1687
2395 1626
2395 1446
2395 1201
2395 2524
2396 1287
2397 1751
2397 1563
2397 1565
2397 1488
2397 1394
2398 1955
2398 1935
2398 1778
2398 1309
2398 1236
2398 1100
2399 1806
2399 1630
2399 1470
2399 1381
2399 1225
2400 1975
2400 1252
2400 1226
2401 1855
2401 1746
2401 1431
2401 1362
2401 1369
2401 1231
2401 1141
2402 1884
2402 1487
2402 2312
2402 2128
2403 2034
2403 1883
2403 1815
2403 1447
2403 1269
2403 1292
2403 1242
2404 2007
2404 1591
2404 1442
2404 1502
2405 1607
2405 1370
2405 1268
2405 1074
2405 1134
2406 2970
2406 2647
2406 1524
2406 1078
2407 2009
2407 1993
2407 1942
2407 1785
2407 1609
2407 1445
2407 1173
2407 2417
2408 1822
2408 1594
2408 1465
2408 1366
2408 1407
2408 1167
2408 1144
2409 1984
2409 1874
2409 1942
2409 1908
2409 1803
2409 1660
2409 1622
2409 1578
2409 1426
2409 1416
2409 1371
2409 2952
2409 2915
2410 1756
2410 1573
2410 1415
2410 1125
2410 1130
2411 1918
2411 1882
2411 1830
2411 1647
2411 1294
2411 1262
2411 1075
2411 1146
2412 1933
2412 1814
2412 1561
2412 1467
2412 1389
2412 1343
2412 1386
2412 1167
2412 1071
2413 1705
2413 1665
2413 1445
2413 1413
2413 1200
2413 1159
2413 2853
2414 1929
2414 1471
2414 1392
2414 1216
2415 1910
2415 1870
2415 1452
2415 1244
2415 2789
2416 2024
2416 1908
2416 1841
2416 1851
2416 1745
2416 1705
2416 1300
2416 1264
2416 1174
2417 1852
2417 1557
2417 1487
2417 1463
2417 1178
2417 1086
2418 1752
2418 1675
2418 1542
2418 1175
2419 1955
2419 1623
2419 1356
2420 2004
2420 1942
2420 1521
2420 1371
2421 1909
2421 1706
2421 1767
2421 1442
2421 1504
2421 1255
2421 2106
2421 2401
2422 1639
2422 1552
2422 1568
2422 1573
2422 1481
2422 1367
2423 2012
2423 1776
2423 1736
2423 1515
2423 1516
2423 1290
2424 1805
2424 1797
2424 1615
2424 1631
2424 1171
2425 1824
2425 1732
2426 1769
2426 1279
2426 1182
2426 1208
2426 1070
2427 1770
2427 1653
2427 2067
2427 2877
2428 1911
2428 1712
2428 1279
2428 1086
2428 1119
2429 1634
2429 1518
2429 1521
2429 1341
2429 1132
2430 1827
2430 1396
2430 2197
2431 1931
2431 1755
2431 1661
2431 1641
2431 1687
2431 1603
2431 1479
2431 1314
2431 1269
2432 1847
2432 1675
2432 1370
2432 1255
2432 1080
2433 1606
2433 1614
2433 1521
2433 1553
2433 1518
2434 1360
2434 1338
2434 1410
2434 1077
2434 1084
2435 1689
2435 1595
2435 1406
2435 1245
2435 1214
2435 1101
2435 1129
2435 2042
2436 1796
2436 1514
2436 1320
2436 1277
2436 1322
2437 1502
2437 1369
2437 1311
2437 1321
2438 1791
2438 1729
2438 1765
2438 1418
2438 1171
2438 1106
2439 1865
2439 1707
2439 1375
2439 1196
2440 1996
2440 1797
2440 1765
2440 1565
2440 1537
2440 1294
2440 2438
2441 1937
2441 1635
2441 1235
2441 2457
2442 1995
2442 1927
2442 1880
2442 1662
2442 1587
2442 1590
2442 1448
2442 1496
2442 1393
2443 2031
2443 1971
2443 1944
2443 1771
2443 1298
2443 1176
2443 2134
2444 1970
2444 2032
2444 1910
2444 1700
2444 1691
2444 1293
2444 1206
2445 1873
2445 1783
2445 1267
2446 1827
2446 1441
2446 1345
2446 1263
2446 1135
2446 1086
2446 2816
2447 1723
2447 1427
2447 2599
2448 1767
2448 1486
2448 1340
2448 1252
2449 1985
2449 1963
2449 1830
2449 1688
2449 1318
2449 2397
2450 1825
2450 1634
2450 1385
2450 1354
2450 2351
2450 2290
2451 1832
2451 1869
2451 1854
2451 1331
2451 1148
2452 1868
2452 1824
2452 1611
2452 1305
2452 1308
2452 1167
2452 1147
2452 1098
2453 2020
2453 1840
2453 1863
2453 1676
2453 1248
2453 1160
2453 1140
2453 2549
2454 1987
2454 1689
2454 1634
2454 1406
2454 2079
2455 2015
2455 1839
2455 1348
2455 1350
2456 1718
2456 1341
2456 1336
2456 1217
2456 1138
2456 1119
2456 1089
2457 1969
2457 1715
2457 1509
2457 1247
2457 1297
2457 2648
2458 1092
2458 1132
2458 1138
2458 3028
2459 2032
2459 1778
2459 1205
2459 2549
2460 1996
2460 1711
2460 1601
2460 1424
2460 1417
2460 1397
2461 1511
2461 1290
2461 1189
2461 1114
2461 2745
2462 2037
2462 1725
2462 1358
2462 1252
2462 1080
2463 1943
2463 1957
2463 1664
2463 1467
2463 1105
2464 1936
2464 1832
2464 1808
2464 1823
2464 1638
2464 1506
2464 1347
2464 2765
2465 1646
2465 1686
2465 1185
2466 1986
2466 1500
2467 1756
2467 1311
2467 1253
2467 1168
2467 1130
2468 2030
2468 1728
2468 1705
2468 1458
2468 1426
2468 1266
2468 1182
2468 2891
2469 1838
2469 1613
2469 1504
2470 1703
2471 1786
2471 1524
2471 1585
2471 1421
2471 1152
2471 2477
2471 2731
2472 1680
2472 1345
2472 1163
2472 2572
2473 1899
2473 1835
2473 1633
2473 1202
2473 2457
2473 2319
2474 1943
2474 1778
2474 1772
2474 1541
2474 1579
2474 1560
2474 1485
2474 1220
2474 1206
2475 1669
2475 1671
2475 1496
2475 1446
2475 1418
2475 1399
2475 1171
2475 1069
2475 2394
2476 1792
2476 1834
2476 1739
2476 1564
2476 1450
2476 1303
2476 1204
2477 1982
2477 1470
2477 1351
2477 1278
2477 1286
2477 1136
2478 1873
2478 1936
2478 1807
2478 1736
2478 1516
2479 1878
2479 1266
2479 1174
2480 1625
2480 1678
2480 1336
2480 1396
2480 1281
2480 1129
2481 1794
2481 1347
2481 2993
2482 1198
2483 1784
2483 1765
2483 1688
2483 1434
2483 1397
2483 2470
2484 2328
2484 1775
2484 1656
2484 1423
2484 1273
2484 2293
2485 2310
2485 1948
2485 1920
2485 1710
2485 1605
2486 2015
2486 1844
2486 1694
2486 1364
2487 2012
2487 1811
2487 1844
2487 1776
2487 1710
2487 1605
2487 1624
2487 1584
2487 1444
2487 1286
2487 1078
2488 1996
2488 1882
2488 1813
2488 1787
2488 1843
2488 1764
2488 1649
2488 1496
2488 1337
2488 1394
2488 1164
2489 1974
2489 1942
2489 1940
2489 1947
2489 1846
2489 1759
2489 1379
2489 1217
2489 2891
2490 1730
2490 1735
2490 1778
2490 1523
2490 1466
2490 1272
2490 1149
2490 1071
2491 1882
2491 1704
2491 1713
2491 1659
2491 1548
2491 1580
2491 1394
2491 1185
2492 1805
2492 1727
2492 1610
2492 2491
2492 2262
2493 2035
2493 1792
2493 1758
2493 1196
2493 1225
2493 2298
2494 1996
2494 1599
2494 1292
2494 2839
2494 2254
2495 1695
2495 1475
2495 1244
2495 2249
2496 1855
2496 1726
2496 1552
2496 1502
2496 1311
2496 1175
2496 1130
2496 2157
2497 1970
2497 1905
2497 1836
2497 1818
2497 1735
2497 1308
2497 1234
2497 1158
2497 1167
2497 1209
2497 1220
2498 1935
2498 1891
2498 1695
2498 1682
2498 1672
2498 1520
2498 1522
2498 1257
2498 1326
2498 1272
2498 1161
2498 1227
2498 1110
2499 1793
2499 1621
2499 1389
2500 1910
2500 1699
2500 1701
2500 1730
2500 1349
2500 1295
2500 1249
2500 1179
2500 1237
2501 1905
2501 1795
2501 1244
2501 1237
2502 2016
2502 1912
2502 1334
2502 1194
2502 1134
2503 1694
2503 1617
2503 1564
2503 1443
2503 1348
2503 1332
2503 1233
2503 2130
2504 1743
2504 1691
2504 1621
2504 1349
2504 1272
2504 1249
2504 1184
2504 1227
2504 1151
2504 1105
2505 1976
2505 1303
2505 1181
2505 2367
2506 2399
2506 1921
2506 1771
2506 1692
2506 1398
2506 1348
2506 1286
2507 1609
2507 1595
2507 1440
2507 1254
2507 1212
2507 1112
2508 1883
2508 1829
2508 1737
2508 1604
2508 1569
2508 1601
2508 1425
2508 1417
2508 1316
2508 1201
2509 1777
2509 1579
2509 1528
2509 1427
2509 1349
2509 1356
2509 1310
2509 1219
2509 1151
2510 1946
2510 1748
2510 1551
2510 1280
2510 1145
2510 1142
2511 1872
2511 1130
2511 2121
2511 2107
2512 1932
2512 1683
2512 1323
2512 2109
2513 1998
2513 1578
2513 1521
2513 1539
2513 1300
2513 2060
2514 1772
2514 1383
2514 1349
2514 1161
2515 1821
2515 1467
2515 1241
2515 2551
2516 1909
2516 1746
2516 1358
2516 1387
2516 1328
2516 2778
2517 2035
2517 1936
2517 1439
2517 1329
2518 1839
2518 1589
2518 1191
2518 2689
2519 1697
2519 1171
2519 1197
2520 1149
2521 1313
2521 2201
2521 2328
2522 2022
2522 1876
2522 1800
2522 1740
2522 1649
2522 1546
2522 1529
2522 1201
2522 1127
2523 1951
2523 1667
2523 1536
2523 1557
2523 1372
2523 1413
2523 1385
2523 1132
2524 1784
2524 1686
2524 1559
2524 1583
2524 1373
2524 1166
2524 1229
2525 1667
2525 1518
2525 1575
2525 1354
2525 2853
2526 1983
2526 1766
2526 1474
2526 1494
2526 1391
2526 1284
2526 2913
2527 2020
2527 1757
2527 1427
2527 1335
2528 2802
2528 1630
2528 1663
2528 1551
2528 1589
2528 1584
2528 1491
2528 1443
2529 2002
2529 1783
2529 1692
2529 1602
2529 1285
2529 1329
2530 1412
2530 1282
2530 1099
2530 1080
2531 1495
2531 1786
2531 1834
2532 1943
2532 1071
2532 2167
2533 1842
2533 1755
2533 1581
2533 1171
2533 1113
2534 2037
2534 1848
2534 1639
2534 1540
2534 1462
2534 1282
2534 1194
2534 1074
2534 2944
2535 1947
2535 1908
2535 1654
2535 1554
2535 1473
2535 1266
2535 1254
2535 1289
2535 1112
2535 2539
2535 3021
2536 1420
2536 1136
2536 1114
2536 1096
2537 1806
2537 1692
2537 1510
2537 1454
2537 1313
2537 1228
2538 2024
2538 2018
2538 1884
2538 1809
2538 1851
2538 1724
2538 1609
2538 1678
2538 1214
2538 1188
2538 1119
2538 2906
2539 1598
2539 1372
2539 1396
2539 1240
2539 1092
2540 1339
2540 1319
2541 1575
2541 1461
2541 1101
2541 2991
2542 1966
2542 1620
2542 1445
2542 1245
2542 1112
2543 2006
2543 1858
2543 1689
2543 1461
2543 1453
2543 1376
2543 1368
2543 1238
2543 1188
2543 1095
2544 1898
2544 1941
2544 1896
2544 1838
2544 1650
2544 1633
2544 1428
2544 1401
2544 1422
2544 1320
2544 1253
2544 1230
2545 2381
2545 1893
2545 1844
2545 1721
2545 1551
2546 1932
2546 1693
2546 1615
2546 1359
2546 1262
2546 1323
2546 2700
2547 1604
2547 1146
2548 1857
2548 1793
2548 1868
2548 1812
2548 1699
2548 1723
2548 1637
2548 1465
2548 1365
2548 1151
2549 1435
2549 1361
2549 1234
2549 1165
2550 2036
2550 2015
2550 1758
2550 1666
2550 1617
2550 1454
2550 1377
2551 1989
2551 1645
2551 1210
2551 1220
2551 1244
2551 2297
2552 1995
2552 1964
2552 1480
2552 1317
2553 1947
2553 1677
2553 1238
2553 1121
2553 1095
2554 1485
2554 1312
2555 1970
2555 1672
2555 1664
2555 1498
2555 1356
2555 1071
2556 1820
2556 1693
2556 1681
2556 1474
2556 1076
2557 1585
2557 1436
2557 1348
2557 1278
2557 1218
2557 1207
2557 1152
2557 1139
2558 1790
2558 1623
2558 1308
2558 1184
2558 1098
2559 1996
2559 1973
2559 1762
2559 1713
2559 1615
2559 1626
2559 1319
2559 2784
2559 2616
2560 1715
2560 1726
2560 1422
2560 1367
2560 1358
2560 1252
2560 1080
2560 2638
2561 1820
2561 1711
2561 1731
2561 1500
2561 1484
2561 1109
2562 1765
2562 1397
2562 1314
2562 1183
2562 2391
2562 2151
2563 1764
2563 1647
2563 1414
2563 1318
2564 1779
2564 1534
2564 1427
2564 1366
2564 1244
2564 2736
2565 1915
2565 1112
2566 1876
2566 1828
2566 1644
2566 1537
2566 1569
2566 1318
2566 2397
2567 2028
2567 1677
2567 1557
2567 1182
2568 1974
2568 1922
2568 1859
2568 1654
2568 1606
2568 1598
2568 1083
2568 2336
2569 1991
2569 1802
2569 1702
2569 1616
2569 1499
2569 1311
2569 1131
2570 1881
2570 1796
2570 1717
2570 1412
2570 1401
2570 1235
2570 1162
2570 1128
2570 1084
2571 1890
2571 1768
2571 1069
2572 1570
2572 1441
2572 1371
2572 1121
2573 1286
2573 2335
2573 2328
2574 1990
2574 1817
2574 1438
2574 1401
2574 1403
2574 1333
2574 1320
2574 1131
2574 2887
2575 1999
2575 1591
2576 2020
2576 1251
2576 1147
2576 1133
2577 1637
2577 1676
2577 1527
2577 1361
2577 1257
2577 1151
2578 1136
2578 1380
2578 1511
2578 1513
2578 1656
2578 1605
2579 1939
2579 1950
2579 1798
2579 1642
2579 1456
2579 1508
2579 1079
2579 2093
2580 1931
2580 1671
2580 1580
2580 1494
2580 1500
2580 1197
2580 1113
2580 2070
2581 2506
2581 2010
2581 1806
2581 1696
2581 1739
2581 1657
2581 1549
2581 1436
2582 2921
2582 1775
2582 1472
2583 1818
2583 1567
2583 1151
2583 2187
2584 1409
2584 1305
2584 1222
2584 1199
2584 1205
2584 1068
2585 1806
2585 1786
2585 1856
2585 1707
2585 1652
2585 1436
2585 1351
2585 1267
2585 1213
2585 2477
2586 1965
2586 1949
2586 1406
2586 1355
2586 2542
2586 2159
2587 1979
2587 1563
2587 1566
2587 1490
2587 1414
2587 1183
2587 1069
2588 1781
2588 1642
2588 1544
2588 1128
2589 1789
2589 1867
2589 1612
2589 1503
2589 1396
2589 1411
2589 1083
2589 1138
2589 2880
2590 1400
2590 1418
2590 1164
2591 1982
2591 1808
2591 1710
2591 1535
2591 1436
2591 1421
2591 1307
2591 1278
2591 1274
2591 1114
2591 2603
2592 2027
2592 1981
2592 1731
2592 1543
2592 1185
2592 2156
2593 2011
2593 1968
2593 1962
2593 1941
2593 1914
2593 1600
2593 1297
2593 1235
2593 1084
2594 1930
2594 1592
2594 1367
2594 1401
2594 1422
2594 2648
2595 1917
2595 1947
2595 1949
2595 1803
2595 1578
2595 1441
2595 1374
2596 1972
2596 2006
2596 1915
2596 1557
2596 1555
2596 1578
2596 1240
2597 1767
2597 1753
2597 1438
2597 1442
2597 1261
2597 1107
2597 2644
2598 1971
2598 1810
2598 1439
2598 1351
2598 1381
2598 1364
2598 1207
2599 1868
2599 1435
2599 1467
2599 1147
2599 1098
2599 2868
2600 1887
2600 1811
2600 1694
2600 1668
2600 1510
2600 1470
2600 1285
2600 1148
2601 1787
2601 1815
2601 1559
2602 1613
2602 1340
2602 1253
2602 1282
2602 1239
2603 1971
2603 1807
2603 1707
2603 1273
2603 1176
2603 2066
2604 1696
2604 1347
2604 2329
2605 1991
2605 1726
2605 1231
2606 2023
2606 1894
2606 1754
2606 1639
2606 1455
2606 1125
2606 2620
2607 1691
2607 1567
2607 1498
2608 1998
2608 1902
2608 1951
2608 1482
2608 1117
2609 2001
2609 1793
2609 1528
2609 1161
2609 1082
2609 2950
2610 1974
2610 1554
2610 1578
2610 1596
2610 1404
2610 1095
2611 1758
2611 1491
2611 1364
2611 1152
2612 1813
2612 1126
2612 2645
2612 2374
2613 1603
2613 1681
2613 1587
2613 1483
2613 1494
2613 1301
2614 1909
2614 1796
2614 1714
2614 1642
2614 1592
2614 1577
2614 1334
2614 1085
2615 1965
2615 1875
2615 1940
2615 1518
2615 1440
2615 1363
2615 1117
2615 2426
2616 1985
2616 1929
2616 1791
2616 1800
2616 1644
2616 1632
2616 1572
2616 1599
2616 1480
2616 1397
2616 1186
2617 1905
2617 1523
2617 1560
2617 1293
2617 1198
2617 1151
2618 1448
2618 1391
2618 1146
2618 3022
2619 2008
2619 1860
2619 1790
2619 1227
2619 1071
2620 1894
2620 1838
2620 1780
2620 1847
2620 1674
2620 1655
2620 1401
2620 1408
2620 1128
2621 1984
2621 1698
2621 1598
2621 1177
2621 1212
2622 1872
2622 1838
2622 1492
2622 1387
2623 1986
2623 1845
2623 1784
2623 1648
2623 1647
2623 1574
2623 2442
2623 2155
2624 2026
2624 1985
2624 1845
2624 1671
2624 1686
2624 1529
2624 1171
2625 1712
2625 1503
2625 1416
2626 1956
2626 1839
2626 1806
2626 1067
2627 1919
2627 1879
2627 1871
2627 1792
2627 1602
2627 1627
2627 1497
2628 1943
2628 1777
2628 1485
2628 1304
2628 1205
2628 1073
2629 1953
2629 1481
2629 1433
2629 2401
2630 1990
2630 1886
2630 1888
2630 1753
2630 1763
2630 1412
2630 1334
2630 1327
2630 2319
2631 1855
2631 1577
2631 1514
2631 1544
2631 1334
2631 1235
2631 2437
2631 2121
2632 2035
2632 1776
2632 1690
2632 1331
2632 1181
2632 1189
2633 2008
2633 1672
2633 1507
2633 1272
2633 1199
2633 2209
2634 2005
2634 1957
2634 1475
2634 1452
2635 1964
2635 1882
2635 1842
2635 1787
2635 1755
2635 1687
2635 1314
2635 1185
2636 1947
2636 1961
2636 1825
2636 1819
2636 1761
2636 1531
2636 1596
2637 2020
2637 1943
2637 1935
2637 1952
2637 1475
2637 1118
2637 1068
2638 1990
2638 1950
2638 1415
2638 1170
2638 1099
2638 2652
2639 1971
2639 2003
2639 1758
2639 1627
2639 1657
2639 1273
2640 1881
2640 1714
2640 1402
2640 1258
2641 1979
2641 1804
2641 1619
2641 1400
2641 1292
2642 2009
2642 1851
2642 1521
2642 1363
2642 1330
2642 1200
2642 1083
2643 1692
2643 1538
2643 1375
2643 1351
2644 1898
2644 1756
2644 1763
2644 1685
2644 1628
2644 1592
2644 1568
2644 1442
2644 1486
2645 1659
2645 1546
2645 1392
2645 1405
2645 1109
2646 2832
2646 1124
2646 1224
2646 1377
2646 1721
2646 1739
2646 1794
2646 1997
2647 1893
2647 1792
2647 1444
2647 1172
2648 1509
2648 1545
2648 1481
2648 1195
2649 1719
2649 1282
2649 1202
2649 1128
2649 1099
2649 2350
2650 1996
2650 2017
2650 1529
2650 1477
2650 1434
2650 1342
2650 1288
2650 1103
2650 2156
2651 2024
2651 1993
2651 1330
2652 1802
2652 1256
2652 1333
2652 1202
2652 1079
2653 1997
2653 1944
2653 1799
2653 1233
2654 1796
2654 1576
2654 1600
2654 1442
2654 2638
2655 2036
2655 1530
2655 1189
2656 1799
2656 1775
2656 1652
2656 1104
2656 1124
2656 2330
2657 1800
2657 1830
2657 1741
2657 1546
2657 1599
2657 1418
2657 1359
2657 1103
2658 1851
2658 1761
2658 1575
2658 2829
2659 1924
2659 1791
2659 1619
2659 1649
2659 1671
2659 1646
2659 1569
2659 1270
2659 1250
2659 1317
2659 2508
2660 1955
2660 1541
2660 1315
2660 1265
2660 1234
2661 2486
2661 1871
2661 1816
2661 1807
2661 1666
2661 1597
2661 1506
2661 1423
2661 1353
2661 1181
2662 1918
2662 1787
2662 1339
2663 1239
2663 2695
2664 1477
2664 1446
2664 1447
2664 1197
2665 1966
2665 1760
2665 1553
2666 2011
2666 1577
2666 1333
2667 2032
2667 1757
2667 1520
2667 1206
2667 1098
2667 1151
2667 2797
2668 1814
2668 1732
2668 1695
2668 1352
2668 1156
2668 1155
2669 1735
2669 1682
2669 1469
2669 1352
2669 1295
2669 1325
2669 1158
2669 1203
2669 1187
2669 1144
2670 1987
2670 1951
2670 1913
2670 1940
2670 1841
2670 1705
2670 1742
2670 1385
2670 1240
2670 1101
2671 1877
2671 1701
2671 1382
2671 1407
2671 1167
2672 1978
2672 1831
2672 1693
2672 1683
2672 1302
2673 1611
2673 1534
2673 1468
2673 1249
2673 1206
2673 2499
2673 2398
2674 1961
2674 1926
2674 1625
2674 1137
2675 2006
2675 1959
2675 1606
2675 1620
2675 1245
2675 1173
2676 2521
2676 2876
2676 2010
2676 1786
2676 1207
2676 2293
2677 1889
2677 1945
2677 1716
2677 1651
2677 1437
2677 1392
2677 1339
2677 1250
2677 2562
2678 1889
2678 1918
2678 1861
2678 1843
2678 1751
2678 1651
2678 1649
2679 1885
2679 1498
2679 1210
2679 1151
2679 1105
2679 2548
2680 2037
2680 1438
2680 1457
2681 2014
2682 1844
2682 1670
2682 1377
2683 2020
2683 1970
2683 1857
2683 1735
2683 1730
2683 1699
2683 1611
2683 1520
2683 1485
2683 1466
2683 1356
2683 1260
2683 1315
2683 1158
2683 1241
2684 1749
2684 1340
2684 1255
2685 1934
2685 1712
2685 1620
2685 1677
2685 1586
2686 1643
2686 1684
2686 1429
2686 1504
2686 1403
2686 1362
2687 1968
2687 1941
2687 1773
2687 1591
2687 1545
2687 2068
2688 1381
2688 1274
2688 1280
2689 1971
2689 1916
2689 1558
2689 1516
2689 1375
2689 1420
2690 1729
2690 1651
2690 1572
2691 1445
2691 1404
2691 1143
2692 2005
2692 1100
2692 2375
2693 2019
2693 2009
2693 1911
2693 1960
2693 1809
2693 1354
2693 1336
2693 1174
2693 2217
2694 1970
2694 1814
2694 1541
2694 1465
2695 2016
2695 1953
2695 1675
2695 1504
2695 1431
2696 1880
2696 1543
2696 1477
2696 1270
2696 1088
2696 2262
2697 1920
2697 1478
2697 1290
2697 2140
2698 1777
2698 1743
2698 1611
2698 1579
2698 1560
2698 1475
2698 1386
2698 1160
2698 1082
2698 2412
2699 1953
2699 1717
2699 1746
2699 1650
2699 1431
2699 1322
2700 1546
2700 1488
2701 1934
2701 1575
2701 1503
2701 1501
2701 2705
2702 1963
2702 1883
2702 1924
2702 1737
2702 1641
2702 1626
2702 1447
2702 1500
2702 1171
2703 1941
2703 1643
2703 1514
2703 1451
2703 1327
2703 1320
2703 1130
2704 1757
2704 1567
2704 1593
2704 1386
2705 1966
2705 1852
2705 1759
2705 1612
2705 1578
2705 1440
2705 1473
2706 2025
2706 1531
2706 1536
2706 1458
2706 2413
2707 1977
2707 1805
2707 1741
2707 1399
2707 1302
2707 1250
2708 1820
2708 1850
2708 1447
2708 1490
2708 1316
2708 1146
2709 1635
2709 1268
2709 1231
2710 1702
2710 1573
2710 1542
2710 1297
2711 1708
2711 1675
2711 1442
2711 1462
2711 1499
2711 1080
2712 2010
2712 1707
2712 1558
2712 1189
2712 1136
2713 1972
2713 1825
2713 1625
2713 1536
2713 1449
2713 1372
2713 1137
2713 1153
2714 1846
2714 1413
2714 1070
2714 2615
2715 1823
2715 1602
2715 1670
2715 1511
2715 1332
2715 1139
2715 1067
2716 1692
2716 1602
2716 1663
2716 1513
2716 1444
2716 1505
2716 1298
2716 1331
2717 1779
2717 1701
2717 1512
2717 1465
2717 1476
2717 1249
2717 1305
2717 1272
2717 2957
2718 1842
2718 1649
2718 1269
2719 1980
2719 1620
2719 1214
2719 1135
2720 1861
2720 1686
2720 1446
2720 1393
2720 1287
2720 1269
2720 1072
2720 1109
2720 1106
2721 1712
2721 1720
2721 1665
2721 1526
2721 1355
2721 1174
2722 1845
2722 1713
2722 1704
2722 1490
2722 1317
2722 2702
2722 2449
2723 2011
2723 2016
2723 1749
2723 1327
2724 2018
2724 2004
2724 1934
2724 1809
2724 1859
2724 1825
2724 1531
2724 1473
2724 1363
2724 1263
2724 1245
2724 1143
2725 2021
2725 1948
2725 1786
2725 1770
2725 1380
2725 1213
2725 1148
2726 1951
2726 1654
2726 1595
2726 1586
2726 1404
2726 1254
2727 1935
2727 1933
2727 1621
2727 1326
2727 1190
2727 1155
2727 2669
2728 2020
2728 1970
2728 1772
2728 1561
2728 1525
2728 1382
2728 1249
2728 1222
2729 1900
2729 1870
2729 1836
2729 1772
2729 1357
2729 1160
2729 1206
2729 2868
2729 2444
2730 2263
2730 1887
2730 1807
2730 1551
2730 1364
2730 1204
2730 1142
2730 2445
2731 1971
2731 1920
2731 1919
2731 1887
2731 1721
2731 1582
2731 1472
2731 2335
2731 2484
2732 1974
2732 1760
2732 1608
2732 1406
2732 1336
2732 1174
2732 2757
2733 1999
2733 1633
2733 1588
2733 1481
2733 1243
2733 2684
2734 1812
2734 1782
2734 1520
2734 1512
2734 1386
2734 1102
2734 1082
2735 1986
2735 1837
2735 1648
2735 1618
2735 1270
2735 1216
2735 2766
2736 1923
2736 1779
2736 1427
2736 1361
2736 1293
2736 1190
2736 1241
2736 2801
2737 2015
2737 1904
2737 1823
2737 1267
2738 1876
2738 1788
2738 1619
2738 1157
2738 1113
2738 2811
2739 1936
2739 1808
2739 1770
2739 1738
2739 1748
2739 1585
2739 1584
2739 1443
2739 1377
2740 1466
2740 1384
2740 1234
2740 1241
2741 1992
2741 1646
2741 1109
2741 2702
2742 1618
2743 1438
2743 1403
2743 1141
2744 1979
2744 1829
2744 1425
2744 1483
2744 1342
2744 2616
2745 1904
2745 1948
2745 1707
2745 1280
2745 1233
2746 2037
2746 1962
2746 1872
2746 1643
2746 1451
2746 1259
2746 1168
2747 2016
2747 1930
2747 1767
2747 1756
2747 1725
2747 1628
2747 1616
2747 1499
2747 1415
2747 1247
2747 1231
2748 1901
2748 1638
2748 1464
2748 1347
2748 1218
2748 1148
2749 1907
2749 1792
2749 1849
2749 1657
2749 1589
2749 1380
2749 1313
2749 2537
2750 1752
2750 1684
2751 1981
2751 1791
2751 1829
2751 1787
2751 1494
2751 2947
2752 1927
2752 1788
2752 1830
2752 1425
2752 1120
2753 1960
2753 1926
2753 1680
2754 1700
2754 1629
2754 1676
2754 1507
2754 1251
2754 1147
2754 1155
2754 2815
2755 1966
2755 1940
2755 1263
2756 1639
2756 1457
2756 1499
2756 1296
2756 1131
2756 1091
2757 1980
2757 1846
2757 1555
2757 1482
2757 1341
2757 1101
2758 1261
2758 1328
2758 1297
2759 2026
2759 1727
2759 1713
2759 1477
2759 1201
2759 1221
2759 1075
2760 2361
2760 1853
2760 1274
2761 1728
2761 1606
2761 1660
2761 1132
2762 1617
2762 1652
2762 2383
2763 1617
2763 1516
2763 1303
2764 1997
2764 1652
2764 1547
2764 1597
2764 1585
2764 1136
2764 2537
2765 2031
2765 1710
2765 1104
2766 1687
2767 1888
2767 1896
2767 1898
2767 1642
2767 1675
2767 1576
2767 1492
2767 1340
2767 1252
2768 1991
2768 1930
2768 1802
2768 1235
2769 1804
2769 1850
2769 1339
2769 1397
2769 1317
2769 1106
2769 2391
2769 2315
2770 1568
2770 1277
2770 1195
2770 1134
2771 1661
2771 1447
2771 1418
2771 1319
2771 1215
2771 1122
2772 1841
2772 1720
2772 1625
2772 1556
2772 1562
2772 1487
2772 1214
2773 2030
2773 1867
2773 1728
2773 1182
2773 1200
2773 1097
2773 2086
2774 2011
2774 1848
2774 1338
2774 1077
2774 2292
2775 1890
2775 1659
2775 1631
2775 1671
2775 1394
2775 1359
2775 1294
2776 2018
2776 2024
2776 1959
2776 1654
2776 1404
2776 1090
2776 2507
2776 2706
2777 1997
2777 1871
2777 1775
2777 1652
2777 1491
2777 1420
2777 1233
2778 1872
2778 1753
2778 1333
2778 1243
2778 2574
2779 1624
2779 1218
2779 1224
2779 1114
2779 2582
2780 1674
2780 1268
2781 1657
2781 1558
2781 2356
2782 1719
2782 1635
2782 1077
2783 1914
2783 1847
2783 1715
2783 1370
2783 1322
2783 1258
2783 1193
2783 1094
2783 1131
2784 1788
2784 1861
2784 1703
2784 1581
2784 1566
2785 1969
2785 1410
2785 1369
2785 1099
2785 2684
2786 1842
2786 1644
2786 1434
2786 1399
2787 1757
2787 1611
2787 1541
2787 1105
2788 2028
2788 1859
2788 1501
2788 1426
2788 1354
2788 1345
2788 1289
2788 1217
2788 1232
2788 1070
2789 1523
2789 1533
2790 1967
2790 2030
2790 2024
2790 1951
2790 1940
2790 1959
2790 1660
2790 1634
2790 1609
2790 2416
2790 2079
2791 2005
2791 1782
2791 1523
2791 1149
2792 1994
2792 1078
2793 1923
2793 1933
2793 1814
2794 1897
2794 1521
2794 1503
2794 1345
2794 1263
2794 1138
2795 2005
2795 1234
2795 1071
2796 1953
2796 1577
2796 2614
2797 2001
2797 1541
2797 1389
2797 1308
2797 1315
2797 1310
2797 1237
2797 2754
2798 2007
2798 1899
2798 1838
2798 1628
2798 1402
2799 1978
2799 1766
2799 1619
2799 1392
2799 1294
2799 1284
2799 1262
2799 2590
2800 1985
2800 1229
2800 1103
2800 2524
2800 2914
2801 1905
2801 1295
2801 1203
2801 2384
2802 1605
2802 1454
2802 1497
2802 1491
2802 1104
2803 2343
2803 2035
2803 1893
2803 1921
2803 1564
2803 1286
2803 1176
2803 1078
2804 2010
2804 2015
2804 1517
2804 1470
2805 2034
2805 1843
2805 1813
2805 1618
2805 1434
2805 1301
2805 1216
2805 2105
2806 1724
2806 1526
2806 1539
2806 1177
2807 2001
2807 1812
2807 1801
2807 1699
2807 1778
2807 1527
2807 1149
2807 2564
2807 2734
2808 1865
2808 1584
2808 1495
2809 1696
2809 1668
2809 1290
2809 1224
2809 1139
2809 2176
2810 1810
2810 1834
2810 1748
2810 1517
2810 1549
2810 1348
2810 1313
2810 1228
2810 2140
2810 2550
2811 2033
2811 1833
2811 1722
2811 1661
2811 1587
2811 1590
2811 1072
2811 2202
2812 1952
2812 1955
2812 1732
2812 1637
2812 1295
2813 2028
2813 1972
2813 1440
2813 1163
2814 1827
2814 1411
2814 1254
2814 3016
2814 2790
2814 2341
2815 1779
2815 1840
2815 1691
2815 1475
2815 1312
2815 1315
2815 1155
2816 1949
2816 1789
2816 1341
2816 1368
2816 1371
2816 1266
2817 1971
2817 1873
2817 1853
2817 1267
2818 1958
2818 1852
2818 1539
2819 1512
2819 1158
2819 1105
2819 2599
2819 2297
2820 1917
2820 1825
2820 1608
2820 1622
2820 1677
2820 1173
2820 1138
2820 1119
2820 3028
2821 2037
2821 1999
2821 1835
2821 1715
2821 1455
2821 1499
2822 1716
2822 1669
2822 1447
2823 1900
2823 1723
2823 1407
2823 1293
2823 1184
2823 2852
2824 1826
2824 1568
2824 1591
2824 1429
2824 1412
2824 1094
2825 1936
2825 1869
2825 1844
2825 1196
2825 1136
2826 1877
2826 1868
2826 1541
2826 1179
2827 1992
2827 1548
2827 1480
2827 1284
2827 1087
2828 2034
2828 1978
2828 1572
2828 1437
2828 1391
2828 1157
2828 2347
2829 2019
2829 1809
2829 1858
2829 1658
2829 1419
2829 1354
2829 1232
2830 1731
2830 1649
2830 1581
2830 1215
2831 1976
2831 1839
2831 1497
2831 1181
2831 1148
2832 2003
2832 1873
2833 1925
2833 1782
2833 1664
2833 1532
2833 1468
2833 1184
2834 2912
2834 1904
2834 1887
2834 1856
2834 1710
2834 1535
2834 1454
2835 1722
2835 1644
2835 1669
2835 1500
2835 1339
2835 1342
2835 1127
2835 2800
2835 2214
2836 2604
2836 2015
2836 1916
2836 1921
2836 1104
2837 1882
2837 1740
2837 1122
2838 1884
2838 1712
2838 1453
2838 1376
2838 1177
2839 1787
2839 1583
2839 1434
2839 2424
2840 2005
2840 1821
2840 1868
2840 1860
2840 1757
2840 1664
2840 1465
2840 1452
2840 1305
2840 1165
2840 2268
2841 2033
2841 1565
2841 1169
2842 1805
2842 1850
2842 1768
2842 1543
2842 1566
2842 1229
2843 2026
2843 1262
2843 2403
2844 1588
2844 1486
2844 1321
2844 1328
2844 1333
2844 2782
2844 2219
2845 1879
2845 1916
2845 1849
2845 1558
2845 1439
2845 1491
2846 1835
2846 1855
2846 1635
2846 1550
2847 1699
2847 1757
2847 1532
2847 1489
2847 1082
2848 1787
2848 1843
2848 1791
2848 1673
2848 1559
2848 1574
2848 1479
2848 1496
2848 1474
2848 1270
2848 1116
2848 2722
2849 1710
2850 1683
2850 2800
2851 1927
2851 1791
2851 1787
2851 1337
2852 1824
2852 1534
2852 1343
2852 1184
2852 1227
2852 2260
2853 1178
2854 1988
2854 1842
2854 1391
2854 2559
2854 2103
2854 2470
2855 1959
2855 1949
2855 1698
2855 1089
2856 1679
2856 1570
2856 1595
2856 1345
2856 1264
2856 1129
2857 1732
2857 1730
2857 1594
2857 1427
2857 1295
2857 2444
2857 2495
2858 1732
2858 1561
2858 1388
2858 1366
2858 1236
2858 2284
2858 2146
2859 1747
2859 1624
2859 1516
2859 1597
2859 1450
2859 1390
2859 1204
2860 1932
2860 1740
2860 1284
2861 1992
2861 1986
2861 1751
2861 1641
2861 1391
2861 1075
2862 1992
2862 1918
2862 1762
2862 1722
2862 1741
2862 1615
2862 1626
2862 1537
2862 1543
2862 1393
2862 1317
2862 1314
2863 1884
2863 1112
2863 1132
2863 2856
2864 1253
2864 1243
2864 1170
2864 1168
2864 1130
2865 1778
2865 1664
2865 1629
2865 1498
2865 1386
2865 1407
2865 1305
2865 1190
2866 1970
2866 2005
2866 1723
2866 1309
2866 1295
2866 1241
2866 1206
2867 1784
2867 1766
2867 1563
2867 1288
2867 1093
2867 2590
2869 1857
2869 1700
2869 1637
2869 1071
2869 1155
2870 1792
2870 1285
2870 1204
2871 1973
2871 1800
2871 1722
2871 1393
2871 1183
2871 1113
2871 1072
2871 2903
2871 2374
2872 2006
2872 1852
2872 1858
2872 1678
2872 1212
2872 1143
2872 1153
2873 1708
2873 1519
2873 1457
2873 1321
2873 1077
2874 2020
2874 1877
2874 1723
2874 1427
2874 1498
2874 1210
2874 1203
2874 1222
2875 1831
2875 1651
2875 1076
2876 2003
2876 1816
2876 1505
2876 1390
2876 1313
2876 1233
2876 1096
2877 1748
2877 1656
2877 1439
2878 2002
2878 1893
2878 1602
2878 1547
2878 1589
2878 1450
2878 1204
2878 1067
2878 2253
2878 2578
2879 1996
2879 1610
2879 1651
2879 1302
2879 1164
2880 1942
2880 1851
2880 1698
2880 1724
2880 1453
2880 1419
2880 1137
2880 1143
2881 1862
2881 1493
2881 1335
2881 1187
2882 1818
2882 1863
2882 1812
2882 1743
2882 1682
2882 1465
2882 1205
2882 1203
2882 1108
2882 2852
2883 1974
2883 1998
2883 1993
2883 1555
2883 1097
2883 2312
2884 2032
2884 1892
2884 1957
2884 1735
2884 1308
2884 1179
2884 2495
2885 1651
2885 1424
2885 1359
2885 1164
2885 1180
2885 1093
2886 1708
2886 1573
2886 1320
2886 2606
2887 1848
2887 1717
2887 1576
2888 1886
2888 1847
2888 1504
2888 1415
2888 1255
2889 1953
2889 1616
2889 1455
2889 1401
2889 1252
2890 1637
2890 1567
2890 1184
2890 1073
2891 1960
2891 1846
2891 1774
2891 1163
2892 1925
2892 1352
2892 1386
2892 1265
2892 1236
2892 1105
2893 1872
2893 1734
2893 1650
2893 1259
2893 2687
2894 1913
2894 1728
2894 1596
2894 1501
2894 1117
2895 1812
2895 1701
2895 1777
2895 1469
2895 1260
2895 1179
2895 1220
2895 1100
2896 1968
2896 2007
2896 1360
2896 2614
2896 2579
2897 1961
2897 1372
2897 1266
2897 1138
2897 1154
2898 1367
2898 1256
2898 1253
2898 1162
2898 2951
2899 1994
2899 1856
2899 1792
2899 1707
2899 1770
2900 1941
2900 1838
2900 1519
2900 1509
2900 1268
2900 1115
2901 2024
2901 1827
2901 1712
2901 2341
2902 1443
2902 1944
2902 1901
2902 1904
2903 1731
2903 1632
2903 1447
2904 2335
2904 1799
2904 1747
2904 1511
2905 1760
2905 1625
2905 1539
2905 1372
2906 1895
2906 1531
2906 1473
2906 1355
2906 1135
2906 1121
2906 2572
2907 2386
2907 2921
2907 1398
2907 1506
2907 1776
2907 1775
2908 1805
2908 1648
2908 1559
2908 1480
2908 1337
2908 1183
2909 1985
2909 1927
2909 1837
2909 1563
2909 1437
2909 1391
2909 1242
2909 1120
2909 1075
2910 1902
2910 1445
2910 1416
2910 2539
2911 2031
2911 1786
2911 1605
2911 1497
2911 1207
2912 2242
2912 1421
2912 1497
2912 1657
2912 1879
2912 2304
2913 2022
2913 1963
2913 1883
2913 1619
2913 1323
2913 1185
2913 1116
2913 1103
2914 1543
2914 1417
2915 2025
2915 1745
2915 1660
2915 1598
2915 1458
2915 1089
2916 2005
2916 1885
2916 1955
2916 1723
2916 1743
2916 1361
2916 1205
2916 1133
2916 2384
2917 1957
2917 1923
2917 1700
2917 1475
2917 1485
2917 1265
2917 1144
2917 1118
2918 1804
2918 1661
2918 1599
2918 1601
2918 1484
2918 1391
2918 1288
2918 2085
2919 1980
2919 2030
2919 1596
2919 1378
2919 1254
2919 1153
2919 1138
2919 1132
2919 2658
2920 1927
2920 1813
2920 1797
2920 1861
2920 1704
2920 1733
2920 1755
2920 1434
2920 1323
2921 1799
2921 1668
2921 1298
2922 1991
2922 1896
2922 1387
2922 1367
2922 2074
2923 2006
2923 1874
2923 1679
2923 1586
2923 1553
2923 1531
2923 1463
2923 1264
2923 1117
2923 1070
2923 2175
2924 1959
2924 1346
2925 2020
2925 1534
2925 1523
2925 1432
2925 1409
2925 1251
2925 1326
2926 1684
2926 1545
2926 1592
2926 1577
2926 1410
2926 1258
2926 1211
2926 1131
2927 1985
2927 2034
2927 1963
2927 1837
2927 1762
2927 1604
2927 1648
2927 1484
2927 1483
2928 1781
2928 1338
2928 1247
2928 1195
2928 1226
2928 1192
2928 1130
2929 1982
2929 1948
2929 1450
2930 1642
2930 1519
2930 1456
2930 1162
2931 1777
2931 1325
2931 2136
2931 2729
2931 2268
2932 1725
2932 1519
2932 1311
2932 1239
2932 1226
2932 2575
2933 2008
2933 1695
2933 1730
2933 1304
2933 1237
2933 1222
2933 1110
2933 3007
2934 1995
2934 1929
2934 1813
2934 1559
2934 1574
2934 1414
2934 2962
2934 2395
2935 1922
2935 1654
2935 1622
2935 1665
2935 1596
2935 1539
2935 1536
2935 1346
2935 1368
2935 1371
2935 1291
2935 2658
2936 1347
2936 1213
2936 1207
2937 2550
2937 1893
2937 1707
2937 1736
2938 2007
2938 1941
2938 1719
2938 1410
2939 1753
2939 1451
2939 1429
2939 1247
2939 1162
2939 1134
2939 1125
2939 2896
2940 1802
2940 1591
2940 1499
2940 1410
2940 2516
2941 1913
2941 1745
2941 1368
2941 1341
2942 1975
2942 1655
2942 1162
2942 1231
2942 1099
2942 1107
2943 1889
2943 1842
2943 1837
2943 1850
2943 1646
2943 1474
2943 1471
2943 1250
2943 2867
2944 1912
2944 1746
2944 1462
2944 1412
2944 1170
2944 1111
2944 1074
2944 1128
2945 1871
2945 1739
2945 1423
2945 1207
2946 1914
2946 1898
2946 1817
2946 1642
2946 1550
2946 1492
2946 1259
2946 1084
2947 1924
2947 1686
2947 1565
2947 1242
2947 1126
2948 2029
2948 2000
2948 1931
2948 1883
2948 1750
2948 1583
2948 1446
2948 1103
2948 1088
2948 1069
2949 1843
2949 1737
2949 1480
2949 1471
2949 1337
2950 1732
2950 1522
2950 1533
2950 1409
2950 1260
2950 1237
2951 1912
2951 1613
2951 1674
2951 1499
2951 1253
2952 1998
2952 1967
2952 1911
2952 1724
2952 1677
2952 1526
2952 1536
2952 1368
2952 1306
2952 1200
2952 1212
2952 1086
2953 1766
2953 1659
2953 1566
2953 1546
2953 1496
2954 1962
2954 1753
2954 1628
2954 1486
2954 1327
2955 2661
2955 1982
2955 1807
2955 1666
2955 1515
2955 1439
2955 1348
2956 1723
2956 2882
2956 2576
2956 2244
2957 1891
2957 1801
2957 1498
2957 1108
2957 2408
2958 1820
2958 1687
2958 1671
2958 1483
2958 1318
2958 1185
2958 1215
2958 1088
2959 1671
2959 1583
2959 1494
2959 1103
2960 1672
2960 1361
2960 1308
2961 1871
2961 1584
2961 1225
2961 1078
2962 1740
2962 1687
2962 1565
2962 2871
2963 1995
2963 1829
2963 1713
2963 1641
2963 1548
2963 1287
2963 1120
2964 2810
2964 1879
2964 1558
2964 1332
2964 2503
2965 1847
2965 1685
2965 1592
2965 1451
2965 1226
2965 2081
2966 1943
2966 1821
2966 1567
2966 1304
2966 1315
2966 1203
2967 1818
2967 1593
2967 1493
2967 1257
2967 1161
2967 1165
2967 2274
2968 1848
2968 1773
2968 1504
2968 1369
2968 1402
2969 1998
2969 1903
2969 1897
2969 1376
2969 1217
2970 1807
2970 1511
2970 2518
2970 2643
2971 1999
2971 1422
2971 1328
2971 1333
2971 1194
2971 1091
2972 1906
2972 1823
2972 1832
2972 1657
2972 1423
2972 1142
2973 1720
2973 1555
2973 1143
2974 1863
2974 1860
2974 1723
2974 1699
2974 1507
2974 1357
2974 1326
2974 1199
2974 1155
2975 1837
2975 1604
2975 1631
2975 1477
2975 1337
2975 1087
2975 2255
2976 1991
2976 1912
2976 1826
2976 1438
2977 2973
2978 1890
2978 1880
2978 1651
2978 1342
2978 1359
2978 1270
2979 2031
2979 1873
2979 1906
2979 1810
2979 1696
2979 1663
2979 1511
2979 1104
2979 2731
2980 2023
2980 1962
2980 1855
2980 1796
2980 1714
2980 1643
2980 1431
2980 1128
2980 2976
2981 1899
2981 1674
2982 1915
2982 1926
2982 1606
2982 1289
2982 1217
2982 1083
2983 1952
2983 1885
2983 1821
2983 1818
2983 1356
2983 1272
2983 1241
2983 1144
2983 2916
2984 2018
2984 1677
2984 1487
2984 1070
2984 2757
2985 2035
2985 1670
2985 1549
2985 1516
2985 2845
2986 1882
2986 1931
2986 1890
2986 1766
2986 1662
2986 1661
2987 1934
2987 1875
2987 1803
2987 1482
2987 1374
2987 1330
2987 2880
2988 1525
2988 1435
2988 1386
2988 1249
2988 1309
2989 1949
2989 1760
2989 1376
2989 1212
2989 1135
2989 1070
2990 1553
2990 1396
2990 1154
2990 2816
2991 1897
2991 1825
2991 1598
2991 2354
2992 1973
2992 1964
2992 1866
2992 1648
2992 1572
2992 1399
2992 1122
2993 1971
2993 1976
2993 1871
2993 1510
2993 1375
2993 1307
2993 1207
2994 1966
2994 1902
2994 1785
2994 1724
2994 1575
2994 1178
2994 2197
2995 2025
2995 1917
2995 1760
2995 1667
2995 1112
2995 2195
2996 1635
2996 1577
2996 1481
2996 1338
2996 1091
2997 1847
2997 1802
2997 1780
2997 1773
2997 1726
2997 1685
2997 1508
2997 1431
2997 1255
2997 1259
2997 1247
2997 1094
2997 1085
2997 2896
2998 1935
2998 1382
2998 1199
2998 2408
2999 1991
2999 1968
2999 1709
2999 1642
2999 1635
2999 1591
2999 1542
2999 1442
2999 1192
2999 2932
3000 2016
3000 1650
3000 1639
3000 1277
3000 1085
3000 2575
3000 2107
3001 1923
3001 1885
3001 1523
3001 1593
3001 1383
3002 2018
3002 1875
3002 1827
3002 1718
3002 1463
3002 1374
3002 1385
3002 2706
3003 1781
3003 1753
3003 1746
3003 1675
3003 1542
3003 1360
3003 1193
3004 2027
3004 1631
3004 1392
3005 1837
3005 1697
3005 1626
3005 1587
3005 1488
3005 1474
3005 1164
3006 1981
3006 1830
3006 1713
3006 1688
3006 1430
3006 1391
3006 1271
3006 1087
3007 2014
3007 1793
3007 1862
3007 1520
3007 1476
3007 1498
3007 1356
3008 2481
3008 2010
3008 1920
3008 1692
3008 1668
3008 1280
3008 1196
3008 2578
3009 2036
3009 1948
3009 1636
3009 1638
3009 1605
3009 1517
3009 1585
3009 1515
3009 1584
3009 2503
3010 2037
3010 1912
3010 1715
3010 1540
3010 1438
3010 1360
3010 1415
3010 1328
3011 1114
3011 1207
3011 1176
3011 1298
3011 1421
3011 1839
3011 1794
3011 2130
3012 1928
3012 1816
3012 1454
3012 1353
3012 1390
3012 1225
3012 2725
3012 2902
3013 1762
3013 1569
3013 1299
3013 1103
3014 1881
3014 1835
3014 1717
3014 1504
3014 1360
3014 1283
3014 1168
3014 1128
3015 1720
3015 1606
3015 1182
3016 1705
3016 1336
3017 2929
3017 1808
3017 1530
3017 1564
3017 1278
3017 2285
3018 2011
3018 1968
3018 1909
3018 1492
3018 1107
3018 3003
3019 1967
3019 1972
3019 1874
3019 1678
3019 1571
3019 1445
3019 1097
3020 1702
3021 1363
3021 1240
3022 1883
3022 1626
3022 1604
3022 1543
3022 1447
3022 1120
3023 1728
3023 1720
3023 1129
3023 1101
3024 1827
3024 1852
3024 1678
3024 1354
3024 1346
3024 1289
3024 1212
3025 2008
3025 1840
3025 1645
3025 1676
3025 1611
3025 1383
3025 1105
3026 1885
3026 1814
3026 1100
3027 1780
3027 1706
3027 1340
3027 1091
3027 1125
3028 1922
3028 1949
3028 1378
3029 1978
3029 1882
3029 1797
3029 1646
3029 1359
3029 1417
3029 1284
3029 1166
3029 1088
3030 2007
3030 1969
3030 1954
3030 1725
3030 1573
3030 1457
3030 1387
3030 1402
3030 1324
3030 1079
3030 1134
3030 3003
3031 1822
3031 1676
3031 1383
3031 1205
3031 1123
3031 1068
3032 1954
3032 1714
3032 1338
3032 1193
3032 2652
3032 2306
3033 1979
3033 1711
3033 1397
3033 1127
3033 1075
3034 1978
3034 1662
3034 1565
3034 1275
3035 1986
3035 1460
3035 1430
3035 1400
3035 1318
3035 1215
3035 2085
3035 2049
3036 1976
3036 1901
3036 1806
3036 1439
3037 366
3038 3100
3038 3085
3038 3077
3038 366
3039 366
3040 3114
3040 3087
3040 366
3041 3098
3041 3083
3041 3079
3041 366
3042 3085
3042 366
3043 3118
3043 3110
3043 3099
3043 366
3044 366
3045 366
3045 3073
3045 366
3046 366
3046 3121
3046 3074
3046 366
3047 3075
3047 3078
3047 3089
3047 3091
3047 3103
3047 366
3048 3109
3048 366
3049 3111
3049 3079
3049 366
3050 366
3052 366
3053 366
3054 3114
3054 3094
3054 3080
3054 366
3055 3101
3055 3088
3055 366
3056 3112
3056 3103
3056 3085
3056 366
3057 3094
3057 366
3058 3082
3058 366
3059 3108
3059 366
3060 3096
3060 3087
3060 366
3061 3122
3061 3103
3061 3087
3061 3073
3061 366
3062 3121
3062 366
3063 3109
3063 3098
3063 3090
3063 366
3064 3094
3064 3090
3064 366
3065 3104
3065 3075
3065 366
3066 3119
3066 3102
3066 3097
3066 366
3067 3079
3067 366
3068 3077
3068 366
3069 3092
3069 3078
3069 366
3070 3100
3070 3097
3070 3091
3070 3076
3070 366
3071 3111
3071 366
3072 366
3074 2749
3074 3009
3074 2227
3076 2461
3078 2356
3079 2481
3080 2335
3080 2810
3081 2626
3081 2381
3086 2340
3089 2108
3090 2921
3090 2298
3092 2510
3093 2285
3094 2656
3095 2712
3095 2647
3097 3008
3099 2445
3100 2038
3100 2464
3101 2140
3104 2725
3104 2200
3106 2383
3106 2518
3106 2945
3108 2911
3108 2643
3109 2878
3109 2399
3109 2310
3110 2477
3111 2859
3112 2682
3112 2361
3114 2929
3115 2130
3115 2581
3115 2486
3117 2876
3119 2455
3120 2313
3120 2603
3121 2550
3122 2591
