0 2624
0 2154
0 2880
0 2509
0 2885
1 2154
1 2880
1 2509
2 2624
2 2154
2 2880
2 2509
2 2556
2 2127
3 2624
3 2154
3 2880
3 2509
4 2624
4 2880
4 2509
5 1043
5 29
6 1044
7 2154
7 2880
7 2509
8 2624
8 2880
8 2509
9 44
9 42
9 25
10 2624
10 2154
10 2989
11 2624
11 2154
11 2880
11 2509
12 2154
12 2880
13 2624
13 2154
13 2880
13 2509
14 2624
14 2154
14 2880
14 2509
16 42
17 33
18 15
18 27
19 2624
19 2154
19 2880
19 2509
20 2624
20 2154
20 2880
20 2509
20 2795
21 2880
21 2509
1322 1042
1322 1041
1322 1040
1322 1039
1322 1038
1322 1037
1322 1036
1322 1035
1322 1034
1322 1033
1322 1032
1322 1031
1322 1030
1322 1029
1322 1028
1322 1027
1322 1026
1322 1025
1322 1024
1322 1023
1322 1022
1322 1021
1322 1020
1322 1019
1322 1018
1322 1017
22 2624
22 2154
22 2880
22 2509
22 2631
23 811
23 588
23 919
23 668
23 671
23 823
23 761
23 915
23 957
23 1001
23 778
23 624
23 615
23 828
23 798
23 768
23 604
23 662
23 955
23 869
23 796
23 595
23 996
23 678
23 569
23 855
23 836
23 734
23 793
23 557
23 639
23 566
23 616
23 986
23 901
23 660
23 706
23 638
23 881
23 565
23 821
23 894
23 907
23 767
23 669
23 785
23 550
23 940
23 1008
23 727
23 710
23 932
23 720
23 749
23 864
23 676
23 895
23 689
23 872
23 819
23 548
23 865
23 677
23 847
23 648
23 600
23 763
23 653
23 520
23 936
23 982
23 1012
23 851
23 825
23 754
23 594
23 553
23 659
23 991
23 775
23 645
23 712
23 887
23 608
23 806
23 867
23 922
23 722
23 700
23 885
23 740
23 738
23 842
23 758
23 994
23 770
23 903
23 561
23 965
23 733
23 673
23 993
23 931
23 976
23 630
23 914
23 973
23 856
23 845
23 642
23 702
23 769
23 739
23 670
23 990
23 649
23 956
23 760
23 621
23 655
23 709
23 971
23 583
23 580
23 962
23 928
23 804
23 818
23 538
23 911
23 610
23 1011
23 626
23 938
23 992
23 780
23 611
23 985
23 808
23 743
23 714
23 614
23 519
23 606
23 537
23 906
23 891
23 789
23 807
23 617
23 633
23 522
23 824
23 724
23 757
23 652
23 879
23 596
23 524
23 725
23 663
23 581
23 582
23 1005
23 609
23 910
23 925
23 726
23 835
23 987
23 963
23 586
23 912
23 693
23 618
23 800
23 691
23 748
23 592
23 657
23 927
23 747
23 772
23 752
23 576
23 661
23 628
23 556
23 654
23 521
23 944
23 815
23 779
23 920
23 929
23 964
23 995
23 812
23 632
23 637
23 605
23 730
23 975
23 790
23 696
23 1015
23 888
23 829
23 584
23 926
23 707
23 830
23 874
23 849
23 574
23 988
23 641
23 764
23 916
23 805
23 862
23 861
23 1004
23 705
23 792
23 572
23 742
23 703
23 946
23 902
23 765
23 555
23 766
23 817
23 547
23 563
23 531
23 822
23 980
23 924
23 603
23 713
23 1002
23 551
23 972
23 797
23 959
23 889
23 951
23 613
23 622
23 681
23 841
23 597
23 697
23 945
23 979
23 896
23 526
23 858
23 866
23 577
23 840
23 810
23 837
23 686
23 518
23 619
23 880
23 786
23 523
23 682
23 762
23 909
23 755
23 540
23 1016
23 679
23 977
23 704
23 544
23 744
23 948
23 533
23 585
23 892
23 878
23 562
23 981
23 890
23 791
23 598
23 529
23 549
23 876
23 794
23 558
23 732
23 735
23 961
23 893
23 701
23 831
23 843
23 546
23 699
23 970
23 967
23 969
23 788
23 578
23 643
23 1014
23 658
23 820
23 601
23 528
23 590
23 776
23 647
23 750
23 560
23 984
23 570
23 545
23 795
23 873
23 771
23 651
23 918
23 833
23 719
23 731
23 536
23 968
23 899
23 759
23 937
23 908
23 844
23 930
23 960
23 868
23 939
23 999
23 1009
23 688
23 634
23 935
23 886
23 534
23 620
23 816
23 814
23 591
23 809
23 680
23 921
23 535
23 803
23 783
23 602
23 782
23 737
23 774
23 784
23 587
23 640
23 756
23 746
23 589
23 882
23 717
23 884
23 801
23 773
23 687
23 644
23 1000
23 860
23 593
23 552
23 983
23 636
23 958
23 571
23 883
23 832
23 934
23 629
23 579
23 607
23 542
23 898
23 541
23 1013
23 917
23 857
23 997
23 877
23 947
23 966
23 729
23 943
23 715
23 672
23 631
23 905
23 863
23 530
23 1007
23 573
23 695
23 532
23 897
23 721
23 568
23 753
23 953
23 942
23 871
23 575
23 954
23 941
23 846
23 827
23 728
23 989
23 974
23 599
23 933
23 875
23 900
23 656
23 854
23 664
23 777
23 848
23 692
23 539
23 952
23 650
23 708
23 625
23 741
23 949
23 834
23 853
23 690
23 978
23 850
23 665
23 859
23 781
23 694
23 635
23 923
23 799
23 612
23 564
23 567
23 667
23 1003
23 802
23 736
23 826
23 813
23 623
23 525
23 675
23 543
23 913
23 698
23 685
23 554
23 559
23 950
23 646
23 627
23 998
23 852
23 838
23 1006
23 527
23 751
23 666
23 745
23 674
23 718
23 870
23 839
23 716
23 683
23 1010
23 787
23 711
23 723
23 904
23 684
23 453
23 434
23 137
23 276
23 141
23 92
23 487
23 371
23 102
23 455
23 388
23 12
23 142
23 46
23 335
23 415
23 177
23 72
23 133
23 448
23 250
23 456
23 253
23 413
23 50
23 516
23 123
23 504
23 482
23 359
23 343
23 438
23 151
23 246
23 501
23 227
23 3
23 273
23 175
23 375
23 358
23 147
23 259
23 346
23 48
23 95
23 506
23 316
23 168
23 47
23 445
23 404
23 277
23 505
23 62
23 146
23 274
23 245
23 159
23 162
23 351
23 318
23 263
23 416
23 429
23 26
23 471
23 366
23 503
23 454
23 260
23 369
23 183
23 476
23 342
23 435
23 465
23 251
23 140
23 112
23 322
23 459
23 99
23 52
23 128
23 298
23 238
23 248
23 402
23 158
23 35
23 121
23 119
23 497
23 461
23 321
23 138
23 307
23 8
23 156
23 288
23 419
23 71
23 45
23 57
23 294
23 508
23 242
23 317
23 285
23 422
23 237
23 80
23 243
23 410
23 447
23 411
23 362
23 292
23 84
23 498
23 439
23 14
23 173
23 229
23 125
23 179
23 507
23 309
23 329
23 319
23 385
23 172
23 373
23 21
23 347
23 414
23 391
23 368
23 441
23 108
23 361
23 280
23 106
23 114
23 164
23 333
23 420
23 493
23 424
23 59
23 383
23 130
23 124
23 63
23 30
23 395
23 67
23 1
23 490
23 460
23 37
23 66
23 444
23 437
23 313
23 302
23 58
23 163
23 126
23 502
23 405
23 224
23 170
23 514
23 466
23 228
23 400
23 381
23 500
23 428
23 332
23 513
23 328
23 338
23 51
23 188
23 4
23 93
23 473
23 296
23 363
23 60
23 231
23 380
23 331
23 491
23 287
23 180
23 284
23 510
23 433
23 233
23 113
23 94
23 278
23 240
23 344
23 399
23 22
23 132
23 174
23 450
23 19
23 101
23 165
23 104
23 61
23 409
23 286
23 477
23 406
23 65
23 264
23 39
23 131
23 275
23 252
23 310
23 365
23 393
23 69
23 488
23 463
23 427
23 81
23 191
23 34
23 364
23 127
23 103
23 53
23 370
23 152
23 149
23 117
23 135
23 396
23 49
23 499
23 340
23 244
23 82
23 83
23 181
23 377
23 376
23 266
23 478
23 295
23 355
23 79
23 304
23 326
23 64
23 452
23 258
23 74
23 327
23 299
23 337
23 116
23 41
23 348
23 290
23 249
23 353
23 379
23 270
23 120
23 442
23 78
23 261
23 109
23 31
23 480
23 281
23 293
23 423
23 55
23 154
23 421
23 354
23 268
23 96
23 430
23 134
23 458
23 98
23 160
23 76
23 56
23 496
23 97
23 36
23 225
23 75
23 145
23 426
23 54
23 257
23 378
23 256
23 360
23 394
23 306
23 32
23 28
23 494
23 443
23 107
23 0
23 311
23 289
23 269
23 239
23 336
23 143
23 481
23 234
23 241
23 417
23 349
23 484
23 303
23 129
23 446
23 474
23 89
23 367
23 265
23 157
23 167
23 190
23 403
23 182
23 91
23 432
23 467
23 262
23 469
23 345
23 517
23 350
23 323
23 105
23 312
23 436
23 382
23 315
23 440
23 407
23 77
23 150
23 386
23 401
23 489
23 486
23 324
23 10
23 110
23 291
23 186
23 100
23 357
23 305
23 226
23 397
23 301
23 472
23 86
23 70
23 372
23 330
23 341
23 297
23 457
23 449
23 7
23 178
23 468
23 392
23 425
23 374
23 148
23 431
23 73
23 509
23 166
23 464
23 176
23 90
23 136
23 308
23 387
23 255
23 485
23 408
23 271
23 512
23 40
23 352
23 462
23 185
23 2
23 283
23 254
23 87
23 20
23 320
23 279
23 169
23 390
23 495
23 412
23 272
23 187
23 267
23 139
23 161
23 300
23 144
23 389
23 325
23 118
23 492
23 236
23 11
23 189
23 111
23 398
23 184
23 85
23 24
23 451
23 171
23 247
23 68
23 115
23 122
23 13
23 192
23 193
23 194
23 195
23 196
23 197
23 198
23 199
23 200
23 201
23 202
23 203
23 204
23 205
23 206
23 207
23 208
23 209
23 210
23 211
23 212
23 213
23 214
23 215
23 216
23 217
23 218
23 219
23 220
23 221
23 222
23 223
23 475
23 470
23 511
23 479
23 153
23 235
23 155
23 232
23 418
23 230
23 515
23 356
23 483
23 282
23 339
23 88
23 314
23 334
24 2624
24 2880
24 2509
24 2556
25 1044
25 1869
25 1960
25 1644
25 1647
25 1967
25 1832
25 1662
25 1676
25 1874
25 1875
25 1577
25 1683
25 1796
25 1537
25 1777
25 1888
25 1740
25 1972
25 1665
25 1991
25 1926
25 1731
25 1946
25 1963
25 1997
25 1838
25 1747
25 1677
25 1821
25 1550
25 2014
25 1993
25 1794
25 1557
25 2013
25 1626
25 1828
25 1900
25 1703
25 1552
25 1851
25 1543
25 1958
25 1615
25 2012
25 1870
25 1598
25 1726
25 1719
25 1898
25 1956
25 1710
25 1545
25 1575
25 1906
25 1830
25 1999
25 1911
25 1600
25 1863
25 1850
25 1705
25 1775
25 2015
25 1836
25 1757
25 1799
25 1617
25 1795
25 1954
25 1770
25 1728
25 2009
25 1965
25 1744
25 1620
25 1612
25 1889
25 1566
25 1576
25 1655
25 1973
25 1558
25 1977
25 1562
25 1901
25 1942
25 1722
25 1983
25 1920
25 1903
25 1621
25 1599
25 1573
25 1571
25 1720
25 1549
25 1916
25 1897
25 1769
25 1951
25 2000
25 1987
25 1695
25 1890
25 1823
25 1584
25 1588
25 1822
25 1590
25 1547
25 1848
25 1764
25 1675
25 1589
25 1583
25 1548
25 1618
25 1959
25 1989
25 1880
25 1772
25 1692
25 1637
25 1827
25 1672
25 1656
25 1631
25 1858
25 1559
25 2002
25 1702
25 1961
25 1721
25 1663
25 1776
25 1767
25 1634
25 1610
25 1538
25 1834
25 1689
25 1709
25 1907
25 1699
25 1560
25 1791
25 1586
25 1753
25 1842
25 1792
25 1762
25 1852
25 1714
25 1810
25 1964
25 1928
25 1998
25 1923
25 1563
25 1717
25 1745
25 1879
25 1640
25 1704
25 1701
25 2004
25 1641
25 1971
25 1801
25 1865
25 1837
25 1826
25 1814
25 1893
25 1864
25 1742
25 1839
25 1939
25 1786
25 1759
25 1625
25 1789
25 2011
25 1912
25 1790
25 1636
25 1602
25 1756
25 1932
25 1957
25 1806
25 1892
25 1694
25 1649
25 1619
25 1606
25 1985
25 1872
25 1755
25 1988
25 1941
25 1859
25 1667
25 1835
25 1723
25 1966
25 1565
25 1787
25 1752
25 1551
25 1765
25 1761
25 1553
25 1868
25 1698
25 1929
25 1784
25 1544
25 1664
25 1639
25 1554
25 1688
25 1561
25 1536
25 1785
25 1817
25 1808
25 1680
25 1661
25 1927
25 1749
25 1937
25 1938
25 1952
25 1696
25 1596
25 1681
25 1534
25 1970
25 1950
25 1673
25 1542
25 1935
25 1944
25 1614
25 1819
25 1708
25 1603
25 1788
25 1905
25 1751
25 1982
25 1771
25 2008
25 1876
25 1671
25 1921
25 1653
25 1861
25 1853
25 1824
25 1902
25 1803
25 1555
25 1570
25 1915
25 1733
25 1679
25 2003
25 1748
25 1895
25 1974
25 1931
25 1605
25 1659
25 1878
25 1632
25 1909
25 1908
25 1883
25 1711
25 1737
25 1867
25 1773
25 1741
25 1657
25 1650
25 1873
25 1595
25 1715
25 1815
25 1540
25 1766
25 1687
25 1994
25 1962
25 1860
25 1955
25 1925
25 1607
25 1713
25 1758
25 1922
25 1572
25 1682
25 1579
25 1624
25 1943
25 2005
25 1725
25 1976
25 1885
25 1630
25 1651
25 1581
25 1978
25 1793
25 1541
25 2006
25 1750
25 1569
25 1594
25 1734
25 2001
25 1800
25 1582
25 1539
25 1877
25 1697
25 1882
25 1871
25 1628
25 1849
25 1975
25 1899
25 1652
25 1623
25 1601
25 1855
25 1643
25 1585
25 1760
25 1780
25 1825
25 1862
25 1743
25 1730
25 1914
25 1797
25 1668
25 1712
25 1843
25 1816
25 1654
25 1913
25 1684
25 1591
25 1798
25 1981
25 1578
25 1768
25 1706
25 1746
25 1645
25 1727
25 1930
25 1857
25 1829
25 1818
25 1969
25 1807
25 1670
25 1608
25 1986
25 1812
25 1700
25 1933
25 1754
25 1622
25 1611
25 1593
25 1949
25 1685
25 1919
25 1638
25 1629
25 1894
25 1910
25 1782
25 1904
25 2010
25 1896
25 1854
25 1886
25 1811
25 1693
25 1646
25 1567
25 1845
25 1804
25 1833
25 1724
25 1763
25 1609
25 1718
25 1633
25 1990
25 1690
25 1568
25 1924
25 1736
25 1846
25 1841
25 1774
25 1934
25 1781
25 1738
25 1953
25 1580
25 1533
25 2007
25 1778
25 1980
25 1936
25 1809
25 1847
25 1686
25 1940
25 1945
25 1660
25 1995
25 1783
25 1556
25 1732
25 1831
25 1691
25 1604
25 1564
25 1648
25 1613
25 1716
25 1535
25 1918
25 1984
25 1992
25 1881
25 1739
25 1635
25 1948
25 1616
25 1574
25 1597
25 1996
25 1546
25 1891
25 1866
25 1658
25 1592
25 1813
25 1707
25 1666
25 1917
25 1805
25 1674
25 1678
25 1642
25 1729
25 1627
25 1587
25 1887
25 1947
25 1856
25 1735
25 1669
25 1820
25 1968
25 1840
25 1779
25 1979
25 1884
25 1844
25 1802
25 1199
25 1188
25 1157
25 1508
25 1455
25 1444
25 1259
25 1366
25 1482
25 1408
25 1297
25 1054
25 1342
25 1163
25 1503
25 1129
25 1295
25 1239
25 1272
25 1469
25 1276
25 1302
25 1244
25 1529
25 1359
25 1190
25 1280
25 1293
25 1490
25 1287
25 1184
25 1126
25 1086
25 1058
25 1222
25 1504
25 1073
25 1403
25 1343
25 1089
25 1311
25 1149
25 1198
25 1252
25 1335
25 1068
25 1352
25 1076
25 1367
25 1197
25 1392
25 1430
25 1346
25 1288
25 1439
25 1245
25 1330
25 1137
25 1532
25 1141
25 1094
25 1203
25 1376
25 1463
25 1518
25 1390
25 1153
25 1116
25 1045
25 1303
25 1434
25 1247
25 1478
25 1380
25 1361
25 1345
25 1211
25 1114
25 1156
25 1079
25 1046
25 1150
25 1092
25 1471
25 1064
25 1421
25 1100
25 1510
25 1459
25 1139
25 1243
25 1283
25 1509
25 1523
25 1433
25 1271
25 1341
25 1122
25 1501
25 1132
25 1090
25 1057
25 1407
25 1481
25 1473
25 1413
25 1270
25 1201
25 1399
25 1507
25 1268
25 1084
25 1246
25 1261
25 1436
25 1127
25 1109
25 1172
25 1185
25 1515
25 1119
25 1431
25 1440
25 1379
25 1387
25 1175
25 1528
25 1525
25 1374
25 1337
25 1251
25 1101
25 1397
25 1312
25 1230
25 1307
25 1383
25 1484
25 1262
25 1061
25 1527
25 1489
25 1178
25 1290
25 1496
25 1320
25 1461
25 1445
25 1420
25 1275
25 1204
25 1229
25 1255
25 1429
25 1324
25 1447
25 1224
25 1209
25 1066
25 1437
25 1362
25 1475
25 1081
25 1488
25 1378
25 1210
25 1369
25 1158
25 1351
25 1192
25 1102
25 1167
25 1514
25 1377
25 1424
25 1164
25 1405
25 1339
25 1177
25 1411
25 1250
25 1173
25 1474
25 1333
25 1414
25 1336
25 1317
25 1446
25 1171
25 1357
25 1142
25 1147
25 1282
25 1370
25 1258
25 1123
25 1053
25 1427
25 1406
25 1077
25 1166
25 1111
25 1356
25 1460
25 1047
25 1146
25 1443
25 1056
25 1231
25 1225
25 1067
25 1404
25 1314
25 1300
25 1138
25 1070
25 1327
25 1140
25 1497
25 1416
25 1207
25 1186
25 1486
25 1328
25 1183
25 1104
25 1355
25 1315
25 1313
25 1241
25 1159
25 1499
25 1381
25 1393
25 1363
25 1264
25 1228
25 1087
25 1075
25 1050
25 1492
25 1400
25 1350
25 1348
25 1479
25 1472
25 1417
25 1382
25 1212
25 1134
25 1233
25 1360
25 1161
25 1354
25 1511
25 1502
25 1372
25 1221
25 1318
25 1215
25 1082
25 1477
25 1168
25 1128
25 1180
25 1115
25 1513
25 1480
25 1098
25 1091
25 1299
25 1085
25 1365
25 1412
25 1524
25 1099
25 1193
25 1227
25 1120
25 1285
25 1402
25 1052
25 1301
25 1396
25 1189
25 1133
25 1155
25 1154
25 1456
25 1237
25 1131
25 1375
25 1196
25 1467
25 1096
25 1208
25 1468
25 1371
25 1055
25 1384
25 1269
25 1234
25 1205
25 1493
25 1069
25 1273
25 1517
25 1294
25 1308
25 1051
25 1235
25 1521
25 1254
25 1451
25 1182
25 1083
25 1080
25 1457
25 1338
25 1505
25 1179
25 1520
25 1423
25 1095
25 1248
25 1108
25 1191
25 1216
25 1470
25 1292
25 1160
25 1340
25 1065
25 1078
25 1048
25 1200
25 1347
25 1425
25 1321
25 1284
25 1326
25 1266
25 1195
25 1253
25 1194
25 1435
25 1491
25 1441
25 1334
25 1170
25 1349
25 1368
25 1323
25 1240
25 1442
25 1526
25 1385
25 1498
25 1267
25 1143
25 1418
25 1214
25 1124
25 1097
25 1074
25 1110
25 1316
25 1238
25 1256
25 1135
25 1438
25 1422
25 1353
25 1531
25 1358
25 1223
25 1062
25 1107
25 1213
25 1530
25 1401
25 1395
25 1232
25 1364
25 1419
25 1176
25 1174
25 1494
25 1415
25 1059
25 1257
25 1465
25 1306
25 1063
25 1202
25 1462
25 1449
25 1305
25 1113
25 1112
25 1325
25 1398
25 1226
25 1331
25 1088
25 1289
25 1454
25 1130
25 1426
25 1452
25 1506
25 1206
25 1278
25 1105
25 1263
25 1125
25 1391
25 1121
25 1432
25 1304
25 1500
25 1274
25 1310
25 1281
25 1152
25 1483
25 1487
25 1136
25 1373
25 1217
25 1428
25 1409
25 1410
25 1049
25 1458
25 1296
25 1093
25 1072
25 1298
25 1512
25 1522
25 1071
25 1286
25 1181
25 1388
25 1162
25 1319
25 1148
25 1476
25 1516
25 1329
25 1249
25 1165
25 1260
25 1485
25 1060
25 1519
25 1106
25 1309
25 1344
25 1448
25 1220
25 1236
25 1453
25 1117
25 1187
25 1291
25 1144
25 1450
25 1495
25 1332
25 1169
25 1394
25 1265
25 1118
25 1219
25 1151
25 1464
25 1279
25 1145
25 1218
25 1386
25 1389
25 1103
25 1277
25 1242
25 1466
26 2624
26 2154
26 2880
26 2509
28 2624
28 2880
28 2890
29 1043
30 2624
30 2880
30 2509
31 2624
31 2154
31 2880
31 2509
32 2624
32 2154
32 2880
32 2509
32 2740
33 1042
33 1041
33 1040
33 1039
33 1038
33 1037
33 1036
33 1035
33 1034
33 1033
33 1032
33 1031
33 1030
33 1029
33 1028
33 1027
33 1026
33 1025
33 1024
33 1023
33 1022
33 1021
33 1020
33 1019
33 1018
33 1017
34 2154
34 2880
34 2509
35 2624
35 2154
35 2880
35 2509
36 2624
36 2880
36 2509
37 2624
37 2154
37 2880
37 2509
37 2907
38 25
38 23
39 2624
39 2154
39 2509
40 2154
40 2880
40 2509
41 2154
41 2880
41 2509
41 2633
42 25
42 23
45 2624
45 2880
45 2509
46 2624
46 2154
46 2880
46 2509
46 2814
47 2624
47 2154
47 2880
47 2556
47 2885
48 2154
48 2880
48 2509
49 2624
49 2154
49 2880
49 2509
50 2624
50 2154
50 2880
50 2509
50 2989
50 2634
51 2624
51 2154
51 2880
51 2509
51 2556
51 2483
52 2624
52 2154
52 2880
52 2509
52 2743
53 2624
53 2154
53 2880
53 2509
54 2624
54 2880
54 2509
54 2957
55 2624
55 2154
55 2880
55 2509
56 2154
56 2880
56 2509
56 2990
57 2624
57 2154
57 2880
57 2509
57 2740
58 2624
58 2154
58 2880
58 2509
58 2115
59 2624
59 2154
59 2880
59 2509
60 2624
60 2154
60 2880
60 2560
60 2507
61 2624
61 2154
61 2880
61 2509
62 2624
62 2154
62 2509
62 2634
63 2624
63 2880
63 2509
64 2624
64 2154
64 2880
64 2509
65 2624
65 2154
65 2880
65 2509
65 2890
65 2178
66 2154
66 2880
67 2154
67 2880
67 2509
68 2624
68 2154
68 2880
68 2509
68 2989
69 2154
69 2880
69 2509
69 2271
69 2890
70 2624
70 2880
71 2624
71 2154
71 2880
71 2509
72 2624
72 2880
72 2384
73 2624
73 2154
73 2880
73 2509
73 2963
73 2743
74 2624
74 2154
74 2880
74 2556
74 2509
75 2624
75 2154
75 2880
75 2509
76 2154
76 2880
76 2509
76 2690
77 2624
77 2154
77 2509
78 2624
78 2154
78 2143
78 2086
79 2624
79 2154
79 2556
79 2509
79 2803
80 2624
80 2154
80 2880
80 2509
81 2624
81 2154
81 2880
81 2509
82 2624
82 2509
82 2231
83 2624
83 2154
83 2880
83 2556
83 2509
83 2130
83 2110
84 2624
84 2154
84 2880
84 2509
85 2624
85 2154
85 2880
85 2509
85 2556
86 2154
86 2880
86 2509
86 2634
87 2154
87 2880
87 2509
87 2110
88 2624
88 2154
88 2880
88 2509
89 2624
89 2154
89 2880
89 2509
90 2880
90 2556
91 2624
91 2154
91 2880
91 2509
91 2569
92 2624
92 2154
92 2880
92 2509
92 2885
93 2154
93 2880
93 2509
94 2624
94 2880
94 2509
95 2154
95 2880
95 2509
95 2914
96 2624
96 2880
96 2509
96 2331
97 2624
97 2154
97 2880
97 2509
98 2624
98 2154
98 2509
98 2963
98 2037
99 2624
99 2154
99 2880
100 2624
100 2154
100 2880
100 2509
101 2624
101 2154
101 2880
101 2509
101 2384
102 2624
102 2154
102 2880
102 2509
103 2624
103 2154
103 2880
103 2509
104 2624
104 2154
104 2880
104 2509
105 2624
105 2154
105 2880
105 2509
105 2127
106 2624
106 2154
106 2880
106 2509
107 2624
107 2154
107 2880
107 2509
107 2463
108 2154
108 2880
108 2509
109 2624
109 2154
109 2880
109 2509
109 2464
110 2624
110 2154
110 2880
110 2509
111 2624
111 2154
111 2880
112 2624
112 2154
112 2880
112 2509
112 2463
113 2624
113 2154
113 2880
113 2509
114 2624
114 2880
114 2509
114 2738
115 2624
115 2154
115 2880
115 2509
116 2154
116 2880
116 2509
116 2885
117 2624
117 2154
117 2880
117 2509
118 2624
118 2154
118 2880
119 2624
119 2154
119 2880
119 2509
120 2624
120 2154
120 2880
120 2509
121 2624
121 2154
121 2880
121 2509
122 2624
122 2154
122 2880
122 2509
123 2624
123 2154
123 2880
123 2509
124 2154
124 2880
124 2509
125 2624
125 2154
125 2880
125 2987
126 2624
126 2154
126 2880
126 2509
127 2624
127 2154
127 2880
127 2509
128 2624
128 2880
128 2509
129 2154
129 2880
129 2509
129 2890
129 2939
130 2624
130 2154
130 2880
130 2509
131 2154
131 2880
131 2890
132 2624
132 2154
132 2880
132 2509
132 2989
133 2154
133 2880
133 2509
133 2899
134 2624
134 2154
134 2880
134 2509
134 2055
135 2624
135 2154
135 2880
135 2509
135 2556
136 2509
136 2499
137 2624
137 2154
137 2509
138 2624
138 2154
139 2624
139 2154
139 2880
140 2624
140 2154
140 2880
140 2535
141 2624
141 2154
141 2880
141 2509
142 2624
142 2509
143 2624
143 2154
143 2880
143 2509
144 2624
144 2154
144 2880
144 2454
144 2989
145 2624
145 2154
145 2880
145 2509
146 2624
146 2880
146 2509
147 2624
147 2154
147 2509
148 2624
148 2154
148 2880
149 2624
149 2154
149 2880
149 2509
150 2624
150 2154
150 2880
150 2509
151 2624
151 2154
151 2509
151 2963
151 2923
152 2624
152 2154
152 2880
152 2509
153 2154
153 2880
153 2509
154 2624
154 2154
154 2880
154 2509
155 2624
155 2880
155 2509
155 2740
155 2885
156 2624
156 2154
156 2880
156 2509
156 2216
157 2624
157 2154
157 2509
158 2624
158 2154
158 2880
158 2509
159 2154
159 2880
159 2856
160 2624
160 2154
160 2880
161 2624
161 2154
161 2880
161 2509
161 2465
162 2624
162 2154
162 2880
162 2509
163 2624
163 2154
163 2880
163 2604
164 2624
164 2154
164 2880
164 2509
165 2624
165 2880
165 2509
165 2781
165 2062
166 2624
166 2154
166 2880
166 2509
167 2624
167 2154
167 2880
167 2509
168 2624
168 2154
168 2880
168 2509
169 2624
169 2154
169 2880
169 2509
170 2880
170 2509
171 2624
171 2154
171 2880
171 2509
172 2624
172 2154
172 2880
172 2509
173 2624
173 2154
173 2880
173 2509
173 2149
174 2624
174 2154
174 2880
175 2624
175 2154
175 2880
175 2509
176 2624
176 2154
176 2880
176 2509
177 2624
177 2880
177 2509
178 2624
178 2154
178 2880
178 2112
179 2624
179 2154
179 2509
179 2989
179 2488
179 2523
180 2624
180 2154
180 2880
180 2509
181 2154
181 2880
181 2509
181 2770
182 2624
182 2154
182 2880
182 2509
182 2556
183 2624
183 2154
183 2880
183 2509
184 2624
184 2154
184 2880
184 2509
184 2923
185 2624
185 2154
185 2880
185 2509
186 2624
186 2154
186 2880
186 2509
186 2989
187 2624
187 2154
187 2880
187 2509
188 2624
188 2154
188 2880
188 2509
189 2154
189 2880
189 2509
190 2624
190 2154
190 2880
190 2045
191 2624
191 2154
191 2880
191 2509
192 2624
192 2154
192 2880
192 2509
193 2624
193 2154
193 2880
193 2509
193 2989
193 2814
193 2963
194 2624
194 2154
194 2880
194 2509
194 2837
195 2154
195 2509
196 2624
196 2154
196 2509
196 2223
197 2624
197 2154
197 2880
197 2509
198 2624
198 2154
198 2880
199 2624
199 2154
199 2880
199 2509
200 2624
200 2154
200 2880
200 2556
200 2509
201 2624
201 2154
201 2880
201 2509
202 2624
202 2154
202 2880
202 2509
203 2624
203 2154
203 2509
204 2624
204 2154
204 2880
204 2509
205 2624
205 2154
205 2880
205 2509
205 2989
206 2624
206 2880
206 2509
206 2743
207 2624
207 2154
207 2880
208 2624
208 2154
208 2880
208 2556
208 2509
208 2454
209 2624
209 2154
209 2880
209 2509
210 2624
210 2880
210 2509
210 2727
211 2624
211 2154
211 2880
211 2509
212 2624
212 2154
212 2509
213 2880
213 2509
214 2624
214 2154
214 2880
214 2509
215 2624
215 2154
215 2880
215 2509
216 2624
216 2154
216 2880
216 2509
216 2890
217 2624
217 2154
217 2509
218 2624
218 2880
218 2509
218 2423
219 2624
219 2880
219 2509
220 2154
220 2880
220 2885
220 2890
220 2989
221 2624
221 2154
221 2880
221 2509
222 2154
222 2880
222 2509
223 2624
223 2154
223 2880
223 2509
224 2624
224 2154
224 2880
224 2556
224 2090
225 2624
225 2880
225 2509
225 2559
226 2624
226 2154
226 2880
227 2624
227 2154
227 2880
227 2509
228 2624
228 2154
228 2880
228 2509
229 2624
229 2154
229 2880
229 2509
229 2963
230 2624
230 2154
230 2880
230 2509
231 2624
231 2154
231 2880
231 2509
232 2624
232 2154
232 2880
232 2509
232 2148
232 2271
233 2624
233 2154
233 2880
233 2509
233 2923
234 2624
234 2154
234 2880
234 2138
235 2624
235 2880
235 2509
236 2624
236 2154
236 2880
236 2509
237 2624
237 2154
237 2509
238 2624
238 2154
238 2880
238 2509
239 2624
239 2154
239 2880
239 2509
239 2339
240 2624
240 2154
240 2880
240 2509
241 2624
241 2880
241 2556
242 2154
242 2880
242 2509
242 2890
243 2624
243 2154
243 2880
243 2509
244 2624
244 2154
244 2880
244 2509
244 2110
245 2624
245 2154
245 2880
245 2556
246 2624
246 2154
246 2509
247 2624
247 2154
247 2880
247 2509
248 2624
248 2154
248 2880
248 2509
249 2624
249 2154
249 2880
249 2509
249 2556
249 2890
249 2987
250 2154
250 2880
250 2509
251 2624
251 2154
251 2880
251 2509
252 2624
252 2154
252 2880
252 2509
253 2624
253 2154
253 2890
253 2963
253 2578
254 2154
254 2880
254 2509
255 2624
255 2154
255 2880
255 2509
256 2624
256 2154
256 2880
256 2509
256 2890
256 2738
257 2624
257 2154
257 2880
257 2509
257 2741
258 2624
258 2154
258 2223
258 2506
258 2755
259 2624
259 2154
259 2880
259 2556
259 2509
260 2624
260 2154
260 2880
260 2923
261 2624
261 2880
261 2509
262 2154
262 2880
262 2509
262 2989
263 2624
263 2154
263 2880
263 2509
263 2633
264 2624
264 2154
264 2509
264 2885
264 2633
265 2624
265 2154
265 2880
265 2509
266 2624
266 2154
266 2880
266 2509
266 2989
267 2624
267 2154
267 2880
267 2509
267 2989
268 2624
268 2154
268 2880
268 2509
268 2890
269 2624
269 2154
269 2509
270 2624
270 2154
270 2880
270 2509
271 2624
271 2880
271 2509
272 2154
272 2880
272 2509
273 2624
273 2154
273 2880
273 2509
273 2885
273 2094
273 2108
274 2624
274 2154
274 2509
274 2890
275 2624
275 2154
275 2880
275 2509
276 2880
277 2624
277 2154
277 2880
277 2890
278 2624
278 2154
278 2880
278 2509
279 2624
279 2154
279 2880
279 2509
280 2624
280 2154
280 2880
281 2624
281 2154
281 2880
281 2509
281 2223
281 2605
282 2624
282 2154
283 2624
283 2154
283 2880
283 2509
283 2890
284 2624
284 2154
284 2880
284 2509
284 2160
285 2624
285 2880
285 2509
286 2154
286 2509
287 2624
287 2154
287 2880
287 2509
288 2624
288 2154
288 2880
288 2787
289 2624
289 2154
289 2880
289 2509
290 2624
290 2154
290 2116
291 2624
291 2154
291 2880
291 2509
292 2624
292 2154
292 2880
292 2509
292 2127
293 2624
293 2154
293 2880
293 2509
293 2837
293 2110
293 2633
294 2624
294 2154
294 2880
294 2509
294 2755
295 2624
295 2154
295 2880
296 2624
296 2154
296 2880
296 2509
296 2717
297 2624
297 2154
297 2880
297 2509
298 2624
298 2154
298 2880
298 2509
299 2624
299 2154
299 2509
299 2276
300 2624
300 2154
300 2880
300 2509
301 2880
301 2509
302 2624
302 2154
302 2880
302 2509
303 2624
303 2154
303 2880
303 2509
304 2624
304 2154
304 2880
304 2509
305 2624
305 2154
305 2880
306 2624
306 2880
307 2624
307 2154
307 2880
308 2624
308 2154
308 2880
308 2509
309 2624
309 2154
309 2509
309 2223
309 2610
310 2154
310 2509
311 2624
311 2154
311 2880
311 2509
311 2885
312 2880
312 2509
312 2890
313 2624
313 2154
313 2880
313 2507
314 2624
314 2154
314 2880
314 2509
315 2624
315 2154
315 2880
316 2624
316 2154
316 2880
316 2509
317 2624
317 2154
317 2880
317 2509
318 2154
318 2880
318 2509
318 2110
319 2624
319 2880
319 2509
320 2624
320 2880
320 2509
320 2989
321 2624
321 2154
321 2880
321 2509
321 2463
322 2624
322 2154
322 2509
322 2885
323 2624
323 2154
323 2880
323 2509
323 2560
324 2624
324 2154
324 2509
325 2624
325 2154
325 2509
326 2154
326 2880
326 2509
326 2506
327 2624
327 2154
327 2880
327 2509
327 2220
327 2321
328 2624
328 2154
328 2509
328 2885
329 2624
329 2154
329 2880
329 2509
330 2624
330 2154
330 2880
331 2624
331 2154
331 2509
331 2890
332 2624
332 2154
332 2880
332 2509
332 2971
333 2624
333 2154
333 2880
333 2556
333 2509
334 2624
334 2880
334 2556
334 2401
335 2624
335 2154
335 2880
335 2509
336 2624
336 2154
336 2880
336 2509
337 2154
337 2880
337 2509
338 2624
338 2509
339 2624
339 2154
339 2880
340 2624
340 2154
340 2509
341 2624
341 2154
341 2880
341 2509
341 2890
341 2723
341 2242
342 2624
342 2154
342 2880
342 2509
343 2154
343 2880
343 2509
343 2442
344 2624
344 2154
344 2509
345 2624
345 2880
345 2509
346 2624
346 2154
346 2509
346 2556
346 2890
346 2288
347 2624
347 2154
347 2509
348 2624
348 2154
348 2880
349 2154
349 2880
349 2509
349 2421
349 2989
350 2624
350 2154
350 2880
350 2509
351 2154
351 2880
351 2509
352 2624
352 2154
352 2509
352 2559
353 2624
353 2154
353 2880
353 2509
354 2154
354 2880
355 2624
355 2154
355 2880
355 2509
356 2624
356 2154
356 2509
357 2624
357 2880
357 2509
358 2624
358 2154
358 2509
358 2740
359 2624
359 2154
359 2880
359 2509
360 2624
360 2509
361 2624
361 2509
362 2624
362 2154
362 2509
362 2299
363 2624
363 2880
363 2509
364 2154
364 2509
365 2624
365 2880
365 2509
365 2890
365 2454
366 2154
366 2509
366 2889
367 2624
367 2154
367 2880
367 2509
368 2624
368 2154
368 2509
369 2624
369 2880
369 2509
370 2154
370 2880
370 2556
370 2509
371 2154
371 2880
371 2509
372 2624
372 2880
372 2509
372 2556
373 2624
373 2154
373 2880
373 2509
374 2624
374 2154
374 2509
375 2624
375 2154
375 2880
376 2624
376 2154
376 2880
377 2624
377 2880
377 2509
377 2890
377 2923
378 2624
378 2880
378 2509
378 2890
378 2306
379 2624
379 2880
379 2509
380 2624
380 2880
380 2509
381 2154
381 2880
381 2509
381 2256
381 2454
382 2624
382 2154
382 2880
382 2509
382 2257
382 2463
383 2624
383 2880
384 43
385 2624
385 2880
385 2509
386 2624
386 2880
386 2509
387 2624
387 2154
387 2880
387 2556
387 2742
388 2624
388 2154
388 2880
388 2509
388 2885
389 2624
389 2154
389 2509
390 2624
390 2154
390 2880
390 2509
390 2989
391 2624
391 2154
391 2880
391 2509
391 2740
392 2624
392 2880
392 2837
392 2100
393 2624
393 2154
393 2880
393 2509
393 2989
394 2624
394 2154
394 2880
394 2509
394 2675
395 2624
395 2880
396 2624
396 2880
397 2624
397 2154
397 2880
397 2509
398 2624
398 2154
398 2880
398 2509
399 2624
399 2880
399 2509
399 2786
399 2241
400 2624
400 2154
400 2880
400 2509
401 2624
401 2154
401 2880
401 2509
402 2154
402 2880
402 2556
402 2509
403 2624
403 2154
403 2509
403 2289
404 2624
404 2154
404 2880
404 2509
405 2154
405 2880
405 2509
406 2624
406 2154
406 2880
406 2509
406 2989
407 2624
407 2154
407 2880
407 2509
408 2624
408 2154
408 2880
408 2509
408 2963
409 2624
409 2154
409 2509
409 2127
410 2624
410 2154
410 2880
410 2509
411 2624
411 2154
411 2880
411 2509
411 2271
412 2624
412 2154
412 2880
412 2509
413 2624
413 2154
413 2880
414 2624
414 2154
414 2880
414 2509
415 2624
415 2154
415 2880
415 2509
415 2743
415 2459
416 2154
416 2880
416 2509
416 2361
417 2624
417 2154
418 2154
418 2880
418 2509
418 2885
419 2624
419 2154
419 2880
419 2509
419 2885
420 2624
420 2154
420 2880
420 2509
420 2890
421 2624
421 2154
421 2880
421 2509
421 2823
421 2666
422 2624
422 2154
422 2880
422 2509
423 2624
423 2154
423 2509
424 2624
424 2154
424 2880
424 2556
424 2110
425 2624
425 2154
425 2880
426 2624
426 2154
426 2880
427 2624
427 2154
427 2880
427 2509
427 2032
428 2624
428 2154
428 2509
429 2624
429 2154
429 2880
429 2509
430 2624
430 2154
430 2880
430 2509
430 2726
431 2624
431 2154
431 2880
431 2509
431 2854
431 2463
432 2624
432 2154
432 2880
432 2509
432 2454
433 2624
433 2154
433 2880
433 2509
433 2989
433 2877
434 2624
434 2154
434 2880
434 2556
435 2624
435 2154
435 2880
435 2556
436 2624
436 2154
436 2880
436 2509
437 2624
437 2154
437 2880
437 2509
438 2624
438 2154
438 2880
438 2509
439 2154
439 2880
439 2509
439 2282
440 2624
440 2154
440 2509
440 2885
441 2624
441 2154
441 2880
441 2509
442 2624
442 2880
442 2509
443 2624
443 2154
443 2880
443 2509
443 2578
444 2624
444 2154
444 2880
444 2509
445 2624
445 2154
445 2880
445 2509
445 2890
446 2624
446 2154
446 2880
446 2509
447 2624
447 2154
447 2880
447 2509
447 2890
448 2923
449 2154
449 2880
449 2509
450 2624
450 2154
450 2880
450 2509
451 2624
451 2154
451 2880
451 2509
452 2624
452 2154
452 2880
452 2509
452 2226
452 2890
453 2624
453 2154
453 2880
453 2509
453 2345
454 2154
454 2880
454 2449
454 2496
455 2154
455 2880
455 2509
456 2154
456 2880
456 2509
457 2624
457 2154
457 2880
457 2509
458 2154
458 2880
458 2509
459 2624
459 2880
459 2509
460 2624
460 2154
460 2880
461 2154
461 2880
461 2509
462 2624
462 2154
462 2880
462 2509
463 2624
463 2154
463 2880
463 2509
464 2624
464 2154
464 2880
464 2509
464 2885
465 2624
465 2154
465 2880
465 2509
465 2556
465 2514
465 2885
466 2624
466 2154
466 2880
466 2509
467 2624
467 2154
467 2880
467 2509
468 2624
468 2154
468 2880
468 2885
469 2624
469 2154
469 2880
469 2509
470 2624
470 2880
470 2509
470 2890
471 2624
471 2154
471 2509
472 2154
472 2880
472 2509
473 2624
473 2154
473 2509
473 2110
474 2624
474 2154
474 2880
474 2509
474 2463
474 2617
474 2885
475 2624
475 2154
475 2880
475 2667
475 2634
476 2624
476 2154
476 2880
476 2509
476 2223
477 2154
477 2880
477 2509
477 2149
478 2624
478 2509
478 2989
479 2624
479 2154
479 2880
479 2509
479 2465
480 2624
480 2154
480 2880
480 2509
481 2624
481 2154
482 2624
482 2154
482 2880
482 2509
483 2624
483 2154
483 2880
483 2509
484 2624
484 2154
484 2880
484 2509
485 2624
485 2154
485 2880
485 2509
486 2624
486 2154
486 2509
486 2576
486 2885
487 2624
487 2154
487 2880
487 2509
487 2016
487 2110
488 2624
488 2154
488 2880
488 2484
489 2624
489 2154
489 2880
489 2509
490 2624
490 2154
490 2880
490 2509
490 2989
491 2624
491 2154
491 2880
492 2624
492 2154
492 2880
492 2509
492 2989
493 2624
493 2154
493 2880
494 2624
494 2154
494 2880
494 2509
495 2154
495 2880
495 2509
496 2624
496 2154
496 2880
496 2509
496 2885
497 2624
497 2154
497 2880
497 2509
498 2624
498 2154
498 2880
498 2509
498 2495
499 2154
499 2880
499 2509
500 2624
500 2154
500 2509
500 2942
501 2624
501 2509
502 2624
502 2154
502 2509
503 2624
503 2880
503 2509
504 2624
504 2154
504 2880
504 2634
504 2989
505 2154
505 2880
506 2624
506 2154
506 2880
506 2509
507 2624
507 2154
507 2509
508 2624
508 2154
509 2624
509 2880
510 2624
510 2154
510 2880
510 2509
511 2624
511 2154
511 2880
511 2509
512 2624
512 2880
512 2509
513 2624
513 2154
513 2880
513 2509
513 2179
514 2624
514 2154
514 2880
514 2223
514 2989
515 2624
515 2154
515 2509
515 2885
516 2624
516 2154
516 2880
516 2509
517 2624
517 2154
517 2880
517 2509
517 2890
518 2624
518 2154
518 2880
518 2509
519 2624
519 2154
519 2880
519 2509
519 2708
520 2154
520 2429
521 2624
521 2154
521 2880
521 2509
521 2271
522 2624
522 2154
522 2880
522 2509
523 2624
523 2154
523 2880
523 2509
524 2624
524 2154
524 2880
524 2509
525 2154
525 2880
525 2509
525 2271
526 2624
526 2154
526 2509
526 2556
527 2624
527 2154
527 2880
528 2624
528 2880
528 2509
529 2624
529 2154
529 2880
529 2509
530 2624
530 2154
530 2307
531 2624
531 2154
531 2880
531 2509
532 2624
532 2154
532 2880
532 2127
532 2243
533 2624
533 2154
533 2509
534 2624
534 2509
535 2624
535 2154
535 2880
535 2509
535 2633
536 2154
536 2880
536 2509
537 2154
537 2880
537 2509
538 2624
538 2154
538 2880
538 2421
539 2624
539 2880
540 2624
540 2154
540 2880
540 2509
541 2624
541 2154
541 2880
541 2509
542 2624
542 2154
542 2880
542 2509
543 2624
543 2154
543 2880
543 2509
543 2715
544 2624
544 2154
544 2509
545 2624
545 2154
545 2880
545 2882
545 2127
545 2223
546 2154
546 2880
546 2509
546 2633
547 2624
547 2154
547 2880
547 2556
547 2289
547 2439
547 2708
548 2624
548 2154
548 2880
548 2885
549 2624
549 2154
549 2880
549 2509
549 2364
550 2624
550 2154
550 2880
550 2509
551 2624
551 2154
551 2880
551 2509
552 2624
552 2154
552 2880
552 2509
552 2253
552 2899
553 2624
553 2154
553 2880
553 2127
554 2624
554 2154
554 2509
555 2624
555 2154
555 2880
555 2509
556 2154
556 2880
556 2509
556 2837
556 2890
557 2624
557 2154
557 2880
557 2556
557 2509
558 2624
558 2880
558 2885
559 2624
559 2154
559 2880
559 2509
560 2154
560 2880
560 2509
560 2743
561 2624
561 2154
561 2880
561 2509
562 2624
562 2154
562 2880
562 2509
563 2624
563 2154
563 2880
563 2509
563 2150
564 2624
564 2880
564 2509
564 2963
565 2154
565 2880
566 2624
566 2154
566 2880
566 2509
567 2154
567 2880
567 2509
568 2624
568 2154
568 2880
568 2509
569 2880
569 2509
570 2624
570 2154
570 2880
570 2509
571 2624
571 2880
571 2509
571 2942
572 2624
572 2154
572 2880
572 2509
573 2624
573 2154
573 2880
573 2509
573 2809
574 2624
574 2154
574 2880
575 2624
575 2154
575 2880
575 2509
576 2624
576 2154
576 2509
576 2743
577 2154
577 2509
578 2624
578 2154
578 2509
578 2514
579 2624
579 2154
579 2880
579 2509
579 2049
580 2154
580 2880
580 2509
581 2624
581 2154
581 2880
582 2624
582 2154
582 2880
582 2509
583 2624
583 2154
584 2624
584 2154
584 2880
584 2509
585 2624
585 2154
585 2880
585 2509
586 2154
586 2880
586 2509
586 2989
587 2624
587 2509
587 2032
587 2563
588 2624
588 2154
588 2880
588 2509
588 2271
589 2624
589 2154
589 2634
590 2624
590 2880
590 2509
590 2556
591 2624
591 2154
591 2880
591 2509
592 2624
592 2154
592 2880
592 2509
592 2810
593 2624
593 2154
593 2880
593 2995
594 2624
594 2154
594 2880
594 2509
594 2556
594 2989
594 2454
595 2624
595 2154
595 2880
595 2509
595 2885
596 2154
596 2880
596 2848
596 2877
596 2915
597 2624
597 2880
597 2509
598 2624
598 2154
598 2880
598 2509
599 2624
599 2154
599 2880
599 2509
600 2624
600 2154
600 2880
600 2509
600 2454
601 2624
601 2880
601 2509
601 2939
602 2624
602 2154
602 2509
602 2271
603 2624
603 2154
603 2880
603 2509
604 2624
604 2154
604 2880
604 2509
605 2624
605 2154
605 2509
606 2624
606 2154
606 2880
606 2509
606 2675
607 2624
607 2154
607 2880
607 2509
608 2624
608 2154
608 2880
608 2509
609 2624
609 2154
609 2880
609 2509
610 2154
610 2880
610 2509
611 2624
611 2880
611 2509
612 2624
612 2154
612 2880
612 2509
613 2624
613 2154
613 2880
613 2556
613 2743
613 2633
614 2624
614 2154
614 2880
614 2509
614 2855
615 2624
615 2154
615 2880
615 2509
616 2880
616 2509
616 2401
617 2624
617 2154
617 2880
617 2890
618 2154
618 2880
618 2509
618 2633
619 2624
619 2154
619 2880
619 2509
619 2639
620 2624
620 2154
620 2880
620 2509
620 2885
621 2624
621 2154
621 2880
621 2509
622 2624
622 2154
622 2880
622 2509
622 2256
623 2624
623 2154
623 2509
624 2624
624 2154
624 2880
624 2509
625 2624
625 2154
625 2880
625 2509
625 2433
626 2624
626 2154
626 2880
626 2509
627 2624
627 2154
627 2880
627 2509
627 2782
627 2621
628 2624
628 2154
628 2880
628 2509
629 2624
629 2154
629 2509
630 2624
630 2880
630 2509
630 2989
631 2624
631 2154
631 2880
631 2509
632 2624
632 2154
632 2880
632 2509
633 2624
633 2880
633 2509
634 2624
634 2154
634 2880
635 2624
635 2154
635 2880
635 2509
635 2634
636 2624
636 2880
636 2509
636 2634
637 2624
637 2154
637 2880
637 2509
637 2370
638 2624
638 2154
638 2880
638 2509
639 2624
639 2154
639 2880
640 2624
640 2154
640 2880
640 2556
640 2509
641 2624
641 2880
642 2154
642 2509
642 2885
643 2624
643 2880
643 2509
644 2624
644 2154
644 2880
644 2509
645 2624
645 2880
645 2509
646 2624
646 2154
646 2880
646 2509
646 2127
647 2624
647 2154
647 2880
647 2509
648 2624
648 2880
648 2509
649 2154
649 2880
649 2509
650 2624
650 2154
650 2880
650 2509
651 2624
651 2154
651 2880
651 2509
652 2624
652 2154
652 2880
652 2509
652 2989
653 2624
653 2154
653 2509
653 2740
654 2624
654 2154
654 2880
654 2837
655 2624
655 2880
655 2509
656 2624
656 2880
656 2509
657 2624
657 2154
657 2880
657 2509
657 2715
657 2989
657 2581
658 2154
658 2880
658 2556
658 2509
658 2589
659 2624
659 2154
659 2880
659 2509
660 2624
660 2154
660 2880
660 2509
660 2890
660 2115
660 2582
661 2624
661 2154
661 2880
661 2509
661 2759
661 2890
662 2624
662 2154
662 2880
662 2463
663 2154
663 2509
663 2556
664 2154
664 2880
664 2509
664 2885
664 2143
665 2624
665 2154
665 2880
665 2509
665 2463
666 2624
666 2154
666 2509
667 2624
667 2154
667 2880
667 2509
668 2624
668 2154
668 2880
668 2509
669 2624
669 2154
669 2880
669 2509
670 2624
670 2154
670 2880
670 2509
671 2624
671 2154
671 2880
671 2509
671 2359
672 2154
672 2880
672 2509
673 2624
673 2154
673 2880
673 2509
673 2890
673 2989
674 2624
674 2154
674 2880
674 2509
675 2624
675 2154
675 2880
675 2509
676 2624
676 2154
676 2880
676 2509
677 2154
677 2880
677 2509
678 2624
678 2154
678 2880
678 2509
678 2127
679 2624
679 2154
679 2880
679 2509
680 2624
680 2880
681 2624
681 2154
681 2880
681 2509
682 2624
682 2154
682 2880
682 2509
682 2271
682 3014
683 2624
683 2154
683 2880
683 2509
684 2624
684 2154
684 2880
684 2509
685 2624
685 2880
685 2509
685 2890
685 2053
686 2624
686 2880
686 2509
687 2154
687 2880
687 2509
688 2624
688 2154
688 2880
688 2509
688 2617
689 2154
689 2880
689 2509
689 2989
690 2624
690 2154
690 2880
690 2509
690 2207
691 2624
691 2154
691 2880
691 2509
692 2624
692 2154
692 2880
692 2509
693 2624
693 2509
693 2989
694 2624
694 2154
694 2880
694 2509
694 2989
695 2624
695 2154
695 2880
695 2509
696 2624
696 2154
696 2880
696 2509
696 2885
696 2370
697 2624
697 2154
697 2880
697 2509
698 2624
698 2154
698 2880
698 2509
699 2154
699 2880
699 2509
700 2624
700 2154
700 2880
700 2509
701 2624
701 2154
701 2880
701 2509
702 2624
702 2154
702 2880
702 2509
702 2708
702 2364
703 2624
703 2880
703 2509
704 2624
704 2880
704 2509
705 2624
705 2154
705 2880
705 2509
706 2154
706 2880
706 2509
707 2624
707 2154
707 2880
707 2509
708 2154
708 2880
708 2509
709 2624
709 2509
709 2986
709 2963
710 2624
710 2154
710 2880
710 2509
710 2708
711 2624
711 2880
711 2509
712 2624
712 2154
712 2880
713 2154
713 2880
714 2624
714 2154
714 2880
714 2509
714 2148
715 2154
715 2880
715 2509
716 2624
716 2154
716 2880
716 2509
716 2890
716 2515
717 2154
717 2880
717 2509
718 2624
718 2154
718 2880
718 2509
718 2462
719 2624
719 2154
719 2880
719 2509
719 2556
720 2624
720 2154
720 2880
720 2509
721 2624
721 2880
721 2509
722 2154
722 2880
722 2509
722 2205
723 2624
723 2154
723 2880
723 2509
724 2624
724 2880
724 2509
724 2126
725 2154
725 2880
726 2624
726 2154
726 2880
726 2509
727 2624
727 2509
728 2624
728 2154
728 2880
728 2509
728 2837
729 2624
729 2154
729 2880
729 2509
729 2223
729 2528
730 2624
730 2154
730 2880
730 2509
731 2624
731 2154
731 2880
731 2509
731 2708
731 2885
731 2837
732 2624
732 2154
732 2880
732 2509
733 2624
733 2154
733 2880
733 2509
734 2624
734 2154
734 2880
734 2509
734 2209
735 2624
735 2154
735 2880
735 2509
736 2624
736 2154
736 2880
736 2509
737 2880
737 2509
738 2624
738 2154
738 2880
738 2509
739 2624
739 2880
740 2624
740 2154
740 2880
740 2509
740 2885
741 2154
741 2880
741 2509
741 2885
742 2624
742 2154
742 2880
742 2509
742 2126
743 2624
743 2154
743 2880
743 2509
744 2154
744 2880
744 2509
745 2509
746 2624
746 2154
746 2509
746 2306
747 2624
747 2154
747 2509
747 2757
748 2624
748 2154
748 2880
748 2509
749 2624
749 2154
749 2880
749 2509
750 2624
750 2154
750 2880
750 2509
751 2624
751 2154
751 2880
751 2509
751 2308
752 2624
752 2154
752 2880
753 2624
753 2154
753 2880
753 2509
754 2624
754 2154
754 2880
755 2624
755 2880
755 2509
755 2708
755 2694
756 2154
756 2880
756 2509
756 2660
756 2331
757 2624
757 2154
757 2509
758 2154
758 2880
758 2509
759 2624
759 2154
759 2509
760 2624
760 2154
760 2880
760 2509
760 2313
761 2624
761 2154
761 2509
762 2624
762 2154
762 2880
762 2509
763 2624
763 2154
763 2880
763 2509
763 2708
764 2624
764 2154
764 2880
764 2509
764 2890
764 2743
764 2248
765 2624
765 2154
765 2880
765 2509
765 2882
765 2271
766 2624
766 2154
766 2509
767 2624
767 2154
767 2880
767 2509
768 2624
768 2154
768 2880
769 2624
769 2154
769 2880
770 2624
770 2154
770 2509
770 2703
771 2624
771 2154
771 2880
771 2509
771 2885
772 2624
772 2154
772 2880
772 2509
773 2624
773 2154
773 2880
773 2223
773 2454
774 2624
774 2154
774 2880
774 2509
774 2556
774 2740
775 2624
775 2154
775 2509
775 2989
776 2624
776 2154
776 2880
776 2509
777 2624
777 2154
777 2880
778 2624
778 2154
778 2880
778 2509
779 2624
779 2154
779 2880
779 2556
779 2509
780 2624
780 2154
780 2880
780 2509
781 2624
781 2880
781 2509
782 2624
782 2154
783 2154
783 2880
783 2509
783 2809
784 2624
784 2154
784 2880
784 2509
784 2989
785 2624
785 2154
785 2880
785 2509
786 2624
786 2154
786 2880
786 2509
786 2086
786 2812
787 2624
787 2154
787 2880
787 2509
788 2624
788 2154
788 2880
788 2509
789 2880
789 2509
790 2624
790 2154
790 2880
790 2509
791 2624
791 2880
791 2556
791 2509
791 2160
792 2624
792 2880
792 2509
792 2742
792 2885
793 2624
793 2154
793 2509
793 2318
793 2743
794 2624
794 2154
794 2880
794 2509
795 2624
795 2154
795 2509
796 2624
796 2154
796 2880
796 2509
796 2781
797 2624
797 2154
797 2509
798 2624
798 2154
798 2880
798 2509
798 2455
799 2624
799 2154
799 2880
799 2509
799 2625
800 2154
800 2509
800 2989
801 2624
801 2154
801 2880
801 2509
801 2989
801 2708
802 2624
802 2154
802 2880
803 2624
803 2880
803 2509
804 2624
804 2154
804 2880
804 2509
804 2535
805 2624
805 2154
805 2880
805 2509
805 2989
805 2223
806 2624
806 2154
806 2880
806 2509
807 2624
807 2880
808 2624
808 2154
808 2880
808 2483
809 2624
809 2880
809 2509
810 2624
810 2154
810 2880
810 2509
810 2923
811 2624
811 2154
811 2880
812 2154
812 2880
812 2989
813 2624
813 2154
813 2880
813 2509
814 2624
814 2880
814 2509
814 2923
815 2624
815 2154
815 2880
815 2509
816 2154
816 2509
816 2740
817 2624
817 2154
817 2880
817 2509
818 2154
818 2880
818 2509
819 2624
819 2880
819 2509
820 2154
820 2880
820 2509
820 2556
821 2624
821 2154
821 2509
821 2405
821 2989
822 2154
822 2880
822 2509
822 2654
823 2154
823 2880
823 2509
823 2885
824 2624
824 2154
824 2880
825 2624
825 2154
825 2880
825 2509
826 2880
826 2509
827 2624
827 2154
827 2880
827 2509
827 2885
828 2154
828 2880
828 2509
828 2787
829 2624
829 2154
829 2509
829 2837
830 2624
830 2154
830 2880
830 2509
830 2989
831 2624
831 2880
831 2709
832 2624
833 2624
833 2154
833 2880
833 2509
834 2624
834 2154
834 2880
834 2509
835 2624
835 2154
835 2880
835 2509
836 2624
836 2880
836 2509
836 2481
836 2885
837 2624
837 2509
838 2154
838 2880
838 2509
839 2624
839 2154
839 2880
839 2509
840 2624
840 2880
840 2509
841 2624
841 2154
841 2880
841 2509
841 2890
842 2624
842 2154
842 2509
843 2624
843 2154
843 2880
843 2509
844 2624
844 2154
844 2880
844 2509
844 2717
845 2154
845 2880
845 2509
846 2154
846 2880
846 2509
846 2989
847 2624
847 2154
847 2880
847 2509
847 2885
848 2624
848 2880
848 2509
849 2624
849 2154
849 2890
850 2624
850 2154
850 2509
851 2624
851 2880
851 2509
851 2334
852 2624
852 2154
852 2880
852 2509
853 2624
853 2154
853 2880
853 2509
854 2624
854 2154
854 2880
855 2624
855 2154
855 2880
855 2509
856 2624
856 2154
856 2880
856 2509
856 2890
857 2154
857 2880
857 2509
858 2624
858 2154
858 2880
858 2509
859 2624
859 2880
859 2556
860 2624
860 2154
860 2880
860 2509
861 2624
861 2154
861 2509
862 2624
862 2154
862 2509
863 2880
863 2509
864 2624
864 2154
864 2880
864 2509
865 2624
865 2154
865 2880
865 2556
865 2112
865 2889
866 2624
866 2154
866 2880
866 2509
866 2110
867 2624
867 2154
868 2154
868 2880
868 2509
869 2624
869 2154
869 2509
870 2624
870 2154
870 2880
870 2509
871 2154
871 2880
871 2183
872 2624
872 2154
872 2509
873 2624
873 2154
873 2880
873 2509
874 2624
874 2154
874 2880
874 2509
875 2624
875 2154
875 2880
876 2624
876 2154
876 2880
876 2509
877 2624
877 2880
877 2509
877 2118
878 2624
878 2154
878 2880
879 2624
879 2154
879 2880
879 2509
879 2456
880 2624
880 2154
880 2880
880 2509
881 2624
881 2880
881 2509
882 2624
882 2154
882 2880
882 2509
883 2624
883 2154
883 2880
883 2509
884 2624
884 2154
884 2880
884 2509
884 2885
885 2624
885 2154
885 2880
885 2509
885 2989
886 2624
886 2880
886 2509
886 2150
886 2740
887 2624
887 2154
887 2880
887 2509
887 2885
887 2581
888 2624
888 2880
888 2509
889 2624
889 2154
889 2509
890 2624
890 2154
890 2880
890 2509
890 2044
890 2950
891 2624
891 2154
891 2880
891 2509
891 2989
892 2154
892 2880
892 2509
893 2624
893 2509
894 2624
894 2154
894 2880
894 2509
894 2989
895 2624
895 2154
895 2509
895 2890
895 2948
896 2624
896 2154
896 2880
896 2509
897 2154
897 2880
898 2154
898 2880
898 2509
898 2271
899 2624
899 2154
899 2509
900 2624
900 2154
900 2880
900 2509
900 2044
901 2624
901 2154
901 2880
902 2624
902 2154
902 2509
903 2624
903 2154
903 2509
904 2624
904 2154
904 2509
905 2154
905 2509
905 2890
906 2624
906 2880
906 2509
906 2885
906 2708
907 2880
908 2624
908 2154
908 2880
908 2509
908 2726
908 2795
908 2703
909 2624
909 2154
909 2880
909 2509
910 2624
910 2154
910 2880
910 2509
910 2885
910 2923
911 2624
911 2154
911 2880
911 2509
912 2624
912 2880
912 2509
912 2551
913 2624
913 2880
913 2509
914 2624
914 2154
914 2880
914 2509
915 2624
915 2154
915 2880
915 2509
916 2624
916 2154
916 2509
917 2624
917 2154
917 2509
918 2624
918 2154
918 2880
918 2509
919 2154
919 2880
919 2509
919 2708
920 2624
920 2154
920 2880
920 2509
920 2589
920 2464
921 2154
921 2880
921 2509
922 2624
922 2154
922 2509
923 2624
923 2154
923 2880
923 2509
923 2556
923 2890
924 2624
924 2154
924 2880
924 2509
925 2154
925 2880
925 2890
926 2624
926 2880
926 2509
927 2624
927 2154
927 2880
927 2509
928 2624
928 2154
928 2509
928 2890
929 2624
929 2154
929 2880
929 2509
930 2624
930 2154
930 2509
931 2624
931 2154
931 2509
931 2989
932 2624
932 2154
932 2880
932 2509
933 2154
933 2880
933 2509
933 2885
934 2154
934 2880
934 2509
934 2634
935 2154
935 2880
935 2509
935 2454
935 2484
936 2624
936 2880
936 2509
937 2624
937 2154
937 2880
937 2509
937 2933
938 2624
938 2154
938 2880
938 2509
938 2923
938 2377
939 2624
939 2880
939 2509
939 2454
940 2624
940 2154
940 2880
941 2624
941 2154
941 2880
941 2509
941 2263
941 2989
942 2624
942 2154
942 2509
943 2154
943 2880
943 2509
944 2624
944 2154
944 2509
944 2463
945 2624
945 2154
945 2509
945 2631
945 2885
946 2154
946 2880
946 2509
946 2740
946 2633
947 2624
947 2154
947 2880
947 2509
948 2154
948 2880
948 2509
949 2624
949 2154
949 2880
950 2624
950 2154
950 2880
950 2509
950 2743
951 2624
951 2880
951 2509
952 2624
952 2154
952 2880
952 2509
953 2624
953 2154
953 2880
953 2509
953 2885
953 2827
954 2624
954 2154
954 2509
955 2624
955 2154
955 2880
955 2509
956 2154
956 2509
957 2624
957 2154
957 2509
958 2624
958 2880
958 2509
958 2890
959 2624
959 2154
959 2880
959 2509
960 2624
960 2154
960 2880
961 2624
961 2154
961 2880
961 2509
962 2624
962 2154
962 2880
962 2509
963 2624
963 2880
963 2509
964 2624
964 2880
964 2509
965 2624
965 2154
965 2509
965 2890
966 2624
966 2880
966 2509
967 2154
967 2880
967 2509
968 2624
968 2154
969 2154
969 2880
969 2885
970 2624
970 2154
970 2880
970 2509
971 2624
971 2154
971 2880
971 2509
972 2624
972 2154
972 2880
972 2509
972 2890
973 2624
973 2154
973 2963
974 2624
974 2154
974 2880
974 2989
975 2624
975 2154
975 2880
975 2509
976 2624
976 2154
976 2509
977 2624
977 2154
977 2880
977 2509
977 2462
978 2624
978 2154
978 2880
978 2509
978 2837
978 2248
979 2624
979 2154
979 2880
979 2509
980 2624
980 2154
980 2880
980 2509
981 2624
981 2154
981 2880
981 2509
981 2788
981 2989
982 2624
982 2880
982 2509
982 2163
983 2624
983 2154
983 2880
983 2509
984 2624
984 2154
984 2880
984 2509
984 2556
984 2693
985 2624
985 2154
985 2880
985 2509
985 2556
985 2890
985 2780
985 2885
986 2624
986 2154
986 2880
986 2509
986 2127
987 2880
987 2509
988 2624
988 2154
988 2989
988 2417
989 2624
989 2154
989 2880
989 2509
989 2837
990 2624
990 2154
990 2880
990 2509
990 2471
990 2433
991 2624
991 2154
991 2880
991 2509
991 2890
992 2624
992 2880
992 2509
993 2154
993 2880
993 2509
993 2890
994 2624
994 2154
994 2880
995 2624
995 2154
995 2880
995 2509
995 2463
996 2624
996 2880
996 2509
997 2624
997 2154
997 2880
997 2509
997 2556
998 2624
998 2154
998 2880
998 2509
998 2634
999 2624
999 2154
999 2880
999 2509
1000 2624
1000 2154
1000 2880
1000 2509
1000 2220
1000 2885
1001 2624
1001 2154
1001 2880
1001 2509
1002 2624
1002 2154
1002 2880
1002 2885
1003 2624
1003 2154
1003 2880
1003 2509
1004 2624
1004 2154
1004 2880
1004 2509
1005 2624
1005 2154
1005 2880
1005 2509
1006 2624
1006 2154
1006 2880
1006 2556
1006 2509
1006 2117
1007 2624
1007 2154
1007 2880
1007 2509
1008 2624
1008 2880
1008 2509
1009 2624
1009 2154
1009 2880
1009 2509
1010 2624
1010 2154
1010 2880
1010 2509
1011 2624
1011 2154
1011 2509
1012 2624
1012 2154
1012 2880
1012 2509
1012 2291
1013 2624
1013 2154
1013 2880
1013 2110
1013 2885
1014 2624
1014 2154
1014 2880
1014 2509
1015 2624
1015 2154
1015 2880
1015 2509
1016 2624
1016 2154
1016 2880
1016 2509
1016 2633
1045 296
1047 507
1048 1005
1050 835
1053 91
1322 518
1322 410
1056 251
1057 878
1057 460
1058 350
1060 346
1060 739
1322 874
1063 686
1065 694
1065 432
1068 694
1068 836
1069 619
1071 586
1072 724
1074 358
1076 174
1076 223
1077 704
1078 916
1322 11
1322 382
1080 942
1080 617
1081 151
1081 408
1082 443
1082 216
1083 92
1083 498
1084 499
1084 253
1085 851
1085 588
1086 701
1086 795
1088 973
1088 546
1089 620
1089 696
1091 835
1092 116
1092 620
1094 82
1095 486
1097 285
1097 900
1098 159
1098 255
1101 160
1102 14
1103 1008
1104 944
1104 254
1106 191
1107 308
1108 333
1108 437
1110 878
1111 587
1111 647
1112 810
1112 575
1113 952
1113 228
1114 189
1114 756
1116 569
1116 378
1117 856
1117 442
1119 527
1120 1009
1121 696
1122 32
1123 223
1123 13
1124 90
1125 195
1128 188
1129 167
1129 763
1130 152
1131 948
1133 418
1134 772
1135 197
1136 300
1136 564
1137 752
1140 184
1140 942
1141 218
1142 49
1142 401
1143 331
1143 888
1322 580
1144 943
1145 68
1145 966
1146 222
1146 123
1147 199
1147 450
1148 40
1148 140
1149 115
1150 593
1150 293
1151 838
1151 925
1152 874
1152 989
1154 230
1154 248
1156 472
1157 471
1157 191
1159 195
1159 98
1160 878
1160 290
1161 405
1162 368
1162 755
1163 835
1164 801
1164 293
1165 938
1165 730
1166 659
1167 213
1167 60
1168 670
1168 957
1169 459
1169 202
1172 504
1173 880
1173 580
1175 115
1175 504
1180 623
1183 323
1185 721
1185 284
1186 435
1186 792
1187 80
1187 215
1190 749
1191 808
1192 154
1192 683
1194 502
1194 247
1195 500
1196 491
1197 937
1199 626
1199 809
1200 849
1200 516
1201 905
1203 354
1203 644
1204 1000
1204 451
1205 128
1205 828
1206 941
1209 12
1209 571
1210 726
1210 990
1214 1014
1214 218
1215 669
1216 422
1216 942
1322 620
1322 314
1217 398
1217 682
1218 887
1219 345
1219 625
1220 167
1220 815
1222 377
1224 1008
1226 651
1226 577
1227 717
1228 915
1228 613
1229 235
1230 997
1231 427
1231 924
1232 539
1233 519
1233 462
1235 131
1235 222
1236 719
1236 802
1237 905
1237 846
1238 761
1240 50
1240 289
1243 438
1244 327
1244 586
1246 13
1247 420
1248 977
1248 211
1249 688
1250 939
1252 871
1252 535
1253 617
1255 244
1256 698
1257 76
1257 818
1258 47
1258 536
1262 570
1262 956
1263 780
1266 341
1266 639
1267 234
1268 352
1268 472
1270 31
1271 698
1271 447
1272 972
1274 509
1322 881
1276 289
1276 196
1277 302
1279 276
1279 309
1281 202
1282 753
1283 331
1283 63
1284 56
1285 828
1285 315
1287 527
1287 667
1288 220
1288 123
1322 283
1289 661
1289 878
1291 62
1293 640
1294 93
1295 491
1297 886
1299 218
1299 390
1300 840
1301 801
1302 340
1302 256
1303 609
1303 704
1304 14
1305 314
1305 7
1306 441
1306 248
1308 663
1308 302
1309 163
1309 861
1311 674
1311 852
1322 122
1322 837
1315 264
1315 443
1319 439
1320 423
1321 598
1321 104
1322 142
1323 166
1323 627
1325 854
1325 55
1326 856
1327 468
1327 209
1328 627
1330 949
1330 91
1331 259
1331 66
1332 232
1334 600
1336 624
1336 274
1337 375
1337 633
1338 133
1338 528
1339 745
1339 593
1340 423
1340 319
1341 802
1341 26
1342 203
1342 2
1344 810
1345 843
1345 135
1349 823
1349 501
1351 756
1352 226
1352 343
1353 650
1353 132
1355 714
1357 55
1357 96
1360 610
1360 427
1362 437
1363 296
1363 931
1367 129
1368 305
1369 145
1370 112
1372 529
1373 618
1373 185
1375 527
1375 472
1377 889
1377 994
1322 828
1380 621
1381 285
1383 258
1383 783
1322 74
1385 188
1390 706
1391 297
1391 63
1392 791
1392 217
1393 210
1393 1005
1394 603
1394 513
1395 395
1395 310
1396 650
1396 905
1398 1011
1398 867
1399 1009
1399 111
1400 1014
1403 288
1403 173
1406 14
1407 119
1409 408
1410 491
1410 542
1412 214
1413 448
1414 989
1415 514
1415 811
1416 352
1417 428
1418 809
1419 370
1423 769
1423 174
1425 617
1426 711
1427 919
1427 775
1428 478
1430 888
1430 399
1431 624
1432 640
1433 557
1433 418
1435 752
1437 26
1437 861
1438 590
1438 396
1439 230
1440 36
1441 526
1441 459
1442 552
1444 138
1444 552
1445 325
1446 630
1446 944
1447 305
1449 586
1449 323
1450 961
1450 748
1451 695
1451 37
1454 298
1455 367
1455 872
1456 232
1457 995
1459 877
1459 63
1460 423
1460 661
1462 817
1462 130
1463 486
1463 704
1464 309
1465 633
1322 286
1466 456
1467 284
1468 404
1469 898
1469 694
1470 126
1472 744
1472 252
1473 616
1474 442
1474 168
1476 389
1476 522
1478 470
1480 546
1480 358
1483 108
1483 421
1484 781
1486 873
1487 820
1488 449
1488 804
1490 595
1490 709
1491 708
1492 544
1493 346
1494 560
1495 641
1496 620
1496 170
1497 469
1498 406
1498 949
1499 483
1500 355
1501 106
1502 296
1502 75
1503 338
1503 839
1504 564
1504 546
1505 40
1506 807
1506 322
1507 176
1507 387
1509 346
1509 199
1510 611
1510 632
1512 187
1513 643
1513 917
1514 448
1514 105
1515 69
1516 523
1516 889
1517 218
1517 392
1322 814
1518 698
1518 583
1521 512
1521 894
1523 591
1525 999
1526 638
1527 589
1528 913
1531 848
1531 320
1532 1009
1535 699
1535 413
1538 509
1538 274
1539 512
1539 494
1540 555
1541 189
1541 262
1542 754
1542 708
1543 630
1544 81
1545 961
1545 944
1547 907
1547 744
1548 899
1548 411
1549 933
1549 202
1551 685
1551 659
1553 222
1554 649
1554 620
1555 815
1556 558
1556 204
1557 877
1557 878
1558 565
1560 356
1560 83
1562 415
1563 830
1563 331
1566 427
1566 932
1570 916
1570 143
1572 606
1573 381
1574 360
1575 764
1575 942
1576 899
1576 290
1577 976
1578 503
1578 454
1579 735
1579 681
1580 201
1581 362
1581 414
1582 780
1582 968
1583 482
1583 91
1584 761
1585 843
1586 336
1586 879
1588 60
1588 859
1591 117
1591 997
1592 942
1594 525
1594 539
1595 700
1597 437
1597 163
1598 210
1599 263
1322 866
1604 274
1605 741
1607 4
1607 132
1609 972
1609 1011
1611 641
1615 635
1322 490
1618 529
1618 726
1619 793
1619 150
1622 90
1622 961
1623 578
1624 383
1624 433
1625 539
1625 131
1627 917
1627 820
1628 358
1630 341
1631 710
1632 798
1632 609
1634 512
1634 249
1635 523
1635 626
1636 847
1636 768
1322 921
1638 349
1639 113
1639 319
1640 1
1641 936
1641 776
1642 599
1642 447
1645 444
1645 41
1646 569
1646 280
1647 938
1322 884
1649 232
1651 1016
1651 408
1652 208
1654 954
1654 394
1658 897
1658 710
1661 721
1662 85
1663 776
1664 50
1665 401
1665 382
1322 78
1668 115
1668 223
1670 941
1670 90
1671 7
1672 682
1673 83
1673 447
1674 7
1674 1012
1677 446
1678 20
1679 233
1679 67
1680 46
1681 637
1681 765
1684 1010
1685 670
1685 344
1687 866
1687 567
1689 832
1690 409
1690 973
1691 554
1691 177
1692 539
1693 938
1693 459
1694 694
1694 514
1695 88
1697 463
1697 329
1698 226
1700 151
1700 1006
1701 713
1701 230
1702 966
1703 628
1703 22
1705 438
1706 308
1708 920
1709 975
1709 555
1710 76
1710 491
1322 344
1322 618
1711 978
1715 589
1716 21
1716 479
1718 427
1719 22
1719 418
1721 923
1721 220
1723 603
1723 765
1322 673
1727 609
1728 146
1728 841
1729 874
1729 105
1731 703
1731 396
1732 603
1732 115
1733 13
1734 843
1734 283
1735 190
1735 538
1738 533
1738 420
1739 996
1741 743
1741 733
1742 648
1742 314
1743 47
1743 887
1744 301
1744 212
1746 962
1746 200
1748 841
1748 10
1322 323
1750 119
1750 990
1751 762
1754 188
1754 844
1755 178
1755 759
1756 123
1756 540
1757 433
1757 994
1759 507
1760 305
1760 404
1762 168
1762 615
1763 56
1763 367
1764 595
1764 2
1766 628
1768 630
1771 836
1772 402
1772 445
1322 479
1322 134
1773 116
1773 923
1774 552
1774 362
1777 810
1777 229
1778 1009
1780 351
1780 859
1781 176
1782 955
1783 430
1784 706
1785 474
1785 550
1786 731
1786 907
1788 178
1789 959
1791 179
1791 657
1792 435
1792 287
1793 1007
1794 1003
1794 121
1796 88
1796 409
1799 683
1800 769
1802 547
1803 810
1804 557
1804 459
1805 3
1805 948
1806 426
1807 717
1807 359
1808 435
1808 278
1810 431
1810 909
1811 763
1811 636
1816 710
1816 985
1818 691
1819 315
1820 1000
1821 154
1322 874
1823 1013
1827 488
1827 257
1828 36
1828 123
1829 697
1829 474
1831 349
1832 125
1832 133
1833 418
1834 191
1835 395
1835 517
1836 45
1839 739
1839 827
1840 531
1840 263
1841 84
1841 830
1842 482
1843 50
1843 705
1844 403
1844 776
1847 85
1847 589
1849 548
1849 754
1851 580
1851 135
1852 47
1852 574
1853 406
1857 72
1860 253
1861 497
1862 636
1863 994
1864 84
1867 164
1867 587
1869 617
1871 505
1872 772
1872 83
1873 660
1873 218
1874 838
1874 566
1875 569
1875 899
1322 820
1322 423
1877 449
1878 677
1879 638
1879 494
1880 802
1881 857
1882 321
1882 636
1883 648
1883 625
1885 940
1885 607
1886 823
1888 676
1888 716
1891 881
1892 352
1893 463
1894 748
1896 882
1896 562
1897 460
1897 3
1898 1010
1900 173
1900 20
1902 425
1903 452
1906 987
1908 569
1910 653
1910 321
1911 431
1912 694
1914 200
1914 362
1915 217
1915 498
1916 264
1917 199
1918 946
1918 455
1920 770
1920 481
1921 659
1921 674
1923 610
1923 602
1925 160
1925 536
1926 243
1926 783
1928 266
1929 354
1929 744
1930 353
1931 669
1931 768
1932 272
1932 926
1933 231
1935 68
1936 352
1937 759
1939 401
1940 471
1941 632
1943 182
1944 126
1945 163
1945 460
1946 56
1946 63
1947 354
1948 505
1950 1015
1950 891
1951 399
1951 728
1952 725
1953 989
1953 531
1954 811
1955 61
1957 773
1957 177
1958 105
1958 833
1959 968
1962 241
1963 361
1963 908
1964 951
1968 601
1969 365
1969 833
1972 718
1974 908
1974 284
1975 865
1975 181
1976 985
1976 81
1977 510
1322 449
1322 491
1982 251
1983 879
1984 296
1985 214
1985 580
1986 146
1987 65
1989 275
1989 355
1990 396
1990 899
1993 471
1993 424
1994 369
1997 330
1998 272
1998 807
1322 556
1322 224
2003 726
2003 910
2004 1015
2007 324
2007 913
2008 342
1322 136
2009 304
2009 766
2010 302
2010 415
2013 427
1322 706
1322 993
2016 2013
2016 2009
2016 1831
2016 1494
2016 1469
2016 1483
2016 1263
2016 1167
2017 1986
2017 1373
2017 1198
2017 1134
2018 1965
2018 1797
2018 1738
2018 1590
2018 1465
2018 1224
2018 1097
2019 1893
2019 1937
2019 1927
2019 1481
2019 1156
2020 1945
2020 1584
2020 1586
2020 1549
2020 1564
2020 1418
2020 1323
2020 1152
2021 1678
2021 1362
2022 1445
2022 1343
2022 1122
2022 1088
2022 2793
2023 1996
2023 1853
2023 1576
2023 1332
2024 1971
2024 1534
2024 1465
2024 1427
2024 1178
2025 1961
2025 1809
2025 1317
2025 1247
2025 1128
2025 2212
2026 1950
2026 2003
2026 1586
2026 1636
2026 1418
2026 1216
2026 2450
2027 1694
2027 1629
2027 1651
2027 1383
2027 1164
2027 2700
2028 1870
2028 1838
2028 1446
2028 1443
2028 1339
2028 1327
2028 1143
2029 1955
2029 1942
2029 1627
2029 1403
2030 1506
2030 1571
2030 1437
2030 1254
2030 2151
2031 1861
2031 1815
2031 1671
2031 1618
2031 1054
2032 1849
2032 1788
2032 1832
2032 1699
2032 1529
2032 1516
2032 2743
2032 2154
2033 1923
2033 1782
2033 1709
2033 1402
2033 1383
2033 1317
2033 1320
2034 1735
2034 1623
2034 1660
2034 1557
2034 1250
2034 1176
2034 2211
2035 1190
2035 1067
2035 2485
2035 2768
2036 1872
2036 1486
2036 2274
2036 2580
2037 1605
2037 1414
2037 1342
2038 1853
2038 1904
2038 1829
2038 1845
2038 1667
2038 1352
2038 1141
2038 1201
2038 1061
2039 1433
2039 1237
2040 1830
2040 1803
2040 1656
2040 1451
2040 1308
2040 2038
2040 2404
2041 1927
2041 1676
2041 1600
2041 1460
2041 1350
2041 1374
2041 1166
2041 1064
2041 1121
2042 1708
2042 1511
2042 1485
2042 1288
2042 1212
2043 1848
2043 1721
2043 1405
2043 1385
2043 1373
2043 1177
2043 1122
2043 1076
2043 2262
2044 1885
2044 1674
2044 1605
2044 1448
2044 1359
2045 1879
2045 1605
2045 1182
2045 1102
2045 2621
2046 1915
2046 1406
2046 1274
2046 1261
2046 1237
2046 1204
2046 2158
2047 1855
2047 1930
2047 1463
2047 1290
2047 1304
2047 1086
2048 1861
2048 1718
2048 1647
2048 1596
2048 1396
2048 1144
2049 1990
2049 1725
2049 1417
2049 1442
2049 1276
2049 1102
2050 1693
2050 1663
2050 1482
2050 1316
2050 1234
2050 1225
2050 1299
2050 2665
2051 1621
2051 1551
2051 1171
2051 1209
2051 2622
2052 1692
2052 1745
2052 1687
2052 1299
2053 1914
2053 1789
2053 1699
2053 1725
2053 1668
2053 1527
2053 1398
2053 1376
2054 1925
2054 1752
2054 1514
2054 1479
2054 1201
2054 2255
2055 1843
2055 1817
2055 1688
2055 1401
2055 1358
2056 1928
2056 1492
2056 1306
2057 1880
2057 1862
2057 1232
2057 1137
2058 1855
2058 1863
2058 1846
2058 1838
2058 1226
2058 1271
2058 1125
2059 1940
2059 1826
2059 1813
2059 1606
2059 1085
2059 1119
2059 1103
2060 1776
2060 1578
2060 1146
2060 1189
2061 1800
2061 1771
2061 1339
2061 1362
2061 1168
2061 1118
2062 1857
2062 1785
2062 1812
2062 1716
2062 1483
2062 1291
2063 1896
2063 1689
2063 1315
2063 1395
2063 1295
2064 1950
2064 1945
2064 2006
2064 1889
2064 1720
2064 1549
2064 1517
2064 1352
2064 1099
2064 2520
2064 2450
2065 1792
2065 1660
2065 1601
2065 1505
2065 1446
2065 1360
2065 1197
2065 1049
2066 1956
2066 1682
2066 1296
2066 1297
2066 1065
2066 1104
2066 2232
2067 1964
2067 1798
2067 1740
2067 1579
2068 1987
2068 1587
2068 1397
2068 2513
2068 2195
2069 1869
2069 1870
2069 1410
2069 1330
2069 1344
2069 1282
2069 1187
2069 1046
2069 1101
2069 2145
2070 1727
2070 1406
2070 1345
2070 1312
2071 1977
2071 1842
2071 1518
2071 1386
2071 1388
2071 1311
2071 1063
2071 2474
2072 1387
2072 1086
2073 1958
2073 1696
2073 1698
2073 1242
2073 1107
2073 1070
2073 1095
2074 1768
2074 1841
2074 1538
2074 1512
2074 1485
2074 1288
2074 1136
2074 1133
2075 1824
2075 1738
2075 1223
2075 1186
2076 1361
2076 1288
2077 1955
2077 2000
2077 1782
2077 1296
2077 1163
2077 2764
2078 1938
2079 1893
2079 1573
2079 1517
2079 1431
2079 1333
2079 1192
2079 1216
2079 1131
2080 1877
2080 1302
2080 1089
2081 1963
2081 1808
2081 1740
2081 1272
2082 1675
2082 1610
2082 1647
2082 1547
2082 1507
2082 1424
2082 1449
2082 1408
2082 1247
2082 1144
2083 1867
2083 1743
2083 1640
2083 1526
2083 1558
2083 1472
2083 1461
2083 1371
2083 1375
2083 1193
2085 1887
2085 1825
2085 1842
2085 1340
2085 1298
2085 1275
2085 1148
2085 2508
2086 1981
2086 1916
2086 1567
2087 1959
2087 2007
2087 1823
2087 1744
2087 1694
2087 1733
2087 1163
2088 1917
2088 1724
2088 1712
2088 1578
2088 1305
2088 1221
2088 2084
2089 1900
2089 1152
2089 2969
2090 1616
2090 1484
2090 1353
2090 1182
2090 1074
2091 1787
2091 1592
2091 1504
2091 1324
2091 1284
2092 1971
2092 1696
2092 1592
2092 1496
2093 1703
2093 1693
2093 1345
2093 1260
2093 1237
2093 1146
2094 1924
2094 1777
2094 1608
2094 1536
2094 1469
2094 1276
2094 1169
2095 1757
2095 1814
2095 1654
2095 1157
2096 2011
2096 1966
2096 1806
2096 1728
2096 1666
2096 1661
2096 1087
2096 2549
2097 1930
2097 1485
2097 1304
2098 1554
2099 1872
2099 1730
2099 1487
2099 1077
2100 1831
2100 1529
2101 1787
2101 1576
2101 1436
2101 1190
2101 1068
2101 1064
2102 1967
2102 1930
2102 1601
2102 1286
2102 1226
2102 1078
2103 1962
2103 1880
2103 1553
2103 1465
2103 1314
2103 1284
2103 1160
2103 1067
2104 1496
2104 1418
2104 1363
2104 1389
2104 1152
2104 2424
2105 1917
2105 1633
2105 1530
2105 1570
2105 1189
2105 1180
2105 2280
2105 2799
2106 1797
2106 1752
2106 1397
2106 1186
2107 1909
2107 1581
2107 1378
2107 1091
2108 1960
2108 1843
2108 1291
2108 1309
2108 1251
2108 1167
2108 2463
2109 1966
2109 1854
2109 1715
2109 1461
2109 2937
2110 1990
2110 1999
2110 1812
2110 1834
2110 1567
2110 1508
2110 1414
2110 1252
2110 2582
2111 1982
2111 1929
2111 1881
2111 1836
2111 1696
2111 1738
2111 1612
2111 1499
2111 1269
2111 1259
2111 1216
2111 3002
2112 1954
2112 1922
2112 1630
2112 1567
2112 1251
2113 1740
2113 1659
2113 1619
2113 1378
2113 1395
2113 1066
2113 2087
2114 1913
2114 1840
2114 1760
2114 1506
2114 1335
2114 1243
2114 1235
2114 1157
2114 1138
2114 2555
2115 1672
2115 1502
2116 1922
2116 1644
2116 1646
2116 1567
2116 1483
2116 1401
2116 1417
2116 1258
2116 1252
2117 1817
2117 1542
2117 1473
2117 1399
2118 1688
2118 1191
2119 1678
2119 1722
2119 1607
2119 1519
2119 1453
2119 1205
2119 1165
2119 1088
2119 1111
2119 2221
2120 1956
2120 1963
2120 1711
2120 1547
2120 1412
2120 1351
2120 1272
2120 2678
2121 1890
2121 1732
2121 1734
2121 1566
2121 1554
2121 1089
2122 1645
2122 1556
2122 1499
2122 1540
2122 1419
2122 1460
2122 1166
2122 1061
2122 2993
2123 1490
2123 1506
2123 1454
2123 1254
2123 1136
2123 1181
2124 1921
2124 1869
2124 1444
2124 1271
2124 1200
2124 1219
2124 1118
2125 1883
2125 1708
2125 1288
2125 1200
2125 1176
2125 1076
2125 2985
2126 2014
2126 1832
2126 1536
2126 1493
2126 1483
2126 2242
2126 2334
2127 1990
2127 1513
2127 1276
2127 1310
2127 1150
2127 1202
2127 1056
2127 1082
2127 2307
2127 2421
2128 1660
2128 1271
2128 1283
2128 1183
2128 1127
2129 1995
2129 1973
2129 1909
2129 1746
2129 1277
2129 1292
2129 1128
2129 1091
2131 1903
2131 1205
2131 2452
2132 1509
2132 1356
2133 1128
2133 1100
2133 2817
2134 1951
2134 1821
2134 1798
2134 1561
2134 1457
2134 1199
2134 1050
2135 1804
2135 1826
2135 1480
2135 1420
2136 1787
2136 1632
2136 1481
2136 1259
2136 1242
2137 1904
2137 1720
2137 1423
2137 1278
2137 1137
2138 1954
2138 1879
2138 1906
2138 1748
2138 1473
2138 1202
2138 2581
2139 1947
2139 1994
2139 1826
2139 1684
2139 1621
2139 1255
2139 1204
2139 1057
2140 2000
2140 1806
2140 1100
2140 2719
2141 1904
2141 1720
2141 1658
2141 1549
2141 1451
2141 1284
2141 1064
2141 1068
2142 1568
2142 1559
2142 2983
2143 1885
2143 1788
2143 1513
2143 1130
2143 2242
2144 1974
2144 1588
2144 1622
2144 1438
2144 1292
2144 1249
2145 1913
2145 1768
2145 1467
2145 1463
2145 1273
2145 1134
2145 1139
2146 1783
2146 1619
2146 1558
2146 1561
2146 1087
2147 1277
2147 1194
2147 2081
2147 2863
2148 1794
2148 1761
2148 1575
2148 1469
2148 1456
2148 1331
2148 2483
2149 1812
2149 1456
2149 1174
2149 2914
2149 2810
2150 1885
2150 1748
2150 1251
2150 1202
2150 1082
2151 1773
2151 1572
2151 1437
2151 1366
2151 1313
2151 1157
2152 1951
2152 1766
2152 1715
2152 1743
2152 1541
2152 1474
2152 1412
2152 1351
2153 2006
2153 1667
2153 1632
2153 1584
2153 1079
2153 1061
2154 1123
2154 1251
2154 1502
2154 1748
2155 1932
2155 1758
2155 1795
2155 1628
2155 1566
2155 1390
2155 1221
2156 1774
2156 1606
2156 1409
2156 1416
2156 1237
2156 1055
2156 1109
2157 1904
2157 1929
2157 1830
2157 1427
2157 1131
2157 2428
2158 1741
2158 1347
2158 1379
2158 1318
2158 1225
2159 1971
2159 1747
2159 1532
2159 1479
2159 1419
2159 1441
2159 1384
2159 1350
2159 1259
2159 1232
2160 1926
2160 1777
2160 1560
2160 1475
2160 1456
2161 1727
2161 1260
2161 1236
2161 1072
2161 2929
2162 1679
2162 1503
2162 1413
2162 1447
2162 1343
2162 1214
2162 1145
2162 2649
2163 1972
2163 1513
2163 1328
2163 1310
2164 1971
2164 1723
2164 1404
2164 1267
2165 1983
2165 1601
2165 1235
2165 1183
2166 1877
2166 1866
2166 1727
2166 1585
2166 1487
2166 1435
2166 1429
2166 1336
2166 1365
2166 1204
2167 1957
2167 1995
2167 1618
2167 1561
2167 1296
2167 1050
2168 1973
2168 1541
2168 1577
2168 1294
2168 1270
2169 1967
2169 1869
2169 1505
2169 1519
2169 1471
2169 1335
2170 1966
2170 1941
2170 1905
2170 1707
2170 1426
2170 1253
2170 1179
2170 1135
2171 1216
2171 1178
2172 1591
2172 1585
2172 1546
2172 1480
2172 1345
2172 1289
2172 1312
2172 1109
2173 1587
2173 1603
2173 1323
2173 2181
2174 1758
2174 1459
2174 1348
2174 1299
2174 1312
2174 1302
2174 1112
2174 2910
2175 1925
2175 1787
2175 1690
2175 1439
2176 1858
2176 1820
2176 1711
2176 1664
2176 1609
2176 1588
2176 1426
2176 1457
2176 1087
2176 1098
2177 1994
2177 1850
2177 1928
2177 1621
2177 1522
2177 1440
2177 1435
2178 2013
2178 1670
2178 1602
2178 1513
2178 2339
2179 2009
2179 1674
2179 1648
2179 1174
2179 2462
2180 1820
2180 1700
2180 1675
2180 1681
2180 1558
2180 1094
2181 1886
2181 1936
2181 1667
2181 1573
2181 1357
2181 1186
2181 1061
2181 2951
2182 1654
2182 1467
2182 1214
2182 1143
2182 1222
2182 1139
2182 2353
2183 1988
2183 1726
2183 1614
2183 1291
2184 1825
2184 1554
2184 1204
2184 1221
2185 1819
2185 1586
2185 1257
2185 2968
2186 2007
2186 1955
2186 1807
2186 1711
2186 1521
2187 1589
2187 1362
2187 1188
2187 1080
2188 1852
2188 1645
2188 1534
2188 1479
2188 1363
2188 1242
2188 2106
2189 1995
2189 1867
2189 1647
2189 1402
2189 1371
2189 1378
2189 1249
2189 1050
2189 2109
2189 2863
2190 2010
2190 1760
2190 1463
2190 1367
2190 1290
2190 1226
2190 1219
2191 1379
2191 1298
2192 1961
2192 1793
2192 1664
2192 1402
2192 1415
2193 1957
2193 1844
2193 1664
2193 1478
2193 1194
2193 1094
2193 2259
2194 1873
2194 1638
2194 1319
2195 1984
2195 1739
2195 2930
2195 2326
2196 1941
2196 1823
2196 1711
2196 1618
2196 1537
2196 1515
2196 2193
2197 1611
2197 2756
2198 1968
2198 1928
2198 1704
2198 1052
2199 1951
2199 2000
2199 1905
2199 1839
2199 1682
2199 1718
2199 1707
2199 1609
2200 1893
2200 1875
2200 1720
2200 1531
2200 1354
2200 1384
2200 1267
2200 2643
2201 1875
2201 1852
2201 1706
2201 1638
2201 1178
2201 1113
2202 1958
2202 2003
2202 1837
2202 1720
2202 1636
2202 1598
2202 1389
2202 2268
2203 1961
2203 1978
2203 1902
2203 1524
2203 1098
2203 2083
2204 1796
2204 1838
2204 1364
2205 1602
2205 1432
2205 1285
2205 1202
2205 2263
2206 1586
2206 1352
2206 1389
2207 1981
2207 1857
2207 1475
2207 1483
2207 1154
2207 1130
2207 1126
2207 2216
2208 1806
2208 1577
2208 1466
2209 2014
2209 1916
2209 1414
2209 2877
2210 1798
2210 1844
2210 1762
2210 1624
2210 1526
2210 1158
2210 1164
2210 1147
2210 1059
2210 2925
2211 1760
2211 1184
2211 1215
2211 1088
2212 2004
2212 1823
2212 1593
2212 1558
2212 1337
2212 1161
2212 1147
2213 1811
2213 1294
2213 1262
2213 1071
2213 1050
2214 1804
2214 1528
2215 1864
2215 1774
2215 1613
2215 1628
2215 1230
2215 1275
2215 1300
2215 1173
2215 2440
2216 1725
2216 1754
2216 1562
2216 1456
2216 1203
2216 1074
2216 1056
2217 1976
2217 1943
2217 1533
2217 1278
2217 1267
2217 1284
2217 1073
2218 2008
2218 1356
2218 1224
2219 1373
2219 1139
2220 1726
2220 1580
2220 1614
2220 1508
2220 1281
2221 1935
2221 1773
2221 1430
2221 1198
2221 1197
2222 1992
2222 1911
2222 1771
2222 1760
2222 1673
2222 1485
2222 1385
2222 1254
2222 1290
2222 1250
2222 1198
2222 2903
2223 1685
2223 1450
2223 1448
2223 2654
2224 1946
2224 1917
2224 1741
2224 1554
2224 1386
2224 1381
2224 1302
2225 1393
2225 1381
2225 1289
2225 2998
2226 1699
2226 1456
2226 1126
2226 2465
2227 1757
2227 1615
2227 1572
2227 1343
2227 1235
2227 1125
2228 1811
2228 1769
2229 1995
2229 1909
2229 1858
2229 1744
2229 1694
2229 1253
2229 1247
2229 2129
2230 1946
2230 1917
2230 1774
2230 1381
2230 1180
2231 1916
2231 1851
2231 1749
2231 1495
2231 1442
2231 2110
2232 1970
2232 1659
2232 1665
2232 1424
2232 1297
2233 2004
2233 1868
2233 1744
2233 1691
2233 1742
2233 1743
2233 1521
2233 1199
2233 3000
2234 1937
2234 1667
2234 1382
2234 1352
2234 1397
2234 1121
2234 2332
2235 1959
2235 1705
2235 1537
2235 1372
2236 1696
2236 1658
2236 1244
2236 2993
2237 1910
2237 1905
2237 1828
2237 1709
2237 1651
2238 1722
2238 1330
2238 1282
2238 1303
2238 1138
2238 2125
2239 1888
2239 1838
2239 1654
2239 1500
2239 1215
2239 1096
2239 2222
2240 1743
2240 1715
2240 1579
2240 1320
2240 1158
2240 1059
2241 1786
2241 1834
2241 1672
2241 1580
2241 1202
2241 2321
2242 1885
2242 1899
2242 1801
2242 1785
2242 1716
2242 1614
2242 1263
2242 2939
2243 1999
2243 1810
2243 1674
2243 1401
2243 1256
2244 1883
2244 1708
2244 1222
2244 2264
2245 1327
2245 1139
2245 1080
2246 1799
2246 1538
2246 1214
2247 1985
2247 1859
2247 1850
2247 1877
2247 1842
2247 1230
2247 1289
2247 1208
2248 1817
2248 1525
2248 1495
2248 1432
2248 1182
2249 1883
2249 1846
2250 1878
2250 1779
2250 1571
2250 1511
2250 1510
2250 1446
2250 1290
2250 1187
2250 1076
2250 2707
2251 1994
2251 1704
2251 1731
2251 1429
2251 1255
2251 1103
2251 1057
2252 1792
2252 1335
2252 1076
2252 1118
2253 1575
2254 1965
2254 1752
2254 1592
2254 1465
2254 1151
2254 1156
2254 1099
2254 2137
2255 1797
2255 1479
2256 1784
2256 1843
2256 1353
2256 1328
2257 1355
2258 1932
2258 1393
2259 1609
2259 1175
2259 1105
2260 1079
2261 1775
2261 1320
2261 1272
2261 1279
2261 1164
2262 1673
2262 1660
2263 1851
2263 1906
2263 1786
2263 1777
2263 1258
2263 1150
2264 1992
2264 1835
2264 1304
2265 1850
2265 1813
2265 1745
2265 1381
2265 1180
2265 1170
2266 1951
2266 1541
2266 1515
2266 2881
2267 1901
2267 1869
2267 1814
2267 1615
2267 1642
2267 1327
2267 1321
2268 1852
2268 1939
2268 1460
2269 1917
2269 1620
2269 1231
2269 1208
2270 1892
2270 1695
2270 1697
2270 1069
2271 1899
2271 1777
2271 1456
2271 1307
2271 1206
2271 2364
2272 1558
2272 1474
2272 1179
2273 1763
2273 1720
2273 1603
2273 2796
2273 2884
2274 1919
2274 1687
2274 1480
2274 2440
2275 1878
2275 1930
2275 1722
2275 1330
2275 1313
2275 2187
2276 1922
2276 1789
2276 1563
2276 1489
2276 1456
2276 1376
2276 1154
2276 2220
2277 1957
2277 1762
2277 1782
2277 1547
2277 1396
2278 1952
2278 1936
2278 1509
2278 1269
2278 1218
2278 2329
2279 1997
2279 1936
2279 1737
2279 1612
2279 1357
2279 1314
2279 1156
2279 1210
2280 1991
2280 2001
2280 1606
2280 1652
2280 1407
2280 1435
2280 1411
2280 1274
2281 1991
2281 1977
2281 1477
2281 1255
2281 1189
2281 2959
2282 1993
2282 1764
2282 1827
2282 1495
2282 1483
2282 1309
2282 1126
2282 2880
2283 1984
2283 1862
2283 1830
2283 1655
2283 1496
2283 1504
2283 1354
2283 1223
2283 2888
2284 1730
2284 1727
2284 1189
2284 1112
2284 1055
2285 1779
2285 1679
2285 1756
2285 1367
2285 1293
2285 1184
2285 1168
2285 2165
2286 1921
2286 1750
2286 1283
2286 1215
2286 1188
2286 1127
2287 1839
2287 1718
2287 1659
2287 1640
2287 1579
2287 1375
2287 1220
2287 1059
2288 1906
2288 1899
2288 1894
2288 1849
2288 1812
2288 1789
2288 1834
2288 1473
2289 1717
2289 1082
2290 1962
2290 1904
2290 1880
2290 1404
2290 1397
2290 1110
2291 1605
2291 1641
2291 1562
2291 1169
2291 2276
2292 1978
2292 1815
2292 1675
2292 1577
2292 1462
2292 1415
2292 1474
2292 1320
2292 1071
2292 1053
2292 2233
2293 1973
2293 2004
2293 1247
2294 1676
2294 1548
2294 1324
2295 1951
2295 1675
2295 1740
2295 1461
2296 1929
2296 1517
2296 1431
2296 1308
2296 1151
2297 1833
2297 1712
2297 1662
2297 1433
2297 1381
2298 1509
2298 1496
2298 1423
2298 1350
2298 1224
2298 1241
2298 1070
2299 1489
2300 1942
2300 1742
2300 1582
2300 1402
2300 1371
2300 2983
2301 1955
2301 1651
2301 1659
2301 2372
2301 2120
2302 1991
2302 1890
2302 1776
2302 1578
2302 1416
2302 1434
2302 1275
2302 1063
2303 2006
2303 1856
2303 1893
2303 1696
2303 1683
2303 1667
2303 1244
2303 1166
2303 1110
2303 2893
2304 1953
2304 1931
2304 1731
2304 1591
2304 1233
2305 1721
2305 1623
2305 1501
2305 1476
2305 1485
2305 1366
2305 1226
2305 1101
2305 1133
2306 2014
2306 1934
2306 1916
2306 1924
2306 1602
2306 1252
2306 1245
2306 1092
2307 1975
2307 1954
2307 2013
2307 1754
2307 1608
2307 1258
2307 1310
2307 2345
2308 1934
2308 1786
2308 1754
2308 1488
2308 1473
2308 1329
2309 1704
2309 1680
2309 1591
2309 1429
2309 1459
2309 1411
2310 1930
2310 1677
2310 1498
2310 1454
2310 1447
2310 2069
2311 1873
2311 1451
2311 1192
2311 1151
2311 1121
2312 1948
2312 1669
2312 1545
2312 1145
2312 1078
2312 2935
2312 2529
2313 1926
2313 1847
2313 1672
2313 1494
2314 1982
2314 1853
2314 1856
2314 1549
2314 1481
2314 1460
2314 1319
2314 1178
2314 2428
2315 1833
2315 1692
2315 1464
2315 1261
2315 1153
2315 1119
2316 1984
2316 1441
2316 1352
2316 1341
2316 2796
2317 1824
2317 1739
2317 1354
2317 1391
2317 1242
2317 1201
2317 2173
2318 1988
2318 1325
2318 1263
2318 1159
2318 2321
2319 1965
2319 1534
2319 1404
2319 1186
2319 1115
2320 2003
2320 1698
2320 1556
2320 1224
2320 1156
2320 2574
2321 1616
2321 1169
2322 1758
2322 1617
2322 1633
2323 1907
2323 1742
2323 1426
2324 1813
2324 1686
2324 1745
2324 1730
2324 1464
2324 1435
2324 1093
2325 1860
2325 1821
2325 1624
2325 1627
2325 1579
2325 1544
2325 1371
2325 1149
2325 1124
2326 1976
2326 1460
2326 1363
2326 1278
2326 1201
2326 1195
2326 1070
2326 2164
2327 1891
2327 1881
2327 1747
2327 1702
2327 1676
2327 1073
2327 1099
2327 2317
2328 1977
2328 1239
2328 1077
2328 2354
2329 1925
2329 1573
2329 2980
2330 1769
2330 1671
2330 1733
2330 1682
2330 1568
2330 1478
2331 2014
2331 1491
2331 1251
2331 1092
2332 2008
2332 1657
2332 1587
2332 1278
2332 1048
2332 1064
2333 1985
2333 1864
2333 1915
2333 1591
2333 1570
2333 1497
2333 1440
2333 1318
2333 1069
2333 2954
2334 1560
2334 1516
2334 1154
2335 1406
2335 1093
2335 1085
2335 2270
2336 1943
2336 1747
2336 1397
2336 1132
2337 2008
2337 1873
2337 1341
2337 1384
2337 1391
2337 1079
2337 1070
2337 2994
2338 1911
2338 1768
2338 1498
2338 1313
2339 1882
2339 1631
2339 1359
2339 1310
2339 2108
2340 1962
2340 1891
2340 1763
2340 1553
2340 1223
2340 1186
2341 2010
2341 1911
2341 1802
2341 1490
2341 1437
2341 1335
2341 1143
2341 2211
2342 1942
2342 1715
2342 1415
2342 1452
2343 1624
2343 1337
2343 1065
2343 2120
2344 1987
2344 1767
2344 1418
2344 1333
2344 1090
2345 1857
2345 1648
2345 1359
2345 1206
2345 1123
2345 2877
2345 2971
2346 2005
2346 1719
2346 1733
2346 1742
2346 1581
2346 1625
2346 1458
2346 1408
2346 1193
2346 1087
2347 1759
2347 1813
2347 1758
2347 1653
2347 1554
2347 1486
2347 1393
2347 1085
2347 1112
2347 2760
2348 1931
2348 1591
2348 1400
2348 1274
2348 1221
2348 2474
2349 1782
2349 1806
2349 1839
2349 1596
2349 1543
2349 1426
2350 1739
2350 1576
2350 1540
2350 1531
2350 1323
2350 1319
2350 1241
2351 1596
2351 1526
2352 2004
2352 1923
2352 1839
2352 1682
2352 1147
2352 1158
2353 1599
2353 1545
2353 1339
2353 1143
2353 1078
2353 1122
2353 2487
2354 1732
2354 1730
2354 1209
2354 1109
2355 1917
2355 1915
2355 1662
2355 1528
2355 1433
2355 1400
2356 1907
2356 1844
2356 1507
2356 1415
2357 1941
2357 1868
2357 1689
2357 1700
2357 1577
2357 1565
2357 1552
2357 1449
2357 1317
2357 2849
2357 2698
2358 1673
2358 1373
2358 1051
2359 1788
2359 1508
2359 1285
2359 1102
2359 2045
2360 1878
2360 1779
2360 1498
2360 1321
2360 1271
2360 1273
2360 1143
2360 1122
2361 1897
2361 1191
2362 1883
2362 1771
2362 1750
2362 1445
2362 1136
2362 1197
2362 2767
2363 1796
2363 1773
2363 1669
2363 1410
2363 1330
2363 1335
2363 1283
2364 1325
2365 1689
2365 1728
2365 1559
2365 1372
2365 2891
2366 1938
2366 1332
2366 1151
2366 1166
2366 1115
2366 2020
2367 1782
2367 1582
2367 1609
2367 1596
2367 2927
2368 1919
2368 1692
2368 1617
2368 1621
2368 1492
2368 1336
2368 1306
2368 1302
2368 1055
2369 1896
2369 1858
2369 1705
2369 1507
2369 1472
2369 1128
2370 1980
2370 1884
2370 1631
2370 1668
2370 1401
2370 1276
2370 1102
2370 2496
2371 1958
2371 1803
2371 1752
2371 1658
2371 1451
2371 1481
2371 1363
2371 1269
2371 1116
2372 1978
2372 1896
2372 1543
2372 1438
2372 1458
2373 1957
2373 1665
2373 1604
2373 1424
2373 1179
2373 2502
2374 1265
2375 1729
2375 1541
2375 1543
2375 1466
2375 1372
2376 1933
2376 1913
2376 1756
2376 1287
2376 1214
2376 1078
2377 1784
2377 1608
2377 1448
2377 1359
2377 1203
2378 1953
2378 1230
2378 1204
2379 1833
2379 1724
2379 1409
2379 1340
2379 1347
2379 1209
2379 1119
2380 1862
2380 1465
2380 2290
2380 2106
2381 2012
2381 1861
2381 1793
2381 1425
2381 1247
2381 1270
2381 1220
2382 1985
2382 1569
2382 1420
2382 1480
2383 1585
2383 1348
2383 1246
2383 1052
2383 1112
2384 1502
2384 1056
2385 1987
2385 1971
2385 1920
2385 1763
2385 1587
2385 1423
2385 1151
2385 2395
2386 1800
2386 1572
2386 1443
2386 1344
2386 1385
2386 1145
2386 1122
2387 1962
2387 1852
2387 1920
2387 1886
2387 1781
2387 1638
2387 1600
2387 1556
2387 1404
2387 1394
2387 1349
2387 2930
2387 2893
2388 1734
2388 1551
2388 1393
2388 1103
2388 1108
2389 1896
2389 1860
2389 1808
2389 1625
2389 1272
2389 1240
2389 1053
2389 1124
2390 1911
2390 1792
2390 1539
2390 1445
2390 1367
2390 1321
2390 1364
2390 1145
2390 1049
2391 1683
2391 1643
2391 1423
2391 1391
2391 1178
2391 1137
2391 2831
2392 1907
2392 1449
2392 1370
2392 1194
2393 1888
2393 1848
2393 1430
2393 1222
2393 2767
2394 2002
2394 1886
2394 1819
2394 1829
2394 1723
2394 1683
2394 1278
2394 1242
2394 1152
2395 1830
2395 1535
2395 1465
2395 1441
2395 1156
2395 1064
2396 1730
2396 1653
2396 1520
2396 1153
2397 1933
2397 1601
2397 1334
2398 1982
2398 1920
2398 1499
2398 1349
2399 1887
2399 1684
2399 1745
2399 1420
2399 1482
2399 1233
2399 2084
2399 2379
2400 1617
2400 1530
2400 1546
2400 1551
2400 1459
2400 1345
2401 1990
2401 1754
2401 1714
2401 1493
2401 1494
2401 1268
2402 1783
2402 1775
2402 1593
2402 1609
2402 1149
2403 1802
2403 1710
2404 1747
2404 1257
2404 1160
2404 1186
2404 1048
2405 1748
2405 1631
2405 2045
2405 2855
2406 1889
2406 1690
2406 1257
2406 1064
2406 1097
2407 1612
2407 1496
2407 1499
2407 1319
2407 1110
2408 1805
2408 1374
2408 2175
2409 1909
2409 1733
2409 1639
2409 1619
2409 1665
2409 1581
2409 1457
2409 1292
2409 1247
2410 1825
2410 1653
2410 1348
2410 1233
2410 1058
2411 1584
2411 1592
2411 1499
2411 1531
2411 1496
2412 1338
2412 1316
2412 1388
2412 1055
2412 1062
2413 1667
2413 1573
2413 1384
2413 1223
2413 1192
2413 1079
2413 1107
2413 2020
2414 1774
2414 1492
2414 1298
2414 1255
2414 1300
2415 1480
2415 1347
2415 1289
2415 1299
2416 1769
2416 1707
2416 1743
2416 1396
2416 1149
2416 1084
2417 1843
2417 1685
2417 1353
2417 1174
2418 1974
2418 1775
2418 1743
2418 1543
2418 1515
2418 1272
2418 2416
2419 1915
2419 1613
2419 1213
2419 2435
2420 1973
2420 1905
2420 1858
2420 1640
2420 1565
2420 1568
2420 1426
2420 1474
2420 1371
2421 2009
2421 1949
2421 1922
2421 1749
2421 1276
2421 1154
2421 2112
2422 1948
2422 2010
2422 1888
2422 1678
2422 1669
2422 1271
2422 1184
2423 1851
2423 1761
2423 1245
2424 1805
2424 1419
2424 1323
2424 1241
2424 1113
2424 1064
2424 2794
2425 1701
2425 1405
2425 2577
2426 1745
2426 1464
2426 1318
2426 1230
2427 1963
2427 1941
2427 1808
2427 1666
2427 1296
2427 2375
2428 1803
2428 1612
2428 1363
2428 1332
2428 2329
2428 2268
2429 1810
2429 1847
2429 1832
2429 1309
2429 1126
2430 1846
2430 1802
2430 1589
2430 1283
2430 1286
2430 1145
2430 1125
2430 1076
2431 1998
2431 1818
2431 1841
2431 1654
2431 1226
2431 1138
2431 1118
2431 2527
2432 1965
2432 1667
2432 1612
2432 1384
2432 2057
2433 1993
2433 1817
2433 1326
2433 1328
2434 1696
2434 1319
2434 1314
2434 1195
2434 1116
2434 1097
2434 1067
2435 1947
2435 1693
2435 1487
2435 1225
2435 1275
2435 2626
2436 1070
2436 1110
2436 1116
2436 3006
2437 2010
2437 1756
2437 1183
2437 2527
2438 1974
2438 1689
2438 1579
2438 1402
2438 1395
2438 1375
2439 1489
2439 1268
2439 1167
2439 1092
2439 2723
2440 2015
2440 1703
2440 1336
2440 1230
2440 1058
2441 1921
2441 1935
2441 1642
2441 1445
2441 1083
2442 1914
2442 1810
2442 1786
2442 1801
2442 1616
2442 1484
2442 1325
2442 2743
2443 1624
2443 1664
2443 1163
2444 1964
2444 1478
2445 1734
2445 1289
2445 1231
2445 1146
2445 1108
2446 2008
2446 1706
2446 1683
2446 1436
2446 1404
2446 1244
2446 1160
2446 2869
2447 1816
2447 1591
2447 1482
2448 1681
2449 1764
2449 1502
2449 1563
2449 1399
2449 1130
2449 2455
2449 2709
2450 1658
2450 1323
2450 1141
2450 2550
2451 1877
2451 1813
2451 1611
2451 1180
2451 2435
2451 2297
2452 1921
2452 1756
2452 1750
2452 1519
2452 1557
2452 1538
2452 1463
2452 1198
2452 1184
2453 1647
2453 1649
2453 1474
2453 1424
2453 1396
2453 1377
2453 1149
2453 1047
2453 2372
2454 1770
2454 1812
2454 1717
2454 1542
2454 1428
2454 1281
2454 1182
2455 1960
2455 1448
2455 1329
2455 1256
2455 1264
2455 1114
2456 1851
2456 1914
2456 1785
2456 1714
2456 1494
2457 1856
2457 1244
2457 1152
2458 1603
2458 1656
2458 1314
2458 1374
2458 1259
2458 1107
2459 1772
2459 1325
2459 2971
2460 1176
2461 1762
2461 1743
2461 1666
2461 1412
2461 1375
2461 2448
2462 1753
2462 1634
2462 1401
2462 1251
2462 2271
2463 1926
2463 1898
2463 1688
2463 1583
2464 1993
2464 1822
2464 1672
2464 1342
2465 1990
2465 1789
2465 1822
2465 1754
2465 1688
2465 1583
2465 1602
2465 1562
2465 1422
2465 1264
2465 1056
2466 1974
2466 1860
2466 1791
2466 1765
2466 1821
2466 1742
2466 1627
2466 1474
2466 1315
2466 1372
2466 1142
2467 1952
2467 1920
2467 1918
2467 1925
2467 1824
2467 1737
2467 1357
2467 1195
2467 2869
2468 1708
2468 1713
2468 1756
2468 1501
2468 1444
2468 1250
2468 1127
2468 1049
2469 1860
2469 1682
2469 1691
2469 1637
2469 1526
2469 1558
2469 1372
2469 1163
2470 1783
2470 1705
2470 1588
2470 2469
2470 2240
2471 2013
2471 1770
2471 1736
2471 1174
2471 1203
2471 2276
2472 1974
2472 1577
2472 1270
2472 2817
2472 2232
2473 1673
2473 1453
2473 1222
2473 2227
2474 1833
2474 1704
2474 1530
2474 1480
2474 1289
2474 1153
2474 1108
2474 2135
2475 1948
2475 1883
2475 1814
2475 1796
2475 1713
2475 1286
2475 1212
2475 1136
2475 1145
2475 1187
2475 1198
2476 1913
2476 1869
2476 1673
2476 1660
2476 1650
2476 1498
2476 1500
2476 1235
2476 1304
2476 1250
2476 1139
2476 1205
2476 1088
2477 1771
2477 1599
2477 1367
2478 1888
2478 1677
2478 1679
2478 1708
2478 1327
2478 1273
2478 1227
2478 1157
2478 1215
2479 1883
2479 1773
2479 1222
2479 1215
2480 1994
2480 1890
2480 1312
2480 1172
2480 1112
2481 1672
2481 1595
2481 1542
2481 1421
2481 1326
2481 1310
2481 1211
2481 2108
2482 1721
2482 1669
2482 1599
2482 1327
2482 1250
2482 1227
2482 1162
2482 1205
2482 1129
2482 1083
2483 1954
2483 1281
2483 1159
2483 2345
2484 1899
2484 1749
2484 1670
2484 1376
2484 1326
2484 1264
2485 1587
2485 1573
2485 1418
2485 1232
2485 1190
2485 1090
2486 1861
2486 1807
2486 1715
2486 1582
2486 1547
2486 1579
2486 1403
2486 1395
2486 1294
2486 1179
2487 1755
2487 1557
2487 1506
2487 1405
2487 1327
2487 1334
2487 1288
2487 1197
2487 1129
2488 1924
2488 1726
2488 1529
2488 1258
2488 1123
2488 1120
2489 1850
2489 1108
2489 2099
2489 2085
2490 1910
2490 1661
2490 1301
2490 2087
2491 1976
2491 1556
2491 1499
2491 1517
2491 1278
2491 2038
2492 1750
2492 1361
2492 1327
2492 1139
2493 1799
2493 1445
2493 1219
2493 2529
2494 1887
2494 1724
2494 1336
2494 1365
2494 1306
2494 2756
2495 2013
2495 1914
2495 1417
2495 1307
2496 1817
2496 1567
2496 1169
2496 2667
2497 1675
2497 1149
2497 1175
2498 1127
2499 1291
2499 2179
2499 2306
2500 2000
2500 1854
2500 1778
2500 1718
2500 1627
2500 1524
2500 1507
2500 1179
2500 1105
2501 1929
2501 1645
2501 1514
2501 1535
2501 1350
2501 1391
2501 1363
2501 1110
2502 1762
2502 1664
2502 1537
2502 1561
2502 1351
2502 1144
2502 1207
2503 1645
2503 1496
2503 1553
2503 1332
2503 2831
2504 1961
2504 1744
2504 1452
2504 1472
2504 1369
2504 1262
2504 2891
2505 1998
2505 1735
2505 1405
2505 1313
2506 1608
2506 1641
2506 1529
2506 1567
2506 1562
2506 1469
2506 1421
2507 1980
2507 1761
2507 1670
2507 1580
2507 1263
2507 1307
2508 1390
2508 1260
2508 1077
2508 1058
2509 1473
2509 1764
2509 1812
2510 1921
2510 1049
2510 2145
2511 1820
2511 1733
2511 1559
2511 1149
2511 1091
2512 2015
2512 1826
2512 1617
2512 1518
2512 1440
2512 1260
2512 1172
2512 1052
2512 2922
2513 1925
2513 1886
2513 1632
2513 1532
2513 1451
2513 1244
2513 1232
2513 1267
2513 1090
2513 2517
2513 2999
2514 1398
2514 1114
2514 1092
2514 1074
2515 1784
2515 1670
2515 1488
2515 1432
2515 1291
2515 1206
2516 2002
2516 1996
2516 1862
2516 1787
2516 1829
2516 1702
2516 1587
2516 1656
2516 1192
2516 1166
2516 1097
2516 2884
2517 1576
2517 1350
2517 1374
2517 1218
2517 1070
2518 1317
2518 1297
2519 1553
2519 1439
2519 1079
2519 2969
2520 1944
2520 1598
2520 1423
2520 1223
2520 1090
2521 1984
2521 1836
2521 1667
2521 1439
2521 1431
2521 1354
2521 1346
2521 1216
2521 1166
2521 1073
2522 1876
2522 1919
2522 1874
2522 1816
2522 1628
2522 1611
2522 1406
2522 1379
2522 1400
2522 1298
2522 1231
2522 1208
2523 1871
2523 1822
2523 1699
2523 1529
2524 1910
2524 1671
2524 1593
2524 1337
2524 1240
2524 1301
2524 2678
2525 1582
2525 1124
2526 1835
2526 1771
2526 1846
2526 1790
2526 1677
2526 1701
2526 1615
2526 1443
2526 1343
2526 1129
2527 1413
2527 1339
2527 1212
2527 1143
2528 2014
2528 1993
2528 1736
2528 1644
2528 1595
2528 1432
2528 1355
2529 1967
2529 1623
2529 1188
2529 1198
2529 1222
2529 2275
2530 1973
2530 1942
2530 1458
2530 1295
2531 1925
2531 1655
2531 1216
2531 1099
2531 1073
2532 1463
2532 1290
2533 1948
2533 1650
2533 1642
2533 1476
2533 1334
2533 1049
2534 1798
2534 1671
2534 1659
2534 1452
2534 1054
2535 1563
2535 1414
2535 1326
2535 1256
2535 1196
2535 1185
2535 1130
2535 1117
2536 1768
2536 1601
2536 1286
2536 1162
2536 1076
2537 1974
2537 1951
2537 1740
2537 1691
2537 1593
2537 1604
2537 1297
2537 2762
2537 2594
2538 1693
2538 1704
2538 1400
2538 1345
2538 1336
2538 1230
2538 1058
2538 2616
2539 1798
2539 1689
2539 1709
2539 1478
2539 1462
2539 1087
2540 1743
2540 1375
2540 1292
2540 1161
2540 2369
2540 2129
2541 1742
2541 1625
2541 1392
2541 1296
2542 1757
2542 1512
2542 1405
2542 1344
2542 1222
2542 2714
2543 1893
2543 1090
2544 1854
2544 1806
2544 1622
2544 1515
2544 1547
2544 1296
2544 2375
2545 2006
2545 1655
2545 1535
2545 1160
2546 1952
2546 1900
2546 1837
2546 1632
2546 1584
2546 1576
2546 1061
2546 2314
2547 1969
2547 1780
2547 1680
2547 1594
2547 1477
2547 1289
2547 1109
2548 1859
2548 1774
2548 1695
2548 1390
2548 1379
2548 1213
2548 1140
2548 1106
2548 1062
2549 1868
2549 1746
2549 1047
2550 1548
2550 1419
2550 1349
2550 1099
2551 1264
2551 2313
2551 2306
2552 1968
2552 1795
2552 1416
2552 1379
2552 1381
2552 1311
2552 1298
2552 1109
2552 2865
2553 1977
2553 1569
2554 1998
2554 1229
2554 1125
2554 1111
2555 1615
2555 1654
2555 1505
2555 1339
2555 1235
2555 1129
2556 1114
2556 1358
2556 1489
2556 1491
2556 1634
2556 1583
2557 1917
2557 1928
2557 1776
2557 1620
2557 1434
2557 1486
2557 1057
2557 2071
2558 1909
2558 1649
2558 1558
2558 1472
2558 1478
2558 1175
2558 1091
2558 2048
2559 1988
2559 1784
2559 1674
2559 1717
2559 1635
2559 1527
2559 1414
2560 1753
2560 1450
2561 1796
2561 1545
2561 1129
2561 2165
2562 1387
2562 1283
2562 1200
2562 1177
2562 1183
2562 1046
2563 1784
2563 1764
2563 1834
2563 1685
2563 1630
2563 1414
2563 1329
2563 1245
2563 1191
2563 2455
2564 1943
2564 1927
2564 1384
2564 1333
2564 2520
2564 2137
2565 1957
2565 1541
2565 1544
2565 1468
2565 1392
2565 1161
2565 1047
2566 1759
2566 1620
2566 1522
2566 1106
2567 1767
2567 1845
2567 1590
2567 1481
2567 1374
2567 1389
2567 1061
2567 1116
2567 2858
2568 1378
2568 1396
2568 1142
2569 1960
2569 1786
2569 1688
2569 1513
2569 1414
2569 1399
2569 1285
2569 1256
2569 1252
2569 1092
2569 2581
2570 2005
2570 1959
2570 1709
2570 1521
2570 1163
2570 2134
2571 1989
2571 1946
2571 1940
2571 1919
2571 1892
2571 1578
2571 1275
2571 1213
2571 1062
2572 1908
2572 1570
2572 1345
2572 1379
2572 1400
2572 2626
2573 1895
2573 1925
2573 1927
2573 1781
2573 1556
2573 1419
2573 1352
2574 1950
2574 1984
2574 1893
2574 1535
2574 1533
2574 1556
2574 1218
2575 1745
2575 1731
2575 1416
2575 1420
2575 1239
2575 1085
2575 2622
2576 1949
2576 1788
2576 1417
2576 1329
2576 1359
2576 1342
2576 1185
2577 1846
2577 1413
2577 1445
2577 1125
2577 1076
2577 2846
2578 1865
2578 1789
2578 1672
2578 1646
2578 1488
2578 1448
2578 1263
2578 1126
2579 1765
2579 1793
2579 1537
2580 1591
2580 1318
2580 1231
2580 1260
2580 1217
2581 1949
2581 1785
2581 1685
2581 1251
2581 1154
2581 2044
2582 1674
2582 1325
2582 2307
2583 1969
2583 1704
2583 1209
2584 2001
2584 1872
2584 1732
2584 1617
2584 1433
2584 1103
2584 2598
2585 1669
2585 1545
2585 1476
2586 1976
2586 1880
2586 1929
2586 1460
2586 1095
2587 1979
2587 1771
2587 1506
2587 1139
2587 1060
2587 2928
2588 1952
2588 1532
2588 1556
2588 1574
2588 1382
2588 1073
2589 1736
2589 1469
2589 1342
2589 1130
2590 1791
2590 1104
2590 2623
2590 2352
2591 1581
2591 1659
2591 1565
2591 1461
2591 1472
2591 1279
2592 1887
2592 1774
2592 1692
2592 1620
2592 1570
2592 1555
2592 1312
2592 1063
2593 1943
2593 1853
2593 1918
2593 1496
2593 1418
2593 1341
2593 1095
2593 2404
2594 1963
2594 1907
2594 1769
2594 1778
2594 1622
2594 1610
2594 1550
2594 1577
2594 1458
2594 1375
2594 1164
2595 1883
2595 1501
2595 1538
2595 1271
2595 1176
2595 1129
2596 1426
2596 1369
2596 1124
2596 3000
2597 1986
2597 1838
2597 1768
2597 1205
2597 1049
2598 1872
2598 1816
2598 1758
2598 1825
2598 1652
2598 1633
2598 1379
2598 1386
2598 1106
2599 1962
2599 1676
2599 1576
2599 1155
2599 1190
2600 1850
2600 1816
2600 1470
2600 1365
2601 1964
2601 1823
2601 1762
2601 1626
2601 1625
2601 1552
2601 2420
2601 2133
2602 2004
2602 1963
2602 1823
2602 1649
2602 1664
2602 1507
2602 1149
2603 1690
2603 1481
2603 1394
2604 1934
2604 1817
2604 1784
2604 1045
2605 1897
2605 1857
2605 1849
2605 1770
2605 1580
2605 1605
2605 1475
2606 1921
2606 1755
2606 1463
2606 1282
2606 1183
2606 1051
2607 1931
2607 1459
2607 1411
2607 2379
2608 1968
2608 1864
2608 1866
2608 1731
2608 1741
2608 1390
2608 1312
2608 1305
2608 2297
2609 1833
2609 1555
2609 1492
2609 1522
2609 1312
2609 1213
2609 2415
2609 2099
2610 2013
2610 1754
2610 1668
2610 1309
2610 1159
2610 1167
2611 1986
2611 1650
2611 1485
2611 1250
2611 1177
2611 2187
2612 1983
2612 1935
2612 1453
2612 1430
2613 1942
2613 1860
2613 1820
2613 1765
2613 1733
2613 1665
2613 1292
2613 1163
2614 1925
2614 1939
2614 1803
2614 1797
2614 1739
2614 1509
2614 1574
2615 1998
2615 1921
2615 1913
2615 1930
2615 1453
2615 1096
2615 1046
2616 1968
2616 1928
2616 1393
2616 1148
2616 1077
2616 2630
2617 1949
2617 1981
2617 1736
2617 1605
2617 1635
2617 1251
2618 1859
2618 1692
2618 1380
2618 1236
2619 1957
2619 1782
2619 1597
2619 1378
2619 1270
2620 1987
2620 1829
2620 1499
2620 1341
2620 1308
2620 1178
2620 1061
2621 1670
2621 1516
2621 1353
2621 1329
2622 1876
2622 1734
2622 1741
2622 1663
2622 1606
2622 1570
2622 1546
2622 1420
2622 1464
2623 1637
2623 1524
2623 1370
2623 1383
2623 1087
2624 2810
2624 1102
2624 1202
2624 1355
2624 1699
2624 1717
2624 1772
2624 1975
2625 1871
2625 1770
2625 1422
2625 1150
2626 1487
2626 1523
2626 1459
2626 1173
2627 1697
2627 1260
2627 1180
2627 1106
2627 1077
2627 2328
2628 1974
2628 1995
2628 1507
2628 1455
2628 1412
2628 1320
2628 1266
2628 1081
2628 2134
2629 2002
2629 1971
2629 1308
2630 1780
2630 1234
2630 1311
2630 1180
2630 1057
2631 1975
2631 1922
2631 1777
2631 1211
2632 1774
2632 1554
2632 1578
2632 1420
2632 2616
2633 2014
2633 1508
2633 1167
2634 1777
2634 1753
2634 1630
2634 1082
2634 1102
2634 2308
2635 1778
2635 1808
2635 1719
2635 1524
2635 1577
2635 1396
2635 1337
2635 1081
2636 1829
2636 1739
2636 1553
2636 2807
2637 1902
2637 1769
2637 1597
2637 1627
2637 1649
2637 1624
2637 1547
2637 1248
2637 1228
2637 1295
2637 2486
2638 1933
2638 1519
2638 1293
2638 1243
2638 1212
2639 1849
2639 1794
2639 1785
2639 1644
2639 1575
2639 1484
2639 1401
2639 1331
2639 1159
2640 1896
2640 1765
2640 1317
2641 1217
2641 2673
2642 1455
2642 1424
2642 1425
2642 1175
2643 1944
2643 1738
2643 1531
2644 1989
2644 1555
2644 1311
2645 2010
2645 1735
2645 1498
2645 1184
2645 1076
2645 1129
2645 2775
2646 1792
2646 1710
2646 1673
2646 1330
2646 1134
2646 1133
2647 1713
2647 1660
2647 1447
2647 1330
2647 1273
2647 1303
2647 1136
2647 1181
2647 1165
2647 1122
2648 1965
2648 1929
2648 1891
2648 1918
2648 1819
2648 1683
2648 1720
2648 1363
2648 1218
2648 1079
2649 1855
2649 1679
2649 1360
2649 1385
2649 1145
2650 1956
2650 1809
2650 1671
2650 1661
2650 1280
2651 1589
2651 1512
2651 1446
2651 1227
2651 1184
2651 2477
2651 2376
2652 1939
2652 1904
2652 1603
2652 1115
2653 1984
2653 1937
2653 1584
2653 1598
2653 1223
2653 1151
2654 1988
2654 1764
2654 1185
2654 2271
2655 1867
2655 1923
2655 1694
2655 1629
2655 1415
2655 1370
2655 1317
2655 1228
2655 2540
2656 1867
2656 1896
2656 1839
2656 1821
2656 1729
2656 1629
2656 1627
2657 1863
2657 1476
2657 1188
2657 1129
2657 1083
2657 2526
2658 2015
2658 1416
2658 1435
2659 1992
2660 1822
2660 1648
2660 1355
2661 1998
2661 1948
2661 1835
2661 1713
2661 1708
2661 1677
2661 1589
2661 1498
2661 1463
2661 1444
2661 1334
2661 1238
2661 1293
2661 1136
2661 1219
2662 1727
2662 1318
2662 1233
2663 1912
2663 1690
2663 1598
2663 1655
2663 1564
2664 1621
2664 1662
2664 1407
2664 1482
2664 1381
2664 1340
2665 1946
2665 1919
2665 1751
2665 1569
2665 1523
2665 2046
2666 1359
2666 1252
2666 1258
2667 1949
2667 1894
2667 1536
2667 1494
2667 1353
2667 1398
2668 1707
2668 1629
2668 1550
2669 1423
2669 1382
2669 1121
2670 1983
2670 1078
2670 2353
2671 1997
2671 1987
2671 1889
2671 1938
2671 1787
2671 1332
2671 1314
2671 1152
2671 2195
2672 1948
2672 1792
2672 1519
2672 1443
2673 1994
2673 1931
2673 1653
2673 1482
2673 1409
2674 1858
2674 1521
2674 1455
2674 1248
2674 1066
2674 2240
2675 1898
2675 1456
2675 1268
2675 2118
2676 1755
2676 1721
2676 1589
2676 1557
2676 1538
2676 1453
2676 1364
2676 1138
2676 1060
2676 2390
2677 1931
2677 1695
2677 1724
2677 1628
2677 1409
2677 1300
2678 1524
2678 1466
2679 1912
2679 1553
2679 1481
2679 1479
2679 2683
2680 1941
2680 1861
2680 1902
2680 1715
2680 1619
2680 1604
2680 1425
2680 1478
2680 1149
2681 1919
2681 1621
2681 1492
2681 1429
2681 1305
2681 1298
2681 1108
2682 1735
2682 1545
2682 1571
2682 1364
2683 1944
2683 1830
2683 1737
2683 1590
2683 1556
2683 1418
2683 1451
2684 2003
2684 1509
2684 1514
2684 1436
2684 2391
2685 1955
2685 1783
2685 1719
2685 1377
2685 1280
2685 1228
2686 1798
2686 1828
2686 1425
2686 1468
2686 1294
2686 1124
2687 1613
2687 1246
2687 1209
2688 1680
2688 1551
2688 1520
2688 1275
2689 1686
2689 1653
2689 1420
2689 1440
2689 1477
2689 1058
2690 1988
2690 1685
2690 1536
2690 1167
2690 1114
2691 1950
2691 1803
2691 1603
2691 1514
2691 1427
2691 1350
2691 1115
2691 1131
2692 1824
2692 1391
2692 1048
2692 2593
2693 1801
2693 1580
2693 1648
2693 1489
2693 1310
2693 1117
2693 1045
2694 1670
2694 1580
2694 1641
2694 1491
2694 1422
2694 1483
2694 1276
2694 1309
2695 1757
2695 1679
2695 1490
2695 1443
2695 1454
2695 1227
2695 1283
2695 1250
2695 2935
2696 1820
2696 1627
2696 1247
2697 1958
2697 1598
2697 1192
2697 1113
2698 1839
2698 1664
2698 1424
2698 1371
2698 1265
2698 1247
2698 1050
2698 1087
2698 1084
2699 1690
2699 1698
2699 1643
2699 1504
2699 1333
2699 1152
2700 1823
2700 1691
2700 1682
2700 1468
2700 1295
2700 2680
2700 2427
2701 1989
2701 1994
2701 1727
2701 1305
2702 1996
2702 1982
2702 1912
2702 1787
2702 1837
2702 1803
2702 1509
2702 1451
2702 1341
2702 1241
2702 1223
2702 1121
2703 1999
2703 1926
2703 1764
2703 1748
2703 1358
2703 1191
2703 1126
2704 1929
2704 1632
2704 1573
2704 1564
2704 1382
2704 1232
2705 1913
2705 1911
2705 1599
2705 1304
2705 1168
2705 1133
2705 2647
2706 1998
2706 1948
2706 1750
2706 1539
2706 1503
2706 1360
2706 1227
2706 1200
2707 1878
2707 1848
2707 1814
2707 1750
2707 1335
2707 1138
2707 1184
2707 2846
2707 2422
2708 1865
2708 1785
2708 1529
2708 1342
2708 1182
2708 1120
2708 2423
2709 1949
2709 1898
2709 1897
2709 1865
2709 1699
2709 1560
2709 1450
2709 2313
2709 2462
2710 1952
2710 1738
2710 1586
2710 1384
2710 1314
2710 1152
2710 2735
2711 1977
2711 1611
2711 1566
2711 1459
2711 1221
2711 2662
2712 1790
2712 1760
2712 1498
2712 1490
2712 1364
2712 1080
2712 1060
2713 1964
2713 1815
2713 1626
2713 1596
2713 1248
2713 1194
2713 2744
2714 1901
2714 1757
2714 1405
2714 1339
2714 1271
2714 1168
2714 1219
2714 2779
2715 1993
2715 1882
2715 1801
2715 1245
2716 1854
2716 1766
2716 1597
2716 1135
2716 1091
2716 2789
2717 1914
2717 1786
2717 1748
2717 1716
2717 1726
2717 1563
2717 1562
2717 1421
2717 1355
2718 1444
2718 1362
2718 1212
2718 1219
2719 1970
2719 1624
2719 1087
2719 2680
2720 1596
2721 1416
2721 1381
2721 1119
2722 1957
2722 1807
2722 1403
2722 1461
2722 1320
2722 2594
2723 1882
2723 1926
2723 1685
2723 1258
2723 1211
2724 2015
2724 1940
2724 1850
2724 1621
2724 1429
2724 1237
2724 1146
2725 1994
2725 1908
2725 1745
2725 1734
2725 1703
2725 1606
2725 1594
2725 1477
2725 1393
2725 1225
2725 1209
2726 1879
2726 1616
2726 1442
2726 1325
2726 1196
2726 1126
2727 1885
2727 1770
2727 1827
2727 1635
2727 1567
2727 1358
2727 1291
2727 2515
2728 1730
2728 1662
2729 1959
2729 1769
2729 1807
2729 1765
2729 1472
2729 2925
2730 1905
2730 1766
2730 1808
2730 1403
2730 1098
2731 1938
2731 1904
2731 1658
2732 1678
2732 1607
2732 1654
2732 1485
2732 1229
2732 1125
2732 1133
2732 2793
2733 1944
2733 1918
2733 1241
2734 1617
2734 1435
2734 1477
2734 1274
2734 1109
2734 1069
2735 1958
2735 1824
2735 1533
2735 1460
2735 1319
2735 1079
2736 1239
2736 1306
2736 1275
2737 2004
2737 1705
2737 1691
2737 1455
2737 1179
2737 1199
2737 1053
2738 1831
2738 1252
2739 1706
2739 1584
2739 1638
2739 1110
2740 1595
2740 1630
2740 2361
2741 1595
2741 1494
2741 1281
2742 1975
2742 1630
2742 1525
2742 1575
2742 1563
2742 1114
2742 2515
2743 2009
2743 1688
2743 1082
2744 1665
2745 1866
2745 1874
2745 1876
2745 1620
2745 1653
2745 1554
2745 1470
2745 1318
2745 1230
2746 1969
2746 1908
2746 1780
2746 1213
2747 1782
2747 1828
2747 1317
2747 1375
2747 1295
2747 1084
2747 2369
2747 2293
2748 1546
2748 1255
2748 1173
2748 1112
2749 1639
2749 1425
2749 1396
2749 1297
2749 1193
2749 1100
2750 1819
2750 1698
2750 1603
2750 1534
2750 1540
2750 1465
2750 1192
2751 2008
2751 1845
2751 1706
2751 1160
2751 1178
2751 1075
2751 2064
2752 1989
2752 1826
2752 1316
2752 1055
2752 2270
2753 1868
2753 1637
2753 1609
2753 1649
2753 1372
2753 1337
2753 1272
2754 1996
2754 2002
2754 1937
2754 1632
2754 1382
2754 1068
2754 2485
2754 2684
2755 1975
2755 1849
2755 1753
2755 1630
2755 1469
2755 1398
2755 1211
2756 1850
2756 1731
2756 1311
2756 1221
2756 2552
2757 1602
2757 1196
2757 1202
2757 1092
2757 2560
2758 1652
2758 1246
2759 1635
2759 1536
2759 2334
2760 1697
2760 1613
2760 1055
2761 1892
2761 1825
2761 1693
2761 1348
2761 1300
2761 1236
2761 1171
2761 1072
2761 1109
2762 1766
2762 1839
2762 1681
2762 1559
2762 1544
2763 1947
2763 1388
2763 1347
2763 1077
2763 2662
2764 1820
2764 1622
2764 1412
2764 1377
2765 1735
2765 1589
2765 1519
2765 1083
2766 2006
2766 1837
2766 1479
2766 1404
2766 1332
2766 1323
2766 1267
2766 1195
2766 1210
2766 1048
2767 1501
2767 1511
2768 1945
2768 2008
2768 2002
2768 1929
2768 1918
2768 1937
2768 1638
2768 1612
2768 1587
2768 2394
2768 2057
2769 1983
2769 1760
2769 1501
2769 1127
2770 1972
2770 1056
2771 1901
2771 1911
2771 1792
2772 1875
2772 1499
2772 1481
2772 1323
2772 1241
2772 1116
2773 1983
2773 1212
2773 1049
2774 1931
2774 1555
2774 2592
2775 1979
2775 1519
2775 1367
2775 1286
2775 1293
2775 1288
2775 1215
2775 2732
2776 1985
2776 1877
2776 1816
2776 1606
2776 1380
2777 1956
2777 1744
2777 1597
2777 1370
2777 1272
2777 1262
2777 1240
2777 2568
2778 1963
2778 1207
2778 1081
2778 2502
2778 2892
2779 1883
2779 1273
2779 1181
2779 2362
2780 1583
2780 1432
2780 1475
2780 1469
2780 1082
2781 2013
2781 1871
2781 1899
2781 1542
2781 1264
2781 1154
2781 1056
2782 1988
2782 1993
2782 1495
2782 1448
2783 2012
2783 1821
2783 1791
2783 1596
2783 1412
2783 1279
2783 1194
2783 2083
2784 1702
2784 1504
2784 1517
2784 1155
2785 1979
2785 1790
2785 1779
2785 1677
2785 1756
2785 1505
2785 1127
2785 2542
2785 2712
2786 1843
2786 1562
2786 1473
2787 1674
2787 1646
2787 1268
2787 1202
2787 1117
2787 2154
2788 1788
2788 1812
2788 1726
2788 1495
2788 1527
2788 1326
2788 1291
2788 1206
2788 2118
2788 2528
2789 2011
2789 1811
2789 1700
2789 1639
2789 1565
2789 1568
2789 1050
2789 2180
2790 1930
2790 1933
2790 1710
2790 1615
2790 1273
2791 2006
2791 1950
2791 1418
2791 1141
2792 1805
2792 1389
2792 1232
2792 2994
2792 2768
2792 2319
2793 1757
2793 1818
2793 1669
2793 1453
2793 1290
2793 1293
2793 1133
2794 1927
2794 1767
2794 1319
2794 1346
2794 1349
2794 1244
2795 1949
2795 1851
2795 1831
2795 1245
2796 1936
2796 1830
2796 1517
2797 1490
2797 1136
2797 1083
2797 2577
2797 2275
2798 1895
2798 1803
2798 1586
2798 1600
2798 1655
2798 1151
2798 1116
2798 1097
2798 3006
2799 2015
2799 1977
2799 1813
2799 1693
2799 1433
2799 1477
2800 1694
2800 1647
2800 1425
2801 1878
2801 1701
2801 1385
2801 1271
2801 1162
2801 2830
2802 1804
2802 1546
2802 1569
2802 1407
2802 1390
2802 1072
2803 1914
2803 1847
2803 1822
2803 1174
2803 1114
2804 1855
2804 1846
2804 1519
2804 1157
2805 1970
2805 1526
2805 1458
2805 1262
2805 1065
2806 2012
2806 1956
2806 1550
2806 1415
2806 1369
2806 1135
2806 2325
2807 1997
2807 1787
2807 1836
2807 1636
2807 1397
2807 1332
2807 1210
2808 1709
2808 1627
2808 1559
2808 1193
2809 1954
2809 1817
2809 1475
2809 1159
2809 1126
2810 1981
2810 1851
2811 1903
2811 1760
2811 1642
2811 1510
2811 1446
2811 1162
2812 1882
2812 1865
2812 1834
2812 1688
2812 1513
2812 1432
2813 1700
2813 1622
2813 1647
2813 1478
2813 1317
2813 1320
2813 1105
2813 2778
2813 2192
2814 1993
2814 1894
2814 1899
2814 1082
2815 1860
2815 1718
2815 1100
2816 1862
2816 1690
2816 1431
2816 1354
2816 1155
2817 1765
2817 1561
2817 1412
2817 2402
2818 1983
2818 1799
2818 1846
2818 1838
2818 1735
2818 1642
2818 1443
2818 1430
2818 1283
2818 1143
2818 2246
2819 2011
2819 1543
2819 1147
2820 1783
2820 1828
2820 1746
2820 1521
2820 1544
2820 1207
2821 2004
2821 1240
2821 2381
2822 1566
2822 1464
2822 1299
2822 1306
2822 1311
2822 2760
2822 2197
2823 1857
2823 1894
2823 1827
2823 1536
2823 1417
2823 1469
2824 1813
2824 1833
2824 1613
2824 1528
2825 1677
2825 1735
2825 1510
2825 1467
2825 1060
2826 1765
2826 1821
2826 1769
2826 1651
2826 1537
2826 1552
2826 1457
2826 1474
2826 1452
2826 1248
2826 1094
2826 2700
2827 1688
2828 1661
2828 2778
2829 1905
2829 1769
2829 1765
2829 1315
2830 1802
2830 1512
2830 1321
2830 1162
2830 1205
2830 2238
2831 1156
2832 1966
2832 1820
2832 1369
2832 2537
2832 2081
2832 2448
2833 1937
2833 1927
2833 1676
2833 1067
2834 1657
2834 1548
2834 1573
2834 1323
2834 1242
2834 1107
2835 1710
2835 1708
2835 1572
2835 1405
2835 1273
2835 2422
2835 2473
2836 1710
2836 1539
2836 1366
2836 1344
2836 1214
2836 2262
2836 2124
2837 1725
2837 1602
2837 1494
2837 1575
2837 1428
2837 1368
2837 1182
2838 1910
2838 1718
2838 1262
2839 1970
2839 1964
2839 1729
2839 1619
2839 1369
2839 1053
2840 1970
2840 1896
2840 1740
2840 1700
2840 1719
2840 1593
2840 1604
2840 1515
2840 1521
2840 1371
2840 1295
2840 1292
2841 1862
2841 1090
2841 1110
2841 2834
2842 1231
2842 1221
2842 1148
2842 1146
2842 1108
2843 1756
2843 1642
2843 1607
2843 1476
2843 1364
2843 1385
2843 1283
2843 1168
2844 1948
2844 1983
2844 1701
2844 1287
2844 1273
2844 1219
2844 1184
2845 1762
2845 1744
2845 1541
2845 1266
2845 1071
2845 2568
2847 1835
2847 1678
2847 1615
2847 1049
2847 1133
2848 1770
2848 1263
2848 1182
2849 1951
2849 1778
2849 1700
2849 1371
2849 1161
2849 1091
2849 1050
2849 2881
2849 2352
2850 1984
2850 1830
2850 1836
2850 1656
2850 1190
2850 1121
2850 1131
2851 1686
2851 1497
2851 1435
2851 1299
2851 1055
2852 1998
2852 1855
2852 1701
2852 1405
2852 1476
2852 1188
2852 1181
2852 1200
2853 1809
2853 1629
2853 1054
2854 1981
2854 1794
2854 1483
2854 1368
2854 1291
2854 1211
2854 1074
2855 1726
2855 1634
2855 1417
2856 1980
2856 1871
2856 1580
2856 1525
2856 1567
2856 1428
2856 1182
2856 1045
2856 2231
2856 2556
2857 1974
2857 1588
2857 1629
2857 1280
2857 1142
2858 1920
2858 1829
2858 1676
2858 1702
2858 1431
2858 1397
2858 1115
2858 1121
2859 1840
2859 1471
2859 1313
2859 1165
2860 1796
2860 1841
2860 1790
2860 1721
2860 1660
2860 1443
2860 1183
2860 1181
2860 1086
2860 2830
2861 1952
2861 1976
2861 1971
2861 1533
2861 1075
2861 2290
2862 2010
2862 1870
2862 1935
2862 1713
2862 1286
2862 1157
2862 2473
2863 1629
2863 1402
2863 1337
2863 1142
2863 1158
2863 1071
2864 1686
2864 1551
2864 1298
2864 2584
2865 1826
2865 1695
2865 1554
2866 1864
2866 1825
2866 1482
2866 1393
2866 1233
2867 1931
2867 1594
2867 1433
2867 1379
2867 1230
2868 1615
2868 1545
2868 1162
2868 1051
2869 1938
2869 1824
2869 1752
2869 1141
2870 1903
2870 1330
2870 1364
2870 1243
2870 1214
2870 1083
2871 1850
2871 1712
2871 1628
2871 1237
2871 2665
2872 1891
2872 1706
2872 1574
2872 1479
2872 1095
2873 1790
2873 1679
2873 1755
2873 1447
2873 1238
2873 1157
2873 1198
2873 1078
2874 1946
2874 1985
2874 1338
2874 2592
2874 2557
2875 1939
2875 1350
2875 1244
2875 1116
2875 1132
2876 1345
2876 1234
2876 1231
2876 1140
2876 2929
2877 1972
2877 1834
2877 1770
2877 1685
2877 1748
2878 1919
2878 1816
2878 1497
2878 1487
2878 1246
2878 1093
2879 2002
2879 1805
2879 1690
2879 2319
2880 1421
2880 1922
2880 1879
2880 1882
2881 1709
2881 1610
2881 1425
2882 1777
2882 1725
2882 1489
2883 1738
2883 1603
2883 1517
2883 1350
2884 1873
2884 1509
2884 1451
2884 1333
2884 1113
2884 1099
2884 2550
2885 2364
2885 2899
2885 1376
2885 1484
2885 1754
2885 1753
2886 1783
2886 1626
2886 1537
2886 1458
2886 1315
2886 1161
2887 1963
2887 1905
2887 1815
2887 1541
2887 1415
2887 1369
2887 1220
2887 1098
2887 1053
2888 1880
2888 1423
2888 1394
2888 2517
2889 2009
2889 1764
2889 1583
2889 1475
2889 1185
2890 2220
2890 1399
2890 1475
2890 1635
2890 1857
2891 2000
2891 1941
2891 1861
2891 1597
2891 1301
2891 1163
2891 1094
2891 1081
2892 1521
2892 1395
2893 2003
2893 1723
2893 1638
2893 1576
2893 1436
2893 1067
2894 1983
2894 1863
2894 1933
2894 1701
2894 1721
2894 1339
2894 1183
2894 1111
2894 2362
2895 1935
2895 1901
2895 1678
2895 1453
2895 1463
2895 1243
2895 1122
2895 1096
2896 1782
2896 1639
2896 1577
2896 1579
2896 1462
2896 1369
2896 1266
2896 2063
2897 1958
2897 2008
2897 1574
2897 1356
2897 1232
2897 1131
2897 1116
2897 1110
2897 2636
2898 1905
2898 1791
2898 1775
2898 1839
2898 1682
2898 1711
2898 1733
2898 1412
2898 1301
2899 1777
2899 1646
2899 1276
2900 1969
2900 1874
2900 1365
2900 1345
2900 2052
2901 1984
2901 1852
2901 1657
2901 1564
2901 1531
2901 1509
2901 1441
2901 1242
2901 1095
2901 1048
2901 2153
2902 1937
2902 1324
2903 1998
2903 1512
2903 1501
2903 1410
2903 1387
2903 1229
2903 1304
2904 1662
2904 1523
2904 1570
2904 1555
2904 1388
2904 1236
2904 1189
2904 1109
2905 1963
2905 2012
2905 1941
2905 1815
2905 1740
2905 1582
2905 1626
2905 1462
2905 1461
2906 1759
2906 1316
2906 1225
2906 1173
2906 1204
2906 1170
2906 1108
2907 1960
2907 1926
2907 1428
2908 1620
2908 1497
2908 1434
2908 1140
2909 1755
2909 1303
2909 2114
2909 2707
2909 2246
2910 1703
2910 1497
2910 1289
2910 1217
2910 1204
2910 2553
2911 1986
2911 1673
2911 1708
2911 1282
2911 1215
2911 1200
2911 1088
2911 2985
2912 1973
2912 1907
2912 1791
2912 1537
2912 1552
2912 1392
2912 2940
2912 2373
2913 1900
2913 1632
2913 1600
2913 1643
2913 1574
2913 1517
2913 1514
2913 1324
2913 1346
2913 1349
2913 1269
2913 2636
2914 1325
2914 1191
2914 1185
2915 1871
2915 1685
2915 1714
2916 1985
2916 1919
2916 1697
2916 1388
2917 1731
2917 1429
2917 1407
2917 1225
2917 1140
2917 1112
2917 1103
2917 2874
2918 1780
2918 1569
2918 1477
2918 1388
2918 2494
2919 1891
2919 1723
2919 1346
2919 1319
2920 1953
2920 1633
2920 1140
2920 1209
2920 1077
2920 1085
2921 1867
2921 1820
2921 1815
2921 1828
2921 1624
2921 1452
2921 1449
2921 1228
2921 2845
2922 1890
2922 1724
2922 1440
2922 1390
2922 1148
2922 1089
2922 1052
2922 1106
2923 1849
2923 1717
2923 1401
2923 1185
2924 1892
2924 1876
2924 1795
2924 1620
2924 1528
2924 1470
2924 1237
2924 1062
2925 1902
2925 1664
2925 1543
2925 1220
2925 1104
2926 2007
2926 1978
2926 1909
2926 1861
2926 1728
2926 1561
2926 1424
2926 1081
2926 1066
2926 1047
2927 1821
2927 1715
2927 1458
2927 1449
2927 1315
2928 1710
2928 1500
2928 1511
2928 1387
2928 1238
2928 1215
2929 1890
2929 1591
2929 1652
2929 1477
2929 1231
2930 1976
2930 1945
2930 1889
2930 1702
2930 1655
2930 1504
2930 1514
2930 1346
2930 1284
2930 1178
2930 1190
2930 1064
2931 1744
2931 1637
2931 1544
2931 1524
2931 1474
2932 1940
2932 1731
2932 1606
2932 1464
2932 1305
2933 1960
2933 1785
2933 1644
2933 1493
2933 1417
2933 1326
2934 1701
2934 2860
2934 2554
2934 2222
2935 1869
2935 1779
2935 1476
2935 1086
2935 2386
2936 1798
2936 1665
2936 1649
2936 1461
2936 1296
2936 1163
2936 1193
2936 1066
2937 1649
2937 1561
2937 1472
2937 1081
2938 1650
2938 1339
2938 1286
2939 1849
2939 1562
2939 1203
2939 1056
2940 1718
2940 1665
2940 1543
2940 2849
2941 1973
2941 1807
2941 1691
2941 1619
2941 1526
2941 1265
2941 1098
2942 1857
2942 1536
2942 1310
2942 2481
2943 1825
2943 1663
2943 1570
2943 1429
2943 1204
2943 2059
2944 1921
2944 1799
2944 1545
2944 1282
2944 1293
2944 1181
2945 1796
2945 1571
2945 1471
2945 1235
2945 1139
2945 1143
2945 2252
2946 1826
2946 1751
2946 1482
2946 1347
2946 1380
2947 1976
2947 1881
2947 1875
2947 1354
2947 1195
2948 1785
2948 1489
2948 2496
2948 2621
2949 1977
2949 1400
2949 1306
2949 1311
2949 1172
2949 1069
2950 1884
2950 1801
2950 1810
2950 1635
2950 1401
2950 1120
2951 1698
2951 1533
2951 1121
2952 1841
2952 1838
2952 1701
2952 1677
2952 1485
2952 1335
2952 1304
2952 1177
2952 1133
2953 1815
2953 1582
2953 1609
2953 1455
2953 1315
2953 1065
2953 2233
2954 1969
2954 1890
2954 1804
2954 1416
2955 2951
2956 1868
2956 1858
2956 1629
2956 1320
2956 1337
2956 1248
2957 2009
2957 1851
2957 1884
2957 1788
2957 1674
2957 1641
2957 1489
2957 1082
2957 2709
2958 2001
2958 1940
2958 1833
2958 1774
2958 1692
2958 1621
2958 1409
2958 1106
2958 2954
2959 1877
2959 1652
2960 1893
2960 1904
2960 1584
2960 1267
2960 1195
2960 1061
2961 1930
2961 1863
2961 1799
2961 1796
2961 1334
2961 1250
2961 1219
2961 1122
2961 2894
2962 1996
2962 1655
2962 1465
2962 1048
2962 2735
2963 2013
2963 1648
2963 1527
2963 1494
2963 2823
2964 1860
2964 1909
2964 1868
2964 1744
2964 1640
2964 1639
2965 1912
2965 1853
2965 1781
2965 1460
2965 1352
2965 1308
2965 2858
2966 1503
2966 1413
2966 1364
2966 1227
2966 1287
2967 1927
2967 1738
2967 1354
2967 1190
2967 1113
2967 1048
2968 1531
2968 1374
2968 1132
2968 2794
2969 1875
2969 1803
2969 1576
2969 2332
2970 1951
2970 1942
2970 1844
2970 1626
2970 1550
2970 1377
2970 1100
2971 1949
2971 1954
2971 1849
2971 1488
2971 1353
2971 1285
2971 1185
2972 1944
2972 1880
2972 1763
2972 1702
2972 1553
2972 1156
2972 2175
2973 2003
2973 1895
2973 1738
2973 1645
2973 1090
2973 2173
2974 1613
2974 1555
2974 1459
2974 1316
2974 1069
2975 1825
2975 1780
2975 1758
2975 1751
2975 1704
2975 1663
2975 1486
2975 1409
2975 1233
2975 1237
2975 1225
2975 1072
2975 1063
2975 2874
2976 1913
2976 1360
2976 1177
2976 2386
2977 1969
2977 1946
2977 1687
2977 1620
2977 1613
2977 1569
2977 1520
2977 1420
2977 1170
2977 2910
2978 1994
2978 1628
2978 1617
2978 1255
2978 1063
2978 2553
2978 2085
2979 1901
2979 1863
2979 1501
2979 1571
2979 1361
2980 1996
2980 1853
2980 1805
2980 1696
2980 1441
2980 1352
2980 1363
2980 2684
2981 1759
2981 1731
2981 1724
2981 1653
2981 1520
2981 1338
2981 1171
2982 2005
2982 1609
2982 1370
2983 1815
2983 1675
2983 1604
2983 1565
2983 1466
2983 1452
2983 1142
2984 1959
2984 1808
2984 1691
2984 1666
2984 1408
2984 1369
2984 1249
2984 1065
2985 1992
2985 1771
2985 1840
2985 1498
2985 1454
2985 1476
2985 1334
2986 1988
2986 1898
2986 1670
2986 1646
2986 1258
2986 1174
2986 2556
2987 2014
2987 1926
2987 1614
2987 1616
2987 1583
2987 1495
2987 1563
2987 1493
2987 1562
2987 2481
2988 2015
2988 1890
2988 1693
2988 1518
2988 1416
2988 1338
2988 1393
2988 1306
2989 1092
2989 1185
2989 1154
2989 1276
2989 1399
2989 1817
2989 1772
2990 1906
2990 1794
2990 1432
2990 1331
2990 1368
2990 1203
2990 2703
2990 2880
2991 1740
2991 1547
2991 1277
2991 1081
2992 1859
2992 1813
2992 1695
2992 1482
2992 1338
2992 1261
2992 1146
2992 1106
2993 1698
2993 1584
2993 1160
2994 1683
2994 1314
2995 1786
2995 1508
2995 1542
2995 1256
2995 2263
2996 1989
2996 1946
2996 1887
2996 1470
2996 1085
2996 2981
2997 1945
2997 1950
2997 1852
2997 1656
2997 1549
2997 1423
2997 1075
2998 1680
2999 1341
2999 1218
3000 1861
3000 1604
3000 1582
3000 1521
3000 1425
3000 1098
3001 1706
3001 1698
3001 1107
3001 1079
3002 1805
3002 1830
3002 1656
3002 1332
3002 1324
3002 1267
3002 1190
3003 1986
3003 1818
3003 1623
3003 1654
3003 1589
3003 1361
3003 1083
3004 1863
3004 1792
3004 1078
3005 1758
3005 1684
3005 1318
3005 1069
3005 1103
3006 1900
3006 1927
3006 1356
3007 1956
3007 1860
3007 1775
3007 1624
3007 1337
3007 1395
3007 1262
3007 1144
3007 1066
3008 1985
3008 1947
3008 1932
3008 1703
3008 1551
3008 1435
3008 1365
3008 1380
3008 1302
3008 1057
3008 1112
3008 2981
3009 1800
3009 1654
3009 1361
3009 1183
3009 1101
3009 1046
3010 1932
3010 1692
3010 1316
3010 1171
3010 2630
3010 2284
3011 1957
3011 1689
3011 1375
3011 1105
3011 1053
3012 1956
3012 1640
3012 1543
3012 1253
3013 1964
3013 1438
3013 1408
3013 1378
3013 1296
3013 1193
3013 2063
3013 2027
3014 1954
3014 1879
3014 1784
3014 1417
