1061 0
1362 0
686 0
1530 0
709 1
1311 1
1109 1
655 1
581 1
1530 1
559 2
1169 2
1009 2
693 2
1530 2
2327 3
2447 3
2281 3
1321 3
1075 3
948 3
1528 3
770 3
1232 3
1530 3
730 4
549 4
821 4
1530 4
1634 5
1970 5
1764 5
534 5
1022 5
1411 5
750 5
1050 5
1024 5
1530 5
962 6
543 6
731 6
789 6
1530 6
1071 7
556 7
1066 7
1208 7
966 7
524 7
718 7
1530 7
1401 8
944 8
1465 8
656 8
732 8
1255 8
1438 8
1530 8
1225 9
1223 9
1145 9
780 9
727 9
977 9
1169 9
1003 9
1530 9
729 10
708 10
782 10
1136 10
795 10
1530 10
2495 11
1696 11
1705 11
2053 11
879 11
596 11
1270 11
934 11
992 11
899 11
1321 11
558 11
1530 11
829 12
1074 12
574 12
906 12
849 12
1530 12
542 13
945 13
621 13
551 13
688 13
891 13
579 13
1530 13
765 14
1307 14
512 14
1385 14
1371 14
782 14
1362 14
896 14
1530 14
1158 15
989 15
816 15
861 15
1383 15
626 15
690 15
1530 15
895 16
1171 16
1346 16
535 16
1179 16
577 16
945 16
1530 16
1041 17
1241 17
1125 17
1023 17
1279 17
1530 17
1729 18
2346 18
1339 18
1140 18
883 18
879 18
691 18
1247 18
1024 18
1431 18
1530 18
594 19
1089 19
1462 19
1530 19
1407 20
1091 20
719 20
1300 20
509 20
729 20
795 20
1530 20
786 21
822 21
846 21
1442 21
1530 21
1198 22
1018 22
637 22
1111 22
602 22
989 22
1428 22
1122 22
1530 22
988 23
575 23
1421 23
1402 23
990 23
1069 23
1487 23
812 23
1530 23
1818 24
1329 24
1386 24
1485 24
707 24
1530 24
2314 25
1270 25
1192 25
1528 25
1302 25
529 25
675 25
770 25
948 25
1530 25
1277 26
756 26
628 26
763 26
1343 26
850 26
1530 26
700 27
769 27
737 27
1530 27
721 28
699 28
1005 28
1530 28
1454 29
941 29
1112 29
513 29
1530 29
1320 30
889 30
788 30
564 30
951 30
1530 30
1721 31
1852 31
1789 31
2503 31
1024 31
558 31
993 31
1029 31
1530 31
2297 32
1626 32
883 32
1034 32
710 32
1192 32
802 32
691 32
1044 32
1022 32
1530 32
1829 33
2004 33
1386 33
934 33
879 33
948 33
1321 33
707 33
992 33
1530 33
967 34
535 34
645 34
1347 34
1530 34
2156 35
2337 35
2457 35
1812 35
534 35
1411 35
1050 35
1011 35
1232 35
1485 35
1025 35
1302 35
1530 35
1480 36
1399 36
1002 36
1088 36
886 36
1080 36
579 36
1530 36
889 37
878 37
778 37
1217 37
824 37
1530 37
1113 38
1166 38
843 38
854 38
563 38
1530 38
964 39
664 39
590 39
923 39
1426 39
1226 39
1530 39
853 40
782 40
644 40
1380 40
835 40
1156 40
922 40
1530 40
1105 41
963 41
1058 41
937 41
1530 41
825 42
1380 42
880 42
1079 42
659 42
812 42
991 42
712 42
1530 42
1161 43
1233 43
1300 43
1216 43
1090 43
1359 43
538 43
1530 43
1118 44
780 44
1444 44
1401 44
693 44
1530 44
1282 45
537 45
585 45
1318 45
1310 45
1137 45
1530 45
686 46
1252 46
1073 46
543 46
692 46
720 46
835 46
1530 46
1021 47
1209 47
1273 47
1530 47
1048 48
826 48
862 48
499 48
1389 48
701 48
528 48
1530 48
1561 49
1841 49
802 49
529 49
1528 49
940 49
1034 49
588 49
710 49
879 49
1530 49
1267 50
1275 50
1037 50
997 50
1480 50
933 50
1183 50
1530 50
1124 51
1172 51
911 51
789 51
1286 51
1530 51
2384 52
1588 52
1784 52
1024 52
1224 52
1270 52
1192 52
948 52
1411 52
1065 52
1022 52
1528 52
1530 52
1003 53
1342 53
1277 53
1333 53
929 53
1530 53
1253 54
1408 54
1229 54
510 54
1446 54
764 54
1014 54
1530 54
924 55
747 55
757 55
1110 55
584 55
1347 55
1213 55
700 55
1530 55
1030 56
510 56
1110 56
1040 56
568 56
1186 56
1530 56
1004 57
661 57
741 57
996 57
849 57
1423 57
1530 57
641 58
604 58
1261 58
685 58
924 58
764 58
564 58
639 58
1530 58
1462 59
773 59
1081 59
586 59
1530 59
1010 60
1134 60
1438 60
690 60
1018 60
1530 60
611 61
1202 61
834 61
531 61
694 61
1530 61
570 62
979 62
777 62
1317 62
1087 62
752 62
829 62
906 62
1530 62
1453 63
861 63
1395 63
684 63
734 63
1176 63
1185 63
774 63
1530 63
633 64
1137 64
591 64
1530 64
569 65
1095 65
1290 65
1530 65
843 66
521 66
1304 66
1260 66
1530 66
1040 67
688 67
1017 67
866 67
1027 67
952 67
607 67
1014 67
1530 67
1465 68
884 68
774 68
1327 68
971 68
1420 68
963 68
1361 68
1530 68
779 69
783 69
736 69
1449 69
930 69
1530 69
654 70
1351 70
731 70
1218 70
1439 70
1530 70
1086 71
627 71
1099 71
1007 71
867 71
1380 71
1530 71
806 72
905 72
1159 72
1412 72
744 72
1530 72
1348 73
1046 73
1032 73
617 73
1530 73
2500 74
2423 74
879 74
588 74
940 74
598 74
1025 74
1075 74
1530 74
943 75
535 75
624 75
1261 75
1071 75
1253 75
1530 75
1686 76
702 76
558 76
792 76
1025 76
1530 76
505 77
1264 77
616 77
1393 77
975 77
525 77
1332 77
1530 77
1018 78
1383 78
1159 78
884 78
1530 78
858 79
923 79
1380 79
517 79
1530 79
1174 80
935 80
754 80
705 80
522 80
1530 80
1918 81
1301 81
1440 81
710 81
1530 81
1426 82
1409 82
1203 82
1047 82
1478 82
801 82
1530 82
1738 83
2303 83
1678 83
1896 83
1745 83
981 83
610 83
702 83
1530 83
589 84
901 84
668 84
1530 84
1114 85
1082 85
624 85
1446 85
769 85
834 85
828 85
1313 85
1530 85
1133 86
1089 86
1477 86
1134 86
656 86
956 86
1530 86
1406 87
1282 87
996 87
1120 87
939 87
973 87
1530 87
1372 88
816 88
1009 88
1018 88
937 88
1081 88
1122 88
1530 88
2223 89
2362 89
981 89
1050 89
1528 89
899 89
792 89
750 89
992 89
1530 89
1312 90
1260 90
1147 90
1530 90
1356 91
1221 91
1332 91
1063 91
1393 91
671 91
969 91
1530 91
1031 92
664 92
812 92
623 92
1307 92
643 92
962 92
1530 92
1079 93
1478 93
847 93
503 93
1252 93
1530 93
1354 94
826 94
1210 94
1198 94
1403 94
1159 94
1465 94
1530 94
2028 95
1339 95
1528 95
1528 95
1247 95
1034 95
1530 95
623 96
1445 96
1407 96
988 96
877 96
1426 96
735 96
1421 96
1530 96
1099 97
520 97
1201 97
665 97
830 97
888 97
651 97
1450 97
1530 97
1433 98
744 98
1076 98
1530 98
807 99
1177 99
765 99
1238 99
964 99
1061 99
908 99
659 99
1530 99
1248 100
590 100
799 100
503 100
1530 100
1213 101
531 101
813 101
1067 101
1326 101
546 101
1530 101
1049 102
521 102
724 102
1436 102
1530 102
664 103
640 103
990 103
1161 103
1371 103
896 103
1211 103
1530 103
1166 104
975 104
1417 104
979 104
768 104
1328 104
793 104
522 104
1530 104
2082 105
1908 105
2060 105
2313 105
992 105
1025 105
1528 105
558 105
1022 105
1530 105
1091 106
1026 106
1227 106
903 106
520 106
1530 106
1137 107
772 107
1199 107
843 107
1530 107
2259 108
1542 108
2251 108
1022 108
802 108
1485 108
1530 108
721 109
1080 109
587 109
1483 109
1299 109
1040 109
546 109
1530 109
1333 110
1435 110
609 110
740 110
1530 110
1372 111
1477 111
1077 111
1403 111
1003 111
1473 111
963 111
826 111
1530 111
942 112
1045 112
1283 112
653 112
1530 112
1062 113
1146 113
1327 113
827 113
1530 113
637 114
594 114
806 114
1530 114
1402 115
964 115
560 115
911 115
1206 115
1530 115
1198 116
1400 116
859 116
1138 116
1412 116
1010 116
642 116
1081 116
1530 116
1078 117
678 117
895 117
804 117
791 117
1530 117
755 118
1306 118
757 118
1530 118
815 119
1253 119
546 119
639 119
1430 119
1143 119
1135 119
1249 119
1530 119
1255 120
620 120
861 120
1530 120
1230 121
859 121
753 121
1287 121
809 121
1469 121
1530 121
697 122
1110 122
1363 122
824 122
1303 122
1222 122
725 122
1530 122
763 123
1400 123
1045 123
1327 123
816 123
544 123
1223 123
1089 123
1530 123
1088 124
636 124
924 124
666 124
1530 124
1084 125
1008 125
945 125
1013 125
1530 125
2260 126
1550 126
610 126
981 126
1140 126
1431 126
534 126
1025 126
1485 126
1530 126
998 127
1185 127
1128 127
1338 127
578 127
1372 127
513 127
1530 127
1458 128
1486 128
512 128
844 128
1426 128
1228 128
1530 128
1382 129
809 129
1089 129
523 129
679 129
1462 129
1530 129
905 130
515 130
998 130
1348 130
999 130
1151 130
1530 130
692 131
1478 131
532 131
622 131
1371 131
1458 131
1351 131
1530 131
2098 132
2175 132
2207 132
1022 132
596 132
899 132
802 132
1024 132
558 132
1530 132
597 133
871 133
676 133
1530 133
583 134
911 134
1455 134
1530 134
980 135
1001 135
651 135
840 135
526 135
715 135
892 135
1073 135
1530 135
1249 136
689 136
604 136
1008 136
1154 136
639 136
1530 136
1263 137
796 137
718 137
1265 137
1418 137
1296 137
1530 137
1449 138
1222 138
1014 138
1098 138
930 138
1530 138
632 139
1102 139
895 139
581 139
1367 139
1410 139
535 139
1341 139
1530 139
1366 140
601 140
973 140
1304 140
1530 140
1465 141
1015 141
1128 141
821 141
1185 141
763 141
1530 141
1063 142
570 142
1184 142
1530 142
560 143
1457 143
795 143
1530 143
1182 144
582 144
1340 144
1054 144
1234 144
642 144
1530 144
1444 145
559 145
957 145
626 145
1081 145
1464 145
1401 145
1530 145
1261 146
568 146
634 146
1153 146
873 146
687 146
1530 146
1145 147
862 147
499 147
1038 147
1530 147
956 148
602 148
680 148
523 148
637 148
1530 148
1134 149
1041 149
1062 149
1444 149
1196 149
1343 149
1530 149
642 150
1377 150
1464 150
1530 150
846 151
641 151
592 151
874 151
1268 151
1530 151
1159 152
682 152
1475 152
1530 152
1834 153
2268 153
1587 153
1290 153
1216 153
1012 153
799 153
1528 153
1530 153
2350 154
1774 154
968 154
762 154
1309 154
1091 154
643 154
1385 154
1090 154
590 154
1528 154
1530 154
1118 155
1372 155
871 155
1130 155
1530 155
567 156
1468 156
1018 156
905 156
1428 156
833 156
1530 156
1788 157
1715 157
1920 157
1730 157
1736 157
618 157
1075 157
596 157
610 157
1530 157
590 158
571 158
801 158
1530 158
983 159
824 159
1430 159
1347 159
1021 159
814 159
672 159
803 159
1530 159
748 160
897 160
1465 160
1076 160
1405 160
1344 160
1083 160
1530 160
1439 161
896 161
520 161
1530 161
845 162
1257 162
1303 162
1353 162
703 162
737 162
769 162
1217 162
1530 162
605 163
1226 163
1203 163
801 163
1530 163
900 164
585 164
633 164
1129 164
1319 164
614 164
724 164
1530 164
2244 165
1954 165
1653 165
2463 165
1657 165
1839 165
2237 165
2350 165
1560 165
1633 165
1578 165
588 165
1321 165
596 165
883 165
1530 165
958 166
699 166
667 166
1066 166
1191 166
1530 166
897 167
851 167
1167 167
1176 167
677 167
1343 167
838 167
1062 167
1530 167
562 168
1286 168
901 168
877 168
583 168
627 168
1530 168
1335 169
636 169
561 169
604 169
952 169
1530 169
1283 170
626 170
1279 170
1530 170
831 171
1118 171
1361 171
1018 171
965 171
1167 171
1530 171
1465 172
881 172
977 172
1018 172
1530 172
1234 173
1327 173
826 173
821 173
998 173
1530 173
1294 174
844 174
835 174
1061 174
1371 174
1214 174
1216 174
569 174
1530 174
1180 175
597 175
1138 175
1134 175
684 175
809 175
544 175
1340 175
1530 175
528 176
734 176
1045 176
753 176
530 176
916 176
1468 176
1019 176
1530 176
656 177
682 177
1361 177
929 177
1146 177
669 177
1530 177
1350 178
632 178
1313 178
751 178
1388 178
545 178
1530 178
669 179
790 179
646 179
998 179
1127 179
821 179
1530 179
1013 180
1040 180
504 180
1341 180
1367 180
959 180
894 180
1530 180
1138 181
586 181
836 181
501 181
1530 181
671 182
868 182
1055 182
1113 182
1423 182
662 182
615 182
1530 182
1259 183
563 183
1016 183
1043 183
1120 183
1417 183
1308 183
1530 183
785 184
958 184
1144 184
561 184
514 184
1530 184
1085 185
734 185
701 185
763 185
1530 185
615 186
1282 186
760 186
1530 186
687 187
721 187
1263 187
967 187
761 187
1191 187
1530 187
709 188
1171 188
1449 188
632 188
1014 188
1280 188
504 188
1530 188
966 189
970 189
1131 189
1008 189
1530 189
942 190
1015 190
617 190
850 190
1277 190
637 190
1348 190
1279 190
1530 190
708 191
1307 191
982 191
1530 191
520 192
954 192
533 192
1439 192
901 192
665 192
1478 192
1530 192
684 193
978 193
511 193
1163 193
1530 193
1398 194
717 194
1253 194
1154 194
889 194
1323 194
545 194
1530 194
1095 195
1292 195
712 195
1271 195
517 195
1530 195
986 196
1304 196
614 196
1417 196
768 196
1530 196
1136 197
1246 197
988 197
858 197
1426 197
1530 197
1178 198
1134 198
1266 198
1245 198
499 198
680 198
1338 198
1530 198
709 199
1295 199
794 199
1530 199
614 200
1366 200
1033 200
716 200
1530 200
704 201
1381 201
814 201
1189 201
1530 201
2493 202
1899 202
2089 202
1647 202
1837 202
1618 202
1465 202
1420 202
1471 202
998 202
1401 202
499 202
774 202
1528 202
1530 202
1153 203
1467 203
1396 203
743 203
919 203
1530 203
604 204
1367 204
600 204
1530 204
1035 205
1106 205
537 205
1530 205
1184 206
1259 206
996 206
1199 206
972 206
615 206
742 206
1312 206
1530 206
1351 207
1439 207
782 207
512 207
840 207
853 207
543 207
1530 207
1241 208
740 208
1125 208
1530 208
1308 209
793 209
932 209
505 209
1419 209
1317 209
1530 209
731 210
1001 210
643 210
1371 210
1012 210
509 210
1530 210
742 211
906 211
975 211
603 211
552 211
1293 211
920 211
910 211
1530 211
1401 212
905 212
646 212
1123 212
1274 212
1530 212
1309 213
923 213
1407 213
562 213
1530 213
533 214
1300 214
1362 214
712 214
789 214
664 214
1530 214
841 215
1426 215
647 215
527 215
1530 215
913 216
922 216
921 216
799 216
877 216
980 216
1530 216
2285 217
2094 217
1411 217
899 217
1075 217
1192 217
1530 217
553 218
656 218
582 218
1094 218
663 218
1530 218
1037 219
878 219
631 219
1530 219
510 220
874 220
568 220
1152 220
1135 220
1219 220
1363 220
709 220
1530 220
1441 221
540 221
1400 221
740 221
1364 221
1158 221
863 221
1530 221
628 222
1048 222
776 222
1083 222
1530 222
1423 223
552 223
566 223
661 223
565 223
854 223
585 223
1530 223
1387 224
842 224
1243 224
1530 224
963 225
1058 225
1468 225
1390 225
1530 225
1937 226
803 226
757 226
983 226
1005 226
546 226
1528 226
1530 226
1413 227
1102 227
1193 227
1530 227
1442 228
886 228
592 228
800 228
1160 228
670 228
551 228
1530 228
627 229
867 229
1047 229
1177 229
622 229
990 229
807 229
1530 229
594 230
978 230
1118 230
1530 230
804 231
1102 231
1144 231
1530 231
1031 232
954 232
1108 232
1246 232
1233 232
1530 232
1474 233
738 233
684 233
811 233
1530 233
1405 234
947 234
1107 234
1009 234
1530 234
1310 235
1137 235
1356 235
1530 235
508 236
905 236
1370 236
1105 236
1530 236
554 237
1201 237
1226 237
1460 237
739 237
901 237
1530 237
1854 238
2367 238
1859 238
2462 238
2207 238
545 238
1341 238
919 238
667 238
1418 238
1528 238
1530 238
1236 239
1287 239
628 239
756 239
851 239
833 239
1150 239
1364 239
1530 239
874 240
894 240
951 240
1530 240
592 241
704 241
747 241
1530 241
2302 242
2509 242
948 242
750 242
1528 242
710 242
539 242
992 242
1470 242
1530 242
609 243
1041 243
833 243
1076 243
1185 243
1151 243
559 243
1530 243
1087 244
772 244
1259 244
1162 244
1530 244
583 245
622 245
640 245
1530 245
1083 246
1333 246
1046 246
1076 246
851 246
941 246
1236 246
1530 246
1994 247
1735 247
2428 247
934 247
879 247
899 247
707 247
1530 247
1126 248
1316 248
1248 248
1530 248
1421 249
923 249
1124 249
1292 249
527 249
1227 249
1530 249
1064 250
1297 250
1007 250
533 250
1450 250
1316 250
590 250
1530 250
716 251
661 251
1055 251
724 251
768 251
1406 251
1530 251
876 252
1061 252
911 252
512 252
1530 252
799 253
1407 253
1161 253
1530 253
1392 254
817 254
963 254
1530 254
1166 255
1459 255
1147 255
1221 255
1087 255
683 255
1074 255
505 255
1530 255
930 256
1068 256
1467 256
1257 256
1456 256
958 256
1080 256
757 256
1530 256
1043 257
1419 257
1074 257
969 257
1256 257
1530 257
1089 258
1032 258
547 258
811 258
1530 258
1477 259
1019 259
1159 259
1465 259
676 259
1225 259
1234 259
1530 259
1204 260
1093 260
1486 260
1458 260
887 260
1530 260
1031 261
1093 261
1097 261
864 261
1402 261
589 261
1530 261
869 262
973 262
683 262
986 262
1184 262
615 262
1293 262
1530 262
757 263
1037 263
1381 263
1181 263
938 263
912 263
771 263
1002 263
1530 263
1200 264
1419 264
565 264
960 264
521 264
1310 264
1530 264
597 265
1429 265
947 265
863 265
1048 265
682 265
1159 265
1530 265
1176 266
774 266
1372 266
1056 266
1530 266
894 267
1315 267
652 267
882 267
1341 267
1530 267
847 268
988 268
1351 268
1530 268
902 269
629 269
1353 269
706 269
1102 269
1530 269
1332 270
1317 270
926 270
1293 270
1115 270
1530 270
1002 271
766 271
1397 271
1280 271
779 271
1443 271
743 271
1006 271
1530 271
544 272
656 272
1390 272
833 272
515 272
646 272
1168 272
1530 272
644 273
674 273
799 273
533 273
1530 273
955 274
865 274
961 274
1018 274
914 274
1373 274
1530 274
670 275
1442 275
1244 275
604 275
1430 275
822 275
959 275
766 275
1530 275
1127 276
1405 276
1392 276
1530 276
711 277
511 277
682 277
1032 277
1530 277
556 278
878 278
595 278
688 278
1530 278
1921 279
1718 279
596 279
1075 279
707 279
618 279
691 279
1301 279
1224 279
1530 279
571 280
715 280
692 280
562 280
507 280
1530 280
1048 281
530 281
513 281
1435 281
576 281
916 281
559 281
744 281
1530 281
1568 282
951 282
697 282
822 282
1303 282
1267 282
1528 282
1530 282
895 283
1014 283
886 283
769 283
1461 283
1013 283
1530 283
927 284
1254 284
538 284
1530 284
691 285
1411 285
1431 285
1022 285
702 285
1530 285
620 286
944 286
1334 286
929 286
1348 286
881 286
1223 286
1103 286
1530 286
1391 287
634 287
747 287
1149 287
1530 287
1457 288
1099 288
1061 288
708 288
583 288
844 288
1530 288
705 289
1113 289
661 289
1256 289
1481 289
935 289
671 289
985 289
1530 289
1041 290
1076 290
1453 290
553 290
646 290
711 290
884 290
1530 290
1651 291
1947 291
1892 291
1928 291
1025 291
883 291
1140 291
1011 291
675 291
606 291
1530 291
1391 292
604 292
1449 292
1353 292
1100 292
815 292
714 292
678 292
1530 292
1054 293
857 293
1116 293
1530 293
1635 294
1726 294
1915 294
1558 294
948 294
1022 294
879 294
558 294
1301 294
1411 294
598 294
1029 294
1530 294
536 295
524 295
786 295
909 295
1530 295
1096 296
757 296
542 296
1530 296
1035 297
1055 297
1375 297
522 297
1416 297
705 297
969 297
1530 297
1073 298
841 298
1351 298
1530 298
731 299
1026 299
1126 299
657 299
1201 299
1530 299
1435 300
1168 300
1383 300
1182 300
557 300
776 300
1474 300
1130 300
1530 300
1111 301
1083 301
821 301
833 301
696 301
1530 301
828 302
1067 302
1298 302
1195 302
1215 302
1397 302
873 302
1530 302
1194 303
654 303
982 303
1407 303
1439 303
1530 303
601 304
1317 304
932 304
1319 304
723 304
552 304
1530 304
853 305
589 305
554 305
848 305
1292 305
762 305
921 305
1530 305
2417 306
2393 306
618 306
1034 306
675 306
1247 306
1024 306
1025 306
707 306
1530 306
927 307
692 307
1455 307
613 307
1487 307
668 307
659 307
520 307
1530 307
1971 308
2537 308
1880 308
1075 308
934 308
618 308
1270 308
750 308
539 308
1530 308
1369 309
1468 309
1360 309
576 309
1530 309
1043 310
552 310
1129 310
1530 310
868 311
1332 311
1004 311
1293 311
781 311
1087 311
1530 311
1365 312
1434 312
1106 312
574 312
1530 312
1718 313
2188 313
1666 313
2306 313
1730 313
2155 313
1549 313
1579 313
606 313
1232 313
658 313
675 313
702 313
1530 313
881 314
1158 314
790 314
677 314
1451 314
1438 314
1530 314
1099 315
1204 315
887 315
922 315
848 315
1309 315
1530 315
794 316
689 316
625 316
587 316
1432 316
1291 316
1530 316
1365 317
829 317
839 317
1317 317
603 317
969 317
1530 317
708 318
1079 318
1457 318
825 318
762 318
950 318
1073 318
830 318
1530 318
1019 319
1225 319
586 319
1245 319
1288 319
1196 319
1403 319
865 319
1530 319
1330 320
1381 320
697 320
1215 320
1059 320
1530 320
1044 321
879 321
899 321
1530 321
816 322
677 322
1477 322
1344 322
1128 322
559 322
1530 322
1181 323
1187 323
1326 323
1142 323
1530 323
947 324
907 324
682 324
1530 324
1076 325
1395 325
1373 325
1452 325
1176 325
1530 325
1543 326
534 326
940 326
883 326
1530 326
1206 327
1203 327
835 327
1231 327
1316 327
554 327
1530 327
765 328
1421 328
605 328
1530 328
1227 329
775 329
1073 329
1211 329
583 329
735 329
1437 329
1530 329
1183 330
943 330
510 330
1530 330
1264 331
570 331
754 331
1530 331
698 332
1239 332
1159 332
669 332
1392 332
1344 332
1530 332
1248 333
560 333
554 333
1450 333
1079 333
1530 333
1173 334
1402 334
1124 334
1487 334
1530 334
983 335
697 335
933 335
1424 335
535 335
1066 335
1530 335
1724 336
1828 336
2269 336
2524 336
2141 336
2084 336
687 336
866 336
1030 336
1413 336
1528 336
1530 336
652 337
1315 337
800 337
584 337
1398 337
561 337
1530 337
2357 338
2208 338
1282 338
537 338
1434 338
1375 338
742 338
768 338
574 338
1528 338
1530 338
1200 339
1479 339
683 339
566 339
649 339
552 339
1147 339
975 339
1530 339
1390 340
1370 340
1180 340
987 340
984 340
1279 340
1530 340
2312 341
1759 341
2347 341
1540 341
539 341
1044 341
1321 341
948 341
792 341
934 341
1050 341
610 341
1530 341
1314 342
1063 342
752 342
1406 342
635 342
1530 342
663 343
890 343
515 343
1019 343
1530 343
508 344
1283 344
1122 344
1070 344
549 344
617 344
1240 344
774 344
1530 344
1130 345
656 345
515 345
1046 345
1344 345
1530 345
1660 346
2471 346
2062 346
675 346
883 346
588 346
1530 346
628 347
1197 347
541 347
1422 347
602 347
1452 347
936 347
989 347
1530 347
1062 348
609 348
1107 348
823 348
597 348
1530 348
1342 349
673 349
511 349
1429 349
523 349
1288 349
1530 349
1102 350
1078 350
687 350
1353 350
1188 350
706 350
1530 350
717 351
1165 351
1027 351
1404 351
970 351
1336 351
1530 351
715 352
538 352
1281 352
1530 352
950 353
571 353
968 353
904 353
1530 353
999 354
646 354
580 354
567 354
1039 354
1530 354
1127 355
859 355
580 355
1468 355
1230 355
617 355
1128 355
857 355
1530 355
904 356
1374 356
1119 356
1206 356
735 356
1281 356
908 356
1530 356
536 357
1430 357
1298 357
655 357
800 357
761 357
1530 357
1253 358
1346 358
1257 358
1215 358
725 358
1363 358
695 358
1109 358
1530 358
559 359
701 359
1223 359
663 359
1283 359
1530 359
1456 360
1296 360
1425 360
593 360
1165 360
581 360
1530 360
709 361
1208 361
688 361
577 361
1303 361
1006 361
1530 361
572 362
1144 362
687 362
1040 362
709 362
1189 362
1350 362
1530 362
951 363
1030 363
700 363
856 363
1530 363
1216 364
1231 364
1427 364
1007 364
715 364
1172 364
657 364
893 364
1530 364
1392 365
1158 365
1196 365
648 365
502 365
1530 365
595 366
1313 366
1357 366
546 366
1165 366
1186 366
1530 366
1487 367
1231 367
1099 367
1309 367
692 367
507 367
1530 367
1411 368
606 368
618 368
992 368
1485 368
1530 368
821 369
701 369
749 369
1130 369
961 369
637 369
823 369
1530 369
1292 370
1124 370
686 370
1231 370
1487 370
782 370
1252 370
1530 370
533 371
1325 371
784 371
509 371
922 371
1073 371
812 371
1530 371
805 372
1222 372
828 372
1021 372
631 372
1181 372
1530 372
868 373
566 373
1200 373
767 373
723 373
1530 373
1067 374
1109 374
581 374
632 374
709 374
1006 374
689 374
1530 374
890 375
501 375
1392 375
852 375
995 375
1530 375
1454 376
1241 376
1239 376
1094 376
1178 376
553 376
1530 376
1123 377
826 377
1023 377
1465 377
1530 377
984 378
1111 378
646 378
669 378
857 378
852 378
1530 378
911 379
1052 379
795 379
858 379
1374 379
1530 379
957 380
836 380
1176 380
1403 380
1076 380
965 380
1324 380
1530 380
1027 381
660 381
1251 381
1335 381
1530 381
1047 382
647 382
1487 382
876 382
719 382
712 382
950 382
1530 382
1188 383
898 383
1149 383
1262 383
1446 383
1530 383
664 384
911 384
651 384
1478 384
1284 384
901 384
1530 384
1400 385
1116 385
1105 385
1138 385
1530 385
769 386
706 386
636 386
728 386
1217 386
1280 386
1530 386
1614 387
854 387
1184 387
585 387
574 387
1310 387
1528 387
1530 387
516 388
1268 388
1189 388
1100 388
1155 388
1299 388
1530 388
1059 389
976 389
604 389
759 389
1109 389
1346 389
1135 389
546 389
1530 389
582 390
1134 390
827 390
957 390
1274 390
1338 390
1230 390
676 390
1530 390
1549 391
1905 391
1756 391
883 391
1044 391
1024 391
606 391
1530 391
849 392
839 392
1106 392
1423 392
565 392
1310 392
1312 392
635 392
1530 392
1014 393
1066 393
1346 393
1017 393
1040 393
1530 393
879 394
1485 394
883 394
710 394
1530 394
678 395
800 395
1306 395
1191 395
1149 395
1530 395
1285 396
501 396
978 396
817 396
1530 396
1555 397
1920 397
2151 397
556 397
1336 397
1036 397
919 397
1528 397
1530 397
1126 398
1139 398
527 398
1530 398
764 399
1078 399
1141 399
1530 399
2536 400
2191 400
2381 400
2488 400
529 400
1331 400
899 400
1386 400
1530 400
1471 401
1400 401
1382 401
842 401
1083 401
1530 401
907 402
1103 402
1451 402
630 402
1361 402
965 402
499 402
1094 402
1530 402
1266 403
1376 403
1134 403
1122 403
995 403
1151 403
1530 403
1290 404
1254 404
664 404
904 404
1211 404
1126 404
1530 404
564 405
581 405
997 405
688 405
874 405
1530 405
1208 406
695 406
1215 406
1530 406
1337 407
745 407
1278 407
615 407
900 407
973 407
1293 407
1530 407
744 408
914 408
1387 408
1009 408
1333 408
1471 408
746 408
1530 408
1451 409
733 409
1125 409
1370 409
1225 409
518 409
1530 409
2338 410
1815 410
2279 410
1011 410
770 410
1331 410
707 410
934 410
1044 410
529 410
899 410
1530 410
732 411
1105 411
502 411
1138 411
753 411
942 411
1210 411
1528 411
1530 411
1128 412
1354 412
1054 412
1009 412
1138 412
1530 412
1081 413
974 413
1305 413
586 413
881 413
502 413
965 413
1015 413
1530 413
1263 414
524 414
1213 414
822 414
1530 414
849 415
752 415
1366 415
1530 415
1167 416
780 416
1420 416
1103 416
1041 416
916 416
753 416
1530 416
1295 417
1209 417
1017 417
1367 417
1530 417
1111 418
1236 418
1344 418
819 418
1169 418
669 418
1530 418
2218 419
1331 419
940 419
1528 419
1192 419
899 419
1411 419
1530 419
1416 420
603 420
960 420
975 420
1332 420
1337 420
601 420
1530 420
867 421
659 421
644 421
719 421
1254 421
1530 421
1180 422
1134 422
944 422
859 422
630 422
1530 422
1441 423
971 423
836 423
1239 423
1169 423
1530 423
727 424
947 424
1305 424
1103 424
1274 424
1530 424
728 425
1335 425
1249 425
909 425
1212 425
1353 425
949 425
548 425
1530 425
952 426
703 426
797 426
800 426
785 426
1530 426
1633 427
1086 427
527 427
1136 427
1362 427
664 427
853 427
913 427
1073 427
1528 427
1530 427
1326 428
721 428
1237 428
706 428
687 428
1530 428
1921 429
2092 429
2312 429
1528 429
1411 429
992 429
802 429
981 429
1530 429
1035 430
1129 430
932 430
854 430
832 430
1530 430
753 431
653 431
1400 431
827 431
937 431
1283 431
871 431
918 431
1530 431
759 432
1306 432
550 432
652 432
1530 432
498 433
700 433
1424 433
1222 433
1530 433
1260 434
986 434
565 434
920 434
552 434
1375 434
1530 434
659 435
1211 435
990 435
844 435
758 435
543 435
712 435
507 435
1530 435
840 436
527 436
1057 436
812 436
1164 436
928 436
1530 436
2514 437
1984 437
1101 437
714 437
1267 437
1213 437
625 437
1053 437
1272 437
1528 437
1530 437
1204 438
784 438
526 438
888 438
1362 438
657 438
848 438
1530 438
597 439
826 439
1340 439
989 439
1530 439
752 440
1459 440
1016 440
1356 440
1530 440
666 441
1346 441
1028 441
1484 441
1209 441
815 441
1530 441
649 442
1278 442
1319 442
1043 442
1530 442
1021 443
1005 443
645 443
1160 443
1212 443
1269 443
976 443
1530 443
823 444
690 444
1062 444
1530 444
785 445
587 445
1067 445
822 445
1530 445
920 446
1148 446
649 446
752 446
570 446
1530 446
1740 447
1411 447
1302 447
1331 447
1065 447
1270 447
1024 447
770 447
618 447
1530 447
817 448
1285 448
1288 448
711 448
965 448
1530 448
1194 449
1290 449
720 449
1409 449
1292 449
1079 449
1073 449
1316 449
1530 449
730 450
974 450
711 450
1530 450
1414 451
1454 451
1019 451
511 451
821 451
1530 451
1713 452
1594 452
2391 452
1556 452
1911 452
1388 452
873 452
889 452
1265 452
764 452
1237 452
1183 452
506 452
1528 452
1530 452
573 453
1191 453
699 453
621 453
779 453
1530 453
1365 454
1293 454
868 454
772 454
519 454
563 454
505 454
1530 454
1146 455
1234 455
1414 455
1392 455
978 455
1105 455
690 455
1530 455
1285 456
642 456
696 456
1077 456
530 456
1019 456
1530 456
919 457
703 457
764 457
1237 457
1472 457
725 457
1530 457
1410 458
634 458
672 458
1530 458
681 459
565 459
1312 459
975 459
767 459
1166 459
1530 459
1094 460
995 460
1234 460
1369 460
1420 460
653 460
1412 460
1530 460
1353 461
1396 461
1466 461
785 461
1135 461
800 461
699 461
655 461
1530 461
1938 462
960 462
1256 462
525 462
681 462
563 462
772 462
1528 462
1530 462
2497 463
1643 463
2052 463
792 463
1528 463
1044 463
588 463
1530 463
1081 464
1469 464
977 464
1239 464
515 464
998 464
850 464
1077 464
1530 464
625 465
1096 465
695 465
1183 465
545 465
1530 465
1111 466
941 466
1403 466
1159 466
576 466
530 466
842 466
1255 466
1530 466
1177 467
674 467
1316 467
1190 467
1057 467
1530 467
2080 468
1734 468
1961 468
1179 468
1335 468
1143 468
1269 468
805 468
500 468
1244 468
1528 468
1530 468
939 469
793 469
875 469
1260 469
1242 469
1530 469
1343 470
852 470
1435 470
1112 470
1277 470
1530 470
535 471
639 471
1002 471
1530 471
1413 472
728 472
1408 472
722 472
1530 472
814 473
800 473
1141 473
1014 473
1530 473
2467 474
1386 474
1075 474
1528 474
1431 474
993 474
750 474
883 474
1530 474
1133 475
656 475
1469 475
819 475
862 475
865 475
1530 475
1299 476
1187 476
726 476
641 476
1425 476
1530 476
660 477
714 477
1330 477
1153 477
555 477
894 477
1235 477
983 477
1530 477
1991 478
539 478
1192 478
946 478
1431 478
750 478
1024 478
802 478
1075 478
1530 478
1272 479
1298 479
1467 479
714 479
1006 479
1320 479
736 479
1191 479
1530 479
915 480
613 480
665 480
1126 480
980 480
1012 480
1220 480
1450 480
1530 480
1090 481
1374 481
538 481
1231 481
1530 481
1038 482
1382 482
1158 482
1530 482
787 483
824 483
611 483
1530 483
764 484
925 484
1208 484
631 484
1467 484
845 484
510 484
1530 484
591 485
724 485
570 485
849 485
1314 485
1147 485
1042 485
1530 485
541 486
594 486
1444 486
1530 486
778 487
1187 487
1000 487
1002 487
498 487
1530 487
876 488
853 488
1194 488
1119 488
583 488
1530 488
918 489
1243 489
998 489
749 489
696 489
862 489
730 489
1128 489
1530 489
1546 490
2340 490
1884 490
1712 490
596 490
1411 490
606 490
792 490
1331 490
534 490
1530 490
783 491
694 491
1244 491
1330 491
1037 491
1080 491
967 491
1188 491
1530 491
1184 492
671 492
1115 492
926 492
1481 492
832 492
768 492
1530 492
706 493
1413 493
1261 493
874 493
572 493
1530 493
1376 494
881 494
1465 494
1530 494
530 495
1239 495
653 495
1405 495
669 495
1058 495
861 495
734 495
1530 495
1062 496
1023 496
1468 496
1390 496
693 496
756 496
1530 496
841 497
762 497
517 497
1530 497
1530 498
678 504
1384 517
1447 523
1589 529
2042 529
1675 529
1714 529
2067 529
2095 529
1846 529
2472 529
1923 529
1729 529
1666 529
2072 529
2050 529
2459 534
1768 534
2497 534
1714 534
2394 539
2047 539
1708 539
2357 539
1442 556
1027 556
1659 558
2506 558
2334 558
1859 558
1832 558
2287 558
1316 562
659 562
1000 568
1107 576
617 578
1562 588
1904 588
2245 588
2318 588
1572 588
1902 588
1668 588
2514 588
1967 596
1781 596
2192 596
1641 596
1411 596
1526 598
934 598
2224 598
2375 598
1818 598
1584 598
2112 598
1318 601
760 601
1675 606
2052 606
2277 606
2254 606
2261 606
1704 606
2157 606
2014 606
2413 606
1664 606
2367 606
2325 606
2348 606
1526 610
33 610
2360 610
2425 610
1945 610
1514 618
2900 618
2452 618
1929 618
1804 618
1349 619
1449 636
573 638
2006 658
1781 658
2532 658
1271 659
954 659
1413 660
1407 665
708 665
1020 667
551 667
1475 669
586 669
1265 670
1266 673
2393 675
1996 675
2043 675
1854 675
1624 675
2160 675
1616 675
2047 675
1640 675
1856 675
1583 691
1639 691
2023 691
2169 691
2491 691
2362 691
2425 691
2074 691
1071 695
1067 695
2472 702
1580 702
2233 702
1596 702
1459 705
869 705
2339 707
1843 707
1620 707
1919 707
2445 707
2040 710
2046 710
2427 710
1699 710
2421 710
1606 710
966 717
1362 729
1361 749
1010 749
2228 750
1681 750
2025 750
1775 750
2169 750
2000 750
1838 750
603 760
683 760
888 765
571 765
2048 770
2496 770
1911 770
2233 770
1940 770
2300 770
1654 770
2250 770
2229 770
1733 770
1737 770
2485 770
2279 770
2436 770
1694 770
1909 770
1071 771
700 788
737 788
2030 792
2362 792
2137 792
2351 792
2209 792
2432 792
2365 792
2463 792
754 793
900 793
688 796
1119 799
1666 802
1912 802
2416 802
1164 807
1245 831
1183 837
1228 847
765 847
817 852
1016 868
1115 868
1705 879
1806 879
2263 879
1720 879
2322 879
1370 881
1743 883
1550 883
2351 883
1566 883
2191 899
2450 899
1599 899
2535 899
563 900
979 900
793 932
601 932
2101 934
1956 934
1919 934
2076 934
1909 934
2081 940
1879 940
2345 940
2332 940
2505 946
2089 946
1662 946
1754 946
2532 946
1034 948
1929 948
1855 948
2339 948
1686 948
2488 948
1579 948
1320 951
636 951
646 961
1364 961
711 965
1045 974
2515 981
2376 981
2100 981
2172 981
1085 987
515 987
677 989
1377 989
1622 992
2341 992
2480 992
1855 992
1660 993
1806 993
2274 993
2489 993
593 1000
1021 1000
954 1007
2352 1011
1893 1011
2529 1011
2506 1011
2007 1022
2274 1022
2224 1022
2286 1022
1691 1022
1911 1022
2309 1022
2468 1022
2322 1022
1743 1022
1698 1022
1799 1022
2479 1024
1658 1024
2426 1024
1865 1024
2348 1024
2202 1024
2397 1024
2471 1024
1893 1024
2128 1025
2429 1025
1970 1025
1945 1029
2425 1029
1763 1029
2067 1029
2096 1034
2165 1034
1577 1034
2256 1034
2388 1034
1939 1044
1760 1044
2434 1044
2184 1044
2310 1044
2228 1044
1719 1044
2535 1044
2120 1050
2348 1050
1987 1050
2075 1065
2267 1065
2155 1075
1813 1075
2459 1075
1563 1075
1612 1075
717 1080
914 1081
549 1083
1392 1092
1150 1092
904 1095
1385 1095
1357 1096
1404 1096
780 1105
1077 1105
514 1110
732 1118
850 1128
1311 1132
1461 1132
2386 1140
2483 1140
2460 1140
2139 1140
2363 1140
1842 1140
2531 1140
1065 1140
931 1150
1449 1157
678 1157
775 1173
796 1189
604 1189
1321 1192
1763 1192
2131 1192
1890 1192
1982 1192
2030 1192
1022 1192
561 1213
1336 1217
695 1217
2217 1224
1628 1224
1959 1224
2444 1224
1371 1228
1333 1230
2387 1232
1876 1232
2054 1232
2431 1232
1933 1232
1550 1232
1684 1232
1414 1240
1234 1240
2293 1247
1728 1247
1528 1247
1050 1247
507 1248
1913 1270
1677 1270
1978 1270
2190 1270
775 1284
2460 1301
1711 1301
1871 1301
1737 1301
2224 1301
2342 1302
1636 1302
1681 1302
2321 1302
1876 1302
1609 1302
1857 1302
795 1309
876 1309
584 1315
564 1315
839 1317
920 1317
2175 1321
2487 1321
1805 1321
2419 1329
1881 1329
1708 1329
2516 1331
2345 1331
2395 1331
2495 1331
2455 1331
2372 1331
1526 1339
410 1339
2286 1339
2010 1339
2522 1339
1454 1342
1133 1342
600 1346
882 1346
1125 1348
1471 1348
894 1357
1098 1357
1121 1358
799 1358
740 1364
1045 1364
1117 1378
1010 1378
1778 1386
2126 1386
1657 1386
2468 1386
1864 1386
1892 1386
2029 1386
1139 1409
2007 1411
2105 1411
2154 1411
2497 1411
2364 1411
2057 1411
1632 1411
1641 1411
1879 1411
1580 1411
1903 1411
800 1418
580 1420
1284 1421
1444 1422
1112 1422
757 1424
1179 1424
1833 1431
1930 1431
2033 1431
1281 1437
1421 1437
1359 1439
877 1439
1891 1440
1642 1440
2310 1440
2446 1440
1846 1440
1625 1440
836 1447
502 1447
974 1454
1831 1470
2378 1470
1564 1470
1569 1470
501 1473
620 1473
995 1477
2297 1485
1359 1486
1177 1486
979 1488
741 1488
1416 1488
768 1488
1120 1488
1049 1488
1356 1488
1260 1488
1937 1489
1665 1489
1613 1489
2309 1489
1854 1489
1758 1489
1679 1489
1910 1489
2515 1489
2147 1489
1739 1489
2351 1489
2440 1489
2186 1489
2421 1489
1843 1489
2077 1489
1978 1489
1846 1489
2184 1489
2003 1489
2010 1489
1886 1489
2350 1489
2042 1489
1804 1489
1853 1489
1662 1489
2122 1489
2169 1489
1896 1489
1585 1489
2228 1489
2383 1489
1571 1489
2520 1489
1842 1489
2180 1489
1799 1489
1823 1489
1857 1489
2329 1489
2368 1489
1683 1489
2179 1489
2105 1489
2229 1489
2211 1489
1850 1489
1685 1489
2381 1489
2236 1489
1735 1489
1759 1489
2524 1489
1700 1489
2188 1489
2316 1489
1645 1489
1899 1489
2406 1489
2459 1489
2334 1489
2162 1489
2271 1489
2470 1489
1549 1489
2144 1489
1554 1489
2337 1489
2134 1489
2091 1489
2118 1489
2433 1489
2035 1489
1539 1489
2237 1489
2468 1489
1560 1489
2367 1489
1780 1489
1797 1489
1766 1489
1619 1489
1776 1489
2322 1489
1989 1489
2123 1489
1681 1489
1628 1489
2088 1489
2335 1489
2132 1489
2002 1489
1720 1489
2008 1489
2103 1489
2092 1489
1648 1489
2052 1489
1626 1490
2366 1490
2135 1490
1825 1490
2268 1490
1922 1490
1784 1490
2373 1490
2272 1490
1987 1490
2168 1490
1714 1490
1577 1490
2414 1490
2536 1490
1890 1490
1674 1490
1905 1490
1824 1490
1640 1490
2451 1490
1778 1490
1990 1490
2349 1490
2443 1490
2532 1490
1852 1490
2079 1490
1924 1490
2253 1490
2426 1490
1810 1490
1956 1490
2013 1490
2393 1490
2301 1490
2466 1490
1868 1490
2114 1490
2246 1490
1750 1490
1900 1490
1954 1490
1569 1490
2095 1490
1599 1490
2059 1490
1617 1490
1708 1490
2022 1490
1551 1490
1970 1490
1831 1490
1812 1490
1790 1490
1959 1490
1688 1490
1678 1490
1772 1490
2306 1490
2485 1490
2145 1490
1935 1490
2514 1490
1872 1490
2372 1490
1600 1490
2028 1490
1670 1490
2098 1490
2263 1490
2408 1490
2290 1490
2495 1490
2110 1490
2304 1490
2058 1490
2499 1490
1632 1490
2390 1490
2174 1490
1693 1490
1877 1490
2011 1490
1781 1490
1930 1490
2529 1490
2522 1490
1864 1490
1795 1490
1919 1490
2444 1490
2289 1490
2195 1490
2384 1490
1764 1490
1631 1490
2375 1490
2100 1490
2038 1490
1610 1491
1612 1491
1749 1491
1548 1491
1811 1491
1957 1491
2148 1491
1909 1491
1702 1491
1564 1491
1961 1491
1597 1491
2277 1491
1689 1491
2164 1491
1773 1491
1833 1491
1807 1491
2418 1491
1814 1491
2378 1491
2275 1491
1757 1491
2191 1491
2269 1491
2023 1491
2245 1491
1951 1491
1948 1491
1929 1491
2407 1491
1809 1491
2064 1491
1583 1491
1718 1491
2419 1491
2018 1491
2434 1491
2323 1491
1794 1491
1638 1491
1901 1491
1695 1491
2276 1491
2154 1491
1774 1491
1736 1491
1958 1491
2357 1491
2457 1491
2467 1491
2167 1491
2431 1491
2392 1491
1862 1491
1768 1491
1902 1491
2379 1491
2078 1491
2214 1491
2128 1491
1636 1491
2244 1491
1568 1491
2324 1491
1777 1491
2076 1491
1979 1491
1723 1491
1844 1491
1709 1491
1950 1491
1796 1491
1983 1491
2422 1491
1676 1491
2445 1491
2015 1491
2318 1491
1976 1491
1586 1491
1725 1491
1783 1491
1698 1491
1984 1491
2399 1491
2473 1491
2119 1491
1704 1491
2007 1491
1724 1491
2238 1491
1573 1491
2163 1491
1767 1491
1826 1491
2252 1491
1611 1491
1603 1491
2307 1491
2510 1492
1686 1492
1694 1492
1607 1492
2049 1492
1581 1492
1851 1492
2027 1492
2239 1492
1928 1492
2247 1492
2012 1492
2082 1492
1891 1492
2231 1492
1746 1492
2391 1492
1727 1492
1939 1492
1986 1492
2166 1492
1945 1492
2327 1492
2413 1492
1968 1492
1791 1492
1722 1492
2173 1492
1875 1492
2243 1492
1883 1492
2398 1492
1977 1492
1651 1492
1832 1492
2294 1492
1830 1492
2477 1492
2232 1492
1555 1492
2041 1492
1821 1492
1715 1492
2112 1492
1633 1492
1941 1492
1923 1492
2017 1492
2265 1492
1897 1492
1884 1492
2212 1492
1748 1492
1547 1492
2060 1492
1788 1492
1873 1492
2171 1492
2315 1492
2481 1492
1893 1492
1552 1492
1887 1492
1770 1492
2425 1492
2371 1492
1888 1492
2127 1492
2417 1492
1730 1492
2340 1492
1769 1492
2400 1492
2310 1492
2534 1492
2303 1492
2488 1492
2020 1492
2161 1492
1682 1492
1879 1492
1652 1492
2189 1492
1771 1492
2194 1492
1913 1492
1760 1492
1827 1492
2055 1492
2053 1492
1580 1492
2090 1492
2308 1492
1779 1492
2471 1492
2427 1492
2250 1492
2030 1492
2258 1492
2441 1492
1538 1493
2461 1493
1598 1493
2153 1493
1545 1493
1668 1493
2502 1493
1870 1493
2056 1493
2498 1493
2298 1493
2146 1493
1803 1493
2216 1493
2109 1493
1596 1493
1657 1493
2336 1493
2210 1493
2087 1493
2533 1493
1684 1493
1898 1493
1798 1493
1667 1493
2069 1493
2449 1493
2455 1493
1595 1493
1592 1493
1572 1493
2439 1493
1938 1493
2345 1493
1800 1493
1710 1493
2202 1493
2353 1493
2326 1493
2317 1493
2420 1493
2021 1493
2108 1493
2456 1493
2241 1493
1967 1493
1666 1493
2288 1493
2511 1493
2102 1493
1816 1493
1998 1493
1663 1493
2348 1493
2299 1493
1817 1493
2033 1493
1911 1493
1742 1493
1916 1493
1889 1493
1992 1493
2093 1493
2000 1493
1712 1493
1964 1493
2075 1493
2230 1493
2429 1493
1752 1493
1943 1493
2411 1493
1642 1493
2074 1493
2474 1493
1673 1493
2428 1493
1587 1493
2527 1493
2219 1493
1574 1493
2126 1493
2149 1493
2523 1493
1656 1493
2257 1493
2506 1493
2254 1493
2497 1493
2270 1493
2491 1493
2044 1493
1707 1493
2159 1493
2217 1493
1838 1493
2412 1493
1562 1493
1609 1493
2293 1493
2034 1494
1845 1494
1994 1494
2040 1494
2535 1494
2389 1494
1680 1494
2086 1494
2150 1494
2036 1494
1867 1494
2525 1494
1861 1494
2142 1494
1690 1494
2500 1494
2475 1494
2043 1494
2342 1494
2137 1494
1622 1494
2205 1494
1863 1494
1860 1494
1582 1494
2416 1494
2300 1494
2124 1494
1892 1494
2278 1494
2185 1494
1717 1494
2196 1494
1741 1494
1644 1494
1865 1494
2360 1494
2484 1494
2133 1494
2201 1494
1602 1494
1755 1494
2286 1494
2311 1494
2452 1494
1705 1494
1623 1494
1955 1494
2101 1494
1988 1494
2478 1494
2131 1494
2388 1494
1646 1494
2066 1494
1999 1494
1925 1494
2062 1494
1630 1494
2073 1494
1629 1494
2233 1494
2320 1494
2249 1494
2071 1494
1993 1494
1649 1494
2158 1494
1601 1494
2141 1494
1981 1494
2225 1494
2302 1494
1608 1494
2386 1494
2454 1494
2047 1494
2051 1494
2039 1494
2513 1494
2281 1494
1738 1494
2505 1494
2193 1494
1871 1494
1828 1494
2404 1494
2226 1494
1940 1494
2115 1494
2359 1494
2204 1494
2155 1494
2517 1494
1792 1494
1866 1494
2129 1494
2261 1494
2177 1494
1907 1494
1561 1495
1550 1495
1874 1495
2274 1495
2358 1495
1590 1495
1737 1495
1917 1495
2480 1495
1614 1495
1556 1495
2083 1495
1579 1495
1880 1495
1926 1495
1696 1495
1793 1495
2151 1495
2380 1495
2331 1495
1616 1495
1808 1495
2285 1495
1734 1495
2356 1495
2305 1495
2005 1495
2319 1495
1659 1495
1653 1495
1765 1495
2024 1495
2347 1495
2528 1495
1914 1495
1980 1495
1703 1495
1789 1495
1982 1495
1849 1495
1558 1495
1906 1495
1747 1495
1858 1495
1963 1495
2430 1495
2223 1495
1949 1495
1996 1495
1829 1495
2346 1495
2526 1495
1697 1495
1669 1495
2117 1495
2453 1495
2405 1495
1716 1495
2313 1495
2415 1495
2487 1495
1855 1495
1637 1495
1565 1495
1966 1495
1927 1495
1785 1495
2394 1495
2213 1495
1802 1495
2493 1495
1975 1495
2509 1495
1921 1495
2139 1495
2296 1495
1620 1495
2321 1495
2494 1495
2175 1495
1834 1495
2496 1495
1621 1495
2465 1495
2352 1495
1806 1495
1658 1495
2266 1495
1699 1495
2054 1495
1933 1495
2089 1495
2218 1495
1660 1495
1647 1495
2072 1495
1756 1495
2157 1495
2341 1495
2140 1495
1960 1496
1745 1496
2106 1496
1920 1496
1997 1496
2463 1496
1895 1496
1763 1496
2448 1496
2170 1496
1744 1496
2138 1496
1634 1496
2152 1496
2097 1496
2503 1496
1664 1496
2130 1496
1912 1496
2343 1496
1751 1496
2120 1496
1687 1496
2143 1496
2048 1496
2472 1496
2374 1496
2512 1496
1813 1496
2489 1496
1643 1496
2209 1496
1946 1496
2355 1496
2518 1496
1675 1496
2045 1496
2262 1496
1692 1496
1985 1496
2482 1496
1908 1496
2273 1496
2424 1496
2192 1496
2279 1496
1721 1496
2107 1496
1541 1496
2339 1496
1753 1496
1706 1496
2026 1496
2200 1496
1563 1496
2362 1496
2490 1496
2084 1496
2259 1496
1856 1496
2519 1496
2050 1496
1819 1496
1971 1496
1655 1496
2486 1496
2208 1496
1918 1496
2014 1496
1605 1496
1839 1496
1805 1496
2006 1496
1578 1496
2401 1496
2156 1496
2447 1496
2330 1496
2029 1496
2207 1496
2001 1496
1787 1496
2080 1496
2377 1496
2282 1496
2508 1496
1576 1496
2032 1496
2121 1496
2070 1496
2215 1496
2235 1496
2067 1496
2462 1496
2220 1496
2197 1496
2521 1496
2438 1496
2181 1496
2295 1496
2409 1497
2436 1497
1584 1497
2403 1497
2410 1497
2297 1497
2333 1497
2242 1497
2396 1497
2283 1497
2025 1497
1625 1497
2365 1497
1932 1497
2182 1497
1691 1497
1743 1497
1713 1497
1570 1497
2221 1497
1820 1497
2178 1497
1841 1497
2354 1497
2183 1497
1934 1497
2364 1497
2264 1497
1936 1497
1731 1497
1615 1497
2458 1497
2081 1497
2004 1497
2504 1497
2338 1497
2370 1497
2395 1497
2464 1497
2483 1497
1836 1497
2314 1497
1972 1497
1881 1497
1869 1497
2096 1497
1882 1497
1540 1497
1903 1497
2284 1497
1593 1497
1677 1497
2446 1497
2203 1497
1878 1497
2227 1497
1775 1497
2344 1497
1591 1497
1575 1497
1566 1497
1604 1497
1761 1497
2256 1497
2382 1497
1947 1497
2385 1497
2442 1497
2460 1497
1567 1497
2501 1497
2469 1497
1588 1497
1559 1497
1719 1497
2104 1497
1859 1497
2113 1497
1885 1497
1894 1497
2136 1497
2009 1497
2435 1497
1650 1497
2037 1497
2437 1497
2397 1497
2224 1497
2476 1497
2019 1497
2094 1497
1641 1497
1840 1497
1848 1497
1639 1497
1973 1497
1818 1497
1589 1497
2332 1497
1782 1497
1729 1498
2111 1498
1974 1498
1962 1498
1546 1498
2251 1498
1915 1498
2291 1498
1672 1498
1969 1498
1671 1498
1835 1498
1847 1498
2240 1498
1733 1498
2432 1498
2190 1498
1754 1498
2248 1498
1542 1498
1991 1498
2361 1498
2479 1498
2165 1498
2530 1498
2402 1498
2450 1498
2065 1498
2099 1498
1618 1498
2031 1498
2068 1498
1801 1498
1953 1498
1876 1498
1740 1498
1822 1498
2369 1498
1904 1498
2116 1498
2537 1498
2234 1498
1553 1498
2325 1498
1786 1498
2172 1498
2063 1498
2199 1498
2160 1498
2312 1498
1995 1498
2287 1498
2423 1498
1661 1498
2328 1498
1762 1498
2176 1498
1728 1498
1654 1498
2363 1498
2085 1498
1944 1498
2280 1498
1952 1498
2125 1498
2206 1498
2516 1498
1965 1498
2260 1498
2267 1498
1815 1498
2387 1498
1543 1498
2198 1498
1594 1498
1606 1498
1732 1498
2222 1498
1557 1498
1837 1498
1544 1498
1627 1498
2531 1498
2061 1498
2507 1498
2187 1498
1635 1498
2292 1498
1624 1498
1942 1498
1726 1498
2016 1498
2492 1498
2057 1498
1931 1498
2046 1498
2255 1498
2376 1498
1701 1498
1711 1498
2687 1499
3003 1499
107 1499
2844 1499
132 1499
129 1499
2684 1499
156 1499
2904 1499
2873 1499
3038 1499
384 1499
493 1499
2722 1499
405 1499
421 1499
2549 1499
246 1499
101 1499
2857 1499
2661 1499
2602 1499
170 1499
2882 1499
2775 1499
2862 1499
186 1499
2725 1499
450 1499
2933 1499
2737 1499
2717 1499
2814 1499
2776 1499
237 1499
439 1499
374 1499
111 1499
2630 1499
40 1499
2883 1499
2751 1499
2870 1499
73 1499
2715 1499
2826 1499
2859 1499
50 1499
2612 1499
2644 1499
274 1499
394 1499
2558 1499
144 1499
2971 1499
2560 1499
2834 1499
2837 1499
2701 1499
6 1499
18 1499
2944 1499
2850 1499
286 1499
256 1499
165 1499
2667 1499
2550 1499
359 1499
2901 1499
2568 1499
3033 1499
3014 1499
312 1499
2966 1499
453 1499
253 1499
90 1499
2741 1499
3034 1499
262 1499
2959 1499
114 1499
172 1499
34 1499
315 1499
2840 1499
2838 1499
2750 1499
2887 1499
2991 1499
2662 1499
2813 1499
48 1499
230 1499
466 1499
2888 1499
2656 1499
381 1499
399 1499
238 1500
87 1500
2582 1500
2651 1500
192 1500
2548 1500
59 1500
2709 1500
2841 1500
79 1500
184 1500
147 1500
471 1500
216 1500
2726 1500
367 1500
3017 1500
2577 1500
2686 1500
383 1500
428 1500
451 1500
2976 1500
331 1500
76 1500
259 1500
2756 1500
3013 1500
482 1500
298 1500
2592 1500
3024 1500
2917 1500
2781 1500
244 1500
13 1500
3015 1500
2685 1500
275 1500
2831 1500
2818 1500
3035 1500
388 1500
2787 1500
2692 1500
82 1500
45 1500
462 1500
2863 1500
33 1500
2765 1500
2694 1500
285 1500
3030 1500
2962 1500
2805 1500
386 1500
160 1500
173 1500
2803 1500
2907 1500
454 1500
309 1500
477 1500
2693 1500
2861 1500
51 1500
2729 1500
476 1500
139 1500
19 1500
2772 1500
2676 1500
294 1500
314 1500
2800 1500
301 1500
2579 1500
427 1500
220 1500
30 1500
268 1500
2785 1500
137 1500
1 1500
3019 1500
342 1500
2583 1500
2743 1500
406 1500
27 1500
492 1500
32 1500
2610 1500
2627 1500
2619 1500
10 1500
2728 1500
2672 1500
188 1500
198 1501
203 1501
2730 1501
2545 1501
2825 1501
43 1501
2623 1501
122 1501
349 1501
2910 1501
210 1501
2551 1501
326 1501
2931 1501
2716 1501
2824 1501
316 1501
2683 1501
2914 1501
299 1501
3027 1501
215 1501
2596 1501
225 1501
2822 1501
2810 1501
2835 1501
465 1501
3011 1501
138 1501
2664 1501
133 1501
2778 1501
364 1501
105 1501
397 1501
281 1501
2611 1501
2654 1501
2745 1501
2892 1501
485 1501
2816 1501
415 1501
83 1501
120 1501
2908 1501
158 1501
2875 1501
2828 1501
49 1501
2723 1501
2961 1501
187 1501
325 1501
2659 1501
267 1501
2993 1501
2916 1501
145 1501
390 1501
2779 1501
2956 1501
2880 1501
202 1501
93 1501
2696 1501
2671 1501
2905 1501
2922 1501
66 1501
478 1501
2565 1501
60 1501
461 1501
2958 1501
94 1501
344 1501
2622 1501
2975 1501
54 1501
240 1501
284 1501
0 1501
497 1501
2969 1501
96 1501
254 1501
2591 1501
2553 1501
2720 1501
288 1501
280 1501
2613 1501
422 1501
221 1501
2915 1501
2668 1501
95 1501
157 1501
239 1502
3023 1502
191 1502
2943 1502
410 1502
2755 1502
2620 1502
106 1502
2786 1502
168 1502
2877 1502
2766 1502
24 1502
2614 1502
2675 1502
380 1502
2708 1502
69 1502
2845 1502
2770 1502
2953 1502
2707 1502
257 1502
163 1502
2586 1502
2968 1502
194 1502
252 1502
141 1502
368 1502
2581 1502
2727 1502
2641 1502
46 1502
308 1502
296 1502
2757 1502
409 1502
2719 1502
55 1502
126 1502
68 1502
2792 1502
2555 1502
2869 1502
2699 1502
174 1502
2996 1502
2849 1502
53 1502
2617 1502
23 1502
199 1502
2988 1502
213 1502
128 1502
2589 1502
2902 1502
2673 1502
121 1502
2541 1502
333 1502
495 1502
2680 1502
35 1502
2578 1502
75 1502
183 1502
15 1502
2742 1502
464 1502
2820 1502
2984 1502
307 1502
3010 1502
348 1502
2903 1502
224 1502
2605 1502
304 1502
47 1502
2638 1502
313 1502
2539 1502
2576 1502
235 1502
2763 1502
77 1502
2669 1502
293 1502
3022 1502
324 1502
89 1502
91 1502
2584 1502
2982 1502
2572 1502
2790 1502
366 1502
2793 1502
459 1503
2761 1503
260 1503
474 1503
2898 1503
155 1503
370 1503
408 1503
80 1503
178 1503
2711 1503
2690 1503
110 1503
258 1503
400 1503
207 1503
2598 1503
2990 1503
2607 1503
2773 1503
2836 1503
2764 1503
37 1503
2945 1503
208 1503
2682 1503
2955 1503
205 1503
2878 1503
2732 1503
124 1503
2932 1503
2986 1503
2618 1503
2947 1503
2710 1503
3020 1503
395 1503
2595 1503
297 1503
217 1503
2594 1503
2843 1503
2994 1503
2655 1503
488 1503
204 1503
2740 1503
417 1503
2688 1503
2567 1503
8 1503
393 1503
339 1503
176 1503
28 1503
2604 1503
283 1503
2860 1503
58 1503
2783 1503
2703 1503
468 1503
2942 1503
232 1503
212 1503
302 1503
2868 1503
2918 1503
209 1503
229 1503
2748 1503
372 1503
3037 1503
243 1503
151 1503
2864 1503
117 1503
300 1503
171 1503
369 1503
2817 1503
56 1503
25 1503
2909 1503
130 1503
118 1503
448 1503
2855 1503
108 1503
2885 1503
2872 1503
2867 1503
3025 1503
2833 1503
442 1503
146 1503
2927 1503
2649 1503
2637 1503
100 1504
336 1504
475 1504
396 1504
357 1504
472 1504
248 1504
290 1504
65 1504
223 1504
3006 1504
2738 1504
2674 1504
2967 1504
2542 1504
2924 1504
4 1504
2760 1504
38 1504
2923 1504
3007 1504
423 1504
419 1504
2995 1504
74 1504
332 1504
2639 1504
3032 1504
2782 1504
2894 1504
2648 1504
2752 1504
2543 1504
3001 1504
2554 1504
379 1504
193 1504
142 1504
71 1504
322 1504
266 1504
2801 1504
2847 1504
2628 1504
2960 1504
219 1504
377 1504
143 1504
350 1504
2691 1504
2804 1504
180 1504
2678 1504
2645 1504
303 1504
403 1504
2884 1504
2754 1504
2624 1504
490 1504
2681 1504
398 1504
2713 1504
116 1504
463 1504
2562 1504
206 1504
446 1504
17 1504
2712 1504
2794 1504
432 1504
2736 1504
255 1504
179 1504
2912 1504
2635 1504
2777 1504
2919 1504
277 1504
2795 1504
289 1504
292 1504
2853 1504
263 1504
2616 1504
443 1504
247 1504
345 1504
2744 1504
270 1504
2929 1504
2642 1504
425 1504
2657 1504
353 1504
26 1504
2799 1504
159 1504
282 1504
2879 1505
61 1505
3009 1505
2823 1505
375 1505
88 1505
85 1505
12 1505
113 1505
52 1505
92 1505
2858 1505
479 1505
2954 1505
318 1505
385 1505
2700 1505
2771 1505
2556 1505
2768 1505
2588 1505
434 1505
494 1505
2940 1505
487 1505
2540 1505
152 1505
346 1505
3 1505
2829 1505
177 1505
214 1505
2941 1505
2739 1505
153 1505
22 1505
2948 1505
86 1505
378 1505
62 1505
167 1505
200 1505
64 1505
98 1505
227 1505
2951 1505
104 1505
2653 1505
2769 1505
2600 1505
3012 1505
2695 1505
97 1505
483 1505
2827 1505
102 1505
330 1505
2983 1505
2950 1505
271 1505
2749 1505
436 1505
440 1505
2852 1505
241 1505
67 1505
431 1505
391 1505
2842 1505
2747 1505
136 1505
2980 1505
311 1505
41 1505
363 1505
2670 1505
361 1505
455 1505
218 1505
2735 1505
2570 1505
166 1505
2559 1505
2601 1505
382 1505
414 1505
3039 1505
496 1505
2874 1505
426 1505
2632 1505
2580 1505
2746 1505
249 1505
2896 1505
2587 1505
444 1505
327 1505
2788 1505
2989 1505
2 1506
2897 1506
3028 1506
2759 1506
195 1506
2938 1506
457 1506
484 1506
2697 1506
2928 1506
337 1506
329 1506
291 1506
2970 1506
362 1506
2952 1506
63 1506
2658 1506
2636 1506
2718 1506
2998 1506
57 1506
39 1506
127 1506
2705 1506
2881 1506
2758 1506
2599 1506
2733 1506
2646 1506
3018 1506
2724 1506
2563 1506
341 1506
401 1506
3002 1506
78 1506
29 1506
2634 1506
413 1506
3008 1506
2946 1506
2762 1506
402 1506
2871 1506
2797 1506
2631 1506
3021 1506
2784 1506
148 1506
2643 1506
3026 1506
2660 1506
319 1506
2571 1506
2965 1506
373 1506
358 1506
2920 1506
354 1506
2557 1506
2819 1506
2809 1506
1488 1506
190 1506
279 1506
2677 1506
2753 1506
2978 1506
338 1506
2573 1506
343 1506
162 1506
2846 1506
323 1506
9 1506
2972 1506
182 1506
310 1506
365 1506
2848 1506
449 1506
2609 1506
2606 1506
2569 1506
2802 1506
231 1506
473 1506
2913 1506
2706 1506
2574 1506
2981 1506
2650 1506
320 1506
295 1506
2593 1506
467 1506
321 1506
306 1506
2992 1506
2937 1507
197 1507
2789 1507
14 1507
2798 1507
2964 1507
2899 1507
355 1507
458 1507
276 1507
2886 1507
437 1507
21 1507
181 1507
305 1507
2906 1507
2603 1507
2663 1507
265 1507
222 1507
3016 1507
2702 1507
407 1507
2679 1507
2665 1507
125 1507
164 1507
20 1507
2590 1507
2714 1507
469 1507
2925 1507
2930 1507
3029 1507
429 1507
250 1507
112 1507
2891 1507
447 1507
185 1507
2734 1507
201 1507
438 1507
2893 1507
2731 1507
11 1507
2806 1507
2934 1507
175 1507
2767 1507
2597 1507
99 1507
242 1507
2830 1507
278 1507
2876 1507
2615 1507
2547 1507
452 1507
489 1507
2856 1507
2698 1507
389 1507
2561 1507
2812 1507
2640 1507
2807 1507
103 1507
2889 1507
2957 1507
2973 1507
2851 1507
2999 1507
36 1507
328 1507
412 1507
84 1507
3000 1507
2963 1507
3005 1507
169 1507
2629 1507
287 1507
2985 1507
228 1507
347 1507
340 1507
134 1507
334 1507
481 1507
2997 1507
196 1507
2895 1507
2552 1507
2546 1507
317 1507
2721 1507
2585 1507
233 1507
154 1507
3031 1508
2808 1508
2979 1508
2939 1508
2839 1508
2926 1508
335 1508
430 1508
2666 1508
131 1508
150 1508
387 1508
44 1508
470 1508
460 1508
2811 1508
70 1508
2689 1508
2865 1508
2633 1508
264 1508
2652 1508
2544 1508
371 1508
5 1508
42 1508
2608 1508
2832 1508
2936 1508
273 1508
392 1508
420 1508
2564 1508
441 1508
2987 1508
135 1508
435 1508
2921 1508
7 1508
433 1508
3004 1508
2900 1508
2780 1508
2796 1508
376 1508
245 1508
2621 1508
226 1508
404 1508
31 1508
16 1508
3036 1508
269 1508
486 1508
2821 1508
2935 1508
119 1508
456 1508
2866 1508
360 1508
115 1508
352 1508
81 1508
2704 1508
2911 1508
2815 1508
149 1508
445 1508
2625 1508
2854 1508
236 1508
211 1508
109 1508
491 1508
272 1508
418 1508
161 1508
251 1508
2791 1508
234 1508
2774 1508
72 1508
2949 1508
480 1508
411 1508
351 1508
2626 1508
261 1508
356 1508
2647 1508
2575 1508
416 1508
123 1508
140 1508
2974 1508
189 1508
424 1508
2566 1508
2977 1508
2890 1508
1492 1509
1497 1510
1503 1510
1489 1510
1500 1511
1506 1512
1497 1512
1500 1512
1505 1513
1490 1514
1502 1514
1492 1515
1498 1516
1504 1516
1490 1517
1500 1517
1505 1518
1508 1518
1501 1519
1499 1519
1494 1520
1506 1520
1500 1521
1502 1521
1507 1522
1490 1522
1507 1523
1508 1523
1497 1523
1495 1524
1507 1524
1502 1524
1501 1525
1500 1526
1507 1527
1534 1531
1534 1532
1534 1533
1496 1534
1497 1534
1508 1534
1493 1534
1506 1534
1501 1534
1489 1534
1505 1534
1499 1534
1502 1534
1500 1534
1496 1534
1491 1534
1490 1534
1498 1534
1503 1534
1495 1534
1497 1534
1504 1534
1507 1534
1494 1534
1492 1534
1536 1534
1534 1535
2538 1536
1536 1537
2844 1538
1529 1538
2803 1539
1529 1539
403 1540
2836 1540
1529 1540
1529 1541
67 1542
1529 1542
305 1543
2926 1543
1529 1543
1529 1544
2617 1545
1529 1545
332 1546
75 1546
1529 1546
1529 1547
1529 1548
2897 1549
2796 1549
1529 1549
2973 1550
1529 1550
1529 1551
2979 1552
2684 1552
1529 1552
1529 1553
6 1554
3024 1554
1529 1554
1529 1555
455 1556
1529 1556
3026 1557
2972 1557
1529 1557
1529 1558
219 1559
1529 1559
339 1560
1529 1560
51 1561
1529 1561
2966 1562
2814 1562
2853 1562
1529 1562
1529 1563
1529 1564
1529 1565
337 1566
397 1566
1529 1566
485 1567
150 1567
1529 1567
1529 1568
262 1569
1529 1569
427 1570
1529 1570
259 1571
2696 1571
1529 1571
496 1572
2586 1572
1529 1572
1529 1573
2912 1574
1529 1574
2917 1575
1529 1575
2989 1576
1529 1576
1529 1577
2801 1578
1529 1578
47 1579
1529 1579
1529 1580
160 1581
2828 1581
2049 1581
1529 1581
1529 1582
2111 1583
1529 1583
331 1584
2568 1584
2952 1584
1529 1584
321 1585
183 1585
1830 1585
1529 1585
485 1586
1529 1586
216 1587
433 1587
1529 1587
1529 1588
115 1589
1529 1589
333 1590
1529 1590
317 1591
1529 1591
2292 1592
1529 1592
1529 1593
2436 1594
1529 1594
471 1595
422 1595
2587 1595
1529 1595
46 1596
3027 1596
1529 1596
1529 1597
2634 1598
1529 1598
50 1599
1529 1599
1529 1600
1529 1601
2755 1602
1529 1602
1529 1603
25 1604
1529 1604
1529 1605
254 1606
1529 1606
2750 1607
1529 1607
2905 1608
2962 1608
2888 1608
1529 1608
480 1609
1529 1609
2970 1610
1529 1610
2773 1611
1529 1611
318 1612
212 1612
2974 1612
1529 1612
2734 1613
1529 1613
288 1614
2874 1614
2696 1614
1529 1614
46 1615
2627 1615
1529 1615
187 1616
381 1616
1529 1616
363 1617
226 1617
2914 1617
1529 1617
2910 1618
2774 1618
2660 1618
1529 1618
488 1619
460 1619
1832 1619
1529 1619
31 1620
2555 1620
1529 1620
2576 1621
2741 1621
1529 1621
395 1622
2554 1622
1529 1622
449 1623
1529 1623
2935 1624
1529 1624
2988 1625
2839 1625
2143 1625
1529 1625
271 1626
1529 1626
189 1627
1529 1627
283 1628
2571 1628
2816 1628
1529 1628
419 1629
1529 1629
361 1630
1529 1630
1529 1631
26 1632
394 1632
1529 1632
1529 1633
251 1634
1529 1634
424 1635
2559 1635
1529 1635
2621 1636
2945 1636
1529 1636
1529 1637
1529 1638
286 1639
1529 1639
2654 1640
1529 1640
472 1641
327 1641
443 1641
1529 1641
2578 1642
1529 1642
1529 1643
1529 1644
445 1645
2728 1645
1529 1645
2543 1646
1529 1646
1529 1647
350 1648
64 1648
7 1648
2344 1648
1529 1648
472 1649
1529 1649
2933 1650
1529 1650
1529 1651
1529 1652
1529 1653
2522 1654
1529 1654
1529 1655
229 1656
1529 1656
1529 1657
1529 1658
303 1659
1529 1659
226 1660
1529 1660
1529 1661
2888 1662
1529 1662
1529 1663
3003 1664
1529 1664
2932 1665
1529 1665
257 1666
2757 1666
1529 1666
256 1667
1529 1667
2104 1668
1529 1668
1529 1669
1529 1670
343 1671
129 1671
28 1671
1529 1671
2920 1672
2734 1672
1529 1672
138 1673
2560 1673
2829 1673
1529 1673
473 1674
2187 1674
1529 1674
1529 1675
2787 1676
1529 1676
2673 1677
1529 1677
1529 1678
2032 1679
1529 1679
1529 1680
2598 1681
1529 1681
278 1682
1801 1682
1529 1682
2665 1683
1529 1683
2812 1684
1529 1684
1529 1685
1529 1686
371 1687
176 1687
2990 1687
1529 1687
1529 1688
2923 1689
1529 1689
449 1690
2790 1690
1529 1690
2930 1691
1529 1691
1529 1692
2928 1693
2593 1693
2767 1693
1529 1693
2834 1694
1529 1694
290 1695
89 1695
1529 1695
1529 1696
290 1697
110 1697
1529 1697
41 1698
2744 1698
1529 1698
2992 1699
1946 1699
1529 1699
461 1700
1529 1700
1529 1701
1529 1702
1529 1703
1529 1704
1529 1705
1529 1706
2767 1707
1529 1707
1529 1708
2122 1709
1529 1709
249 1710
2729 1710
1529 1710
154 1711
2750 1711
2039 1711
1529 1711
1529 1712
2626 1713
2983 1713
1529 1713
352 1714
313 1714
1529 1714
5 1715
4 1715
2951 1715
1529 1715
2796 1716
1529 1716
30 1717
2945 1717
1529 1717
1529 1718
1529 1719
1529 1720
392 1721
1529 1721
1529 1722
2911 1723
1529 1723
496 1724
1529 1724
440 1725
1529 1725
1529 1726
1529 1727
332 1728
1529 1728
325 1729
1529 1729
279 1730
2368 1730
1529 1730
23 1731
1529 1731
157 1732
1529 1732
158 1733
221 1733
1529 1733
1529 1734
1529 1735
271 1736
3006 1736
2577 1736
1529 1736
2883 1737
1529 1737
2595 1738
2753 1738
2472 1738
1529 1738
2792 1739
2909 1739
1529 1739
1529 1740
431 1741
1529 1741
39 1742
1529 1742
1529 1743
440 1744
1529 1744
20 1745
390 1745
1529 1745
2957 1746
1529 1746
1738 1747
1529 1747
2641 1748
1529 1748
3014 1749
1529 1749
2115 1750
1529 1750
95 1751
132 1751
2471 1751
1529 1751
2688 1752
2557 1752
1529 1752
209 1753
18 1753
1529 1753
205 1754
1529 1754
2964 1755
2121 1755
1529 1755
117 1756
169 1756
2718 1756
1529 1756
317 1757
1529 1757
2891 1758
1529 1758
386 1759
1529 1759
1529 1760
452 1761
2859 1761
1529 1761
1529 1762
1529 1763
1529 1764
1529 1765
38 1766
1529 1766
2923 1767
1529 1767
2540 1768
2370 1768
1529 1768
2125 1769
1529 1769
1529 1770
348 1771
2991 1771
1581 1771
1529 1771
2764 1772
1529 1772
1529 1773
2596 1774
2746 1774
1529 1774
207 1775
1529 1775
2950 1776
1529 1776
116 1777
2897 1777
1529 1777
483 1778
2592 1778
1529 1778
1529 1779
2675 1780
2738 1780
2043 1780
1529 1780
1529 1781
140 1782
1529 1782
2744 1783
1529 1783
363 1784
1529 1784
2650 1785
1529 1785
143 1786
2542 1786
1529 1786
215 1787
2672 1787
2738 1787
2881 1787
1529 1787
1529 1788
1529 1789
109 1790
1529 1790
15 1791
1529 1791
491 1792
1529 1792
161 1793
1529 1793
2996 1794
2999 1794
1529 1794
1529 1795
1529 1796
241 1797
2808 1797
1529 1797
1529 1798
1529 1799
1529 1800
432 1801
2646 1801
1529 1801
251 1802
1529 1802
1529 1803
2818 1804
1529 1804
2784 1805
1529 1805
1529 1806
1529 1807
1529 1808
1529 1809
1529 1810
2948 1811
3031 1811
2789 1811
2872 1811
1529 1811
175 1812
2994 1812
1529 1812
1529 1813
1529 1814
430 1815
2867 1815
2396 1815
1529 1815
1529 1816
121 1817
244 1817
2793 1817
1529 1817
213 1818
1529 1818
338 1819
53 1819
2556 1819
1529 1819
108 1820
2791 1820
1529 1820
38 1821
3014 1821
1529 1821
1529 1822
103 1823
47 1823
1529 1823
1529 1824
1529 1825
2759 1826
1529 1826
2937 1827
1529 1827
2900 1828
1529 1828
474 1829
1529 1829
2973 1830
2297 1830
1529 1830
347 1831
1529 1831
1529 1832
1529 1833
323 1834
1529 1834
161 1835
1529 1835
88 1836
274 1836
2642 1836
1529 1836
2993 1837
1529 1837
2547 1838
1529 1838
60 1839
1529 1839
196 1840
1529 1840
2856 1841
2782 1841
1529 1841
3018 1842
1529 1842
2842 1843
1529 1843
1529 1844
2843 1845
2462 1845
1529 1845
14 1846
252 1846
1529 1846
497 1847
1529 1847
272 1848
2885 1848
1529 1848
81 1849
1873 1849
1529 1849
468 1850
1529 1850
8 1851
175 1851
2153 1851
1529 1851
1529 1852
168 1853
1529 1853
2580 1854
2588 1854
1529 1854
1529 1855
2929 1856
1529 1856
118 1857
2672 1857
2805 1857
1529 1857
2579 1858
1529 1858
1529 1859
198 1860
1529 1860
1562 1861
1529 1861
1529 1862
1529 1863
2704 1864
1529 1864
2778 1865
1529 1865
459 1866
2363 1866
1529 1866
2622 1867
1529 1867
202 1868
1529 1868
324 1869
2872 1869
1529 1869
2972 1870
1529 1870
309 1871
1529 1871
1529 1872
2614 1873
1766 1873
1529 1873
268 1874
2707 1874
1529 1874
308 1875
2864 1875
1529 1875
2859 1876
2898 1876
1529 1876
2781 1877
2641 1877
2952 1877
1529 1877
196 1878
382 1878
1529 1878
1529 1879
421 1880
233 1880
2894 1880
2732 1880
1529 1880
348 1881
239 1881
1529 1881
85 1882
2756 1882
1529 1882
2901 1883
1529 1883
2993 1884
2904 1884
1529 1884
1529 1885
22 1886
1529 1886
202 1887
2649 1887
1529 1887
2929 1888
1529 1888
471 1889
245 1889
1529 1889
1529 1890
1529 1891
1529 1892
279 1893
1945 1893
1529 1893
497 1894
2943 1894
2822 1894
1529 1894
1529 1895
37 1896
1529 1896
234 1897
2874 1897
2754 1897
1529 1897
240 1898
1529 1898
21 1899
2989 1899
1529 1899
171 1900
1529 1900
3026 1901
1529 1901
1529 1902
92 1903
266 1903
262 1903
1529 1903
2223 1904
1529 1904
1529 1905
16 1906
1529 1906
2867 1907
1529 1907
1529 1908
1529 1909
1529 1910
1529 1911
52 1912
1529 1912
1529 1913
3012 1914
2838 1914
1529 1914
1529 1915
1529 1916
1529 1917
1529 1918
1529 1919
1529 1920
1529 1921
2771 1922
2571 1922
1529 1922
2617 1923
2990 1923
2376 1923
1529 1923
1529 1924
2569 1925
1529 1925
1529 1926
2959 1927
2580 1927
1529 1927
364 1928
2581 1928
1529 1928
2856 1929
1529 1929
65 1930
2622 1930
2890 1930
2727 1930
1529 1930
2801 1931
2458 1931
1529 1931
1529 1932
101 1933
192 1933
1529 1933
1529 1934
1529 1935
151 1936
256 1936
1529 1936
2789 1937
3030 1937
2751 1937
1529 1937
2740 1938
1529 1938
2808 1939
1529 1939
2860 1940
1529 1940
328 1941
200 1941
1529 1941
240 1942
370 1942
2585 1942
1529 1942
289 1943
234 1943
153 1943
2776 1943
2227 1943
1529 1943
2961 1944
2906 1944
1529 1944
49 1945
1529 1945
452 1946
384 1946
425 1946
1529 1946
1529 1947
2934 1948
1529 1948
96 1949
1715 1949
1529 1949
490 1950
2901 1950
1529 1950
1529 1951
1529 1952
2712 1953
1529 1953
1529 1954
92 1955
1529 1955
56 1956
2881 1956
1529 1956
144 1957
379 1957
1529 1957
2733 1958
1529 1958
2612 1959
1529 1959
1529 1960
2321 1961
1529 1961
1529 1962
273 1963
30 1963
2907 1963
2822 1963
1529 1963
1529 1964
2839 1965
1529 1965
2992 1966
1529 1966
1529 1967
1529 1968
2675 1969
1529 1969
1529 1970
238 1971
396 1971
2978 1971
1529 1971
2781 1972
1529 1972
2821 1973
1529 1973
423 1974
1563 1974
1529 1974
1529 1975
168 1976
2294 1976
1529 1976
1529 1977
220 1978
1529 1978
315 1979
2914 1979
2566 1979
1529 1979
1529 1980
2001 1981
1529 1981
1529 1982
316 1983
2334 1983
1529 1983
1529 1984
53 1985
2780 1985
1529 1985
1529 1986
1529 1987
1529 1988
1529 1989
2850 1990
1529 1990
1529 1991
1529 1992
1529 1993
344 1994
157 1994
2857 1994
1529 1994
2683 1995
1529 1995
297 1996
82 1996
2661 1996
1529 1996
2717 1997
2637 1997
2862 1997
1529 1997
1529 1998
361 1999
190 1999
1529 1999
1529 2000
460 2001
69 2001
193 2001
1529 2001
292 2002
2876 2002
1529 2002
1529 2003
2955 2004
1529 2004
1529 2005
125 2006
1529 2006
2983 2007
2067 2007
1529 2007
2612 2008
1529 2008
2759 2009
2954 2009
1529 2009
1529 2010
1529 2011
1529 2012
159 2013
1529 2013
1529 2014
2663 2015
1529 2015
415 2016
1529 2016
486 2017
338 2017
1529 2017
1529 2018
2705 2019
2882 2019
1529 2019
288 2020
2550 2020
1529 2020
2861 2021
1529 2021
1966 2022
1529 2022
254 2023
1529 2023
189 2024
1529 2024
335 2025
1529 2025
1639 2026
1529 2026
2609 2027
1529 2027
2658 2028
1529 2028
2967 2029
1529 2029
66 2030
2694 2030
1529 2030
1529 2031
284 2032
1529 2032
1529 2033
250 2034
2870 2034
1529 2034
2701 2035
2546 2035
1529 2035
2916 2036
1746 2036
1529 2036
237 2037
2595 2037
1529 2037
17 2038
1529 2038
2954 2039
1529 2039
1529 2040
2774 2041
1529 2041
1529 2042
1529 2043
109 2044
2707 2044
2769 2044
1529 2044
2691 2045
1529 2045
293 2046
3007 2046
1529 2046
296 2047
2610 2047
1529 2047
2999 2048
1763 2048
1529 2048
72 2049
2812 2049
1529 2049
2883 2050
1529 2050
111 2051
2588 2051
1529 2051
1529 2052
494 2053
1529 2053
295 2054
2864 2054
1529 2054
51 2055
1529 2055
27 2056
257 2056
98 2056
1529 2056
272 2057
2541 2057
1529 2057
2799 2058
1529 2058
403 2059
1529 2059
1982 2060
1529 2060
378 2061
1529 2061
1529 2062
1991 2063
1529 2063
1529 2064
1529 2065
123 2066
2987 2066
1529 2066
1529 2067
3021 2068
1529 2068
2723 2069
2920 2069
1529 2069
1529 2070
2843 2071
3010 2071
1529 2071
136 2072
2634 2072
1529 2072
2735 2073
2252 2073
1529 2073
1529 2074
305 2075
1529 2075
375 2076
2848 2076
1529 2076
1529 2077
242 2078
21 2078
3018 2078
1529 2078
1529 2079
1529 2080
2096 2081
1529 2081
113 2082
357 2082
1529 2082
320 2083
424 2083
242 2083
2718 2083
1529 2083
2913 2084
1529 2084
206 2085
2991 2085
2679 2085
1529 2085
2198 2086
1529 2086
2674 2087
1529 2087
2592 2088
1529 2088
1529 2089
437 2090
1529 2090
2893 2091
1529 2091
97 2092
103 2092
1529 2092
469 2093
181 2093
2811 2093
1529 2093
1529 2094
71 2095
45 2095
1529 2095
285 2096
2669 2096
1529 2096
1529 2097
2650 2098
1529 2098
222 2099
292 2099
1529 2099
201 2100
1529 2100
203 2101
1529 2101
236 2102
1529 2102
2708 2103
2848 2103
1529 2103
2933 2104
2751 2104
1529 2104
25 2105
406 2105
1529 2105
1529 2106
1529 2107
1529 2108
420 2109
2770 2109
1529 2109
340 2110
1529 2110
423 2111
327 2111
1529 2111
282 2112
1529 2112
48 2113
1529 2113
1529 2114
1529 2115
1529 2116
426 2117
1529 2117
1529 2118
1529 2119
1529 2120
2291 2121
1529 2121
131 2122
59 2122
1529 2122
1529 2123
476 2124
1529 2124
233 2125
2649 2125
1529 2125
1529 2126
2925 2127
1529 2127
1529 2128
1529 2129
1529 2130
441 2131
1529 2131
1529 2132
2582 2133
1529 2133
2921 2134
1529 2134
106 2135
2996 2135
1529 2135
369 2136
398 2136
1529 2136
158 2137
88 2137
2665 2137
2572 2137
1529 2137
425 2138
1529 2138
1529 2139
313 2140
2885 2140
1529 2140
1529 2141
3039 2142
3011 2142
2946 2142
1529 2142
1529 2143
223 2144
264 2144
1529 2144
2862 2145
1529 2145
2784 2146
1529 2146
2941 2147
1529 2147
474 2148
1529 2148
393 2149
102 2149
132 2149
1529 2149
349 2150
1529 2150
2663 2151
1529 2151
1529 2152
1529 2153
394 2154
73 2154
1529 2154
1529 2155
419 2156
1529 2156
1529 2157
2949 2158
1529 2158
266 2159
60 2159
2880 2159
2565 2159
1529 2159
1529 2160
10 2161
1529 2161
203 2162
214 2162
1529 2162
2927 2163
2377 2163
1529 2163
218 2164
1529 2164
268 2165
2594 2165
1529 2165
2615 2166
1529 2166
2726 2167
1529 2167
1529 2168
2652 2169
3016 2169
1529 2169
2911 2170
1529 2170
2700 2171
1529 2171
2833 2172
1529 2172
207 2173
1529 2173
309 2174
2807 2174
2948 2174
2736 2174
1529 2174
1529 2175
1529 2176
1529 2177
1529 2178
16 2179
1529 2179
198 2180
1529 2180
1529 2181
244 2182
2821 2182
1529 2182
494 2183
2543 2183
1529 2183
3013 2184
1529 2184
1529 2185
1529 2186
2643 2187
2969 2187
1529 2187
2835 2188
1529 2188
1529 2189
1529 2190
2544 2191
1529 2191
160 2192
3002 2192
2062 2192
1529 2192
41 2193
2858 2193
1529 2193
491 2194
2609 2194
2757 2194
2905 2194
1529 2194
283 2195
125 2195
1529 2195
123 2196
1529 2196
1529 2197
2647 2198
1529 2198
2962 2199
1529 2199
462 2200
384 2200
1529 2200
1529 2201
1529 2202
2643 2203
1942 2203
1529 2203
153 2204
22 2204
1529 2204
482 2205
349 2205
1529 2205
1529 2206
395 2207
1529 2207
2656 2208
1529 2208
1529 2209
1529 2210
1529 2211
230 2212
1529 2212
414 2213
1529 2213
134 2214
2838 2214
2736 2214
1529 2214
289 2215
2591 2215
1529 2215
2960 2216
1529 2216
482 2217
2961 2217
2051 2217
1529 2217
173 2218
1529 2218
450 2219
2582 2219
1673 2219
1529 2219
336 2220
1608 2220
1529 2220
2811 2221
1529 2221
417 2222
1529 2222
356 2223
2667 2223
1529 2223
274 2224
2809 2224
2288 2224
2314 2224
1529 2224
1529 2225
2458 2226
1529 2226
220 2227
94 2227
2787 2227
1529 2227
446 2228
2837 2228
1529 2228
225 2229
1529 2229
1529 2230
1529 2231
44 2232
1529 2232
28 2233
413 2233
1529 2233
1529 2234
229 2235
209 2235
143 2235
210 2235
2706 2235
2951 2235
1529 2235
1529 2236
429 2237
1529 2237
492 2238
24 2238
2579 2238
1529 2238
2788 2239
2656 2239
1529 2239
432 2240
1529 2240
409 2241
1529 2241
2938 2242
2828 2242
1529 2242
2647 2243
1529 2243
1529 2244
1529 2245
56 2246
261 2246
2694 2246
2610 2246
1529 2246
2909 2247
1529 2247
1529 2248
1778 2249
1529 2249
42 2250
199 2250
1529 2250
138 2251
2513 2251
1529 2251
1529 2252
1529 2253
451 2254
206 2254
1529 2254
1529 2255
1529 2256
431 2257
1529 2257
85 2258
2597 2258
2858 2258
1529 2258
2880 2259
1529 2259
205 2260
1529 2260
2816 2261
1597 2261
1529 2261
318 2262
330 2262
1529 2262
176 2263
1529 2263
139 2264
1529 2264
2630 2265
1529 2265
2988 2266
1603 2266
1529 2266
366 2267
1529 2267
117 2268
1529 2268
365 2269
1529 2269
82 2270
1857 2270
1529 2270
1529 2271
35 2272
2887 2272
2608 2272
1529 2272
121 2273
265 2273
195 2273
1529 2273
2984 2274
1529 2274
1529 2275
1529 2276
1529 2277
475 2278
1529 2278
1529 2279
466 2280
8 2280
1529 2280
2794 2281
1529 2281
382 2282
1529 2282
2 2283
314 2283
3032 2283
2852 2283
1529 2283
334 2284
1529 2284
483 2285
2985 2285
1529 2285
1529 2286
371 2287
1529 2287
1529 2288
2841 2289
1529 2289
2679 2290
2702 2290
1529 2290
1529 2291
1529 2292
1529 2293
2397 2294
1529 2294
445 2295
1529 2295
7 2296
2596 2296
1529 2296
236 2297
1529 2297
458 2298
1529 2298
1529 2299
2855 2300
1529 2300
345 2301
2965 2301
1529 2301
1529 2302
3033 2303
1529 2303
2976 2304
1529 2304
2868 2305
1529 2305
141 2306
1529 2306
1529 2307
383 2308
2953 2308
2830 2308
1529 2308
387 2309
3008 2309
1529 2309
1529 2310
1529 2311
1529 2312
1529 2313
258 2314
1529 2314
489 2315
27 2315
1529 2315
11 2316
1529 2316
2712 2317
1529 2317
357 2318
2802 2318
1529 2318
416 2319
1529 2319
1529 2320
427 2321
1529 2321
50 2322
448 2322
1529 2322
83 2323
2240 2323
1529 2323
1529 2324
1529 2325
1529 2326
1529 2327
1529 2328
260 2329
2907 2329
1529 2329
2815 2330
1529 2330
1529 2331
1529 2332
3 2333
1529 2333
1529 2334
24 2335
1529 2335
1529 2336
2823 2337
1529 2337
2776 2338
2630 2338
2941 2338
1529 2338
375 2339
276 2339
1529 2339
2823 2340
2614 2340
2339 2340
1529 2340
1529 2341
1529 2342
1529 2343
2673 2344
1712 2344
1529 2344
1529 2345
1529 2346
1529 2347
2887 2348
1529 2348
2671 2349
2830 2349
1529 2349
96 2350
2844 2350
1529 2350
15 2351
1529 2351
355 2352
1529 2352
2860 2353
1529 2353
2786 2354
1529 2354
2666 2355
2739 2355
2733 2355
2676 2355
1529 2355
1529 2356
1529 2357
1529 2358
411 2359
2539 2359
1529 2359
417 2360
2946 2360
2818 2360
1529 2360
1529 2361
2682 2362
1529 2362
2309 2363
1529 2363
301 2364
2807 2364
2957 2364
2714 2364
1689 2364
1529 2364
120 2365
235 2365
326 2365
1529 2365
2308 2366
1529 2366
407 2367
2773 2367
2851 2367
1884 2367
1529 2367
2842 2368
2523 2368
1529 2368
167 2369
2955 2369
1529 2369
1529 2370
91 2371
296 2371
1529 2371
454 2372
1713 2372
1529 2372
232 2373
1529 2373
1529 2374
383 2375
42 2375
1529 2375
2691 2376
1529 2376
451 2377
1529 2377
1529 2378
3035 2379
2640 2379
1529 2379
1529 2380
1529 2381
65 2382
1529 2382
444 2383
2769 2383
1529 2383
187 2384
1529 2384
2671 2385
1583 2385
1529 2385
1529 2386
1529 2387
74 2388
2661 2388
1529 2388
319 2389
1529 2389
1529 2390
63 2391
1529 2391
1529 2392
1529 2393
2939 2394
2107 2394
1529 2394
2655 2395
2561 2395
2735 2395
1529 2395
447 2396
1529 2396
1529 2397
1529 2398
208 2399
1529 2399
2624 2400
1776 2400
1529 2400
129 2401
131 2401
1529 2401
1529 2402
2846 2403
2532 2403
1529 2403
3 2404
2441 2404
1529 2404
1529 2405
1529 2406
1529 2407
2939 2408
1529 2408
2717 2409
1529 2409
1529 2410
126 2411
345 2411
2578 2411
1529 2411
2710 2412
1529 2412
1529 2413
1529 2414
3020 2415
1529 2415
2745 2416
1565 2416
1529 2416
237 2417
2602 2417
1529 2417
466 2418
392 2418
372 2418
2702 2418
1529 2418
127 2419
366 2419
2950 2419
1529 2419
1529 2420
2655 2421
1529 2421
2284 2422
1529 2422
447 2423
2557 2423
2906 2423
1529 2423
33 2424
2847 2424
2408 2424
1529 2424
102 2425
1529 2425
1529 2426
1529 2427
2676 2428
2621 2428
1529 2428
1529 2429
2826 2430
2804 2430
1529 2430
150 2431
2577 2431
1529 2431
170 2432
1529 2432
139 2433
1529 2433
1529 2434
1529 2435
2785 2436
1529 2436
105 2437
3039 2437
2541 2437
1529 2437
14 2438
2481 2438
1529 2438
488 2439
235 2439
326 2439
77 2439
2506 2439
1529 2439
18 2440
2847 2440
1529 2440
2700 2441
2802 2441
1529 2441
1529 2442
1965 2443
1529 2443
1529 2444
1529 2445
2969 2446
1529 2446
1529 2447
2882 2448
2894 2448
1529 2448
1529 2449
2568 2450
1529 2450
381 2451
253 2451
165 2451
1529 2451
110 2452
1529 2452
130 2453
2852 2453
2942 2453
1529 2453
492 2454
411 2454
2704 2454
2997 2454
1529 2454
446 2455
2701 2455
1529 2455
1529 2456
306 2457
2980 2457
2799 2457
1529 2457
336 2458
1529 2458
2919 2459
2662 2459
1529 2459
442 2460
2877 2460
1529 2460
1529 2461
171 2462
1529 2462
2708 2463
1529 2463
1529 2464
2559 2465
2200 2465
1529 2465
238 2466
393 2466
239 2466
1529 2466
2877 2467
1529 2467
1529 2468
2937 2469
2648 2469
1529 2469
87 2470
2635 2470
1529 2470
443 2471
94 2471
1529 2471
1865 2472
1529 2472
3034 2473
1529 2473
192 2474
1529 2474
44 2475
1529 2475
2570 2476
1529 2476
1529 2477
1529 2478
1529 2479
1529 2480
1698 2481
1529 2481
379 2482
1529 2482
58 2483
2826 2483
1529 2483
3004 2484
1529 2484
1529 2485
26 2486
2626 2486
1529 2486
1529 2487
341 2488
2836 2488
2851 2488
1529 2488
339 2489
107 2489
1529 2489
331 2490
2978 2490
2817 2490
1529 2490
3036 2491
1529 2491
1529 2492
1529 2493
1529 2494
1997 2495
1529 2495
2804 2496
1529 2496
36 2497
1529 2497
469 2498
2857 2498
1529 2498
273 2499
1529 2499
1529 2500
1755 2501
1529 2501
64 2502
448 2502
2725 2502
1529 2502
166 2503
400 2503
1529 2503
2666 2504
1529 2504
2564 2505
1529 2505
2547 2506
2975 2506
1749 2506
1529 2506
429 2507
1529 2507
210 2508
2591 2508
1529 2508
2406 2509
1529 2509
74 2510
2777 2510
1529 2510
2238 2511
1529 2511
301 2512
1529 2512
1529 2513
374 2514
1529 2514
10 2515
1529 2515
477 2516
73 2516
1529 2516
2794 2517
1529 2517
3012 2518
1529 2518
334 2519
2756 2519
2587 2519
1529 2519
1529 2520
105 2521
1529 2521
297 2522
3034 2522
1529 2522
1529 2523
1529 2524
1529 2525
34 2526
1529 2526
186 2527
116 2527
2616 2527
2309 2527
1529 2527
183 2528
35 2528
89 2528
91 2528
1529 2528
1529 2529
213 2530
2625 2530
3028 2530
1529 2530
315 2531
2786 2531
1529 2531
111 2532
2841 2532
1529 2532
433 2533
1529 2533
166 2534
1529 2534
1529 2535
1529 2536
1529 2537
1532 2538
1531 2538
1398 2539
666 2539
1483 2539
959 2539
804 2539
803 2539
577 2539
1084 2539
1530 2539
1047 2540
1204 2540
867 2540
1437 2540
841 2540
1126 2540
1530 2540
735 2541
571 2541
1086 2541
928 2541
1061 2541
1156 2541
860 2541
1530 2541
550 2542
983 2542
638 2542
672 2542
1195 2542
1530 2542
634 2543
1153 2543
783 2543
933 2543
726 2543
1143 2543
1530 2543
917 2544
841 2544
1358 2544
1530 2544
512 2545
692 2545
908 2545
1530 2545
653 2546
965 2546
936 2546
1401 2546
1092 2546
1441 2546
756 2546
1530 2546
728 2547
1350 2547
726 2547
1530 2547
1699 2548
792 2548
1065 2548
1075 2548
658 2548
558 2548
1530 2548
884 2549
680 2549
1438 2549
690 2549
1241 2549
1133 2549
1334 2549
1530 2549
503 2550
1290 2550
988 2550
590 2550
1530 2550
2263 2551
2271 2551
539 2551
710 2551
1270 2551
1232 2551
1431 2551
658 2551
1530 2551
1231 2552
622 2552
844 2552
1362 2552
659 2552
1069 2552
1204 2552
1530 2552
861 2553
857 2553
987 2553
1530 2553
982 2554
1073 2554
1290 2554
1271 2554
893 2554
1246 2554
692 2554
1530 2554
1355 2555
1469 2555
1462 2555
863 2555
1032 2555
1530 2555
1346 2556
970 2556
611 2556
717 2556
516 2556
1530 2556
797 2557
846 2557
873 2557
1322 2557
1102 2557
803 2557
1530 2557
991 2558
1031 2558
1325 2558
1458 2558
1190 2558
1175 2558
1108 2558
1530 2558
1173 2559
892 2559
1093 2559
651 2559
1530 2559
1587 2560
610 2560
1232 2560
770 2560
1075 2560
883 2560
1530 2560
1413 2561
629 2561
751 2561
959 2561
1030 2561
1530 2561
702 2562
1321 2562
1485 2562
534 2562
1270 2562
879 2562
598 2562
1530 2562
1312 2563
935 2563
1256 2563
1530 2563
2129 2564
2339 2564
1969 2564
2067 2564
750 2564
1044 2564
879 2564
1530 2564
1100 2565
1071 2565
695 2565
909 2565
714 2565
1467 2565
1250 2565
568 2565
1530 2565
656 2566
1468 2566
1379 2566
1289 2566
734 2566
1530 2566
520 2567
640 2567
1051 2567
921 2567
532 2567
1093 2567
1228 2567
654 2567
1530 2567
575 2568
1351 2568
1316 2568
1402 2568
533 2568
1097 2568
1530 2568
894 2569
1280 2569
1149 2569
604 2569
1000 2569
1530 2569
540 2570
1185 2570
1345 2570
1039 2570
557 2570
1530 2570
1372 2571
1085 2571
753 2571
1112 2571
1395 2571
989 2571
1530 2571
1437 2572
527 2572
1073 2572
517 2572
858 2572
1051 2572
1091 2572
1530 2572
688 2573
718 2573
1171 2573
1235 2573
1530 2573
638 2574
794 2574
1131 2574
725 2574
1030 2574
1530 2574
877 2575
589 2575
1437 2575
1119 2575
1246 2575
1156 2575
668 2575
1161 2575
1530 2575
2509 2576
2459 2576
2470 2576
2333 2576
2515 2576
2498 2576
1226 2576
715 2576
560 2576
527 2576
1528 2576
1530 2576
955 2577
1182 2577
1092 2577
1360 2577
1032 2577
597 2577
1122 2577
1530 2577
1260 2578
1033 2578
849 2578
1365 2578
1264 2578
935 2578
1319 2578
591 2578
1530 2578
1594 2579
948 2579
675 2579
610 2579
1530 2579
935 2580
920 2580
1199 2580
603 2580
1394 2580
1530 2580
735 2581
928 2581
1290 2581
1530 2581
599 2582
971 2582
931 2582
1530 2582
814 2583
976 2583
612 2583
766 2583
885 2583
1530 2583
1046 2584
599 2584
1387 2584
679 2584
1196 2584
1530 2584
735 2585
1359 2585
888 2585
520 2585
1530 2585
954 2586
659 2586
512 2586
1119 2586
1530 2586
1401 2587
499 2587
1369 2587
1530 2587
1136 2588
1457 2588
575 2588
1530 2588
827 2589
1392 2589
1395 2589
842 2589
994 2589
727 2589
1530 2589
921 2590
608 2590
915 2590
968 2590
1246 2590
1190 2590
1530 2590
1365 2591
1043 2591
1436 2591
829 2591
1530 2591
793 2592
505 2592
552 2592
563 2592
1479 2592
1166 2592
522 2592
1129 2592
1530 2592
1775 2593
1877 2593
949 2593
1020 2593
700 2593
1353 2593
902 2593
1528 2593
1530 2593
1286 2594
1091 2594
1486 2594
1220 2594
1012 2594
1487 2594
1530 2594
1298 2595
1028 2595
759 2595
1530 2595
1109 2596
1396 2596
1068 2596
670 2596
1053 2596
1071 2596
564 2596
660 2596
1530 2596
927 2597
640 2597
1061 2597
1415 2597
590 2597
1530 2597
1091 2598
583 2598
739 2598
1530 2598
632 2599
970 2599
1195 2599
704 2599
1149 2599
930 2599
1530 2599
1239 2600
1334 2600
1085 2600
907 2600
1116 2600
578 2600
1032 2600
733 2600
1530 2600
1188 2601
685 2601
1357 2601
1530 2601
895 2602
1186 2602
666 2602
1322 2602
600 2602
1442 2602
621 2602
1000 2602
1530 2602
1197 2603
1167 2603
1475 2603
1283 2603
1530 2603
1448 2604
1334 2604
1277 2604
989 2604
1530 2604
1332 2605
681 2605
1004 2605
1530 2605
1365 2606
601 2606
1113 2606
742 2606
1074 2606
1063 2606
1530 2606
584 2607
1235 2607
1251 2607
1530 2607
877 2608
893 2608
860 2608
795 2608
1530 2608
1118 2609
1390 2609
1023 2609
1530 2609
859 2610
1176 2610
620 2610
679 2610
730 2610
515 2610
1182 2610
1530 2610
1298 2611
725 2611
634 2611
545 2611
1149 2611
1262 2611
1141 2611
1530 2611
844 2612
1086 2612
841 2612
708 2612
590 2612
1530 2612
564 2613
1153 2613
764 2613
1208 2613
1530 2613
1070 2614
1342 2614
1444 2614
1138 2614
1414 2614
1530 2614
1043 2615
906 2615
1174 2615
1530 2615
1452 2616
1376 2616
978 2616
1117 2616
711 2616
1003 2616
1530 2616
772 2617
1259 2617
781 2617
1530 2617
2480 2618
2111 2618
618 2618
792 2618
1386 2618
1024 2618
1530 2618
1368 2619
1154 2619
592 2619
666 2619
1530 2619
769 2620
1483 2620
652 2620
886 2620
1280 2620
1275 2620
1020 2620
551 2620
1530 2620
769 2621
1212 2621
1229 2621
564 2621
1335 2621
697 2621
873 2621
625 2621
1530 2621
1166 2622
521 2622
1049 2622
772 2622
1419 2622
996 2622
1530 2622
563 2623
614 2623
1162 2623
1242 2623
1200 2623
1310 2623
754 2623
1530 2623
1300 2624
1409 2624
1458 2624
1226 2624
512 2624
739 2624
640 2624
1026 2624
1530 2624
1357 2625
1153 2625
886 2625
938 2625
1191 2625
1078 2625
1530 2625
564 2626
1251 2626
1442 2626
1391 2626
1467 2626
1530 2626
1349 2627
957 2627
852 2627
682 2627
676 2627
947 2627
1428 2627
1240 2627
1530 2627
1017 2628
1296 2628
550 2628
1171 2628
1082 2628
779 2628
1530 2628
869 2629
1242 2629
972 2629
1174 2629
1106 2629
1310 2629
1530 2629
1814 2630
1339 2630
1224 2630
1232 2630
1140 2630
710 2630
588 2630
750 2630
1530 2630
2443 2631
710 2631
1140 2631
1470 2631
993 2631
1530 2631
781 2632
635 2632
1148 2632
1166 2632
1310 2632
1530 2632
1317 2633
843 2633
1375 2633
777 2633
1162 2633
1310 2633
1332 2633
1530 2633
584 2634
718 2634
938 2634
1202 2634
636 2634
794 2634
1530 2634
1120 2635
900 2635
781 2635
1530 2635
734 2636
1462 2636
1420 2636
995 2636
756 2636
1239 2636
1032 2636
776 2636
1530 2636
1454 2637
628 2637
1060 2637
501 2637
838 2637
984 2637
518 2637
711 2637
1530 2637
1265 2638
1272 2638
1399 2638
1262 2638
1005 2638
769 2638
951 2638
1530 2638
2398 2639
1485 2639
1321 2639
1302 2639
1530 2639
2441 2640
1904 2640
707 2640
691 2640
539 2640
1530 2640
1266 2641
1451 2641
862 2641
1530 2641
1820 2642
1693 2642
1221 2642
1174 2642
869 2642
1528 2642
1530 2642
720 2643
1284 2643
1445 2643
954 2643
1458 2643
1091 2643
858 2643
1530 2643
1426 2644
853 2644
731 2644
1530 2644
995 2645
733 2645
513 2645
937 2645
1471 2645
693 2645
1180 2645
1060 2645
1530 2645
1792 2646
1843 2646
1675 2646
972 2646
1256 2646
1293 2646
1528 2646
1530 2646
1291 2647
581 2647
600 2647
952 2647
766 2647
638 2647
924 2647
1530 2647
841 2648
876 2648
830 2648
1530 2648
1445 2649
1371 2649
520 2649
1530 2649
667 2650
694 2650
1449 2650
930 2650
721 2650
1357 2650
1530 2650
650 2651
1198 2651
1245 2651
774 2651
730 2651
1530 2651
1015 2652
1448 2652
1081 2652
1370 2652
1530 2652
1323 2653
1017 2653
805 2653
1399 2653
1229 2653
813 2653
1096 2653
1472 2653
1530 2653
1014 2654
510 2654
856 2654
951 2654
717 2654
728 2654
1530 2654
748 2655
1167 2655
989 2655
648 2655
1138 2655
1089 2655
1048 2655
1530 2655
1663 2656
2193 2656
1845 2656
2034 2656
1029 2656
1050 2656
1331 2656
1530 2656
1338 2657
732 2657
823 2657
1530 2657
742 2658
820 2658
1337 2658
1264 2658
1530 2658
1359 2659
922 2659
880 2659
1173 2659
1091 2659
915 2659
950 2659
1530 2659
689 2660
1261 2660
1144 2660
1257 2660
737 2660
895 2660
1530 2660
1343 2661
1390 2661
907 2661
1382 2661
1453 2661
1348 2661
1062 2661
1530 2661
803 2662
714 2662
1183 2662
1335 2662
1443 2662
1530 2662
828 2663
1268 2663
1088 2663
1171 2663
1213 2663
1267 2663
804 2663
1363 2663
1530 2663
907 2664
713 2664
1477 2664
1349 2664
850 2664
1530 2664
1237 2665
1088 2665
834 2665
1053 2665
666 2665
1153 2665
1257 2665
1482 2665
1530 2665
1053 2666
514 2666
714 2666
1237 2666
1442 2666
1530 2666
1402 2667
896 2667
962 2667
731 2667
503 2667
623 2667
1530 2667
1088 2668
611 2668
1155 2668
718 2668
1028 2668
1189 2668
500 2668
1530 2668
1348 2669
965 2669
1023 2669
1530 2669
581 2670
638 2670
556 2670
953 2670
1237 2670
1298 2670
1530 2670
1385 2671
1203 2671
1001 2671
908 2671
1218 2671
1079 2671
1487 2671
1530 2671
1327 2672
1046 2672
696 2672
1285 2672
523 2672
851 2672
1530 2672
1184 2673
661 2673
1074 2673
985 2673
1530 2673
986 2674
979 2674
1264 2674
1200 2674
1530 2674
1181 2675
1021 2675
581 2675
1530 2675
2483 2676
2227 2676
1884 2676
2522 2676
2181 2676
1539 2676
1195 2676
1141 2676
787 2676
1528 2676
1530 2676
1353 2677
542 2677
685 2677
1530 2677
1418 2678
1410 2678
1346 2678
1353 2678
1132 2678
1059 2678
1530 2678
523 2679
619 2679
1003 2679
1530 2679
1454 2680
530 2680
1277 2680
1123 2680
984 2680
1382 2680
937 2680
1019 2680
1530 2680
1309 2681
1455 2681
503 2681
1139 2681
758 2681
928 2681
982 2681
893 2681
1530 2681
571 2682
560 2682
1450 2682
901 2682
1402 2682
762 2682
1530 2682
943 2683
759 2683
1181 2683
1020 2683
1461 2683
743 2683
1443 2683
546 2683
1530 2683
1086 2684
913 2684
847 2684
664 2684
659 2684
1358 2684
928 2684
892 2684
1530 2684
775 2685
964 2685
908 2685
569 2685
1095 2685
1530 2685
1010 2686
831 2686
513 2686
1471 2686
679 2686
1354 2686
1530 2686
519 2687
1260 2687
1120 2687
1282 2687
1530 2687
1609 2688
1411 2688
1247 2688
707 2688
534 2688
770 2688
558 2688
1530 2688
647 2689
1290 2689
668 2689
1252 2689
858 2689
1073 2689
1218 2689
917 2689
1530 2689
969 2690
519 2690
1419 2690
1106 2690
1530 2690
1383 2691
1473 2691
1468 2691
1530 2691
734 2692
753 2692
679 2692
857 2692
1133 2692
1355 2692
1185 2692
1530 2692
1787 2693
1744 2693
2150 2693
883 2693
596 2693
770 2693
992 2693
1050 2693
702 2693
534 2693
1530 2693
763 2694
1471 2694
547 2694
628 2694
1530 2694
716 2695
1282 2695
1356 2695
1199 2695
1530 2695
978 2696
701 2696
1477 2696
1338 2696
1032 2696
1019 2696
1530 2696
1250 2697
1027 2697
805 2697
1530 2697
882 2698
535 2698
1425 2698
1323 2698
1530 2698
1132 2699
621 2699
638 2699
1021 2699
1530 2699
1001 2700
1228 2700
840 2700
571 2700
795 2700
887 2700
893 2700
784 2700
1530 2700
811 2701
1039 2701
1428 2701
617 2701
1127 2701
1274 2701
1530 2701
1651 2702
1809 2702
1991 2702
1565 2702
1140 2702
1050 2702
1029 2702
948 2702
675 2702
1485 2702
1302 2702
1530 2702
1828 2703
2216 2703
2226 2703
1528 2703
1022 2703
1034 2703
1530 2703
765 2704
1119 2704
517 2704
560 2704
665 2704
848 2704
1220 2704
1281 2704
1530 2704
1557 2705
1050 2705
1485 2705
596 2705
1530 2705
681 2706
683 2706
716 2706
525 2706
1417 2706
1481 2706
1166 2706
752 2706
1530 2706
708 2707
1281 2707
627 2707
917 2707
1530 2707
959 2708
1299 2708
1418 2708
1322 2708
1078 2708
678 2708
1249 2708
555 2708
1530 2708
931 2709
557 2709
1475 2709
1134 2709
918 2709
1338 2709
944 2709
1530 2709
772 2710
1043 2710
910 2710
906 2710
1530 2710
1150 2711
1146 2711
1451 2711
816 2711
1530 2711
1201 2712
720 2712
1206 2712
1409 2712
1121 2712
896 2712
1530 2712
1251 2713
703 2713
1303 2713
1530 2713
519 2714
900 2714
521 2714
820 2714
1259 2714
615 2714
868 2714
1016 2714
1530 2714
509 2715
664 2715
1460 2715
964 2715
533 2715
647 2715
1530 2715
646 2716
1107 2716
790 2716
753 2716
1103 2716
1530 2716
1269 2717
1110 2717
1153 2717
1188 2717
721 2717
1530 2717
1128 2718
620 2718
1420 2718
1169 2718
836 2718
1530 2718
886 2719
592 2719
1189 2719
930 2719
1442 2719
736 2719
1530 2719
810 2720
971 2720
1342 2720
1081 2720
852 2720
1223 2720
1274 2720
1122 2720
1530 2720
1374 2721
554 2721
1292 2721
1164 2721
1530 2721
1047 2722
1156 2722
1026 2722
1530 2722
997 2723
721 2723
1326 2723
718 2723
797 2723
1530 2723
876 2724
1455 2724
991 2724
1530 2724
1395 2725
961 2725
907 2725
1076 2725
1530 2725
1285 2726
746 2726
530 2726
1277 2726
553 2726
677 2726
508 2726
1342 2726
1530 2726
552 2727
875 2727
793 2727
1319 2727
1304 2727
1530 2727
1384 2728
807 2728
982 2728
533 2728
686 2728
922 2728
1228 2728
1530 2728
952 2729
551 2729
1219 2729
1066 2729
1404 2729
1132 2729
1005 2729
1296 2729
1530 2729
874 2730
695 2730
1480 2730
1215 2730
1467 2730
1530 2730
1146 2731
995 2731
816 2731
1473 2731
1378 2731
1530 2731
1401 2732
1104 2732
1117 2732
1530 2732
1307 2733
1254 2733
923 2733
640 2733
1530 2733
1948 2734
2165 2734
2056 2734
1022 2734
596 2734
1485 2734
899 2734
770 2734
691 2734
1530 2734
973 2735
537 2735
1479 2735
1199 2735
1063 2735
1530 2735
919 2736
1346 2736
700 2736
1388 2736
924 2736
1530 2736
1370 2737
508 2737
1196 2737
1530 2737
1345 2738
809 2738
974 2738
1289 2738
582 2738
1530 2738
681 2739
1319 2739
849 2739
661 2739
563 2739
1365 2739
1419 2739
1530 2739
799 2740
651 2740
1458 2740
708 2740
896 2740
1487 2740
1300 2740
1069 2740
1530 2740
1213 2741
952 2741
1269 2741
1530 2741
846 2742
1135 2742
1186 2742
1530 2742
1039 2743
656 2743
1279 2743
1468 2743
669 2743
989 2743
1530 2743
810 2744
998 2744
1285 2744
987 2744
863 2744
1403 2744
553 2744
1530 2744
708 2745
1190 2745
1271 2745
1530 2745
653 2746
1125 2746
696 2746
1305 2746
947 2746
811 2746
528 2746
1530 2746
1850 2747
1912 2747
1386 2747
879 2747
1011 2747
1029 2747
1065 2747
934 2747
658 2747
1530 2747
1278 2748
1148 2748
1293 2748
935 2748
521 2748
1317 2748
1530 2748
1153 2749
561 2749
516 2749
872 2749
564 2749
930 2749
1021 2749
1530 2749
1170 2750
1262 2750
550 2750
1430 2750
1303 2750
699 2750
1530 2750
1941 2751
1580 2751
1321 2751
1302 2751
1050 2751
658 2751
1301 2751
1025 2751
1530 2751
1035 2752
1166 2752
671 2752
1293 2752
996 2752
1147 2752
1530 2752
806 2753
1475 2753
808 2753
1474 2753
833 2753
499 2753
1530 2753
1015 2754
693 2754
1274 2754
1412 2754
1116 2754
748 2754
1060 2754
609 2754
1530 2754
626 2755
1279 2755
1327 2755
1196 2755
1266 2755
738 2755
942 2755
650 2755
1530 2755
1308 2756
1332 2756
969 2756
741 2756
683 2756
1293 2756
979 2756
1530 2756
1232 2757
610 2757
1029 2757
702 2757
1301 2757
558 2757
1528 2757
1530 2757
662 2758
777 2758
1072 2758
1530 2758
1446 2759
797 2759
1066 2759
1530 2759
506 2760
722 2760
1179 2760
822 2760
500 2760
1530 2760
1337 2761
1049 2761
870 2761
1530 2761
761 2762
1472 2762
1100 2762
786 2762
1153 2762
531 2762
689 2762
1322 2762
1530 2762
1175 2763
1139 2763
1294 2763
1227 2763
921 2763
888 2763
1530 2763
1354 2764
1327 2764
998 2764
1400 2764
914 2764
1015 2764
673 2764
1530 2764
1348 2765
1019 2765
1105 2765
1530 2765
1932 2766
2386 2766
792 2766
1029 2766
558 2766
588 2766
1528 2766
1329 2766
1431 2766
1530 2766
660 2767
592 2767
1408 2767
655 2767
652 2767
1261 2767
1530 2767
1428 2768
1324 2768
1412 2768
1530 2768
1604 2769
1718 2769
1674 2769
1622 2769
1339 2769
1528 2769
1301 2769
1530 2769
1031 2770
1095 2770
708 2770
1530 2770
864 2771
1203 2771
954 2771
1374 2771
1530 2771
1304 2772
781 2772
875 2772
1049 2772
777 2772
939 2772
1530 2772
1092 2773
1288 2773
1019 2773
1530 2773
1152 2774
1110 2774
1323 2774
1346 2774
1530 2774
1255 2775
1178 2775
1277 2775
673 2775
1083 2775
1530 2775
757 2776
717 2776
1352 2776
1131 2776
1262 2776
1030 2776
587 2776
1530 2776
740 2777
1370 2777
1223 2777
863 2777
1530 2777
1069 2778
627 2778
795 2778
799 2778
1079 2778
731 2778
1359 2778
1246 2778
1530 2778
1129 2779
777 2779
932 2779
1530 2779
1422 2780
1420 2780
597 2780
1333 2780
1412 2780
544 2780
1176 2780
1089 2780
1530 2780
791 2781
924 2781
604 2781
797 2781
506 2781
629 2781
1132 2781
1530 2781
615 2782
900 2782
716 2782
522 2782
969 2782
926 2782
1530 2782
873 2783
667 2783
1135 2783
813 2783
1265 2783
629 2783
1080 2783
1215 2783
1530 2783
560 2784
692 2784
512 2784
1091 2784
1439 2784
762 2784
654 2784
1201 2784
1530 2784
840 2785
1001 2785
825 2785
1091 2785
1530 2785
1123 2786
994 2786
1464 2786
1435 2786
1451 2786
1465 2786
1530 2786
1360 2787
773 2787
1236 2787
1196 2787
1151 2787
1010 2787
1403 2787
586 2787
1530 2787
1188 2788
894 2788
600 2788
1195 2788
1530 2788
703 2789
1269 2789
1100 2789
636 2789
1313 2789
1456 2789
1530 2789
694 2790
751 2790
632 2790
1530 2790
1286 2791
1086 2791
915 2791
1175 2791
1530 2791
1170 2792
902 2792
1219 2792
1530 2792
1587 2793
2073 2793
1742 2793
1873 2793
1329 2793
792 2793
618 2793
934 2793
1530 2793
654 2794
888 2794
990 2794
527 2794
668 2794
830 2794
1254 2794
644 2794
1530 2794
661 2795
1282 2795
1074 2795
818 2795
854 2795
716 2795
1530 2795
1415 2796
1172 2796
1064 2796
1530 2796
543 2797
507 2797
991 2797
1374 2797
782 2797
1530 2797
826 2798
929 2798
1122 2798
1468 2798
553 2798
1370 2798
1369 2798
1530 2798
2397 2799
588 2799
1440 2799
1411 2799
539 2799
1528 2799
1329 2799
948 2799
598 2799
1530 2799
528 2800
1038 2800
1123 2800
1333 2800
850 2800
1158 2800
567 2800
1530 2800
673 2801
1076 2801
1010 2801
711 2801
1420 2801
1530 2801
1334 2802
602 2802
1085 2802
1241 2802
1355 2802
1530 2802
778 2803
645 2803
874 2803
813 2803
1193 2803
930 2803
873 2803
1114 2803
1530 2803
913 2804
739 2804
1211 2804
893 2804
1206 2804
1530 2804
1047 2805
913 2805
888 2805
1090 2805
887 2805
922 2805
1530 2805
1441 2806
1349 2806
978 2806
1530 2806
764 2807
592 2807
1143 2807
587 2807
967 2807
822 2807
561 2807
1530 2807
544 2808
897 2808
1400 2808
1150 2808
1530 2808
1215 2809
951 2809
1346 2809
1179 2809
706 2809
607 2809
909 2809
785 2809
1530 2809
1060 2810
984 2810
842 2810
1289 2810
1530 2810
1183 2811
1021 2811
1028 2811
1530 2811
1469 2812
748 2812
518 2812
1083 2812
1077 2812
984 2812
1452 2812
1530 2812
544 2813
850 2813
1236 2813
679 2813
1369 2813
1429 2813
1223 2813
1530 2813
1935 2814
1679 2814
899 2814
1050 2814
993 2814
1440 2814
1530 2814
1005 2815
951 2815
953 2815
886 2815
1298 2815
535 2815
1530 2815
1106 2816
615 2816
1436 2816
1530 2816
626 2817
1041 2817
1158 2817
1107 2817
682 2817
810 2817
1081 2817
1530 2817
933 2818
894 2818
958 2818
1141 2818
545 2818
1530 2818
1443 2819
1346 2819
895 2819
1179 2819
1530 2819
952 2820
1229 2820
1002 2820
815 2820
1071 2820
1059 2820
1530 2820
1277 2821
1378 2821
541 2821
1441 2821
1182 2821
1255 2821
1530 2821
956 2822
650 2822
646 2822
1530 2822
685 2823
997 2823
1399 2823
709 2823
1299 2823
1250 2823
1484 2823
1530 2823
683 2824
1308 2824
1184 2824
1530 2824
626 2825
819 2825
994 2825
1167 2825
1530 2825
740 2826
1159 2826
1116 2826
518 2826
1530 2826
1114 2827
678 2827
636 2827
1330 2827
1530 2827
538 2828
1437 2828
1281 2828
627 2828
1380 2828
825 2828
1530 2828
1219 2829
629 2829
736 2829
889 2829
510 2829
1530 2829
625 2830
666 2830
1261 2830
970 2830
506 2830
1530 2830
1081 2831
513 2831
1289 2831
733 2831
1133 2831
1210 2831
1530 2831
1132 2832
1482 2832
500 2832
1187 2832
966 2832
685 2832
882 2832
747 2832
1530 2832
2501 2833
2495 2833
1684 2833
1391 2833
1480 2833
933 2833
1484 2833
1528 2833
1530 2833
936 2834
1003 2834
1111 2834
1060 2834
1107 2834
819 2834
907 2834
1062 2834
1530 2834
1164 2835
1097 2835
1051 2835
608 2835
708 2835
928 2835
1530 2835
1416 2836
1463 2836
1264 2836
839 2836
985 2836
1063 2836
1530 2836
847 2837
1437 2837
715 2837
729 2837
1136 2837
654 2837
1530 2837
1014 2838
1368 2838
873 2838
803 2838
1037 2838
1053 2838
695 2838
1397 2838
1530 2838
1154 2839
945 2839
797 2839
1189 2839
1222 2839
1257 2839
1088 2839
1530 2839
1320 2840
766 2840
1235 2840
652 2840
1368 2840
1100 2840
1530 2840
742 2841
661 2841
519 2841
1530 2841
1073 2842
1254 2842
980 2842
982 2842
1286 2842
590 2842
1031 2842
915 2842
1530 2842
1179 2843
949 2843
700 2843
587 2843
1530 2843
1308 2844
1137 2844
973 2844
1129 2844
1530 2844
837 2845
1053 2845
798 2845
1195 2845
1084 2845
967 2845
1330 2845
1530 2845
804 2846
1053 2846
655 2846
1398 2846
638 2846
660 2846
1212 2846
1347 2846
1530 2846
712 2847
1136 2847
1052 2847
1457 2847
731 2847
982 2847
1530 2847
1340 2848
684 2848
1400 2848
1305 2848
773 2848
916 2848
978 2848
1361 2848
1530 2848
1247 2849
618 2849
940 2849
1530 2849
924 2850
878 2850
621 2850
1209 2850
1335 2850
1530 2850
690 2851
1345 2851
693 2851
865 2851
1111 2851
1274 2851
1176 2851
842 2851
1530 2851
2195 2852
1836 2852
948 2852
610 2852
618 2852
1025 2852
529 2852
539 2852
1530 2852
772 2853
1221 2853
1328 2853
1436 2853
820 2853
854 2853
1074 2853
1530 2853
1230 2854
1118 2854
1400 2854
501 2854
929 2854
734 2854
1530 2854
1445 2855
1216 2855
1214 2855
527 2855
853 2855
1095 2855
915 2855
758 2855
1530 2855
706 2856
1396 2856
1142 2856
1006 2856
572 2856
1530 2856
746 2857
648 2857
774 2857
859 2857
1422 2857
599 2857
513 2857
1530 2857
1128 2858
984 2858
499 2858
937 2858
1530 2858
1139 2859
921 2859
1231 2859
1007 2859
1530 2859
2051 2860
1645 2860
2053 2860
598 2860
1011 2860
1050 2860
899 2860
539 2860
1301 2860
750 2860
1528 2860
1530 2860
1127 2861
1405 2861
617 2861
1530 2861
511 2862
1241 2862
1145 2862
1094 2862
1369 2862
1289 2862
1530 2862
1365 2863
724 2863
760 2863
1416 2863
1318 2863
1530 2863
540 2864
857 2864
984 2864
931 2864
1530 2864
626 2865
863 2865
971 2865
1178 2865
1530 2865
817 2866
544 2866
515 2866
1530 2866
739 2867
1126 2867
668 2867
1530 2867
845 2868
612 2868
1456 2868
1205 2868
846 2868
1191 2868
1244 2868
1530 2868
1235 2869
1267 2869
1027 2869
872 2869
1262 2869
882 2869
1143 2869
672 2869
1530 2869
885 2870
878 2870
1110 2870
1027 2870
1530 2870
1364 2871
861 2871
646 2871
648 2871
1530 2871
972 2872
1332 2872
932 2872
1129 2872
1530 2872
687 2873
886 2873
804 2873
837 2873
1443 2873
1179 2873
670 2873
1530 2873
612 2874
912 2874
1188 2874
561 2874
1153 2874
764 2874
685 2874
1530 2874
916 2875
1018 2875
540 2875
1530 2875
944 2876
963 2876
1451 2876
1530 2876
763 2877
1180 2877
733 2877
1530 2877
1040 2878
1143 2878
688 2878
1320 2878
704 2878
1030 2878
787 2878
1530 2878
823 2879
676 2879
1441 2879
679 2879
1530 2879
1336 2880
834 2880
1466 2880
786 2880
1154 2880
717 2880
1298 2880
970 2880
1530 2880
684 2881
1403 2881
1039 2881
881 2881
1530 2881
2324 2882
1665 2882
2110 2882
513 2882
749 2882
673 2882
1370 2882
995 2882
1392 2882
1528 2882
1530 2882
666 2883
1040 2883
655 2883
1530 2883
1211 2884
692 2884
1486 2884
1238 2884
1421 2884
1530 2884
528 2885
1038 2885
1369 2885
1471 2885
859 2885
1018 2885
756 2885
1530 2885
1360 2886
963 2886
955 2886
1530 2886
830 2887
647 2887
877 2887
1325 2887
1228 2887
538 2887
1012 2887
1530 2887
911 2888
651 2888
1012 2888
657 2888
1374 2888
1099 2888
1530 2888
708 2889
532 2889
543 2889
1069 2889
1478 2889
1093 2889
1530 2889
716 2890
870 2890
1162 2890
839 2890
1317 2890
1530 2890
1235 2891
1484 2891
564 2891
1205 2891
834 2891
1530 2891
894 2892
561 2892
641 2892
882 2892
1530 2892
1134 2893
663 2893
1476 2893
753 2893
1530 2893
624 2894
1272 2894
1059 2894
1472 2894
1466 2894
666 2894
1109 2894
743 2894
1530 2894
1359 2895
644 2895
1097 2895
1204 2895
1316 2895
1530 2895
938 2896
787 2896
949 2896
800 2896
1530 2896
819 2897
936 2897
851 2897
547 2897
1454 2897
1010 2897
963 2897
1530 2897
747 2898
764 2898
699 2898
1170 2898
1530 2898
1238 2899
1172 2899
1233 2899
1218 2899
1530 2899
2128 2900
1642 2900
800 2900
1257 2900
1410 2900
837 2900
703 2900
688 2900
718 2900
1528 2900
1530 2900
1320 2901
1262 2901
1261 2901
1080 2901
1530 2901
886 2902
514 2902
933 2902
1353 2902
1482 2902
1530 2902
768 2903
1162 2903
767 2903
1479 2903
986 2903
661 2903
614 2903
1530 2903
1350 2904
718 2904
1265 2904
814 2904
1530 2904
894 2905
1388 2905
629 2905
1005 2905
564 2905
1530 2905
1287 2906
1373 2906
1116 2906
1530 2906
1269 2907
584 2907
612 2907
1350 2907
783 2907
1311 2907
1530 2907
1413 2908
1311 2908
611 2908
1002 2908
1143 2908
1530 2908
1407 2909
1175 2909
825 2909
1216 2909
533 2909
908 2909
1126 2909
1530 2909
1243 2910
918 2910
826 2910
811 2910
1530 2910
766 2911
815 2911
706 2911
1530 2911
1370 2912
1081 2912
1182 2912
1009 2912
650 2912
1530 2912
1122 2913
730 2913
998 2913
1530 2913
671 2914
552 2914
1259 2914
973 2914
777 2914
760 2914
1530 2914
1149 2915
1335 2915
600 2915
925 2915
1530 2915
1315 2916
604 2916
1059 2916
1213 2916
1257 2916
714 2916
1530 2916
1265 2917
595 2917
685 2917
636 2917
672 2917
1530 2917
1245 2918
1239 2918
1185 2918
827 2918
553 2918
851 2918
1530 2918
2208 2919
1024 2919
1022 2919
596 2919
707 2919
1440 2919
588 2919
1530 2919
1784 2920
2072 2920
2247 2920
2045 2920
1985 2920
948 2920
534 2920
1192 2920
1034 2920
610 2920
1224 2920
1530 2920
1059 2921
1053 2921
1357 2921
786 2921
909 2921
1530 2921
632 2922
694 2922
703 2922
1530 2922
888 2923
1439 2923
795 2923
1530 2923
733 2924
1015 2924
518 2924
961 2924
776 2924
609 2924
646 2924
1444 2924
1530 2924
1264 2925
614 2925
1337 2925
1530 2925
1244 2926
592 2926
504 2926
612 2926
564 2926
1446 2926
797 2926
1530 2926
559 2927
1364 2927
999 2927
1530 2927
1100 2928
1191 2928
516 2928
667 2928
506 2928
898 2928
1350 2928
687 2928
1530 2928
1082 2929
1388 2929
1114 2929
1188 2929
1313 2929
771 2929
824 2929
1530 2929
1390 2930
1342 2930
780 2930
756 2930
1530 2930
1307 2931
812 2931
1284 2931
731 2931
1530 2931
1150 2932
1334 2932
1343 2932
852 2932
1048 2932
957 2932
1266 2932
1364 2932
1530 2932
633 2933
832 2933
939 2933
1530 2933
759 2934
612 2934
573 2934
1272 2934
824 2934
1276 2934
1021 2934
1530 2934
686 2935
1292 2935
538 2935
1286 2935
799 2935
1099 2935
503 2935
1530 2935
1360 2936
540 2936
1382 2936
753 2936
1530 2936
903 2937
1051 2937
1161 2937
1384 2937
784 2937
562 2937
1358 2937
1530 2937
912 2938
1114 2938
1215 2938
1320 2938
1219 2938
1186 2938
1322 2938
1244 2938
1530 2938
1057 2939
848 2939
950 2939
1351 2939
835 2939
1052 2939
1530 2939
1468 2940
508 2940
1168 2940
1530 2940
1279 2941
650 2941
859 2941
1530 2941
1130 2942
1422 2942
557 2942
1123 2942
1018 2942
1530 2942
586 2943
1240 2943
1344 2943
513 2943
1477 2943
1019 2943
1530 2943
649 2944
1106 2944
985 2944
1530 2944
1352 2945
747 2945
1181 2945
1000 2945
1530 2945
551 2946
1467 2946
600 2946
1066 2946
1311 2946
895 2946
1530 2946
912 2947
1036 2947
902 2947
697 2947
1244 2947
846 2947
1461 2947
1413 2947
1530 2947
1419 2948
1207 2948
1328 2948
1394 2948
671 2948
1148 2948
1256 2948
1375 2948
1530 2948
2354 2949
1750 2949
1603 2949
1065 2949
1024 2949
934 2949
792 2949
558 2949
1530 2949
1373 2950
994 2950
823 2950
748 2950
518 2950
1530 2950
1414 2951
1389 2951
609 2951
1169 2951
1530 2951
1235 2952
943 2952
1352 2952
1398 2952
885 2952
1067 2952
1320 2952
1530 2952
756 2953
1465 2953
1451 2953
690 2953
1283 2953
857 2953
1196 2953
1530 2953
810 2954
1180 2954
730 2954
916 2954
1125 2954
956 2954
1070 2954
1530 2954
604 2955
1131 2955
786 2955
1258 2955
1530 2955
1779 2956
2285 2956
934 2956
879 2956
1029 2956
1386 2956
1192 2956
1530 2956
1167 2957
642 2957
1003 2957
956 2957
941 2957
821 2957
530 2957
1530 2957
831 2958
1429 2958
811 2958
1530 2958
793 2959
772 2959
1016 2959
1242 2959
1530 2959
541 2960
626 2960
499 2960
528 2960
827 2960
1530 2960
1442 2961
1298 2961
722 2961
967 2961
572 2961
1530 2961
1215 2962
771 2962
759 2962
846 2962
779 2962
1160 2962
1109 2962
1530 2962
1111 2963
1054 2963
1230 2963
677 2963
1333 2963
1530 2963
1479 2964
1137 2964
1319 2964
1035 2964
724 2964
525 2964
1530 2964
1256 2965
1174 2965
745 2965
752 2965
1242 2965
1162 2965
832 2965
1530 2965
1164 2966
896 2966
1177 2966
526 2966
1530 2966
1093 2967
613 2967
647 2967
608 2967
1254 2967
1047 2967
1530 2967
1207 2968
1356 2968
671 2968
591 2968
854 2968
1530 2968
581 2969
813 2969
699 2969
1335 2969
1110 2969
1261 2969
516 2969
1530 2969
1728 2970
2454 2970
1301 2970
1470 2970
1034 2970
879 2970
940 2970
1270 2970
558 2970
1530 2970
1454 2971
1085 2971
836 2971
1009 2971
1530 2971
958 2972
1368 2972
743 2972
550 2972
1181 2972
878 2972
1530 2972
793 2973
662 2973
505 2973
1137 2973
552 2973
1393 2973
1530 2973
672 2974
1142 2974
587 2974
1021 2974
721 2974
1258 2974
1212 2974
1530 2974
722 2975
1483 2975
958 2975
1006 2975
1430 2975
514 2975
1257 2975
1530 2975
875 2976
1137 2976
1337 2976
1419 2976
1530 2976
1359 2977
543 2977
896 2977
954 2977
1156 2977
1530 2977
1072 2978
935 2978
1463 2978
1530 2978
818 2979
752 2979
723 2979
1423 2979
1365 2979
1530 2979
2478 2980
1603 2980
2395 2980
1065 2980
993 2980
1247 2980
770 2980
1022 2980
606 2980
1530 2980
753 2981
684 2981
508 2981
1401 2981
1429 2981
1530 2981
670 2982
573 2982
545 2982
1530 2982
855 2983
1033 2983
671 2983
1530 2983
590 2984
911 2984
1228 2984
980 2984
1307 2984
917 2984
1530 2984
586 2985
544 2985
790 2985
1530 2985
1235 2986
1084 2986
1267 2986
632 2986
1467 2986
1466 2986
1217 2986
787 2986
1530 2986
2309 2987
1721 2987
2093 2987
2132 2987
1679 2987
598 2987
1034 2987
1025 2987
1024 2987
1528 2987
1530 2987
1385 2988
903 2988
1119 2988
720 2988
1271 2988
921 2988
1530 2988
1169 2989
1230 2989
1279 2989
1435 2989
1530 2989
877 2990
1097 2990
1031 2990
1530 2990
518 2991
1355 2991
523 2991
1111 2991
626 2991
582 2991
511 2991
957 2991
1530 2991
1215 2992
1432 2992
625 2992
1530 2992
2103 2993
1788 2993
1372 2993
1015 2993
1240 2993
995 2993
1138 2993
1092 2993
1056 2993
1111 2993
1528 2993
1530 2993
2406 2994
2537 2994
516 2994
709 2994
550 2994
725 2994
1424 2994
886 2994
1528 2994
1530 2994
1012 2995
825 2995
1374 2995
509 2995
1164 2995
1439 2995
1530 2995
597 2996
656 2996
1243 2996
1081 2996
669 2996
619 2996
711 2996
1530 2996
559 2997
1168 2997
1342 2997
821 2997
995 2997
1403 2997
1530 2997
1103 2998
862 2998
1223 2998
1182 2998
1133 2998
1128 2998
1530 2998
727 2999
1452 2999
806 2999
544 2999
753 2999
567 2999
734 2999
1530 2999
2450 3000
1618 3000
2072 3000
2098 3000
1331 3000
1528 3000
1011 3000
691 3000
1530 3000
2451 3001
1777 3001
2279 3001
2059 3001
702 3001
948 3001
707 3001
899 3001
606 3001
946 3001
1232 3001
1530 3001
560 3002
1238 3002
651 3002
917 3002
1211 3002
1409 3002
1530 3002
1841 3003
2499 3003
1302 3003
691 3003
1331 3003
610 3003
948 3003
588 3003
1224 3003
1530 3003
1167 3004
650 3004
890 3004
1023 3004
1438 3004
1401 3004
1530 3004
762 3005
643 3005
1415 3005
922 3005
1031 3005
782 3005
569 3005
1530 3005
1188 3006
878 3006
1193 3006
1408 3006
945 3006
1098 3006
564 3006
800 3006
1530 3006
1240 3007
746 3007
749 3007
1530 3007
1710 3008
1953 3008
2018 3008
1528 3008
992 3008
1411 3008
1247 3008
529 3008
1528 3008
1530 3008
1116 3009
753 3009
599 3009
1077 3009
1107 3009
732 3009
650 3009
1530 3009
994 3010
1180 3010
1240 3010
1530 3010
1129 3011
1406 3011
996 3011
1072 3011
1120 3011
1148 3011
1260 3011
1530 3011
695 3012
577 3012
672 3012
1391 3012
1408 3012
1142 3012
1530 3012
979 3013
781 3013
1314 3013
1481 3013
1530 3013
736 3014
856 3014
1059 3014
1530 3014
637 3015
1123 3015
1378 3015
609 3015
502 3015
540 3015
1277 3015
1530 3015
909 3016
687 3016
1084 3016
1530 3016
1150 3017
916 3017
1130 3017
1469 3017
897 3017
1530 3017
697 3018
687 3018
1262 3018
1078 3018
797 3018
1530 3018
952 3019
1367 3019
636 3019
641 3019
1530 3019
730 3020
677 3020
642 3020
597 3020
650 3020
937 3020
501 3020
1349 3020
1530 3020
1086 3021
554 3021
911 3021
1530 3021
735 3022
903 3022
1194 3022
1486 3022
1284 3022
847 3022
812 3022
1271 3022
1530 3022
810 3023
1133 3023
578 3023
1018 3023
677 3023
1530 3023
1621 3024
2136 3024
2001 3024
924 3024
531 3024
1323 3024
1528 3024
1530 3024
1363 3025
1153 3025
1443 3025
1530 3025
528 3026
1070 3026
842 3026
774 3026
1465 3026
1530 3026
1071 3027
568 3027
688 3027
655 3027
803 3027
1215 3027
1088 3027
1530 3027
1131 3028
902 3028
1144 3028
1017 3028
761 3028
764 3028
1398 3028
1530 3028
1316 3029
1012 3029
1385 3029
1458 3029
674 3029
532 3029
795 3029
1530 3029
1146 3030
642 3030
1377 3030
1530 3030
931 3031
1274 3031
1327 3031
553 3031
1085 3031
929 3031
1530 3031
880 3032
1231 3032
1427 3032
1156 3032
927 3032
507 3032
1530 3032
1213 3033
866 3033
943 3033
924 3033
1193 3033
1149 3033
1131 3033
1368 3033
1530 3033
631 3034
1398 3034
828 3034
1424 3034
1530 3034
1346 3035
700 3035
1179 3035
895 3035
1530 3035
525 3036
661 3036
1416 3036
1184 3036
1318 3036
1417 3036
875 3036
1530 3036
767 3037
1416 3037
777 3037
614 3037
1375 3037
585 3037
1530 3037
660 3038
1153 3038
699 3038
834 3038
1530 3038
1007 3039
657 3039
847 3039
533 3039
686 3039
923 3039
1190 3039
1530 3039
