3859 5
1 5
1 6
1 7
1 8
2082 9
1 9
3720 10
1 10
3090 11
2684 11
1 11
1 12
2804 13
1 13
1 14
3984 15
3585 15
3279 15
3231 15
2575 15
2347 15
1 15
2742 16
2555 16
2489 16
1 16
1 17
2664 18
1 18
3684 19
2827 19
1 19
1 20
1 21
3286 22
1 22
3341 23
2463 23
2079 23
1 23
3931 24
2445 24
1 24
3579 25
3231 25
2809 25
1 25
2320 26
1 26
3543 27
2713 27
1 27
2848 28
1 28
2580 29
1 29
3363 30
2117 30
2057 30
2190 30
2262 30
1 30
1 31
3933 32
1 32
2462 33
1 33
3873 34
3028 34
2682 34
1 34
3818 35
3496 35
2119 35
1 35
3788 36
3412 36
3164 36
2062 36
1 36
3524 37
1 37
3019 38
2340 38
1 38
2464 39
2161 39
1 39
3930 40
2381 40
2119 40
1 40
1 41
1 42
1 43
3475 44
3673 44
2851 44
2471 44
1 44
1 45
2888 46
2484 46
1 46
3734 47
1 47
1 48
2758 49
2994 49
1 49
3021 50
1 50
3563 51
2156 51
1 51
2799 52
1 52
2817 53
2070 53
1 53
3205 54
1 54
3896 55
2490 55
2073 55
2278 55
2062 55
1 55
3778 56
3411 56
2100 56
1 56
2603 57
1 57
3134 58
2542 58
1 58
1 59
2166 60
1 60
3822 61
2844 61
2843 61
2601 61
1 61
3955 62
2447 62
2383 62
1 62
1 63
3469 64
1 64
3634 65
3250 65
3089 65
2552 65
1 65
2462 66
2196 66
2212 66
1 66
2768 67
2813 67
2055 67
1 67
3768 68
1 68
2785 69
2877 69
1 69
3799 70
3468 70
2930 70
2205 70
1 70
2506 71
1 71
3477 72
2562 72
2345 72
1 72
1 73
2168 74
1 74
1 75
1 76
3404 77
3184 77
2902 77
1 77
3896 78
1 78
4003 79
2604 79
2529 79
2057 79
1 79
1 80
1 81
2126 82
2086 82
1 82
1 83
2501 84
1 84
1 85
1 86
3841 87
3810 87
3386 87
1 87
3154 88
2820 88
2740 88
1 88
1 89
3840 90
3788 90
3632 90
3345 90
2791 90
1 90
3241 91
1 91
3373 92
1 92
3835 93
3212 93
2873 93
1 93
3671 94
1 94
3858 95
3408 95
1 95
3890 96
3258 96
2557 96
2496 96
1 96
2529 97
2046 97
1 97
3348 98
1 98
2405 99
2451 99
1 99
3932 100
3724 100
1 100
1 101
2493 102
1 102
3264 103
2766 103
2486 103
1 103
3500 104
2178 104
1 104
1 105
3396 106
2570 106
1 106
2704 107
2637 107
2350 107
1 107
3616 108
3236 108
2261 108
2324 108
1 108
3600 109
2461 109
1 109
3632 110
3205 110
1 110
2029 111
1 111
3629 112
2848 112
2314 112
1 112
3356 113
3562 113
1 113
3584 114
3059 114
3035 114
2987 114
2593 114
1 114
3914 115
3522 115
2787 115
1 115
3969 116
1 116
3535 117
2217 117
1 117
3544 118
3007 118
2215 118
1 118
2980 119
1 119
3177 120
2959 120
2465 120
1 120
2940 121
1 121
3773 122
3131 122
1 122
2726 123
2750 123
1 123
2958 124
1 124
2700 125
2243 125
1 125
2594 126
1 126
3678 127
3047 127
2897 127
2516 127
1 127
1 128
2845 129
1 129
2842 130
1 130
3672 131
1 131
3872 132
2679 132
1 132
3017 133
2952 133
1 133
3289 134
1 134
3938 135
3627 135
2706 135
1 135
2906 136
1 136
3191 137
1 137
2415 138
1 138
3936 139
1 139
1 140
1 141
3584 142
3367 142
1 142
2524 143
1 143
3783 144
2626 144
2039 144
2306 144
1 144
3228 145
2789 145
2252 145
2253 145
1 145
3219 146
1 146
2168 147
1 147
3589 148
3208 148
1 148
3897 149
3021 149
2545 149
1 149
3863 150
2049 150
1 150
3690 151
3759 151
2083 151
1 151
3643 152
2408 152
1 152
3501 153
2388 153
1 153
2072 154
1 154
2266 155
1 155
3142 156
2388 156
1 156
3727 157
1 157
1 158
2209 159
2009 159
1 159
4004 160
1 160
3457 161
2946 161
3001 161
1 161
2701 162
2669 162
2499 162
2144 162
1 162
3952 163
1 163
3449 164
2804 164
1 164
2404 165
1 165
2678 166
1 166
1 167
3577 168
2961 168
2591 168
1 168
3850 169
2864 169
1 169
3606 170
3492 170
1 170
3423 171
1 171
3946 172
3393 172
2198 172
1 172
2748 173
1 173
3890 174
3310 174
2889 174
2189 174
1 174
3647 175
1 175
1 176
3112 177
1 177
2244 178
1 178
2896 179
2993 179
2050 179
1 179
1 180
3532 181
1 181
1 182
2975 183
2273 183
1 183
3075 184
2728 184
2929 184
1 184
1 185
1 186
3443 187
1 187
1 188
3903 189
1 189
3248 190
2449 190
2071 190
1 190
3993 191
3548 191
2163 191
1 191
2107 192
1 192
2156 193
2229 193
1 193
1 194
1 195
3626 196
2631 196
1 196
3750 197
2227 197
1 197
3789 198
3872 198
2423 198
1 198
3108 199
1 199
2523 200
1 200
3485 201
2911 201
1 201
3572 202
1 202
4001 203
3232 203
2792 203
2118 203
1 203
3408 204
2220 204
1 204
3447 205
1 205
3297 206
2436 206
1 206
3712 207
1 207
3706 208
1 208
2415 209
1 209
3104 210
1 210
1 211
1 212
2635 213
1 213
1 214
3677 215
2616 215
2153 215
1 215
1 216
1 217
3928 218
3763 218
3233 218
3191 218
2664 218
2200 218
2085 218
1 218
3025 219
1 219
3275 220
2542 220
1 220
3671 221
2922 221
2566 221
2333 221
1 221
3944 222
1 222
3402 223
3342 223
2836 223
1 223
2819 224
2224 224
1 224
3028 225
1 225
2687 226
1 226
3267 227
1 227
1 228
2680 229
1 229
3773 230
1 230
1 231
3628 232
2849 232
2376 232
1 232
3592 233
3215 233
2615 233
1 233
3498 234
1 234
2710 235
1 235
1 236
3008 237
1 237
3730 238
3353 238
1 238
1 239
3220 240
1 240
3823 241
2580 241
2225 241
1 241
2120 242
1 242
3252 243
2421 243
1 243
1 244
3422 245
1 245
3003 246
1 246
3132 247
1 247
2674 248
2399 248
1 248
5996 249
3654 249
1 249
3139 250
2287 250
2222 250
1 250
3479 251
3447 251
2037 251
1 251
3866 252
3999 252
3037 252
2241 252
1 252
2519 253
1 253
3520 254
3310 254
2820 254
2931 254
2632 254
1 254
1 255
3559 256
2711 256
2508 256
2690 256
1 256
3475 257
3005 257
1 257
2371 258
2068 258
1 258
2934 259
1 259
1 260
1 261
3121 262
1 262
2834 263
1 263
3044 264
2764 264
1 264
3775 265
3672 265
3165 265
2768 265
2522 265
1 265
3877 266
1 266
3705 267
3368 267
3413 267
2371 267
1 267
3736 268
2872 268
1 268
1 269
3710 270
2057 270
1 270
3943 271
2472 271
1 271
3267 272
1 272
1 273
3623 274
2638 274
2630 274
1 274
3817 275
2614 275
2287 275
1 275
1 276
3918 277
2716 277
2450 277
1 277
2930 278
2569 278
1 278
1 279
3729 280
3693 280
1 280
1 281
3550 282
2101 282
1 282
3058 283
1 283
3860 284
3515 284
2910 284
1 284
3175 285
1 285
3177 286
2443 286
1 286
3407 287
1 287
2852 288
2527 288
1 288
3953 289
1 289
1 290
1 291
1 292
2687 293
2239 293
1 293
1 294
3830 295
3559 295
2370 295
1 295
1 296
2873 297
1 297
2800 298
2409 298
1 298
3582 299
1 299
2157 300
1 300
3355 301
1 301
3056 302
2933 302
1 302
1 303
1 304
3717 305
4004 305
3093 305
1 305
2387 306
1 306
3572 307
2549 307
1 307
1 308
2985 309
2472 309
1 309
1 310
1 311
2900 312
2770 312
1 312
1 313
3556 314
2819 314
2015 314
1 314
2359 315
1 315
2956 316
2177 316
1 316
3908 317
2983 317
2365 317
2368 317
1 317
3912 318
3243 318
1 318
2717 319
1 319
3738 320
2736 320
2396 320
1 320
3559 321
1 321
3671 322
1 322
1 323
3874 324
2614 324
2698 324
1 324
3762 325
2372 325
1 325
3104 326
3098 326
2400 326
1 326
3347 327
3197 327
1 327
3912 328
3829 328
1 328
3583 329
2306 329
1 329
1 330
1 331
2073 332
2159 332
1 332
2906 333
2972 333
1 333
3880 334
2981 334
1 334
1 335
3038 336
3151 336
2450 336
2064 336
1 336
3951 337
1 337
3994 338
1 338
1 339
3647 340
2017 340
1 340
3923 341
2801 341
2224 341
1 341
1 342
3332 343
2528 343
1 343
2939 344
2102 344
2296 344
1 344
2031 345
1 345
1 346
2194 347
2087 347
1 347
2673 348
1 348
3667 349
3179 349
2181 349
1 349
2805 350
2106 350
1 350
3692 351
3346 351
1 351
2920 352
2053 352
1 352
3092 353
1 353
1 354
2841 355
1 355
3891 356
3399 356
2414 356
1 356
3168 357
1 357
3649 358
3229 358
1 358
1 359
3471 360
2639 360
1 360
1 361
2847 362
1 362
3145 363
1 363
3994 364
4003 364
3129 364
2176 364
1 364
2629 365
1 365
3870 366
3346 366
1 366
3504 367
2749 367
2502 367
1 367
3386 368
1 368
3880 369
3645 369
1 369
1 370
3711 371
1 371
2455 372
1 372
1 373
1 374
3724 375
2785 375
1 375
3919 376
2417 376
2299 376
1 376
3604 377
2385 377
2223 377
1 377
3016 378
2074 378
1 378
3402 379
2312 379
2167 379
2191 379
1 379
3095 380
1 380
1 381
2551 382
1 382
2936 383
2846 383
1 383
2630 384
2640 384
2017 384
2108 384
1 384
3658 385
1 385
2112 386
1 386
2301 387
1 387
2046 388
1 388
1 389
3362 390
1 390
1 391
2241 392
1 392
3185 393
1 393
3702 394
1 394
3897 395
3697 395
2203 395
1 395
1 396
2999 397
1 397
3805 398
2643 398
1 398
2837 399
2326 399
1 399
3519 400
2591 400
2241 400
1 400
3830 401
2292 401
2296 401
1 401
3149 402
1 402
2466 403
1 403
3157 404
2773 404
2315 404
1 404
3281 405
2482 405
1 405
1 406
3708 407
3862 407
3589 407
3091 407
2799 407
2053 407
1 407
3755 408
3124 408
2518 408
1 408
3993 409
1 409
3355 410
1 410
1 411
1 412
2673 413
1 413
3558 414
3402 414
2496 414
1 414
3074 415
1 415
3012 416
2768 416
1 416
3691 417
2788 417
2712 417
1 417
3797 418
3947 418
2217 418
1 418
1 419
3485 420
2889 420
2519 420
1 420
3374 421
3343 421
1 421
3100 422
1 422
3435 423
2829 423
1 423
2815 424
2532 424
1 424
3395 425
1 425
3041 426
3055 426
2166 426
2349 426
2225 426
1 426
3019 427
1 427
3593 428
2784 428
1 428
2607 429
1 429
3703 430
3673 430
2705 430
1 430
1 431
1 432
3828 433
1 433
3922 434
1 434
3258 435
3143 435
2928 435
1 435
3318 436
2013 436
1 436
3813 437
2583 437
2145 437
1 437
1 438
2805 439
2642 439
2527 439
1 439
2948 440
2434 440
2454 440
1 440
1 441
3452 442
2427 442
1 442
3700 443
1 443
2715 444
1 444
3770 445
2804 445
2020 445
1 445
1 446
1 447
1 448
3979 449
1 449
3955 450
2351 450
1 450
3281 451
2905 451
1 451
3640 452
1 452
3777 453
3365 453
2935 453
2580 453
1 453
3974 454
3293 454
2056 454
2212 454
1 454
3927 455
3940 455
1 455
3098 456
1 456
3864 457
2091 457
1 457
3902 458
1 458
1 459
3519 460
3159 460
2076 460
2236 460
1 460
3467 461
2433 461
1 461
3874 462
3628 462
3106 462
3238 462
2366 462
1 462
3285 463
2884 463
1 463
2781 464
2285 464
1 464
3954 465
2421 465
2006 465
1 465
3222 466
1 466
3460 467
1 467
3908 468
3788 468
2463 468
2170 468
1 468
1 469
1 470
2275 471
1 471
1 472
2418 473
2060 473
1 473
2325 474
1 474
3727 475
3052 475
1 475
1 476
3740 477
1 477
3003 478
1 478
2121 479
1 479
3388 480
1 480
1 481
3978 482
1 482
1 483
2843 484
1 484
1 485
3236 486
2964 486
2031 486
1 486
2133 487
1 487
3430 488
1 488
1 489
3744 490
1 490
3600 491
3189 491
2090 491
2282 491
1 491
1 492
3587 493
2430 493
2669 493
2363 493
2235 493
1 493
1 494
1 495
2797 496
1 496
3852 497
3271 497
1 497
3800 498
2171 498
1 498
2712 499
1 499
1 500
1 501
2750 502
1 502
3291 503
2434 503
1 503
3211 504
2786 504
1 504
3814 505
1 505
3300 506
2967 506
1 506
3680 507
2832 507
1 507
2280 508
1 508
2631 509
1 509
3546 510
3467 510
2651 510
2258 510
1 510
3887 511
1 511
3134 512
2325 512
1 512
3624 513
1 513
2197 514
1 514
1 515
1 516
3691 517
2663 517
2278 517
1 517
2996 518
2517 518
2563 518
1 518
1 519
3265 520
1 520
1 521
2568 522
1 522
1 523
3944 524
3580 524
3659 524
2047 524
2102 524
1 524
2621 525
1 525
2388 526
1 526
3550 527
1 527
3023 528
1 528
3300 529
1 529
3060 530
1 530
3293 531
2958 531
1 531
3718 532
2737 532
2214 532
1 532
3634 533
1 533
2062 534
1 534
1 535
3707 536
3541 536
1 536
2519 537
1 537
3641 538
2439 538
1 538
3214 539
3229 539
2511 539
1 539
3976 540
3620 540
3222 540
3179 540
1 540
3859 541
1 541
3280 542
2466 542
1 542
2809 543
1 543
3703 544
2491 544
1 544
2433 545
1 545
2019 546
1 546
2874 547
2502 547
2600 547
2342 547
1 547
2528 548
1 548
1 549
3078 550
2505 550
1 550
3427 551
1 551
2845 552
1 552
2093 553
2283 553
1 553
2008 554
1 554
1 555
1 556
3978 557
3593 557
1 557
3873 558
1 558
3596 559
1 559
3917 560
1 560
3967 561
3745 561
2918 561
2842 561
1 561
1 562
3414 563
2070 563
2045 563
1 563
3927 564
1 564
1 565
3855 566
3264 566
3223 566
2592 566
1 566
1 567
3870 568
2739 568
1 568
3030 569
1 569
3944 570
3424 570
2947 570
1 570
3996 571
1 571
1 572
2793 573
1 573
3056 574
3256 574
1 574
3568 575
2505 575
1 575
3239 576
2518 576
1 576
2077 577
1 577
1 578
3177 579
3204 579
2785 579
1 579
3492 580
1 580
3268 581
2042 581
1 581
3006 582
2185 582
1 582
2787 583
1 583
3413 584
3161 584
2564 584
2282 584
1 584
3040 585
1 585
3737 586
1 586
2064 587
1 587
3758 588
3539 588
1 588
3280 589
1 589
2642 590
1 590
1 591
3446 592
1 592
1 593
2749 594
1 594
2124 595
1 595
3527 596
2668 596
1 596
3865 597
3613 597
1 597
3764 598
3074 598
1 598
1 599
2795 600
2346 600
1 600
2302 601
1 601
3594 602
1 602
3945 603
1 603
2730 604
2197 604
1 604
2837 605
1 605
2444 606
2082 606
1 606
1 607
3856 608
1 608
3432 609
2753 609
1 609
2041 610
1 610
3324 611
2586 611
1 611
2488 612
1 612
3743 613
2434 613
2629 613
2133 613
1 613
2778 614
2136 614
1 614
2612 615
1 615
2929 616
1 616
1 617
3699 618
3124 618
2634 618
1 618
1 619
3333 620
2422 620
1 620
2715 621
2964 621
2568 621
1 621
3108 622
1 622
3879 623
3451 623
2633 623
2164 623
1 623
3843 624
3291 624
2957 624
2820 624
2554 624
2680 624
1 624
3846 625
3333 625
1 625
3700 626
3546 626
2854 626
2061 626
1 626
1 627
3044 628
2475 628
1 628
1 629
3254 630
2821 630
1 630
2841 631
2183 631
1 631
3881 632
1 632
1 633
2347 634
1 634
3882 635
1 635
1 636
3528 637
3509 637
1 637
2028 638
1 638
3667 639
1 639
2844 640
1 640
3641 641
2918 641
2680 641
2078 641
1 641
1 642
1 643
2690 644
2594 644
1 644
2342 645
1 645
1 646
2148 647
1 647
2429 648
2467 648
2276 648
1 648
2990 649
1 649
3846 650
1 650
3431 651
1 651
1 652
3534 653
2691 653
2010 653
1 653
2568 654
2695 654
1 654
2801 655
1 655
3184 656
2851 656
1 656
3686 657
3526 657
1 657
3825 658
3101 658
3189 658
1 658
2818 659
2504 659
1 659
3200 660
2533 660
1 660
3509 661
1 661
2757 662
1 662
3128 663
3038 663
2600 663
1 663
3915 664
1 664
3476 665
1 665
3978 666
1 666
3250 667
1 667
3903 668
2791 668
1 668
3973 669
3411 669
1 669
3460 670
3007 670
2531 670
1 670
2407 671
1 671
3137 672
1 672
1 673
3096 674
2429 674
1 674
1 675
3526 676
2135 676
1 676
3524 677
1 677
2142 678
1 678
3433 679
3339 679
2713 679
2159 679
1 679
3519 680
3501 680
1 680
3796 681
3459 681
2384 681
1 681
3335 682
2452 682
1 682
3612 683
3013 683
3007 683
1 683
3451 684
2497 684
1 684
1 685
3491 686
2103 686
1 686
3149 687
1 687
3790 688
2732 688
1 688
2366 689
1 689
1 690
2862 691
1 691
2495 692
1 692
1 693
3862 694
3325 694
1 694
1 695
3478 696
2353 696
1 696
2925 697
1 697
3252 698
3088 698
2685 698
2033 698
1 698
3556 699
1 699
3602 700
2154 700
1 700
3933 701
3613 701
1 701
1 702
3293 703
1 703
3772 704
2716 704
1 704
3449 705
3500 705
3198 705
2916 705
1 705
1 706
2895 707
2116 707
1 707
3091 708
2611 708
1 708
1 709
3855 710
1 710
3348 711
3129 711
2592 711
2153 711
1 711
3289 712
1 712
1 713
3115 714
2386 714
1 714
3150 715
2214 715
1 715
3457 716
3152 716
3207 716
2543 716
1 716
3317 717
2682 717
1 717
3749 718
2976 718
1 718
2858 719
1 719
2946 720
1 720
2798 721
1 721
3040 722
2024 722
1 722
3527 723
2196 723
1 723
2133 724
1 724
1 725
3771 726
2828 726
1 726
2458 727
1 727
3946 728
3595 728
3437 728
3194 728
2110 728
1 728
1 729
1 730
1 731
3370 732
1 732
3604 733
1 733
3780 734
3469 734
1 734
2569 735
1 735
3255 736
2355 736
1 736
3863 737
1 737
1 738
1 739
2742 740
1 740
2731 741
2079 741
1 741
3474 742
1 742
1 743
3578 744
3271 744
3169 744
1 744
2532 745
1 745
2947 746
1 746
1 747
3329 748
1 748
3383 749
2559 749
1 749
3186 750
2403 750
2607 750
1 750
1 751
3339 752
2300 752
1 752
2952 753
2121 753
2069 753
1 753
3265 754
2559 754
1 754
2706 755
1 755
3763 756
3515 756
1 756
3014 757
2731 757
1 757
3381 758
1 758
2509 759
1 759
3380 760
3629 760
1 760
2460 761
2452 761
2292 761
1 761
1 762
2550 763
2081 763
1 763
1 764
2866 765
2233 765
1 765
3764 766
2491 766
1 766
1 767
1 768
3900 769
3529 769
3537 769
1 769
1 770
2386 771
1 771
2852 772
1 772
3430 773
2616 773
1 773
3403 774
2933 774
2607 774
1 774
3617 775
1 775
3975 776
1 776
3534 777
2145 777
1 777
3199 778
1 778
3620 779
1 779
1 780
1 781
3398 782
2127 782
1 782
1 783
2013 784
1 784
3989 785
2464 785
2127 785
2040 785
1 785
3621 786
2513 786
2190 786
1 786
2954 787
2373 787
1 787
1 788
3467 789
1 789
3772 790
3948 790
3663 790
2654 790
1 790
3727 791
3482 791
1 791
1 792
2711 793
2621 793
1 793
3359 794
2746 794
2298 794
2326 794
1 794
3664 795
3320 795
2658 795
2255 795
1 795
3512 796
3305 796
3316 796
1 796
1 797
3580 798
3425 798
2269 798
2270 798
1 798
1 799
1 800
3439 801
2455 801
1 801
1 802
3705 803
1 803
1 804
2439 805
1 805
1 806
3669 807
3164 807
1 807
3903 808
3144 808
1 808
3996 809
2553 809
1 809
2755 810
2454 810
1 810
2422 811
1 811
3484 812
1 812
1 813
3595 814
2900 814
1 814
1 815
2355 816
1 816
1 817
2086 818
2240 818
1 818
1 819
2913 820
2841 820
1 820
1 821
3189 822
1 822
3471 823
3504 823
2602 823
1 823
3998 824
3916 824
3885 824
3188 824
2718 824
1 824
1 825
2544 826
1 826
3789 827
1 827
3738 828
2348 828
1 828
1 829
2041 830
1 830
3984 831
1 831
3820 832
3139 832
2836 832
1 832
3740 833
2913 833
1 833
1 834
2209 835
1 835
1 836
3931 837
2735 837
1 837
1 838
3730 839
1 839
3168 840
1 840
2767 841
1 841
3658 842
2868 842
1 842
1 843
2963 844
1 844
3220 845
1 845
1 846
1 847
2873 848
2674 848
1 848
3203 849
2176 849
1 849
3062 850
1 850
3425 851
2826 851
1 851
2540 852
1 852
3816 853
3275 853
2893 853
1 853
2465 854
1 854
2556 855
1 855
2961 856
2586 856
2555 856
1 856
2543 857
2368 857
1 857
4000 858
2220 858
1 858
1 859
2728 860
2888 860
1 860
3508 861
3627 861
3273 861
2852 861
2332 861
1 861
3416 862
2595 862
1 862
3652 863
2426 863
1 863
3840 864
3270 864
1 864
3502 865
2577 865
1 865
3357 866
1 866
3489 867
2274 867
1 867
1 868
3195 869
1 869
3331 870
2205 870
1 870
3463 871
1 871
2184 872
1 872
1 873
3215 874
1 874
3900 875
2040 875
1 875
2892 876
2518 876
2023 876
1 876
1 877
3839 878
1 878
3869 879
3410 879
1 879
3038 880
3164 880
1 880
1 881
2276 882
1 882
3761 883
2963 883
1 883
3148 884
1 884
3237 885
2157 885
1 885
2471 886
1 886
3114 887
2403 887
2411 887
2407 887
1 887
1 888
3932 889
2459 889
1 889
2960 890
2538 890
2511 890
2020 890
1 890
1 891
2628 892
1 892
3855 893
2953 893
1 893
2110 894
2295 894
1 894
2314 895
1 895
1 896
1 897
2459 898
1 898
3848 899
3338 899
1 899
2775 900
2904 900
2539 900
1 900
1 901
3510 902
2651 902
1 902
3025 903
3035 903
3261 903
2735 903
1 903
3101 904
2184 904
1 904
3072 905
2711 905
1 905
2425 906
1 906
2663 907
2213 907
1 907
1 908
2449 909
1 909
3757 910
3074 910
1 910
1 911
3612 912
2545 912
2033 912
1 912
3718 913
3275 913
3121 913
1 913
2905 914
2795 914
1 914
3820 915
1 915
3030 916
2812 916
2528 916
1 916
2564 917
1 917
3869 918
2412 918
1 918
3679 919
1 919
3807 920
2834 920
1 920
3838 921
3770 921
3224 921
1 921
2979 922
2355 922
1 922
1 923
2630 924
1 924
3805 925
3149 925
2141 925
2304 925
1 925
2868 926
2995 926
2689 926
1 926
3922 927
2170 927
1 927
2589 928
1 928
3125 929
2636 929
1 929
1 930
2517 931
1 931
2770 932
1 932
2049 933
1 933
2886 934
1 934
3325 935
1 935
1 936
3673 937
1 937
3279 938
1 938
3709 939
3556 939
3337 939
2531 939
1 939
1 940
2114 941
1 941
2986 942
1 942
3530 943
3233 943
2579 943
1 943
3067 944
1 944
3075 945
2123 945
1 945
3411 946
2842 946
1 946
3068 947
1 947
2112 948
1 948
3842 949
1 949
1 950
3392 951
2245 951
1 951
1 952
3928 953
3111 953
2877 953
2774 953
1 953
3495 954
1 954
3143 955
2827 955
2467 955
2169 955
1 955
1 956
3308 957
1 957
3147 958
1 958
1 959
3272 960
1 960
3694 961
3587 961
1 961
3143 962
2747 962
1 962
3385 963
1 963
3448 964
1 964
3302 965
1 965
3619 966
2416 966
2221 966
1 966
1 967
3958 968
3618 968
2962 968
1 968
2818 969
2747 969
1 969
1 970
1 971
2675 972
1 972
3321 973
2730 973
2252 973
1 973
2542 974
1 974
3845 975
1 975
3554 976
2703 976
1 976
2931 977
2686 977
1 977
2363 978
1 978
3790 979
3066 979
2397 979
1 979
1 980
3796 981
2571 981
1 981
1 982
1 983
1 984
1 985
1 986
3956 987
1 987
3787 988
2769 988
2087 988
1 988
1 989
3433 990
3382 990
2636 990
2167 990
1 990
2846 991
1 991
3571 992
3683 992
3233 992
3223 992
1 992
2295 993
2149 993
1 993
1 994
1 995
3924 996
3604 996
1 996
2367 997
1 997
1 998
3605 999
1 999
3508 1000
1 1000
3384 1001
3443 1001
3338 1001
2795 1001
2291 1001
1 1001
2977 1002
1 1002
3135 1003
3073 1003
2315 1003
1 1003
1 1004
2969 1005
2299 1005
1 1005
2056 1006
1 1006
3905 1007
2205 1007
1 1007
3924 1008
3112 1008
2854 1008
1 1008
3789 1009
3255 1009
1 1009
1 1010
3742 1011
2887 1011
2968 1011
1 1011
2366 1012
1 1012
1 1013
3574 1014
3451 1014
1 1014
3161 1015
2405 1015
1 1015
3217 1016
3005 1016
2753 1016
1 1016
3452 1017
2909 1017
1 1017
2293 1018
1 1018
3547 1019
1 1019
3071 1020
2482 1020
1 1020
3274 1021
1 1021
3118 1022
1 1022
3463 1023
3355 1023
3146 1023
3229 1023
3271 1023
2363 1023
1 1023
1 1024
2634 1025
1 1025
3162 1026
1 1026
3633 1027
1 1027
3934 1028
3221 1028
2143 1028
1 1028
2382 1029
2075 1029
1 1029
3647 1030
1 1030
3140 1031
2601 1031
1 1031
2075 1032
1 1032
2676 1033
1 1033
3710 1034
3306 1034
3128 1034
1 1034
3118 1035
1 1035
1 1036
2251 1037
1 1037
1 1038
3199 1039
1 1039
3817 1040
1 1040
3723 1041
3384 1041
3303 1041
1 1041
2521 1042
1 1042
3436 1043
2587 1043
1 1043
3241 1044
3111 1044
2006 1044
2118 1044
1 1044
3022 1045
1 1045
3410 1046
3413 1046
3397 1046
1 1046
2986 1047
1 1047
1 1048
1 1049
3531 1050
2261 1050
2019 1050
1 1050
3662 1051
1 1051
3391 1052
3057 1052
2605 1052
1 1052
2127 1053
1 1053
3791 1054
2909 1054
1 1054
1 1055
2971 1056
2353 1056
2097 1056
1 1056
3499 1057
1 1057
1 1058
1 1059
3146 1060
2844 1060
2524 1060
1 1060
3938 1061
3182 1061
2977 1061
1 1061
3710 1062
1 1062
3792 1063
3439 1063
1 1063
2445 1064
1 1064
3636 1065
1 1065
2552 1066
1 1066
3729 1067
2919 1067
2423 1067
2322 1067
1 1067
3475 1068
1 1068
3654 1069
1 1069
3674 1070
3584 1070
2152 1070
2331 1070
1 1070
2853 1071
2435 1071
1 1071
1 1072
3583 1073
3156 1073
1 1073
1 1074
1 1075
2868 1076
2968 1076
2943 1076
3001 1076
1 1076
3755 1077
1 1077
3854 1078
2668 1078
1 1078
3541 1079
1 1079
3478 1080
2305 1080
1 1080
2417 1081
1 1081
3810 1082
3167 1082
2949 1082
2848 1082
1 1082
3686 1083
2904 1083
1 1083
3166 1084
3080 1084
2142 1084
1 1084
2794 1085
2164 1085
2104 1085
1 1085
2981 1086
1 1086
1 1087
3609 1088
3081 1088
2725 1088
1 1088
3686 1089
2881 1089
2505 1089
1 1089
3410 1090
2095 1090
2027 1090
1 1090
3616 1091
1 1091
3679 1092
2871 1092
1 1092
3705 1093
3675 1093
3020 1093
2550 1093
1 1093
3853 1094
3436 1094
2507 1094
2599 1094
2327 1094
2020 1094
1 1094
1 1095
1 1096
3756 1097
2985 1097
1 1097
3889 1098
1 1098
2089 1099
2053 1099
1 1099
1 1100
2779 1101
2800 1101
1 1101
2705 1102
1 1102
2984 1103
2612 1103
1 1103
2969 1104
1 1104
1 1105
3135 1106
2396 1106
2335 1106
1 1106
3729 1107
2908 1107
1 1107
2403 1108
1 1108
3522 1109
1 1109
3291 1110
1 1110
3702 1111
2346 1111
1 1111
3117 1112
1 1112
3750 1113
1 1113
1 1114
3317 1115
2180 1115
1 1115
3810 1116
3358 1116
2306 1116
1 1116
3834 1117
3249 1117
1 1117
3572 1118
2378 1118
1 1118
1 1119
3598 1120
2970 1120
2629 1120
1 1120
2527 1121
1 1121
3718 1122
1 1122
3549 1123
3631 1123
2905 1123
1 1123
3453 1124
2350 1124
1 1124
2901 1125
1 1125
3662 1126
3443 1126
3305 1126
2684 1126
1 1126
2653 1127
1 1127
3579 1128
1 1128
3184 1129
1 1129
3352 1130
2983 1130
2447 1130
2299 1130
1 1130
3776 1131
3771 1131
3322 1131
1 1131
3461 1132
2718 1132
1 1132
3043 1133
2780 1133
1 1133
3548 1134
1 1134
2236 1135
1 1135
3706 1136
1 1136
2603 1137
1 1137
1 1138
1 1139
2922 1140
1 1140
1 1141
2050 1142
1 1142
3403 1143
1 1143
1 1144
2176 1145
1 1145
3819 1146
3599 1146
1 1146
2075 1147
1 1147
2972 1148
1 1148
3723 1149
1 1149
3182 1150
1 1150
2522 1151
2701 1151
1 1151
1 1152
1 1153
3552 1154
1 1154
2971 1155
1 1155
3294 1156
2113 1156
1 1156
2967 1157
1 1157
3664 1158
1 1158
3834 1159
1 1159
4001 1160
3502 1160
3092 1160
1 1160
2686 1161
1 1161
2235 1162
1 1162
3677 1163
1 1163
3303 1164
2444 1164
1 1164
3804 1165
3200 1165
2972 1165
2919 1165
1 1165
3301 1166
2323 1166
1 1166
1 1167
2028 1168
1 1168
3240 1169
1 1169
3798 1170
3004 1170
2737 1170
1 1170
2011 1171
1 1171
3462 1172
3090 1172
2936 1172
1 1172
3899 1173
3574 1173
2925 1173
1 1173
2334 1174
1 1174
3790 1175
1 1175
3730 1176
3717 1176
2925 1176
2488 1176
2082 1176
1 1176
3864 1177
2348 1177
1 1177
3614 1178
2256 1178
2080 1178
1 1178
3856 1179
3782 1179
1 1179
3906 1180
3377 1180
3263 1180
1 1180
2011 1181
1 1181
3558 1182
3453 1182
3442 1182
1 1182
2731 1183
1 1183
1 1184
3632 1185
2960 1185
1 1185
1 1186
2659 1187
1 1187
1 1188
3433 1189
2869 1189
1 1189
2851 1190
2358 1190
1 1190
3359 1191
1 1191
2049 1192
1 1192
3711 1193
3446 1193
3067 1193
2631 1193
2691 1193
2068 1193
1 1193
3539 1194
1 1194
3962 1195
2982 1195
2588 1195
2047 1195
1 1195
3972 1196
3432 1196
3309 1196
1 1196
3958 1197
3204 1197
2416 1197
1 1197
2571 1198
1 1198
3870 1199
3691 1199
1 1199
3906 1200
1 1200
2076 1201
1 1201
2431 1202
1 1202
2657 1203
2100 1203
1 1203
3043 1204
2467 1204
1 1204
1 1205
1 1206
3914 1207
3428 1207
3454 1207
2856 1207
2484 1207
1 1207
3616 1208
2187 1208
2156 1208
1 1208
3408 1209
3477 1209
1 1209
1 1210
1 1211
1 1212
3397 1213
1 1213
1 1214
2836 1215
2586 1215
1 1215
2758 1216
2746 1216
2678 1216
1 1216
3981 1217
2084 1217
1 1217
3501 1218
2151 1218
1 1218
3395 1219
3008 1219
2817 1219
1 1219
3254 1220
2766 1220
1 1220
1 1221
1 1222
1 1223
3628 1224
2790 1224
2198 1224
1 1224
2591 1225
2621 1225
1 1225
1 1226
3630 1227
1 1227
2540 1228
1 1228
3016 1229
2110 1229
2180 1229
1 1229
1 1230
3155 1231
2525 1231
1 1231
3875 1232
3395 1232
2809 1232
1 1232
2652 1233
1 1233
1 1234
1 1235
3602 1236
1 1236
1 1237
3835 1238
2280 1238
1 1238
2709 1239
2292 1239
1 1239
3752 1240
1 1240
3185 1241
3302 1241
2033 1241
1 1241
3568 1242
3344 1242
1 1242
3717 1243
2162 1243
1 1243
2942 1244
1 1244
3640 1245
2856 1245
2550 1245
1 1245
3682 1246
2521 1246
2252 1246
1 1246
2066 1247
1 1247
3685 1248
3904 1248
1 1248
1 1249
3156 1250
1 1250
1 1251
3785 1252
1 1252
3607 1253
3434 1253
3333 1253
1 1253
2143 1254
1 1254
3608 1255
2060 1255
1 1255
2956 1256
2968 1256
1 1256
3724 1257
3474 1257
1 1257
1 1258
3224 1259
1 1259
1 1260
1 1261
3446 1262
1 1262
3285 1263
1 1263
3638 1264
2806 1264
1 1264
4004 1265
3507 1265
2214 1265
1 1265
3381 1266
2639 1266
1 1266
3965 1267
2349 1267
1 1267
3046 1268
1 1268
3963 1269
3498 1269
3245 1269
1 1269
3485 1270
2840 1270
1 1270
1 1271
1 1272
1 1273
3819 1274
1 1274
2605 1275
1 1275
2413 1276
2635 1276
1 1276
3738 1277
3478 1277
3015 1277
1 1277
1 1278
2315 1279
1 1279
3398 1280
3240 1280
2643 1280
1 1280
3188 1281
3323 1281
2262 1281
1 1281
3682 1282
3621 1282
2437 1282
1 1282
3338 1283
1 1283
2749 1284
2945 1284
1 1284
3992 1285
2752 1285
2732 1285
1 1285
2039 1286
1 1286
2945 1287
2810 1287
1 1287
2168 1288
1 1288
3594 1289
3221 1289
2833 1289
1 1289
3883 1290
3448 1290
1 1290
3499 1291
2436 1291
2031 1291
1 1291
1 1292
1 1293
1 1294
3261 1295
1 1295
2213 1296
1 1296
3308 1297
3183 1297
2323 1297
1 1297
3751 1298
3388 1298
3307 1298
2920 1298
1 1298
1 1299
1 1300
3782 1301
2704 1301
2595 1301
1 1301
3767 1302
3993 1302
1 1302
3820 1303
2091 1303
2162 1303
1 1303
1 1304
3121 1305
1 1305
2981 1306
1 1306
1 1307
3498 1308
1 1308
3674 1309
2349 1309
1 1309
2096 1310
2233 1310
1 1310
3052 1311
1 1311
2165 1312
1 1312
3440 1313
1 1313
3891 1314
3537 1314
1 1314
3633 1315
2427 1315
1 1315
3318 1316
1 1316
3826 1317
2784 1317
1 1317
3728 1318
1 1318
3786 1319
1 1319
3970 1320
3422 1320
1 1320
1 1321
3716 1322
3866 1322
1 1322
3956 1323
2734 1323
2737 1323
1 1323
3431 1324
2576 1324
1 1324
3645 1325
2047 1325
1 1325
3284 1326
1 1326
3071 1327
2193 1327
1 1327
1 1328
3548 1329
3228 1329
3154 1329
1 1329
2513 1330
1 1330
3873 1331
3063 1331
1 1331
3839 1332
3891 1332
2079 1332
1 1332
1 1333
3698 1334
2104 1334
1 1334
2511 1335
1 1335
1 1336
1 1337
1 1338
3808 1339
2821 1339
1 1339
2655 1340
2106 1340
1 1340
3751 1341
3850 1341
2640 1341
1 1341
3232 1342
3093 1342
1 1342
3304 1343
1 1343
3081 1344
1 1344
3619 1345
3312 1345
2983 1345
1 1345
1 1346
3058 1347
2773 1347
1 1347
1 1348
1 1349
3905 1350
1 1350
2523 1351
1 1351
3917 1352
3198 1352
1 1352
3918 1353
2045 1353
1 1353
3172 1354
2037 1354
1 1354
3697 1355
1 1355
3795 1356
1 1356
1 1357
3664 1358
1 1358
2966 1359
1 1359
2320 1360
2055 1360
1 1360
2792 1361
1 1361
3882 1362
3665 1362
1 1362
3927 1363
2778 1363
1 1363
3045 1364
2231 1364
1 1364
1 1365
2311 1366
1 1366
1 1367
1 1368
2724 1369
2032 1369
1 1369
3847 1370
1 1370
3751 1371
2810 1371
1 1371
2300 1372
1 1372
2683 1373
1 1373
1 1374
2808 1375
1 1375
3017 1376
2338 1376
2125 1376
1 1376
3801 1377
3678 1377
3114 1377
2955 1377
2103 1377
1 1377
3309 1378
2652 1378
2484 1378
2153 1378
1 1378
2316 1379
1 1379
1 1380
2595 1381
2191 1381
1 1381
1 1382
1 1383
2894 1384
2494 1384
1 1384
2131 1385
1 1385
3694 1386
2293 1386
1 1386
1 1387
3540 1388
1 1388
1 1389
3805 1390
3366 1390
1 1390
3015 1391
2899 1391
1 1391
3707 1392
3098 1392
2229 1392
1 1392
3032 1393
2554 1393
2183 1393
1 1393
3032 1394
1 1394
1 1395
2137 1396
1 1396
1 1397
2890 1398
1 1398
3792 1399
1 1399
1 1400
2784 1401
1 1401
3920 1402
3171 1402
3202 1402
2982 1402
1 1402
3840 1403
1 1403
2808 1404
1 1404
3544 1405
3205 1405
1 1405
3303 1406
1 1406
3358 1407
2494 1407
2305 1407
1 1407
1 1408
3187 1409
2908 1409
2547 1409
1 1409
2422 1410
1 1410
3526 1411
3238 1411
2341 1411
1 1411
3249 1412
1 1412
3125 1413
2501 1413
1 1413
3793 1414
3272 1414
2286 1414
1 1414
1 1415
1 1416
1 1417
2120 1418
1 1418
3848 1419
1 1419
3016 1420
2439 1420
2667 1420
1 1420
3223 1421
1 1421
3062 1422
1 1422
1 1423
2605 1424
1 1424
3387 1425
1 1425
1 1426
1 1427
3505 1428
1 1428
3148 1429
1 1429
3739 1430
1 1430
3339 1431
1 1431
1 1432
3816 1433
3825 1433
1 1433
3049 1434
1 1434
3709 1435
3739 1435
3380 1435
1 1435
3319 1436
3332 1436
2775 1436
2045 1436
1 1436
3653 1437
2533 1437
1 1437
1 1438
3064 1439
1 1439
1 1440
3818 1441
2379 1441
2454 1441
2506 1441
2052 1441
1 1441
1 1442
3943 1443
3657 1443
1 1443
3882 1444
1 1444
3157 1445
2275 1445
1 1445
3351 1446
2035 1446
1 1446
3633 1447
2141 1447
1 1447
1 1448
2317 1449
1 1449
1 1450
1 1451
1 1452
3483 1453
1 1453
1 1454
2442 1455
1 1455
3539 1456
1 1456
2916 1457
1 1457
3416 1458
1 1458
3818 1459
2780 1459
1 1459
1 1460
3761 1461
3706 1461
1 1461
3694 1462
1 1462
3811 1463
3129 1463
2808 1463
1 1463
2789 1464
1 1464
3117 1465
1 1465
3955 1466
2735 1466
1 1466
1 1467
3769 1468
3565 1468
2989 1468
1 1468
2993 1469
2639 1469
1 1469
3956 1470
3396 1470
3066 1470
2301 1470
1 1470
3999 1471
3901 1471
1 1471
3386 1472
1 1472
3134 1473
1 1473
2432 1474
1 1474
1 1475
1 1476
3043 1477
2286 1477
1 1477
3833 1478
2775 1478
2400 1478
1 1478
3754 1479
1 1479
3802 1480
3028 1480
2091 1480
1 1480
1 1481
3951 1482
2979 1482
1 1482
3196 1483
2670 1483
1 1483
1 1484
3337 1485
2748 1485
1 1485
3181 1486
2738 1486
1 1486
4001 1487
2998 1487
2140 1487
2300 1487
1 1487
3161 1488
3010 1488
2742 1488
2594 1488
2522 1488
1 1488
2772 1489
2976 1489
1 1489
2624 1490
1 1490
3558 1491
3304 1491
1 1491
3916 1492
3672 1492
2507 1492
1 1492
3341 1493
2298 1493
1 1493
2674 1494
1 1494
2088 1495
1 1495
3490 1496
3306 1496
2460 1496
1 1496
1 1497
3603 1498
3142 1498
1 1498
3468 1499
3150 1499
3076 1499
2939 1499
2350 1499
1 1499
3883 1500
1 1500
3667 1501
2136 1501
1 1501
2613 1502
1 1502
3778 1503
1 1503
1 1504
2175 1505
1 1505
3930 1506
2891 1506
1 1506
3679 1507
1 1507
3940 1508
2253 1508
1 1508
3535 1509
2729 1509
2810 1509
1 1509
1 1510
2147 1511
1 1511
2352 1512
1 1512
1 1513
3748 1514
1 1514
2976 1515
2645 1515
1 1515
3799 1516
3025 1516
2782 1516
1 1516
1 1517
1 1518
3388 1519
2157 1519
1 1519
3846 1520
2666 1520
2204 1520
2283 1520
2183 1520
2076 1520
1 1520
2599 1521
2473 1521
1 1521
1 1522
3150 1523
1 1523
1 1524
2861 1525
2419 1525
1 1525
3808 1526
1 1526
1 1527
3737 1528
2752 1528
2658 1528
1 1528
2532 1529
2248 1529
1 1529
3807 1530
3081 1530
2914 1530
1 1530
3090 1531
2444 1531
2432 1531
1 1531
1 1532
1 1533
3536 1534
2806 1534
2007 1534
1 1534
1 1535
1 1536
3162 1537
2287 1537
1 1537
2227 1538
1 1538
3635 1539
1 1539
3424 1540
3175 1540
2539 1540
1 1540
1 1541
3915 1542
3665 1542
1 1542
3946 1543
2759 1543
2293 1543
1 1543
1 1544
3736 1545
1 1545
2885 1546
1 1546
1 1547
1 1548
3968 1549
2864 1549
2423 1549
1 1549
2807 1550
1 1550
2964 1551
2415 1551
1 1551
3636 1552
3316 1552
2759 1552
2763 1552
2450 1552
1 1552
2892 1553
1 1553
3109 1554
1 1554
3779 1555
3345 1555
1 1555
3460 1556
2931 1556
2974 1556
2888 1556
1 1556
1 1557
3963 1558
3368 1558
2879 1558
2793 1558
2554 1558
1 1558
3740 1559
2977 1559
1 1559
2861 1560
2683 1560
1 1560
3754 1561
3082 1561
1 1561
2659 1562
2134 1562
1 1562
1 1563
1 1564
1 1565
3833 1566
2177 1566
1 1566
3328 1567
2874 1567
2957 1567
1 1567
3321 1568
2916 1568
1 1568
3284 1569
3127 1569
1 1569
3797 1570
3547 1570
2524 1570
1 1570
1 1571
2144 1572
1 1572
2431 1573
1 1573
1 1574
2762 1575
2276 1575
1 1575
2741 1576
1 1576
3591 1577
3106 1577
3298 1577
1 1577
1 1578
3563 1579
2935 1579
1 1579
3894 1580
3188 1580
2746 1580
2938 1580
1 1580
3948 1581
1 1581
1 1582
3530 1583
1 1583
1 1584
3514 1585
2430 1585
1 1585
3343 1586
1 1586
1 1587
3680 1588
1 1588
3039 1589
2371 1589
2107 1589
1 1589
3372 1590
3571 1590
1 1590
3594 1591
2358 1591
1 1591
3108 1592
2870 1592
2602 1592
1 1592
3958 1593
2080 1593
2013 1593
1 1593
1 1594
1 1595
3354 1596
1 1596
1 1597
1 1598
2395 1599
1 1599
3874 1600
1 1600
3971 1601
3185 1601
1 1601
3802 1602
3102 1602
3180 1602
1 1602
2778 1603
2752 1603
2669 1603
1 1603
1 1604
3998 1605
3180 1605
2846 1605
1 1605
2628 1606
1 1606
3866 1607
3122 1607
2269 1607
1 1607
2801 1608
2144 1608
1 1608
3918 1609
2943 1609
1 1609
3157 1610
1 1610
1 1611
2667 1612
1 1612
3681 1613
2860 1613
2356 1613
1 1613
3198 1614
2226 1614
2169 1614
1 1614
2186 1615
1 1615
1 1616
3822 1617
3764 1617
2858 1617
1 1617
1 1618
2557 1619
2613 1619
1 1619
1 1620
1 1621
3513 1622
2864 1622
1 1622
1 1623
2729 1624
2691 1624
1 1624
1 1625
3171 1626
1 1626
3699 1627
3347 1627
3147 1627
2896 1627
1 1627
2739 1628
2211 1628
1 1628
1 1629
1 1630
2561 1631
1 1631
2759 1632
1 1632
1 1633
3283 1634
1 1634
3565 1635
2712 1635
1 1635
2675 1636
1 1636
3877 1637
2791 1637
1 1637
2814 1638
1 1638
3393 1639
2831 1639
1 1639
2780 1640
1 1640
3570 1641
1 1641
1 1642
2372 1643
1 1643
3920 1644
1 1644
1 1645
3618 1646
2357 1646
1 1646
3257 1647
3237 1647
2021 1647
1 1647
3585 1648
3197 1648
1 1648
3708 1649
2412 1649
2207 1649
1 1649
3364 1650
2093 1650
1 1650
3504 1651
1 1651
3683 1652
1 1652
1 1653
3618 1654
2984 1654
2727 1654
2482 1654
1 1654
3830 1655
2050 1655
1 1655
3930 1656
3274 1656
2829 1656
1 1656
3506 1657
3234 1657
1 1657
3879 1658
3745 1658
1 1658
2111 1659
1 1659
3954 1660
2850 1660
1 1660
3529 1661
3061 1661
2128 1661
1 1661
3392 1662
1 1662
1 1663
3477 1664
2255 1664
1 1664
2256 1665
1 1665
3983 1666
2792 1666
2834 1666
2618 1666
2668 1666
1 1666
2269 1667
1 1667
2963 1668
2788 1668
1 1668
2143 1669
1 1669
3752 1670
1 1670
3151 1671
1 1671
2937 1672
1 1672
3864 1673
3532 1673
1 1673
2926 1674
2659 1674
2670 1674
2123 1674
1 1674
3915 1675
3212 1675
1 1675
3936 1676
3593 1676
3602 1676
3138 1676
1 1676
3153 1677
2025 1677
1 1677
3481 1678
2750 1678
1 1678
3231 1679
2637 1679
1 1679
3894 1680
3331 1680
1 1680
1 1681
2149 1682
1 1682
3480 1683
2641 1683
1 1683
1 1684
1 1685
2509 1686
1 1686
2237 1687
1 1687
3822 1688
3204 1688
2490 1688
1 1688
2723 1689
1 1689
2697 1690
2024 1690
1 1690
3935 1691
3423 1691
3228 1691
2642 1691
2648 1691
1 1691
2954 1692
1 1692
3689 1693
3509 1693
2992 1693
2572 1693
2203 1693
1 1693
3014 1694
2837 1694
2089 1694
1 1694
2901 1695
1 1695
3937 1696
3215 1696
3062 1696
3046 1696
2937 1696
2670 1696
1 1696
3471 1697
3075 1697
2604 1697
2217 1697
1 1697
3048 1698
2199 1698
1 1698
1 1699
3624 1700
1 1700
3465 1701
1 1701
1 1702
3151 1703
2394 1703
2253 1703
1 1703
3630 1704
2570 1704
1 1704
3243 1705
1 1705
3702 1706
2473 1706
1 1706
2946 1707
1 1707
3196 1708
2727 1708
2200 1708
1 1708
3289 1709
1 1709
2197 1710
1 1710
3322 1711
2872 1711
2935 1711
1 1711
2508 1712
1 1712
1 1713
2713 1714
2426 1714
1 1714
3792 1715
3643 1715
3380 1715
2790 1715
1 1715
3609 1716
3194 1716
2521 1716
2687 1716
1 1716
2828 1717
1 1717
2570 1718
1 1718
3899 1719
3288 1719
1 1719
3624 1720
1 1720
3383 1721
2384 1721
1 1721
3321 1722
2247 1722
1 1722
3287 1723
2802 1723
2351 1723
1 1723
3496 1724
1 1724
3364 1725
2587 1725
1 1725
2216 1726
1 1726
2039 1727
1 1727
2919 1728
2136 1728
1 1728
3937 1729
1 1729
2755 1730
1 1730
3896 1731
2226 1731
1 1731
3362 1732
3080 1732
1 1732
1 1733
2420 1734
1 1734
3225 1735
2436 1735
2154 1735
1 1735
3599 1736
3332 1736
1 1736
2204 1737
1 1737
1 1738
1 1739
3968 1740
1 1740
3364 1741
3267 1741
3262 1741
2790 1741
1 1741
3596 1742
2799 1742
1 1742
2894 1743
1 1743
3500 1744
3048 1744
2862 1744
2967 1744
1 1744
1 1745
2328 1746
1 1746
1 1747
3615 1748
3031 1748
3087 1748
3114 1748
1 1748
3496 1749
1 1749
1 1750
3181 1751
2806 1751
2333 1751
1 1751
3261 1752
2624 1752
2710 1752
1 1752
2901 1753
1 1753
3826 1754
1 1754
2779 1755
1 1755
1 1756
3804 1757
3469 1757
1 1757
1 1758
2913 1759
1 1759
3784 1760
3054 1760
2616 1760
2345 1760
1 1760
1 1761
1 1762
3323 1763
2103 1763
1 1763
1 1764
2569 1765
2090 1765
1 1765
3881 1766
3316 1766
2899 1766
1 1766
3432 1767
1 1767
2818 1768
1 1768
3794 1769
1 1769
2073 1770
1 1770
1 1771
3773 1772
2872 1772
2414 1772
1 1772
1 1773
2112 1774
1 1774
3208 1775
2789 1775
1 1775
3483 1776
2551 1776
1 1776
3258 1777
2874 1777
1 1777
3814 1778
1 1778
2142 1779
1 1779
1 1780
3076 1781
1 1781
1 1782
2932 1783
2507 1783
2375 1783
1 1783
1 1784
2985 1785
1 1785
2805 1786
1 1786
1 1787
1 1788
3823 1789
1 1789
3897 1790
3807 1790
3094 1790
2596 1790
2164 1790
1 1790
3967 1791
3925 1791
3506 1791
2032 1791
1 1791
1 1792
2863 1793
2473 1793
1 1793
3547 1794
1 1794
3571 1795
2685 1795
1 1795
1 1796
2452 1797
1 1797
2892 1798
1 1798
3996 1799
3241 1799
2654 1799
1 1799
2169 1800
2130 1800
1 1800
3813 1801
3168 1801
2653 1801
2333 1801
1 1801
2428 1802
1 1802
3102 1803
1 1803
3983 1804
3046 1804
1 1804
3473 1805
3254 1805
3000 1805
1 1805
2876 1806
1 1806
3099 1807
2858 1807
2301 1807
1 1807
3162 1808
2222 1808
2265 1808
1 1808
1 1809
2856 1810
1 1810
3981 1811
3442 1811
1 1811
1 1812
1 1813
1 1814
2573 1815
1 1815
2782 1816
2130 1816
2170 1816
1 1816
2397 1817
2295 1817
1 1817
3373 1818
3322 1818
1 1818
1 1819
1 1820
1 1821
3965 1822
1 1822
1 1823
3697 1824
3362 1824
3001 1824
1 1824
2884 1825
2730 1825
2815 1825
1 1825
2338 1826
1 1826
2052 1827
1 1827
1 1828
2447 1829
1 1829
3463 1830
1 1830
1 1831
3599 1832
1 1832
3110 1833
1 1833
2343 1834
1 1834
3082 1835
2008 1835
1 1835
3080 1836
2755 1836
1 1836
2443 1837
1 1837
3414 1838
1 1838
2787 1839
1 1839
3495 1840
2489 1840
1 1840
3759 1841
3199 1841
3071 1841
1 1841
3248 1842
3086 1842
1 1842
1 1843
3984 1844
1 1844
2855 1845
2032 1845
1 1845
2429 1846
2543 1846
2035 1846
2282 1846
1 1846
3191 1847
1 1847
3196 1848
2503 1848
2667 1848
1 1848
1 1849
2956 1850
1 1850
3620 1851
2645 1851
1 1851
3674 1852
2867 1852
1 1852
1 1853
3180 1854
1 1854
1 1855
1 1856
3194 1857
1 1857
3535 1858
2779 1858
1 1858
3749 1859
3495 1859
2893 1859
1 1859
2885 1860
1 1860
3861 1861
3749 1861
1 1861
1 1862
3073 1863
3212 1863
1 1863
3522 1864
3510 1864
2960 1864
2455 1864
1 1864
3905 1865
3103 1865
2845 1865
1 1865
1 1866
2947 1867
2877 1867
2538 1867
1 1867
2930 1868
1 1868
3057 1869
1 1869
2358 1870
1 1870
1 1871
3453 1872
1 1872
1 1873
1 1874
2969 1875
1 1875
1 1876
3109 1877
1 1877
2260 1878
1 1878
1 1879
3272 1880
1 1880
3167 1881
2862 1881
1 1881
2608 1882
2236 1882
1 1882
2515 1883
1 1883
2362 1884
1 1884
2298 1885
1 1885
3752 1886
3144 1886
2724 1886
1 1886
2995 1887
2516 1887
1 1887
2615 1888
1 1888
3931 1889
1 1889
3348 1890
2038 1890
1 1890
3335 1891
2715 1891
2249 1891
1 1891
3769 1892
3890 1892
2589 1892
1 1892
2334 1893
1 1893
1 1894
3753 1895
1 1895
1 1896
2416 1897
1 1897
2579 1898
1 1898
1 1899
3578 1900
3439 1900
2849 1900
1 1900
2827 1901
2849 1901
2628 1901
1 1901
3567 1902
2356 1902
1 1902
1 1903
3187 1904
1 1904
1 1905
3255 1906
2526 1906
1 1906
3002 1907
1 1907
3585 1908
2190 1908
1 1908
3487 1909
2370 1909
2320 1909
1 1909
3057 1910
1 1910
2540 1911
1 1911
3698 1912
3264 1912
3201 1912
2724 1912
1 1912
2763 1913
1 1913
3887 1914
3658 1914
2626 1914
1 1914
1 1915
2999 1916
2766 1916
1 1916
3095 1917
1 1917
3372 1918
1 1918
2918 1919
1 1919
2721 1920
2961 1920
1 1920
3435 1921
3249 1921
3128 1921
1 1921
2786 1922
2493 1922
1 1922
1 1923
1 1924
1 1925
3403 1926
1 1926
2788 1927
1 1927
3462 1928
3414 1928
3152 1928
2449 1928
1 1928
1 1929
3529 1930
2460 1930
2280 1930
1 1930
3270 1931
1 1931
3676 1932
1 1932
3349 1933
3422 1933
3631 1933
1 1933
3839 1934
3722 1934
2196 1934
1 1934
3487 1935
3425 1935
2936 1935
1 1935
1 1936
1 1937
5996 1938
1 1938
1 1939
3430 1940
2118 1940
1 1940
1 1941
2498 1942
1 1942
1 1943
3823 1944
3281 1944
1 1944
2986 1945
1 1945
3579 1946
1 1946
3920 1947
3099 1947
1 1947
1 1948
1 1949
2907 1950
1 1950
1 1951
2803 1952
2600 1952
1 1952
1 1953
2229 1954
1 1954
1 1955
2067 1956
2338 1956
1 1956
1 1957
2760 1958
1 1958
1 1959
3431 1960
1 1960
1 1961
3525 1962
2468 1962
2613 1962
1 1962
3720 1963
3712 1963
2132 1963
1 1963
3002 1964
1 1964
3346 1965
1 1965
3514 1966
3608 1966
3170 1966
1 1966
1 1967
3085 1968
2471 1968
1 1968
2769 1969
3005 1969
1 1969
3365 1970
3325 1970
1 1970
2227 1971
1 1971
1 1972
3027 1973
1 1973
2556 1974
1 1974
1 1975
3179 1976
2548 1976
2071 1976
1 1976
3812 1977
3375 1977
3398 1977
2725 1977
1 1977
3943 1978
2035 1978
1 1978
2710 1979
1 1979
3502 1980
3282 1980
2850 1980
2421 1980
1 1980
2886 1981
2940 1981
1 1981
3629 1982
1 1982
1 1983
3370 1984
1 1984
3612 1985
2590 1985
2225 1985
1 1985
3621 1986
1 1986
1 1987
2092 1988
1 1988
3684 1989
2549 1989
1 1989
2465 1990
1 1990
2147 1991
1 1991
3700 1992
3758 1992
3465 1992
1 1992
3308 1993
1 1993
1 1994
3643 1995
2180 1995
1 1995
2732 1996
2064 1996
1 1996
2384 1997
2089 1997
1 1997
1 1998
3962 1999
2283 1999
2343 1999
1 1999
1 2000
3748 2001
1 2001
1 2002
1 2003
3938 2004
3461 2004
3373 2004
2536 2004
2120 2004
1 2004
4 2005
3 2005
5451 2006
4935 2006
5413 2006
5389 2006
5973 2006
4083 2006
5353 2006
2 2006
5505 2007
5475 2007
5603 2007
4355 2007
4247 2007
5272 2007
4230 2007
2 2007
4303 2008
4954 2008
4311 2008
5404 2008
4579 2008
5693 2008
5407 2008
2 2008
5352 2009
5531 2009
4631 2009
5938 2009
4619 2009
4816 2009
5907 2009
2 2009
5332 2010
4631 2010
4456 2010
4083 2010
5763 2010
5049 2010
2 2010
4032 2011
4856 2011
4979 2011
4744 2011
5762 2011
2 2011
4931 2012
5047 2012
4806 2012
4678 2012
5033 2012
4558 2012
5766 2012
2 2012
5164 2013
5454 2013
5547 2013
4415 2013
4813 2013
5097 2013
4067 2013
5739 2013
2 2013
4856 2014
5236 2014
4233 2014
5474 2014
4037 2014
5716 2014
5054 2014
2 2014
5263 2015
4221 2015
4488 2015
5397 2015
4070 2015
4383 2015
2 2015
5445 2016
5485 2016
5123 2016
2 2016
5515 2017
5695 2017
4752 2017
2 2017
5227 2018
5141 2018
5953 2018
5488 2018
5169 2018
4538 2018
4876 2018
4878 2018
5534 2018
2 2018
4549 2019
5633 2019
4418 2019
4515 2019
4786 2019
5587 2019
2 2019
4316 2020
4125 2020
4223 2020
4328 2020
4107 2020
4065 2020
5069 2020
4389 2020
2 2020
5038 2021
5897 2021
5276 2021
4683 2021
5861 2021
5568 2021
5340 2021
2 2021
4017 2022
4449 2022
4576 2022
4192 2022
4403 2022
4104 2022
4239 2022
5724 2022
2 2022
5320 2023
5777 2023
5182 2023
2 2023
4270 2024
4101 2024
5972 2024
5715 2024
2 2024
4758 2025
4614 2025
5430 2025
5920 2025
4982 2025
5194 2025
4525 2025
4819 2025
2 2025
4421 2026
4136 2026
5195 2026
4063 2026
5231 2026
4441 2026
2 2026
5105 2027
4732 2027
4351 2027
4705 2027
4124 2027
2 2027
5672 2028
5701 2028
5600 2028
4966 2028
5075 2028
4868 2028
4567 2028
2 2028
5456 2029
5725 2029
5417 2029
4809 2029
4260 2029
4548 2029
2 2029
4537 2030
4578 2030
4818 2030
4942 2030
4708 2030
5377 2030
5656 2030
2 2030
4569 2031
5984 2031
4337 2031
5452 2031
4475 2031
2 2031
4893 2032
5619 2032
5295 2032
2 2032
5780 2033
5182 2033
2 2033
4095 2034
4858 2034
5659 2034
5523 2034
4990 2034
4598 2034
5068 2034
2 2034
4542 2035
4179 2035
5787 2035
4174 2035
5283 2035
4923 2035
4059 2035
2 2035
4879 2036
4161 2036
5837 2036
4332 2036
4622 2036
5218 2036
5616 2036
5307 2036
5564 2036
2 2036
4527 2037
5726 2037
4949 2037
5125 2037
2 2037
5025 2038
5956 2038
5580 2038
5937 2038
5201 2038
4716 2038
2 2038
5188 2039
4108 2039
5325 2039
5516 2039
4535 2039
5171 2039
4852 2039
2 2039
5758 2040
5539 2040
2 2040
5066 2041
4788 2041
5630 2041
4494 2041
2 2041
4891 2042
5578 2042
4307 2042
4040 2042
5120 2042
5620 2042
5513 2042
2 2042
5359 2043
5670 2043
5699 2043
4326 2043
4826 2043
5988 2043
2 2043
4686 2044
4615 2044
4560 2044
2 2044
4630 2045
4800 2045
5641 2045
4589 2045
5015 2045
5381 2045
5764 2045
2 2045
5601 2046
4463 2046
5551 2046
4979 2046
5369 2046
5876 2046
5047 2046
5401 2046
2 2046
4018 2047
4536 2047
5442 2047
5362 2047
4528 2047
2 2047
4716 2048
4758 2048
4320 2048
2 2048
5541 2049
4473 2049
4723 2049
4554 2049
4784 2049
5368 2049
4435 2049
5553 2049
2 2049
5375 2050
4772 2050
4218 2050
4095 2050
5028 2050
5096 2050
2 2050
4372 2051
4851 2051
5513 2051
4927 2051
4134 2051
4743 2051
5375 2051
4296 2051
4763 2051
2 2051
4551 2052
4700 2052
5861 2052
5887 2052
5552 2052
4351 2052
5660 2052
2 2052
4753 2053
4413 2053
5837 2053
5914 2053
4985 2053
2 2053
4951 2054
4693 2054
4583 2054
5443 2054
5293 2054
5600 2054
4216 2054
5441 2054
5529 2054
2 2054
4770 2055
4513 2055
5964 2055
4320 2055
5561 2055
4809 2055
2 2055
4944 2056
5980 2056
5414 2056
5488 2056
2 2056
4291 2057
4214 2057
5323 2057
5317 2057
5962 2057
5952 2057
4867 2057
5531 2057
5134 2057
2 2057
4779 2058
5672 2058
5838 2058
5309 2058
5137 2058
5595 2058
5773 2058
2 2058
4388 2059
4434 2059
4585 2059
5532 2059
5190 2059
5336 2059
2 2059
5404 2060
4582 2060
5857 2060
5940 2060
4038 2060
4573 2060
4840 2060
2 2060
5675 2061
4332 2061
4115 2061
5650 2061
4327 2061
2 2061
5781 2062
5843 2062
5159 2062
4304 2062
4649 2062
5293 2062
2 2062
4318 2063
4649 2063
4534 2063
2 2063
4265 2064
4865 2064
5843 2064
4826 2064
2 2064
5587 2065
4089 2065
5036 2065
2 2065
4137 2066
5048 2066
4371 2066
4151 2066
5282 2066
2 2066
4401 2067
5461 2067
5050 2067
2 2067
5076 2068
5671 2068
4224 2068
4259 2068
4150 2068
4881 2068
2 2068
4358 2069
4674 2069
4701 2069
4790 2069
5807 2069
4508 2069
2 2069
5305 2070
4057 2070
5558 2070
5055 2070
4249 2070
2 2070
5443 2071
4720 2071
2 2071
4948 2072
5905 2072
5839 2072
5536 2072
4544 2072
4805 2072
2 2072
5404 2073
4885 2073
2 2073
5470 2074
4705 2074
4218 2074
4227 2074
4406 2074
4351 2074
4054 2074
4258 2074
2 2074
4863 2075
5115 2075
2 2075
5412 2076
4342 2076
4012 2076
4688 2076
5100 2076
4808 2076
2 2076
5925 2077
5866 2077
4072 2077
4443 2077
2 2077
5668 2078
5131 2078
2 2078
4362 2079
5453 2079
4539 2079
4977 2079
4786 2079
4458 2079
5869 2079
5138 2079
2 2079
5882 2080
5098 2080
5331 2080
5684 2080
4901 2080
4712 2080
4057 2080
2 2080
5881 2081
4460 2081
2 2081
5177 2082
5790 2082
5568 2082
5578 2082
4316 2082
5295 2082
5853 2082
4192 2082
2 2082
5374 2083
5713 2083
4200 2083
5442 2083
4925 2083
4236 2083
2 2083
5701 2084
5600 2084
4992 2084
5773 2084
5431 2084
5905 2084
5963 2084
2 2084
4500 2085
4610 2085
4222 2085
5869 2085
5577 2085
4376 2085
5557 2085
4920 2085
5439 2085
2 2085
4814 2086
5291 2086
5658 2086
5103 2086
4436 2086
4196 2086
4680 2086
5972 2086
2 2086
5277 2087
4080 2087
5981 2087
4793 2087
2 2087
5173 2088
5946 2088
4228 2088
4615 2088
4702 2088
2 2088
4518 2089
5656 2089
4952 2089
4640 2089
4392 2089
4665 2089
2 2089
4458 2090
4814 2090
5783 2090
5787 2090
2 2090
5278 2091
4397 2091
5300 2091
4121 2091
2 2091
5088 2092
5511 2092
4898 2092
4337 2092
4096 2092
4770 2092
5801 2092
4947 2092
5153 2092
2 2092
4308 2093
4784 2093
5964 2093
5223 2093
5426 2093
5680 2093
4015 2093
5484 2093
2 2093
5895 2094
5158 2094
2 2094
4980 2095
5847 2095
5659 2095
4463 2095
5822 2095
5533 2095
4520 2095
5253 2095
4347 2095
2 2095
5630 2096
4943 2096
2 2096
4348 2097
5478 2097
5726 2097
5942 2097
5911 2097
5863 2097
2 2097
5950 2098
5980 2098
5134 2098
4502 2098
4561 2098
5992 2098
4410 2098
2 2098
5405 2099
4913 2099
4126 2099
4143 2099
4123 2099
4063 2099
4919 2099
4508 2099
2 2099
5797 2100
5466 2100
5397 2100
4627 2100
4433 2100
5662 2100
4438 2100
2 2100
5530 2101
5285 2101
5163 2101
5403 2101
4295 2101
2 2101
5118 2102
5516 2102
5089 2102
2 2102
4502 2103
4646 2103
5681 2103
4350 2103
4503 2103
5247 2103
2 2103
4647 2104
4183 2104
4544 2104
5846 2104
2 2104
4995 2105
4448 2105
2 2105
5057 2106
4840 2106
2 2106
5787 2107
5299 2107
5108 2107
2 2107
5270 2108
4802 2108
4885 2108
4235 2108
4682 2108
4119 2108
5386 2108
4761 2108
4115 2108
2 2108
4232 2109
5309 2109
2 2109
5067 2110
4307 2110
5803 2110
4806 2110
4812 2110
5322 2110
4428 2110
2 2110
4390 2111
4512 2111
2 2111
5438 2112
5641 2112
4019 2112
5075 2112
5312 2112
4026 2112
2 2112
5555 2113
5873 2113
4844 2113
4641 2113
4501 2113
5095 2113
4856 2113
2 2113
5213 2114
4042 2114
5741 2114
5304 2114
4630 2114
2 2114
5349 2115
4769 2115
5397 2115
2 2115
4160 2116
4487 2116
4331 2116
4510 2116
0 2116
2 2116
5862 2117
5803 2117
4696 2117
5644 2117
4972 2117
2 2117
4260 2118
4614 2118
2 2118
5890 2119
5815 2119
4362 2119
4189 2119
5455 2119
4366 2119
2 2119
5860 2120
4048 2120
4369 2120
4930 2120
4834 2120
4312 2120
5937 2120
5155 2120
2 2120
5889 2121
5822 2121
2 2121
5842 2122
4288 2122
4699 2122
4645 2122
0 2122
4306 2122
2 2122
5793 2123
5123 2123
4012 2123
5859 2123
5553 2123
4825 2123
4964 2123
2 2123
4740 2124
4276 2124
5912 2124
2 2124
5249 2125
5326 2125
5473 2125
5583 2125
2 2125
4459 2126
4452 2126
4169 2126
4638 2126
2 2126
5664 2127
4742 2127
4849 2127
4864 2127
2 2127
4457 2128
5441 2128
5080 2128
4791 2128
5443 2128
2 2128
4116 2129
5806 2129
5281 2129
4291 2129
4460 2129
4498 2129
5765 2129
4010 2129
5581 2129
2 2129
4724 2130
5134 2130
5428 2130
4553 2130
2 2130
4852 2131
4697 2131
5374 2131
4094 2131
4434 2131
4102 2131
4752 2131
2 2131
4891 2132
5722 2132
5050 2132
5114 2132
4616 2132
5151 2132
4695 2132
5425 2132
2 2132
5670 2133
5080 2133
2 2133
4045 2134
4827 2134
2 2134
5302 2135
4306 2135
4699 2135
5596 2135
4136 2135
4061 2135
5264 2135
4833 2135
5195 2135
2 2135
5884 2136
5909 2136
5296 2136
2 2136
5656 2137
4883 2137
5094 2137
5927 2137
2 2137
4931 2138
4896 2138
4787 2138
5929 2138
5809 2138
4598 2138
5034 2138
5474 2138
5772 2138
2 2138
4992 2139
4392 2139
4416 2139
4861 2139
4354 2139
5670 2139
4183 2139
5334 2139
4128 2139
2 2139
4037 2140
4877 2140
5592 2140
5614 2140
5384 2140
5272 2140
5166 2140
2 2140
4713 2141
4177 2141
4484 2141
4646 2141
4189 2141
2 2141
4733 2142
5806 2142
5518 2142
5019 2142
4543 2142
2 2142
5893 2143
4435 2143
5164 2143
5132 2143
4897 2143
5073 2143
2 2143
4203 2144
4289 2144
2 2144
4614 2145
5900 2145
5661 2145
4690 2145
4438 2145
4427 2145
5385 2145
4723 2145
5752 2145
2 2145
4661 2146
5940 2146
2 2146
5678 2147
5915 2147
5073 2147
2 2147
5469 2148
4336 2148
4107 2148
4178 2148
2 2148
4460 2149
4503 2149
5203 2149
4764 2149
2 2149
5161 2150
4021 2150
5729 2150
4324 2150
5138 2150
2 2150
4700 2151
4218 2151
4016 2151
2 2151
4993 2152
4708 2152
4122 2152
4409 2152
4775 2152
4030 2152
5529 2152
5995 2152
4106 2152
2 2152
4829 2153
4032 2153
4891 2153
2 2153
4585 2154
4467 2154
5982 2154
2 2154
4392 2155
4948 2155
5309 2155
4737 2155
4926 2155
5431 2155
4537 2155
5991 2155
2 2155
5910 2156
4227 2156
4360 2156
5021 2156
4990 2156
5524 2156
4088 2156
2 2156
5419 2157
4413 2157
5251 2157
4379 2157
5250 2157
4360 2157
5490 2157
2 2157
5434 2158
5406 2158
4195 2158
4192 2158
5242 2158
4251 2158
2 2158
5091 2159
4292 2159
4948 2159
4779 2159
5438 2159
4544 2159
4864 2159
2 2159
4066 2160
4542 2160
4910 2160
4707 2160
4226 2160
4664 2160
4324 2160
4714 2160
2 2160
5453 2161
5027 2161
5669 2161
5168 2161
4246 2161
2 2161
5229 2162
5586 2162
5409 2162
4684 2162
5594 2162
5985 2162
5903 2162
4389 2162
2 2162
4652 2163
5477 2163
4507 2163
4337 2163
4478 2163
5412 2163
4974 2163
4770 2163
2 2163
4008 2164
4394 2164
4318 2164
2 2164
5013 2165
5407 2165
5322 2165
5709 2165
2 2165
5948 2166
5230 2166
4649 2166
5995 2166
4951 2166
5377 2166
2 2166
5621 2167
4061 2167
4607 2167
5198 2167
4485 2167
4754 2167
4450 2167
4375 2167
5749 2167
2 2167
4578 2168
5213 2168
5312 2168
5464 2168
4693 2168
4440 2168
4861 2168
5359 2168
2 2168
4230 2169
5659 2169
5762 2169
5276 2169
2 2169
5813 2170
5780 2170
2 2170
4385 2171
4590 2171
4938 2171
4271 2171
5941 2171
5395 2171
4463 2171
5285 2171
2 2171
5569 2172
5605 2172
5176 2172
5296 2172
4137 2172
5027 2172
4154 2172
5255 2172
4116 2172
2 2172
4349 2173
5495 2173
5778 2173
5211 2173
2 2173
5821 2174
5469 2174
5857 2174
4049 2174
2 2174
5185 2175
5024 2175
5796 2175
2 2175
5897 2176
4681 2176
4620 2176
4671 2176
4633 2176
5111 2176
2 2176
5922 2177
4586 2177
5927 2177
2 2177
4039 2178
4025 2178
5085 2178
5938 2178
4988 2178
2 2178
4745 2179
5191 2179
4254 2179
5484 2179
4773 2179
4325 2179
2 2179
4950 2180
4532 2180
5035 2180
5418 2180
5945 2180
4983 2180
5706 2180
5368 2180
4522 2180
2 2180
5641 2181
4361 2181
2 2181
4431 2182
5731 2182
4772 2182
5459 2182
4134 2182
2 2182
5479 2183
5497 2183
4390 2183
5180 2183
2 2183
4581 2184
5811 2184
5878 2184
4145 2184
4848 2184
2 2184
4591 2185
4305 2185
4705 2185
2 2185
4962 2186
4576 2186
2 2186
5379 2187
5073 2187
4642 2187
5495 2187
5061 2187
5677 2187
5135 2187
5335 2187
4367 2187
2 2187
4292 2188
4635 2188
4775 2188
4873 2188
4730 2188
2 2188
4314 2189
5639 2189
2 2189
5901 2190
5080 2190
4392 2190
5359 2190
4849 2190
2 2190
5083 2191
4990 2191
2 2191
4551 2192
4107 2192
5076 2192
4461 2192
5502 2192
2 2192
5780 2193
4352 2193
5537 2193
2 2193
5037 2194
5871 2194
5965 2194
4234 2194
5080 2194
2 2194
4268 2195
4959 2195
5849 2195
4509 2195
4877 2195
5403 2195
5124 2195
4891 2195
4250 2195
2 2195
4150 2196
5218 2196
4274 2196
5847 2196
4633 2196
4172 2196
5253 2196
5835 2196
4976 2196
2 2196
4498 2197
4470 2197
2 2197
4934 2198
5733 2198
4554 2198
4505 2198
4758 2198
4916 2198
5123 2198
2 2198
4442 2199
4885 2199
4322 2199
4279 2199
5710 2199
0 2199
2 2199
4446 2200
5517 2200
4511 2200
5823 2200
5457 2200
5574 2200
5946 2200
5729 2200
5695 2200
2 2200
5874 2201
4027 2201
4058 2201
5943 2201
5879 2201
2 2201
4272 2202
5213 2202
4232 2202
4022 2202
4008 2202
2 2202
4549 2203
5962 2203
5394 2203
2 2203
5792 2204
4385 2204
5328 2204
4105 2204
2 2204
5402 2205
5814 2205
5462 2205
2 2205
5032 2206
4341 2206
5543 2206
4100 2206
5326 2206
5652 2206
4618 2206
2 2206
4148 2207
5897 2207
5914 2207
4328 2207
4641 2207
4682 2207
4469 2207
2 2207
4811 2208
5053 2208
5859 2208
4950 2208
5959 2208
5631 2208
5611 2208
4825 2208
2 2208
5709 2209
5205 2209
2 2209
4530 2210
4384 2210
4381 2210
4193 2210
4110 2210
4569 2210
5320 2210
5542 2210
4435 2210
2 2210
4125 2211
5324 2211
5076 2211
4085 2211
5940 2211
5849 2211
4501 2211
2 2211
5108 2212
5593 2212
5519 2212
5907 2212
4205 2212
4210 2212
5393 2212
5184 2212
4539 2212
2 2212
4595 2213
4632 2213
4096 2213
4884 2213
2 2213
4808 2214
5100 2214
4395 2214
4796 2214
4412 2214
5514 2214
5014 2214
4507 2214
4748 2214
2 2214
5117 2215
5197 2215
4342 2215
4825 2215
5678 2215
5223 2215
2 2215
5387 2216
5900 2216
5743 2216
2 2216
5375 2217
5212 2217
5985 2217
5262 2217
2 2217
5523 2218
5427 2218
5646 2218
4671 2218
5766 2218
4124 2218
2 2218
5974 2219
5088 2219
4074 2219
2 2219
5974 2220
5514 2220
5211 2220
5812 2220
4188 2220
5084 2220
5680 2220
5677 2220
2 2220
4928 2221
4236 2221
5260 2221
5001 2221
5200 2221
2 2221
4323 2222
5280 2222
4242 2222
5461 2222
2 2222
5116 2223
4758 2223
0 2223
2 2223
4116 2224
5823 2224
4606 2224
4393 2224
4036 2224
5374 2224
2 2224
4096 2225
4447 2225
5919 2225
5906 2225
5945 2225
5981 2225
5426 2225
4554 2225
2 2225
4186 2226
5407 2226
5433 2226
5434 2226
4612 2226
4885 2226
4990 2226
4227 2226
5592 2226
2 2226
4652 2227
4710 2227
5376 2227
5391 2227
2 2227
4012 2228
4188 2228
2 2228
5878 2229
4366 2229
2 2229
4080 2230
5073 2230
4745 2230
5667 2230
5977 2230
4427 2230
5498 2230
4320 2230
2 2230
4689 2231
4006 2231
2 2231
5042 2232
4924 2232
4567 2232
4992 2232
4504 2232
2 2232
5462 2233
5392 2233
4881 2233
4822 2233
4795 2233
5966 2233
4444 2233
4285 2233
4353 2233
2 2233
5188 2234
5107 2234
2 2234
5870 2235
4827 2235
5966 2235
5968 2235
5897 2235
4309 2235
5163 2235
2 2235
4245 2236
4769 2236
4637 2236
5170 2236
4831 2236
2 2236
5010 2237
5393 2237
5193 2237
5713 2237
5878 2237
4549 2237
5934 2237
2 2237
4415 2238
5226 2238
2 2238
5678 2239
4614 2239
4035 2239
4559 2239
4950 2239
4825 2239
2 2239
5765 2240
4726 2240
5824 2240
5645 2240
2 2240
4245 2241
4368 2241
5541 2241
4488 2241
4559 2241
5680 2241
5677 2241
4194 2241
4215 2241
2 2241
4340 2242
4381 2242
4770 2242
5225 2242
4395 2242
4688 2242
5541 2242
2 2242
4522 2243
5631 2243
5981 2243
5399 2243
4967 2243
5801 2243
5737 2243
4112 2243
5484 2243
2 2243
5272 2244
4802 2244
4153 2244
4309 2244
5460 2244
5803 2244
5060 2244
4323 2244
4397 2244
2 2244
5461 2245
5235 2245
2 2245
4883 2246
4992 2246
5094 2246
4924 2246
5751 2246
4948 2246
4394 2246
2 2246
4968 2247
5602 2247
4116 2247
4175 2247
4498 2247
2 2247
5917 2248
4469 2248
5551 2248
4442 2248
2 2248
5372 2249
5558 2249
5442 2249
4257 2249
4246 2249
4712 2249
4151 2249
2 2249
5626 2250
4445 2250
4751 2250
4917 2250
5332 2250
4203 2250
2 2250
4696 2251
5555 2251
2 2251
4083 2252
4362 2252
4553 2252
4204 2252
2 2252
5848 2253
4650 2253
5904 2253
4581 2253
4511 2253
2 2253
5098 2254
4222 2254
4542 2254
5904 2254
4914 2254
4154 2254
5216 2254
4666 2254
5284 2254
2 2254
5052 2255
4285 2255
5575 2255
5690 2255
4322 2255
4024 2255
2 2255
5989 2256
4623 2256
4994 2256
5838 2256
4918 2256
4155 2256
4649 2256
4942 2256
4720 2256
2 2256
4018 2257
5492 2257
2 2257
5861 2258
5419 2258
4242 2258
4121 2258
4996 2258
4316 2258
2 2258
4917 2259
5654 2259
5173 2259
4169 2259
2 2259
4919 2260
5503 2260
4063 2260
5007 2260
0 2260
5618 2260
5266 2260
5994 2260
4655 2260
2 2260
5270 2261
4812 2261
5095 2261
5005 2261
4247 2261
5941 2261
5708 2261
4495 2261
2 2261
5669 2262
5700 2262
4713 2262
4666 2262
4365 2262
4378 2262
4498 2262
5465 2262
2 2262
4191 2263
5447 2263
4582 2263
5229 2263
5276 2263
5461 2263
2 2263
5448 2264
5461 2264
4227 2264
5688 2264
4250 2264
2 2264
5537 2265
5937 2265
4703 2265
5739 2265
5234 2265
4729 2265
2 2265
5570 2266
5591 2266
4908 2266
5175 2266
4364 2266
4331 2266
4592 2266
4771 2266
2 2266
4638 2267
4911 2267
5457 2267
5869 2267
2 2267
4523 2268
4942 2268
5110 2268
2 2268
5442 2269
4029 2269
4738 2269
5284 2269
5681 2269
4031 2269
5757 2269
2 2269
4835 2270
4252 2270
2 2270
4118 2271
5300 2271
5892 2271
4495 2271
4121 2271
2 2271
0 2272
5923 2272
4607 2272
2 2272
5939 2273
5006 2273
4005 2273
4055 2273
2 2273
5413 2274
5571 2274
2 2274
4081 2275
5520 2275
4451 2275
5974 2275
2 2275
4418 2276
4408 2276
4160 2276
5173 2276
5907 2276
2 2276
5106 2277
4752 2277
2 2277
5372 2278
4841 2278
5331 2278
4287 2278
4175 2278
4066 2278
4180 2278
4801 2278
5978 2278
2 2278
4008 2279
4457 2279
4782 2279
5156 2279
4534 2279
4665 2279
4555 2279
5293 2279
2 2279
5405 2280
4170 2280
5180 2280
5478 2280
4508 2280
5388 2280
5788 2280
2 2280
4087 2281
5935 2281
2 2281
5810 2282
5649 2282
4024 2282
5096 2282
5659 2282
5608 2282
4355 2282
5683 2282
5971 2282
2 2282
5231 2283
5604 2283
5240 2283
4754 2283
5207 2283
4675 2283
4607 2283
5480 2283
2 2283
5512 2284
4313 2284
4246 2284
5629 2284
4422 2284
4704 2284
4584 2284
2 2284
5274 2285
4518 2285
5670 2285
4343 2285
4076 2285
4409 2285
2 2285
4252 2286
4059 2286
5172 2286
2 2286
5236 2287
4989 2287
5575 2287
2 2287
4811 2288
5053 2288
4794 2288
5789 2288
5100 2288
4349 2288
4243 2288
4096 2288
5542 2288
2 2288
4079 2289
4231 2289
5969 2289
4347 2289
5371 2289
2 2289
4728 2290
5910 2290
4844 2290
5034 2290
5319 2290
5409 2290
2 2290
4103 2291
4582 2291
4327 2291
5640 2291
5322 2291
4963 2291
4273 2291
2 2291
5070 2292
5953 2292
4768 2292
4841 2292
2 2292
5845 2293
4362 2293
5796 2293
4196 2293
5581 2293
5018 2293
2 2293
5397 2294
4133 2294
4946 2294
2 2294
5218 2295
4565 2295
4233 2295
2 2295
4772 2296
5077 2296
4802 2296
4566 2296
4753 2296
5968 2296
4118 2296
2 2296
4341 2297
4378 2297
5526 2297
4445 2297
5577 2297
5684 2297
2 2297
4227 2298
4661 2298
4591 2298
5369 2298
5461 2298
2 2298
5070 2299
4101 2299
4669 2299
4057 2299
5305 2299
4108 2299
5499 2299
2 2299
5025 2300
5856 2300
2 2300
4498 2301
4792 2301
5299 2301
4334 2301
5389 2301
5165 2301
2 2301
4836 2302
5844 2302
5696 2302
0 2302
2 2302
4935 2303
5189 2303
5017 2303
4160 2303
4331 2303
4738 2303
2 2303
4553 2304
5517 2304
4189 2304
4209 2304
4364 2304
5711 2304
5188 2304
4329 2304
5148 2304
0 2304
2 2304
5600 2305
5916 2305
4523 2305
2 2305
5092 2306
4641 2306
5731 2306
4085 2306
5799 2306
5068 2306
4255 2306
5219 2306
2 2306
4661 2307
5105 2307
4557 2307
5775 2307
2 2307
5623 2308
5482 2308
5696 2308
5669 2308
5176 2308
2 2308
5764 2309
5339 2309
5199 2309
5327 2309
5334 2309
4234 2309
2 2309
4890 2310
5040 2310
4268 2310
4843 2310
4347 2310
2 2310
5023 2311
5832 2311
5906 2311
5399 2311
4221 2311
4644 2311
4636 2311
5631 2311
5335 2311
2 2311
5028 2312
4157 2312
5474 2312
2 2312
5398 2313
4810 2313
4959 2313
4380 2313
4024 2313
4996 2313
2 2313
5744 2314
5109 2314
5436 2314
4487 2314
4034 2314
0 2314
2 2314
4620 2315
4296 2315
4806 2315
4590 2315
4121 2315
5423 2315
4598 2315
4847 2315
2 2315
4178 2316
4959 2316
5565 2316
4321 2316
5351 2316
2 2316
5167 2317
4995 2317
4679 2317
4315 2317
5792 2317
4197 2317
5177 2317
4480 2317
2 2317
5294 2318
4286 2318
2 2318
5583 2319
4393 2319
5408 2319
5314 2319
4249 2319
5136 2319
5101 2319
2 2319
5008 2320
4705 2320
4442 2320
5210 2320
5028 2320
4551 2320
2 2320
4072 2321
4443 2321
5849 2321
5008 2321
4430 2321
4105 2321
5932 2321
5544 2321
5786 2321
2 2321
5459 2322
4377 2322
4732 2322
4178 2322
4231 2322
5759 2322
4406 2322
4761 2322
4024 2322
2 2322
4212 2323
5925 2323
5060 2323
4843 2323
4954 2323
4377 2323
5022 2323
5873 2323
2 2323
5299 2324
4204 2324
5815 2324
5776 2324
2 2324
5299 2325
5027 2325
4755 2325
5049 2325
4094 2325
5176 2325
4252 2325
4771 2325
2 2325
4577 2326
4157 2326
4311 2326
5090 2326
2 2326
4916 2327
5303 2327
4690 2327
5445 2327
5859 2327
2 2327
5919 2328
4965 2328
4884 2328
4916 2328
4627 2328
4345 2328
5214 2328
2 2328
5349 2329
5737 2329
4007 2329
5116 2329
5957 2329
4964 2329
5341 2329
2 2329
5185 2330
4175 2330
2 2330
5046 2331
5304 2331
5081 2331
5641 2331
4544 2331
2 2331
4735 2332
5046 2332
2 2332
4860 2333
4315 2333
5731 2333
4847 2333
4685 2333
5872 2333
5486 2333
4972 2333
5251 2333
2 2333
5851 2334
4460 2334
4059 2334
2 2334
5074 2335
5350 2335
5314 2335
2 2335
5711 2336
4357 2336
4386 2336
4225 2336
2 2336
4375 2337
5923 2337
4136 2337
0 2337
5911 2337
2 2337
4187 2338
4759 2338
4666 2338
4714 2338
5970 2338
2 2338
5660 2339
5486 2339
2 2339
5734 2340
4493 2340
4063 2340
2 2340
5735 2341
5536 2341
2 2341
5672 2342
4130 2342
5877 2342
5995 2342
4861 2342
5359 2342
4076 2342
2 2342
4986 2343
5514 2343
2 2343
4842 2344
5651 2344
5521 2344
5503 2344
4981 2344
5879 2344
2 2344
4011 2345
4684 2345
5034 2345
5616 2345
4676 2345
2 2345
4912 2346
5133 2346
4092 2346
5585 2346
5858 2346
4702 2346
4584 2346
5888 2346
2 2346
5097 2347
5725 2347
4110 2347
5335 2347
4488 2347
4780 2347
4748 2347
5181 2347
4519 2347
2 2347
5947 2348
4979 2348
5768 2348
4540 2348
4072 2348
4695 2348
2 2348
5975 2349
4813 2349
5211 2349
5170 2349
4475 2349
2 2349
4241 2350
4866 2350
5522 2350
4445 2350
5829 2350
5744 2350
5491 2350
5888 2350
2 2350
4207 2351
5569 2351
4020 2351
4909 2351
5298 2351
4199 2351
4187 2351
4584 2351
5281 2351
2 2351
4361 2352
4265 2352
4155 2352
4937 2352
4578 2352
4518 2352
2 2352
4532 2353
5537 2353
4522 2353
4120 2353
5014 2353
5725 2353
4716 2353
4475 2353
5224 2353
2 2353
5667 2354
5983 2354
5174 2354
4986 2354
4898 2354
5123 2354
4435 2354
2 2354
4113 2355
5186 2355
4107 2355
5437 2355
2 2355
5504 2356
4190 2356
5361 2356
5605 2356
4862 2356
5830 2356
5676 2356
2 2356
5287 2357
4554 2357
4746 2357
5430 2357
4237 2357
4964 2357
2 2357
4488 2358
4762 2358
2 2358
5034 2359
4696 2359
4476 2359
5187 2359
5470 2359
5186 2359
5958 2359
2 2359
5567 2360
4545 2360
5522 2360
5913 2360
5700 2360
4034 2360
4828 2360
2 2360
4590 2361
4148 2361
5124 2361
2 2361
5489 2362
4496 2362
4058 2362
5207 2362
4288 2362
4213 2362
5360 2362
5388 2362
2 2362
5867 2363
4307 2363
5423 2363
4879 2363
4079 2363
4107 2363
5120 2363
4125 2363
2 2363
4124 2364
4373 2364
5837 2364
5319 2364
2 2364
4237 2365
5939 2365
2 2365
4346 2366
5182 2366
4478 2366
5936 2366
4624 2366
4613 2366
2 2366
4046 2367
4151 2367
4978 2367
5161 2367
4073 2367
4244 2367
4498 2367
4956 2367
5545 2367
2 2367
5632 2368
5498 2368
4729 2368
4139 2368
5733 2368
5668 2368
2 2368
4157 2369
5510 2369
4045 2369
2 2369
5917 2370
4497 2370
2 2370
4302 2371
5651 2371
5653 2371
5338 2371
5747 2371
4061 2371
2 2371
5479 2372
5180 2372
5480 2372
2 2372
5198 2373
4907 2373
4790 2373
5180 2373
4757 2373
2 2373
5920 2374
4050 2374
5123 2374
4721 2374
4723 2374
2 2374
5145 2375
5259 2375
4675 2375
4541 2375
5102 2375
5269 2375
4907 2375
2 2375
4081 2376
5679 2376
4050 2376
4451 2376
4964 2376
4746 2376
4784 2376
2 2376
4861 2377
4993 2377
4737 2377
2 2377
4852 2378
4562 2378
4078 2378
5748 2378
4957 2378
2 2378
5002 2379
5181 2379
5928 2379
5256 2379
4345 2379
4168 2379
4897 2379
4337 2379
2 2379
5141 2380
4751 2380
5669 2380
4036 2380
5806 2380
5382 2380
5729 2380
4167 2380
4366 2380
2 2380
4798 2381
4662 2381
4593 2381
5844 2381
5173 2381
5366 2381
5152 2381
4707 2381
4291 2381
2 2381
4367 2382
5454 2382
5789 2382
5084 2382
4746 2382
4339 2382
2 2382
4944 2383
4365 2383
5795 2383
4803 2383
5515 2383
4059 2383
0 2383
2 2383
5359 2384
5764 2384
4117 2384
5927 2384
5612 2384
4918 2384
4417 2384
5501 2384
2 2384
4803 2385
4145 2385
5004 2385
2 2385
5590 2386
4145 2386
5188 2386
2 2386
4554 2387
5730 2387
5023 2387
4473 2387
5813 2387
5287 2387
4794 2387
2 2387
5491 2388
5962 2388
4025 2388
2 2388
4071 2389
4560 2389
4382 2389
2 2389
4973 2390
5152 2390
5674 2390
4434 2390
5344 2390
4887 2390
4102 2390
2 2390
4672 2391
4159 2391
2 2391
5495 2392
4974 2392
4809 2392
4340 2392
2 2392
5477 2393
4946 2393
4974 2393
5900 2393
5432 2393
5006 2393
5484 2393
4766 2393
2 2393
5557 2394
4866 2394
5532 2394
5374 2394
4294 2394
4357 2394
5652 2394
5571 2394
2 2394
4797 2395
4843 2395
5614 2395
5449 2395
4401 2395
2 2395
5695 2396
5457 2396
4862 2396
4876 2396
5442 2396
4792 2396
4664 2396
2 2396
5815 2397
5638 2397
2 2397
5586 2398
5324 2398
5555 2398
5892 2398
5745 2398
5955 2398
5966 2398
4333 2398
2 2398
5611 2399
5234 2399
5975 2399
4627 2399
5945 2399
5662 2399
5066 2399
4206 2399
5289 2399
2 2399
5066 2400
5507 2400
4320 2400
4947 2400
4245 2400
5456 2400
4756 2400
2 2400
4927 2401
4938 2401
5276 2401
5568 2401
4706 2401
5220 2401
4546 2401
5564 2401
2 2401
5627 2402
4642 2402
4254 2402
5860 2402
2 2402
4716 2403
5002 2403
5804 2403
5615 2403
5520 2403
5192 2403
5211 2403
4636 2403
2 2403
4191 2404
4661 2404
4812 2404
4499 2404
4285 2404
4224 2404
2 2404
4481 2405
4769 2405
4831 2405
5477 2405
2 2405
4514 2406
5616 2406
5620 2406
5579 2406
4520 2406
4963 2406
2 2406
4574 2407
5595 2407
5015 2407
5664 2407
4818 2407
5781 2407
4537 2407
2 2407
5905 2408
4023 2408
5159 2408
5042 2408
4630 2408
4486 2408
4778 2408
2 2408
5805 2409
4998 2409
5860 2409
4659 2409
5739 2409
5634 2409
2 2409
4217 2410
4252 2410
4755 2410
5972 2410
5681 2410
4838 2410
2 2410
5349 2411
4934 2411
2 2411
4463 2412
5246 2412
5538 2412
5779 2412
4038 2412
2 2412
4587 2413
5877 2413
4958 2413
5075 2413
4127 2413
4693 2413
4849 2413
4883 2413
2 2413
4435 2414
5115 2414
4477 2414
5883 2414
4921 2414
4660 2414
2 2414
5036 2415
5350 2415
4408 2415
5039 2415
4850 2415
4393 2415
2 2415
4242 2416
4927 2416
4706 2416
5932 2416
2 2416
5569 2417
4281 2417
5247 2417
4584 2417
5098 2417
4581 2417
5421 2417
5085 2417
2 2417
4074 2418
4984 2418
5084 2418
4729 2418
5301 2418
2 2418
5009 2419
5147 2419
5515 2419
4244 2419
5909 2419
5055 2419
5567 2419
2 2419
5310 2420
5429 2420
5979 2420
5372 2420
4411 2420
5848 2420
4263 2420
2 2420
4947 2421
5432 2421
2 2421
5948 2422
4994 2422
2 2422
5709 2423
4893 2423
5022 2423
5803 2423
4428 2423
4385 2423
5433 2423
2 2423
5967 2424
5519 2424
4408 2424
4044 2424
4866 2424
5488 2424
4470 2424
5817 2424
5518 2424
2 2424
4122 2425
5080 2425
5377 2425
2 2425
5477 2426
4215 2426
2 2426
5153 2427
4477 2427
5135 2427
4369 2427
2 2427
5183 2428
4961 2428
2 2428
4586 2429
5501 2429
5641 2429
5988 2429
5411 2429
2 2429
5685 2430
4174 2430
4697 2430
5024 2430
4432 2430
4452 2430
4870 2430
5577 2430
4177 2430
2 2430
4168 2431
4219 2431
5852 2431
4770 2431
5123 2431
4111 2431
5263 2431
5976 2431
5097 2431
2 2431
5868 2432
4757 2432
0 2432
4061 2432
5195 2432
5471 2432
2 2432
4294 2433
4350 2433
5488 2433
5298 2433
4835 2433
4539 2433
4025 2433
2 2433
5200 2434
5517 2434
2 2434
5289 2435
5752 2435
5174 2435
5084 2435
4522 2435
2 2435
5232 2436
4739 2436
4667 2436
4306 2436
5180 2436
4949 2436
5471 2436
4348 2436
5746 2436
2 2436
4322 2437
4840 2437
5126 2437
4453 2437
5112 2437
5722 2437
4370 2437
5111 2437
4747 2437
2 2437
5087 2438
5275 2438
4419 2438
4456 2438
5526 2438
5325 2438
4246 2438
2 2438
5340 2439
5849 2439
4706 2439
2 2439
5477 2440
5537 2440
2 2440
5787 2441
5697 2441
4169 2441
5729 2441
4515 2441
4801 2441
5364 2441
2 2441
4974 2442
5939 2442
4970 2442
2 2442
5776 2443
5326 2443
5823 2443
5826 2443
5284 2443
4510 2443
2 2443
4447 2444
5495 2444
4473 2444
4884 2444
4435 2444
4111 2444
4897 2444
5397 2444
2 2444
5111 2445
5903 2445
4268 2445
4323 2445
2 2445
4806 2446
5960 2446
2 2446
4156 2447
5325 2447
4944 2447
4572 2447
4010 2447
4145 2447
4973 2447
4845 2447
4935 2447
2 2447
4947 2448
5900 2448
4950 2448
4415 2448
5906 2448
4383 2448
5611 2448
4813 2448
2 2448
5236 2449
4972 2449
4889 2449
4197 2449
4888 2449
4088 2449
4303 2449
5502 2449
2 2449
4755 2450
5188 2450
4968 2450
4021 2450
4618 2450
5393 2450
4051 2450
2 2450
5535 2451
4082 2451
4423 2451
5246 2451
4132 2451
5016 2451
2 2451
4737 2452
4354 2452
5843 2452
4807 2452
5245 2452
5042 2452
4234 2452
5905 2452
4128 2452
2 2452
5309 2453
4994 2453
4749 2453
4008 2453
4626 2453
5261 2453
5664 2453
4517 2453
2 2453
5628 2454
5466 2454
5885 2454
5335 2454
5525 2454
2 2454
5010 2455
4187 2455
5306 2455
4364 2455
5491 2455
4581 2455
5265 2455
5844 2455
4841 2455
2 2455
4311 2456
4945 2456
4285 2456
5914 2456
4379 2456
2 2456
5038 2457
4747 2457
4305 2457
5252 2457
2 2457
4936 2458
4248 2458
5475 2458
4040 2458
5601 2458
2 2458
4234 2459
5293 2459
5078 2459
5365 2459
5922 2459
4504 2459
5546 2459
4008 2459
2 2459
4557 2460
5897 2460
2 2460
4365 2461
4298 2461
5557 2461
5794 2461
2 2461
5540 2462
5220 2462
5307 2462
5960 2462
2 2462
4987 2463
4355 2463
5090 2463
4740 2463
5786 2463
2 2463
5771 2464
4759 2464
4425 2464
2 2464
4455 2465
4132 2465
2 2465
5069 2466
4546 2466
5235 2466
4268 2466
4258 2466
5444 2466
4822 2466
2 2466
4402 2467
5570 2467
5172 2467
4538 2467
4044 2467
4329 2467
4436 2467
2 2467
5096 2468
5947 2468
4195 2468
5229 2468
2 2468
5328 2469
4121 2469
5273 2469
5968 2469
5847 2469
5218 2469
5077 2469
2 2469
4569 2470
4723 2470
4568 2470
4320 2470
5376 2470
5634 2470
2 2470
5210 2471
4284 2471
4795 2471
4192 2471
4227 2471
4132 2471
2 2471
5191 2472
5631 2472
4823 2472
4815 2472
4507 2472
2 2472
4093 2473
5104 2473
4696 2473
5415 2473
4273 2473
4103 2473
5650 2473
4351 2473
2 2473
4201 2474
5264 2474
2 2474
4136 2475
4895 2475
5828 2475
5026 2475
2 2475
5272 2476
4706 2476
4696 2476
4107 2476
2 2476
4677 2477
5107 2477
5545 2477
5428 2477
5657 2477
5574 2477
5990 2477
4207 2477
5800 2477
2 2477
5190 2478
5808 2478
4010 2478
4018 2478
4731 2478
5800 2478
2 2478
5447 2479
4124 2479
5740 2479
2 2479
4685 2480
5941 2480
5050 2480
2 2480
4752 2481
4293 2481
4310 2481
4912 2481
4399 2481
5353 2481
5833 2481
4560 2481
2 2481
5713 2482
4196 2482
2 2482
4490 2483
5064 2483
4739 2483
2 2483
5611 2484
4559 2484
4608 2484
5717 2484
4970 2484
5006 2484
2 2484
4743 2485
5563 2485
4886 2485
4332 2485
4582 2485
2 2485
5692 2486
4592 2486
2 2486
5715 2487
4666 2487
5483 2487
5783 2487
5442 2487
4386 2487
4314 2487
4287 2487
5848 2487
2 2487
4037 2488
5273 2488
4658 2488
5564 2488
4095 2488
5401 2488
2 2488
4830 2489
5102 2489
5489 2489
4375 2489
4754 2489
2 2489
5504 2490
5851 2490
5990 2490
4561 2490
5048 2490
5439 2490
4090 2490
2 2490
5540 2491
5251 2491
2 2491
5691 2492
4199 2492
5414 2492
2 2492
4396 2493
5339 2493
4008 2493
5309 2493
4504 2493
4782 2493
4735 2493
5458 2493
4555 2493
2 2493
5308 2494
4196 2494
5326 2494
4446 2494
4515 2494
4925 2494
4160 2494
2 2494
5458 2495
4807 2495
5238 2495
2 2495
5385 2496
4349 2496
5410 2496
5493 2496
4400 2496
4110 2496
4688 2496
5155 2496
5277 2496
2 2496
4129 2497
5741 2497
5468 2497
5042 2497
4301 2497
4778 2497
5274 2497
5993 2497
2 2497
4154 2498
4294 2498
4697 2498
4542 2498
4887 2498
2 2498
4740 2499
5253 2499
4212 2499
4353 2499
5052 2499
4672 2499
4276 2499
4736 2499
2 2499
4117 2500
5213 2500
4392 2500
4883 2500
4042 2500
4647 2500
5440 2500
2 2500
5359 2501
4937 2501
4875 2501
4800 2501
2 2501
4103 2502
5050 2502
4929 2502
4321 2502
5500 2502
4736 2502
5186 2502
5406 2502
2 2502
4853 2503
5910 2503
4605 2503
5640 2503
5659 2503
2 2503
5134 2504
4432 2504
4324 2504
4841 2504
5755 2504
4098 2504
4289 2504
2 2504
4489 2505
5701 2505
4800 2505
4937 2505
4517 2505
5501 2505
4583 2505
5838 2505
5703 2505
2 2505
5138 2506
4138 2506
4528 2506
5909 2506
5049 2506
5372 2506
5310 2506
4917 2506
5184 2506
2 2506
4579 2507
5607 2507
4040 2507
4991 2507
2 2507
4127 2508
5440 2508
2 2508
5487 2509
4746 2509
5893 2509
5964 2509
5802 2509
4516 2509
4173 2509
4176 2509
5454 2509
2 2509
5415 2510
5675 2510
5285 2510
4590 2510
4812 2510
5601 2510
4424 2510
5533 2510
5594 2510
2 2510
5976 2511
4716 2511
2 2511
4055 2512
5226 2512
5936 2512
5341 2512
2 2512
4522 2513
4943 2513
5789 2513
2 2513
4223 2514
5971 2514
4442 2514
4403 2514
5940 2514
4787 2514
5527 2514
2 2514
4020 2515
5169 2515
5233 2515
5869 2515
4160 2515
5652 2515
4277 2515
5558 2515
4502 2515
2 2515
5552 2516
5728 2516
4468 2516
4856 2516
4403 2516
5092 2516
4905 2516
4095 2516
4598 2516
2 2516
5759 2517
4888 2517
5040 2517
2 2517
4097 2518
4742 2518
5741 2518
5751 2518
2 2518
5786 2519
4124 2519
5899 2519
5675 2519
4810 2519
4590 2519
4902 2519
2 2519
5707 2520
4220 2520
5100 2520
4998 2520
5804 2520
4831 2520
4915 2520
2 2520
5302 2521
5360 2521
5604 2521
4508 2521
5785 2521
5549 2521
4645 2521
4512 2521
4653 2521
2 2521
4584 2522
4036 2522
5776 2522
4500 2522
5890 2522
5056 2522
5147 2522
4707 2522
2 2522
5724 2523
5853 2523
4787 2523
5873 2523
5563 2523
4192 2523
4987 2523
4103 2523
2 2523
5889 2524
5924 2524
4195 2524
5157 2524
5402 2524
5635 2524
4679 2524
2 2524
4747 2525
5043 2525
5745 2525
5941 2525
5351 2525
5619 2525
5866 2525
4150 2525
5940 2525
2 2525
4630 2526
5304 2526
4918 2526
5751 2526
5202 2526
4583 2526
4623 2526
5701 2526
5288 2526
2 2526
4305 2527
4633 2527
5637 2527
5395 2527
2 2527
4713 2528
5865 2528
5518 2528
5039 2528
4714 2528
5829 2528
4912 2528
5626 2528
4801 2528
2 2528
4306 2529
5774 2529
5576 2529
5195 2529
5521 2529
5734 2529
4198 2529
2 2529
5346 2530
5374 2530
4887 2530
5715 2530
4244 2530
2 2530
5918 2531
4418 2531
4164 2531
4839 2531
5291 2531
2 2531
4096 2532
5223 2532
5883 2532
4077 2532
5725 2532
2 2532
5678 2533
4245 2533
4142 2533
5961 2533
4813 2533
4206 2533
2 2533
4907 2534
4493 2534
5029 2534
5355 2534
4725 2534
5041 2534
2 2534
4560 2535
4910 2535
4241 2535
4459 2535
2 2535
4988 2536
4010 2536
2 2536
4830 2537
4143 2537
2 2537
4318 2538
4042 2538
4994 2538
5723 2538
5293 2538
5304 2538
4821 2538
4958 2538
0 2538
2 2538
5367 2539
4022 2539
4457 2539
4805 2539
2 2539
5579 2540
5246 2540
4121 2540
4676 2540
2 2540
4925 2541
5532 2541
4226 2541
5030 2541
2 2541
5500 2542
4037 2542
4423 2542
4594 2542
5396 2542
2 2542
4720 2543
4805 2543
5877 2543
5871 2543
4076 2543
4216 2543
4868 2543
4875 2543
2 2543
5136 2544
4167 2544
4977 2544
5024 2544
4174 2544
4900 2544
4029 2544
2 2544
4931 2545
5540 2545
5322 2545
4413 2545
4389 2545
5462 2545
4743 2545
2 2545
5245 2546
5641 2546
4589 2546
4918 2546
4523 2546
4155 2546
4693 2546
5365 2546
2 2546
5986 2547
4404 2547
2 2547
4281 2548
4426 2548
4866 2548
5888 2548
5697 2548
4246 2548
4785 2548
5938 2548
2 2548
5671 2549
5710 2549
2 2549
4452 2550
4331 2550
4828 2550
5953 2550
4138 2550
2 2550
5267 2551
5089 2551
5581 2551
5428 2551
5074 2551
5193 2551
4029 2551
5700 2551
2 2551
5054 2552
4124 2552
4633 2552
4303 2552
5076 2552
5295 2552
4224 2552
5406 2552
4191 2552
2 2552
4980 2553
4424 2553
4902 2553
4295 2553
4678 2553
5524 2553
5186 2553
5619 2553
2 2553
4112 2554
5477 2554
4344 2554
4599 2554
2 2554
5988 2555
5359 2555
4630 2555
4278 2555
2 2555
4173 2556
5498 2556
5628 2556
4532 2556
4245 2556
5493 2556
4602 2556
5158 2556
2 2556
5473 2557
5926 2557
5953 2557
4456 2557
4164 2557
5811 2557
5845 2557
5055 2557
5257 2557
2 2557
5374 2558
5373 2558
4713 2558
5755 2558
2 2558
5134 2559
5189 2559
4845 2559
4814 2559
5024 2559
4724 2559
4785 2559
4713 2559
2 2559
4391 2560
5798 2560
4011 2560
4499 2560
2 2560
5013 2561
5716 2561
5447 2561
4296 2561
2 2561
4600 2562
5701 2562
4948 2562
5751 2562
2 2562
5312 2563
5304 2563
5702 2563
4630 2563
5438 2563
4711 2563
4106 2563
5411 2563
2 2563
5609 2564
4132 2564
4564 2564
2 2564
4458 2565
5204 2565
5742 2565
4044 2565
4542 2565
5878 2565
2 2565
5405 2566
5784 2566
2 2566
4765 2567
5012 2567
5232 2567
4601 2567
4907 2567
2 2567
4057 2568
4458 2568
4432 2568
2 2568
5194 2569
5002 2569
2 2569
5553 2570
5930 2570
2 2570
4696 2571
5564 2571
5363 2571
2 2571
5546 2572
4518 2572
4600 2572
2 2572
5531 2573
5393 2573
4836 2573
5457 2573
4214 2573
5560 2573
2 2573
5865 2574
5695 2574
2 2574
5581 2575
5055 2575
4052 2575
5146 2575
5585 2575
2 2575
5213 2576
5991 2576
5208 2576
5656 2576
5062 2576
5202 2576
5327 2576
4730 2576
5699 2576
2 2576
5240 2577
5747 2577
5572 2577
5338 2577
2 2577
4277 2578
5492 2578
4222 2578
5767 2578
5108 2578
2 2578
4873 2579
4361 2579
4518 2579
5202 2579
4883 2579
5137 2579
2 2579
4128 2580
4023 2580
5850 2580
5741 2580
2 2580
5060 2581
4113 2581
5870 2581
4062 2581
4996 2581
2 2581
4398 2582
4838 2582
5926 2582
5826 2582
2 2582
5624 2583
5568 2583
4315 2583
4276 2583
4905 2583
5395 2583
2 2583
4123 2584
4508 2584
4302 2584
5508 2584
5239 2584
4833 2584
2 2584
4526 2585
4724 2585
5045 2585
4553 2585
4940 2585
4246 2585
4939 2585
5291 2585
4648 2585
2 2585
4429 2586
5504 2586
5674 2586
5755 2586
4977 2586
4029 2586
5291 2586
4205 2586
4422 2586
2 2586
5643 2587
4253 2587
4279 2587
4684 2587
4954 2587
4414 2587
4405 2587
2 2587
5082 2588
5971 2588
5178 2588
2 2588
5803 2589
4054 2589
4391 2589
5065 2589
5076 2589
5622 2589
5505 2589
2 2589
4667 2590
5478 2590
5521 2590
5180 2590
4757 2590
5653 2590
5747 2590
4358 2590
2 2590
4013 2591
5388 2591
2 2591
5951 2592
5273 2592
5130 2592
5104 2592
4753 2592
2 2592
4134 2593
4899 2593
5209 2593
5872 2593
4772 2593
5857 2593
4062 2593
4552 2593
5236 2593
2 2593
5947 2594
5565 2594
4468 2594
4235 2594
5083 2594
5722 2594
4772 2594
4413 2594
2 2594
4919 2595
5754 2595
5102 2595
5549 2595
5994 2595
5051 2595
4655 2595
5007 2595
2 2595
4257 2596
4209 2596
4892 2596
4362 2596
5343 2596
4973 2596
2 2596
5120 2597
4258 2597
5803 2597
5463 2597
5728 2597
5262 2597
5295 2597
4691 2597
5095 2597
2 2597
5460 2598
5268 2598
4885 2598
2 2598
4982 2599
5181 2599
4530 2599
5493 2599
4569 2599
5957 2599
5752 2599
4921 2599
2 2599
4764 2600
5308 2600
5890 2600
5532 2600
4458 2600
5559 2600
4850 2600
4158 2600
2 2600
4889 2601
4328 2601
2 2601
5289 2602
4770 2602
5487 2602
4139 2602
4173 2602
4627 2602
5632 2602
4048 2602
5797 2602
2 2602
4690 2603
5584 2603
4111 2603
4473 2603
5939 2603
4142 2603
5733 2603
4729 2603
2 2603
4719 2604
5170 2604
5542 2604
2 2604
5493 2605
4602 2605
4438 2605
4813 2605
2 2605
4965 2606
5553 2606
4206 2606
5662 2606
2 2606
5255 2607
5689 2607
5147 2607
4386 2607
4044 2607
4713 2607
5237 2607
4638 2607
2 2607
4814 2608
5148 2608
2 2608
5878 2609
5558 2609
4246 2609
4957 2609
5024 2609
4078 2609
5982 2609
2 2609
5074 2610
4472 2610
5633 2610
5562 2610
4713 2610
2 2610
4081 2611
5718 2611
4794 2611
5493 2611
4933 2611
5234 2611
4756 2611
4548 2611
4317 2611
2 2611
4849 2612
4234 2612
4361 2612
5701 2612
4720 2612
4076 2612
4232 2612
4779 2612
4130 2612
2 2612
4714 2613
4203 2613
5036 2613
4988 2613
2 2613
5272 2614
4858 2614
4980 2614
4118 2614
4891 2614
5969 2614
2 2614
5024 2615
5416 2615
4619 2615
4575 2615
4610 2615
4059 2615
5952 2615
5865 2615
4418 2615
2 2615
4621 2616
4756 2616
5812 2616
5677 2616
4219 2616
0 2616
2 2616
4214 2617
5439 2617
4553 2617
2 2617
4067 2618
5937 2618
2 2618
5568 2619
4551 2619
4377 2619
2 2619
4023 2620
4782 2620
5672 2620
2 2620
4585 2621
4697 2621
5247 2621
4798 2621
5161 2621
4298 2621
4102 2621
5560 2621
4904 2621
2 2621
5909 2622
5323 2622
2 2622
5443 2623
4720 2623
4868 2623
5441 2623
4665 2623
4409 2623
2 2623
5022 2624
4851 2624
4455 2624
4054 2624
4679 2624
5564 2624
2 2624
4925 2625
5491 2625
2 2625
5451 2626
4712 2626
4059 2626
4581 2626
2 2626
5320 2627
5961 2627
5789 2627
5234 2627
4266 2627
2 2627
5226 2628
4548 2628
4494 2628
2 2628
4349 2629
5732 2629
4825 2629
2 2629
4930 2630
5093 2630
2 2630
5210 2631
4499 2631
2 2631
4463 2632
5803 2632
4119 2632
4812 2632
2 2632
4514 2633
4397 2633
4616 2633
5649 2633
5280 2633
5925 2633
4330 2633
5914 2633
2 2633
4932 2634
5901 2634
4042 2634
5046 2634
4609 2634
5037 2634
5995 2634
2 2634
5047 2635
4032 2635
4115 2635
4962 2635
5821 2635
4628 2635
4463 2635
4453 2635
5887 2635
2 2635
5448 2636
4827 2636
5650 2636
4987 2636
5494 2636
2 2636
5219 2637
4571 2637
5698 2637
2 2637
4463 2638
5076 2638
2 2638
4749 2639
5381 2639
5458 2639
4234 2639
4504 2639
5641 2639
5850 2639
2 2639
4938 2640
4582 2640
2 2640
4833 2641
5785 2641
5572 2641
5828 2641
4527 2641
2 2641
4329 2642
5203 2642
4528 2642
5950 2642
5848 2642
2 2642
4215 2643
5556 2643
5158 2643
5687 2643
4166 2643
2 2643
5621 2644
5064 2644
5360 2644
4757 2644
0 2644
2 2644
4246 2645
5185 2645
4593 2645
2 2645
5748 2646
5758 2646
5171 2646
4803 2646
4204 2646
4222 2646
4618 2646
5136 2646
4365 2646
2 2646
4382 2647
5031 2647
5689 2647
4835 2647
5101 2647
4217 2647
5711 2647
5118 2647
2 2647
4236 2648
5935 2648
5248 2648
4052 2648
2 2648
4229 2649
4935 2649
5439 2649
2 2649
4144 2650
5198 2650
2 2650
4983 2651
5856 2651
4854 2651
5263 2651
5487 2651
4781 2651
5939 2651
2 2651
5356 2652
5200 2652
5938 2652
4177 2652
2 2652
4168 2653
5121 2653
5495 2653
4043 2653
4488 2653
2 2653
4822 2654
5908 2654
2 2654
4848 2655
5133 2655
2 2655
4170 2656
4701 2656
2 2656
4054 2657
4827 2657
4858 2657
4038 2657
5459 2657
4049 2657
4604 2657
4295 2657
2 2657
4594 2658
5853 2658
5892 2658
5220 2658
4178 2658
5447 2658
2 2658
4226 2659
4467 2659
5504 2659
4167 2659
5569 2659
5554 2659
5366 2659
2 2659
5414 2660
4052 2660
4786 2660
5557 2660
5200 2660
4648 2660
5639 2660
2 2660
5114 2661
5279 2661
2 2661
5563 2662
4520 2662
4891 2662
5840 2662
5038 2662
5395 2662
4269 2662
2 2662
4009 2663
4919 2663
4421 2663
5807 2663
5012 2663
2 2663
5797 2664
4473 2664
5631 2664
4758 2664
2 2664
5777 2665
5566 2665
5127 2665
4769 2665
2 2665
5497 2666
4465 2666
2 2666
5233 2667
4803 2667
5049 2667
4545 2667
2 2667
5670 2668
4821 2668
4872 2668
5015 2668
5358 2668
5261 2668
4409 2668
2 2668
5908 2669
4682 2669
4605 2669
5409 2669
2 2669
4537 2670
5595 2670
2 2670
5959 2671
4624 2671
5566 2671
5181 2671
5162 2671
5192 2671
2 2671
5675 2672
5423 2672
5775 2672
4107 2672
4743 2672
4480 2672
5872 2672
4557 2672
4054 2672
2 2672
4932 2673
5927 2673
4640 2673
5670 2673
2 2673
5696 2674
4498 2674
5811 2674
5308 2674
5763 2674
4479 2674
4046 2674
2 2674
4127 2675
5312 2675
4042 2675
4117 2675
4361 2675
2 2675
5758 2676
5281 2676
4299 2676
5844 2676
4572 2676
4102 2676
4458 2676
2 2676
5058 2677
4613 2677
5378 2677
4173 2677
4621 2677
5928 2677
5760 2677
4716 2677
2 2677
4779 2678
4693 2678
2 2678
5500 2679
4893 2679
5409 2679
2 2679
4068 2680
5694 2680
4565 2680
4230 2680
5449 2680
4373 2680
4319 2680
4134 2680
5104 2680
2 2680
5885 2681
5153 2681
4894 2681
4014 2681
4532 2681
4998 2681
2 2681
4829 2682
5437 2682
4095 2682
5551 2682
4105 2682
4351 2682
2 2682
5771 2683
4420 2683
5800 2683
4510 2683
4356 2683
2 2683
4341 2684
4294 2684
4526 2684
4925 2684
5950 2684
5858 2684
4878 2684
4606 2684
5806 2684
2 2684
5650 2685
5505 2685
2 2685
5293 2686
4129 2686
5390 2686
4791 2686
4630 2686
4623 2686
4826 2686
5137 2686
2 2686
4728 2687
4902 2687
4594 2687
5124 2687
4509 2687
4605 2687
4888 2687
2 2687
4701 2688
5618 2688
4496 2688
2 2688
5766 2689
5163 2689
4661 2689
4879 2689
5315 2689
4576 2689
5082 2689
5060 2689
2 2689
5992 2690
4275 2690
4615 2690
5070 2690
2 2690
4359 2691
5574 2691
5569 2691
4291 2691
5571 2691
4175 2691
4158 2691
5098 2691
2 2691
4381 2692
5194 2692
4825 2692
4142 2692
5566 2692
5667 2692
5832 2692
4185 2692
5084 2692
2 2692
5408 2693
5970 2693
4298 2693
5306 2693
5881 2693
4722 2693
2 2693
4962 2694
4370 2694
4499 2694
4119 2694
4990 2694
2 2694
5387 2695
5097 2695
2 2695
5038 2696
5683 2696
4065 2696
5505 2696
2 2696
4164 2697
5767 2697
2 2697
4402 2698
4610 2698
5763 2698
5526 2698
5283 2698
4052 2698
5373 2698
4151 2698
5089 2698
2 2698
5465 2699
5705 2699
4167 2699
4869 2699
5032 2699
2 2699
4640 2700
5642 2700
4544 2700
4635 2700
5988 2700
4586 2700
5377 2700
5751 2700
5288 2700
2 2700
4294 2701
4207 2701
4669 2701
5039 2701
5794 2701
4324 2701
5049 2701
5299 2701
2 2701
4045 2702
4571 2702
5862 2702
4093 2702
4062 2702
5528 2702
5067 2702
2 2702
5516 2703
5890 2703
5763 2703
4543 2703
5408 2703
4044 2703
2 2703
4521 2704
5815 2704
4572 2704
5571 2704
4244 2704
4615 2704
2 2704
5044 2705
5353 2705
5138 2705
5298 2705
2 2705
5176 2706
5696 2706
2 2706
4036 2707
4867 2707
4727 2707
5146 2707
5414 2707
2 2707
4140 2708
4272 2708
5600 2708
4597 2708
2 2708
4985 2709
5698 2709
4810 2709
2 2709
5151 2710
4389 2710
5242 2710
5163 2710
5941 2710
5502 2710
5538 2710
4351 2710
5908 2710
2 2710
4737 2711
4343 2711
4626 2711
2 2711
5753 2712
4848 2712
4839 2712
5729 2712
5952 2712
2 2712
5449 2713
5258 2713
4795 2713
4153 2713
5205 2713
4959 2713
4736 2713
4430 2713
2 2713
4352 2714
5737 2714
4047 2714
2 2714
4974 2715
4825 2715
2 2715
5855 2716
4367 2716
2 2716
5443 2717
5274 2717
5843 2717
5458 2717
2 2717
4953 2718
4387 2718
5933 2718
4149 2718
4643 2718
5492 2718
2 2718
4469 2719
4743 2719
5120 2719
5986 2719
5722 2719
4843 2719
2 2719
4874 2720
5275 2720
4299 2720
4631 2720
4545 2720
5472 2720
4503 2720
2 2720
4987 2721
5598 2721
2 2721
4290 2722
5401 2722
5912 2722
5315 2722
5459 2722
5555 2722
5586 2722
2 2722
4294 2723
5952 2723
5044 2723
4399 2723
2 2723
4594 2724
5968 2724
5043 2724
5663 2724
5128 2724
2 2724
5843 2725
4647 2725
5989 2725
5062 2725
5656 2725
4926 2725
2 2725
5306 2726
5519 2726
5909 2726
5800 2726
2 2726
5769 2727
4855 2727
5363 2727
5535 2727
5470 2727
5475 2727
5371 2727
4661 2727
4251 2727
2 2727
5192 2728
5906 2728
4568 2728
2 2728
5001 2729
4874 2729
2 2729
4162 2730
5608 2730
4654 2730
4668 2730
4563 2730
4414 2730
5398 2730
5899 2730
4936 2730
2 2730
5919 2731
4395 2731
5430 2731
4916 2731
4464 2731
4340 2731
4723 2731
5832 2731
2 2731
5838 2732
5699 2732
4735 2732
5238 2732
5702 2732
5293 2732
4937 2732
2 2732
4462 2733
5108 2733
5140 2733
5233 2733
5290 2733
4925 2733
2 2733
5006 2734
4974 2734
5349 2734
4193 2734
5456 2734
5743 2734
2 2734
5004 2735
4643 2735
4866 2735
4329 2735
5972 2735
5567 2735
2 2735
4872 2736
5381 2736
5751 2736
5656 2736
4948 2736
4942 2736
4735 2736
5703 2736
5993 2736
2 2736
4271 2737
4024 2737
5386 2737
4115 2737
4847 2737
4197 2737
5363 2737
4121 2737
2 2737
5123 2738
5832 2738
5435 2738
4477 2738
4613 2738
2 2738
4129 2739
4868 2739
4280 2739
4873 2739
5905 2739
4537 2739
5701 2739
2 2739
4295 2740
5415 2740
5328 2740
4590 2740
5544 2740
5500 2740
4899 2740
5076 2740
4202 2740
2 2740
4926 2741
4730 2741
5988 2741
4008 2741
4518 2741
2 2741
4365 2742
5491 2742
4277 2742
4852 2742
4044 2742
5325 2742
4102 2742
2 2742
5046 2743
5042 2743
4343 2743
5948 2743
4737 2743
4948 2743
5770 2743
2 2743
4143 2744
5360 2744
5828 2744
4465 2744
4201 2744
0 2744
4790 2744
2 2744
5626 2745
5175 2745
5829 2745
4798 2745
4147 2745
5980 2745
4357 2745
2 2745
4011 2746
4622 2746
4178 2746
2 2746
4053 2747
5022 2747
4255 2747
5236 2747
2 2747
4167 2748
4760 2748
4734 2748
4267 2748
4925 2748
2 2748
5713 2749
4298 2749
4971 2749
4356 2749
5570 2749
2 2749
4350 2750
5457 2750
2 2750
5789 2751
4221 2751
4784 2751
2 2751
4210 2752
5765 2752
4561 2752
5824 2752
5700 2752
5581 2752
2 2752
4612 2753
4772 2753
5986 2753
4761 2753
4931 2753
5384 2753
4240 2753
2 2753
4157 2754
4315 2754
4520 2754
5544 2754
2 2754
4638 2755
4733 2755
5074 2755
5048 2755
5333 2755
5979 2755
4196 2755
4175 2755
5562 2755
2 2755
4065 2756
4902 2756
5016 2756
4230 2756
5540 2756
2 2756
5705 2757
5571 2757
5851 2757
4084 2757
5106 2757
2 2757
4473 2758
5379 2758
5211 2758
4946 2758
4400 2758
4854 2758
2 2758
4647 2759
5672 2759
5764 2759
5080 2759
4640 2759
4868 2759
2 2759
4954 2760
5490 2760
5837 2760
5347 2760
5494 2760
2 2760
5024 2761
4848 2761
4680 2761
4331 2761
5890 2761
4382 2761
2 2761
5358 2762
4630 2762
5159 2762
4537 2762
4783 2762
5062 2762
4861 2762
2 2762
5274 2763
4941 2763
5773 2763
4735 2763
5156 2763
4440 2763
5438 2763
2 2763
4708 2764
5589 2764
5701 2764
4042 2764
5991 2764
5901 2764
5094 2764
2 2764
4751 2765
5796 2765
5455 2765
5172 2765
5306 2765
2 2765
4551 2766
5210 2766
4379 2766
2 2766
4215 2767
4114 2767
2 2767
4450 2768
5102 2768
4757 2768
2 2768
4993 2769
5208 2769
4076 2769
4958 2769
5672 2769
5927 2769
4019 2769
4600 2769
2 2769
4086 2770
5373 2770
2 2770
4186 2771
5235 2771
2 2771
5883 2772
5035 2772
4317 2772
2 2772
4285 2773
5728 2773
4162 2773
4546 2773
5914 2773
2 2773
4367 2774
4522 2774
4221 2774
4823 2774
5819 2774
5182 2774
5084 2774
2 2774
4420 2775
4912 2775
5806 2775
5283 2775
4955 2775
4876 2775
4163 2775
5833 2775
5669 2775
2 2775
5161 2776
4222 2776
4785 2776
4560 2776
5074 2776
4429 2776
2 2776
5431 2777
4280 2777
5636 2777
4128 2777
5735 2777
2 2777
4950 2778
5959 2778
2 2778
4499 2779
5932 2779
4296 2779
5608 2779
2 2779
5683 2780
4860 2780
5762 2780
4161 2780
5068 2780
4620 2780
5406 2780
4476 2780
2 2780
5031 2781
4046 2781
2 2781
5827 2782
5047 2782
5822 2782
4591 2782
5375 2782
2 2782
4710 2783
5802 2783
4171 2783
5627 2783
4522 2783
4513 2783
4947 2783
4986 2783
5719 2783
2 2783
5546 2784
4416 2784
4537 2784
5327 2784
5600 2784
5288 2784
2 2784
5736 2785
4421 2785
4833 2785
4895 2785
2 2785
5462 2786
4927 2786
4683 2786
4223 2786
2 2786
5538 2787
4802 2787
4038 2787
4616 2787
2 2787
5339 2788
4640 2788
4544 2788
4597 2788
5546 2788
5274 2788
4937 2788
4693 2788
5288 2788
2 2788
4431 2789
5157 2789
2 2789
5475 2790
5608 2790
5635 2790
4890 2790
4789 2790
5563 2790
5538 2790
2 2790
4357 2791
5806 2791
5087 2791
5382 2791
4852 2791
5350 2791
4845 2791
4553 2791
2 2791
4267 2792
4662 2792
4702 2792
2 2792
5362 2793
5260 2793
2 2793
4887 2794
4835 2794
5331 2794
5904 2794
5585 2794
4163 2794
2 2794
5091 2795
5751 2795
2 2795
5169 2796
4928 2796
2 2796
4008 2797
4076 2797
5871 2797
4942 2797
4182 2797
4958 2797
2 2797
5480 2798
4496 2798
5029 2798
4527 2798
4123 2798
2 2798
5272 2799
5034 2799
2 2799
5140 2800
4310 2800
4585 2800
5583 2800
4393 2800
2 2800
4489 2801
5327 2801
2 2801
5297 2802
5521 2802
5145 2802
5195 2802
5868 2802
2 2802
0 2803
4437 2803
5239 2803
4617 2803
5784 2803
4645 2803
5476 2803
5198 2803
4949 2803
2 2803
5686 2804
4279 2804
4972 2804
5105 2804
4268 2804
4132 2804
5609 2804
4401 2804
5786 2804
0 2804
2 2804
5212 2805
4576 2805
4661 2805
4896 2805
5250 2805
2 2805
5620 2806
5798 2806
4253 2806
4832 2806
5552 2806
4893 2806
4333 2806
5861 2806
2 2806
4734 2807
4648 2807
5429 2807
5331 2807
2 2807
5595 2808
4216 2808
4097 2808
2 2808
4641 2809
5384 2809
5722 2809
4405 2809
2 2809
5189 2810
4638 2810
4487 2810
5800 2810
5283 2810
2 2810
5113 2811
4274 2811
4789 2811
4332 2811
5510 2811
2 2811
4180 2812
4526 2812
5248 2812
4835 2812
2 2812
4962 2813
5167 2813
5724 2813
4121 2813
2 2813
5771 2814
4824 2814
2 2814
4021 2815
5794 2815
4289 2815
5973 2815
4869 2815
5373 2815
4909 2815
5134 2815
2 2815
4539 2816
5858 2816
4816 2816
4911 2816
5286 2816
5326 2816
4018 2816
2 2816
4767 2817
4056 2817
2 2817
4132 2818
4483 2818
5038 2818
4360 2818
4037 2818
4109 2818
4705 2818
5494 2818
2 2818
5312 2819
4730 2819
5081 2819
5431 2819
4304 2819
5501 2819
4026 2819
4948 2819
5894 2819
0 2819
2 2819
5696 2820
5173 2820
4249 2820
0 2820
2 2820
4898 2821
5378 2821
4513 2821
4266 2821
5387 2821
5084 2821
2 2821
4531 2822
4743 2822
4954 2822
5790 2822
5406 2822
2 2822
4134 2823
4579 2823
4251 2823
5113 2823
4886 2823
4671 2823
4321 2823
5835 2823
2 2823
5596 2824
0 2824
4699 2824
2 2824
5557 2825
4511 2825
2 2825
5338 2826
5051 2826
4674 2826
4698 2826
2 2826
4834 2827
4788 2827
5445 2827
5611 2827
5379 2827
2 2827
5436 2828
5491 2828
4940 2828
4619 2828
5647 2828
4044 2828
5048 2828
5325 2828
2 2828
5823 2829
5506 2829
5783 2829
2 2829
4935 2830
4977 2830
4087 2830
4426 2830
5980 2830
4365 2830
4839 2830
4241 2830
4648 2830
2 2830
4673 2831
5663 2831
4442 2831
5462 2831
4822 2831
4121 2831
4565 2831
5722 2831
4104 2831
2 2831
5116 2832
4166 2832
5466 2832
5627 2832
4308 2832
5426 2832
4475 2832
2 2832
4476 2833
4827 2833
5698 2833
2 2833
4250 2834
5798 2834
4032 2834
4661 2834
5827 2834
2 2834
4695 2835
5404 2835
4134 2835
4261 2835
5449 2835
4316 2835
2 2835
5404 2836
4370 2836
4032 2836
5614 2836
5709 2836
2 2836
5199 2837
5309 2837
5245 2837
2 2837
4869 2838
5902 2838
5031 2838
5952 2838
2 2838
4517 2839
5458 2839
4609 2839
4807 2839
4523 2839
5062 2839
2 2839
5087 2840
5171 2840
5472 2840
5216 2840
5374 2840
4422 2840
4203 2840
2 2840
5218 2841
4552 2841
5971 2841
4178 2841
5415 2841
4767 2841
5427 2841
5363 2841
2 2841
4424 2842
4616 2842
4802 2842
5419 2842
5130 2842
5444 2842
5008 2842
4103 2842
2 2842
4584 2843
5913 2843
4738 2843
5141 2843
2 2843
4467 2844
4163 2844
5098 2844
5697 2844
4371 2844
4164 2844
2 2844
5700 2845
4205 2845
5748 2845
5765 2845
2 2845
5897 2846
5594 2846
5253 2846
5351 2846
5268 2846
2 2846
4822 2847
5383 2847
4896 2847
4113 2847
2 2847
4566 2848
4088 2848
2 2848
5331 2849
5306 2849
2 2849
4749 2850
4022 2850
5905 2850
5080 2850
4864 2850
4555 2850
4529 2850
2 2850
4265 2851
4361 2851
4883 2851
5150 2851
5612 2851
5702 2851
5309 2851
2 2851
4771 2852
4446 2852
2 2852
5168 2853
5869 2853
4845 2853
4287 2853
5933 2853
2 2853
4046 2854
5216 2854
5424 2854
5087 2854
5332 2854
5249 2854
5550 2854
5009 2854
4755 2854
2 2854
4661 2855
5513 2855
5186 2855
5251 2855
5686 2855
4520 2855
0 2855
2 2855
4083 2856
5569 2856
4887 2856
5953 2856
5913 2856
4418 2856
2 2856
5980 2857
5286 2857
5442 2857
5305 2857
4712 2857
4205 2857
4287 2857
4298 2857
2 2857
0 2858
4508 2858
5388 2858
5479 2858
2 2858
4194 2859
4659 2859
5883 2859
4447 2859
4219 2859
4815 2859
2 2859
5861 2860
5157 2860
5469 2860
5635 2860
4161 2860
4231 2860
4552 2860
4256 2860
0 2860
2 2860
5992 2861
5573 2861
2 2861
4326 2862
4301 2862
4097 2862
4937 2862
5238 2862
4396 2862
2 2862
5970 2863
5829 2863
5950 2863
4704 2863
5004 2863
5318 2863
5695 2863
5791 2863
2 2863
4447 2864
5162 2864
5738 2864
5211 2864
5606 2864
2 2864
4487 2865
5647 2865
5336 2865
2 2865
4185 2866
5201 2866
5287 2866
4043 2866
5485 2866
4982 2866
2 2866
4745 2867
5956 2867
4781 2867
5277 2867
4352 2867
5782 2867
4997 2867
4657 2867
5860 2867
2 2867
5954 2868
5678 2868
5006 2868
5422 2868
2 2868
4226 2869
4606 2869
4764 2869
5669 2869
4362 2869
5715 2869
5087 2869
2 2869
4952 2870
5150 2870
5699 2870
4948 2870
2 2870
4598 2871
5392 2871
2 2871
4029 2872
4971 2872
5482 2872
4511 2872
5175 2872
2 2872
5517 2873
4717 2873
4610 2873
4538 2873
5017 2873
4252 2873
2 2873
5297 2874
4198 2874
5342 2874
5653 2874
4264 2874
2 2874
4546 2875
5582 2875
5409 2875
5270 2875
5054 2875
5047 2875
5912 2875
2 2875
5584 2876
5856 2876
2 2876
5690 2877
5005 2877
4233 2877
5544 2877
5143 2877
4195 2877
4890 2877
4497 2877
2 2877
4206 2878
5341 2878
5155 2878
4710 2878
5860 2878
2 2878
5915 2879
5116 2879
5974 2879
4070 2879
4141 2879
4015 2879
2 2879
5477 2880
5370 2880
4412 2880
2 2880
5660 2881
4444 2881
5047 2881
5340 2881
4282 2881
5386 2881
2 2881
5806 2882
4487 2882
5168 2882
4010 2882
4102 2882
2 2882
5308 2883
4581 2883
5055 2883
4786 2883
4841 2883
5118 2883
4751 2883
2 2883
4413 2884
5849 2884
5870 2884
4886 2884
4579 2884
4463 2884
4676 2884
2 2884
4847 2885
4931 2885
5614 2885
4853 2885
4509 2885
4902 2885
5149 2885
2 2885
5649 2886
5510 2886
5395 2886
5167 2886
5069 2886
4011 2886
5258 2886
4858 2886
2 2886
5504 2887
5865 2887
2 2887
5299 2888
4724 2888
2 2888
5079 2889
5704 2889
4645 2889
4655 2889
4527 2889
4674 2889
5942 2889
4466 2889
2 2889
5432 2890
4139 2890
4096 2890
4337 2890
5957 2890
5706 2890
2 2890
4287 2891
5204 2891
0 2891
2 2891
4331 2892
5018 2892
4084 2892
5344 2892
5645 2892
5024 2892
2 2892
4941 2893
4304 2893
5440 2893
4942 2893
5991 2893
4155 2893
4958 2893
2 2893
5476 2894
4421 2894
4765 2894
5828 2894
4842 2894
5239 2894
4306 2894
5266 2894
5825 2894
2 2894
4821 2895
4587 2895
5381 2895
2 2895
5877 2896
5546 2896
5702 2896
5916 2896
5989 2896
5042 2896
2 2896
5327 2897
5377 2897
5003 2897
5245 2897
4457 2897
5080 2897
4609 2897
4861 2897
2 2897
5676 2898
5049 2898
5522 2898
4713 2898
5290 2898
4445 2898
2 2898
5954 2899
5668 2899
4325 2899
5088 2899
5885 2899
4663 2899
2 2899
4351 2900
5398 2900
4469 2900
5363 2900
5486 2900
4038 2900
4049 2900
2 2900
4624 2901
4300 2901
5667 2901
5477 2901
4970 2901
5739 2901
5760 2901
4729 2901
2 2901
4320 2902
5223 2902
4220 2902
5733 2902
4983 2902
5859 2902
4505 2902
5777 2902
4080 2902
2 2902
4965 2903
4312 2903
5719 2903
5507 2903
5883 2903
2 2903
5917 2904
5533 2904
4927 2904
5575 2904
2 2904
5198 2905
5911 2905
4061 2905
2 2905
5203 2906
4664 2906
5946 2906
4052 2906
4971 2906
2 2906
4843 2907
5246 2907
5947 2907
4989 2907
5500 2907
4573 2907
5799 2907
5966 2907
2 2907
5244 2908
4631 2908
5926 2908
2 2908
4319 2909
4761 2909
5709 2909
2 2909
4061 2910
5761 2910
2 2910
5792 2911
5821 2911
5857 2911
4113 2911
4256 2911
4682 2911
2 2911
5107 2912
4677 2912
4510 2912
2 2912
5180 2913
4895 2913
0 2913
5761 2913
4842 2913
2 2913
5700 2914
5472 2914
5455 2914
4638 2914
4094 2914
4044 2914
5685 2914
5193 2914
5794 2914
2 2914
4549 2915
5982 2915
2 2915
4717 2916
4536 2916
5413 2916
5281 2916
4167 2916
5260 2916
5472 2916
2 2916
4344 2917
4383 2917
5144 2917
5625 2917
4368 2917
5368 2917
2 2917
5570 2918
5633 2918
5952 2918
2 2918
4548 2919
4513 2919
4433 2919
5725 2919
5928 2919
4748 2919
4077 2919
4111 2919
2 2919
4846 2920
4770 2920
4184 2920
5939 2920
5387 2920
2 2920
4230 2921
4282 2921
5575 2921
2 2921
4408 2922
5623 2922
5512 2922
5539 2922
4539 2922
2 2922
5494 2923
4810 2923
4927 2923
5369 2923
4856 2923
5219 2923
2 2923
4985 2924
5105 2924
4148 2924
4181 2924
2 2924
4338 2925
5530 2925
5575 2925
2 2925
4060 2926
4587 2926
5735 2926
5871 2926
5901 2926
4783 2926
2 2926
4121 2927
5206 2927
4695 2927
5799 2927
5210 2927
4355 2927
4905 2927
5060 2927
2 2927
4131 2928
4378 2928
5926 2928
2 2928
5388 2929
4833 2929
5102 2929
4527 2929
4601 2929
5264 2929
4699 2929
2 2929
4166 2930
4146 2930
2 2930
4715 2931
5822 2931
2 2931
5965 2932
4649 2932
4022 2932
5877 2932
5901 2932
4183 2932
4583 2932
5015 2932
5156 2932
2 2932
5343 2933
4436 2933
4953 2933
4638 2933
5581 2933
4362 2933
5935 2933
2 2933
4708 2934
4791 2934
4523 2934
4574 2934
4600 2934
4097 2934
5365 2934
4518 2934
5703 2934
2 2934
5484 2935
4922 2935
5132 2935
5493 2935
4096 2935
4522 2935
2 2935
5202 2936
4534 2936
2 2936
5728 2937
5060 2937
4961 2937
2 2937
4978 2938
4226 2938
4803 2938
4593 2938
5681 2938
2 2938
5630 2939
4383 2939
5100 2939
2 2939
4630 2940
4504 2940
5642 2940
4023 2940
2 2940
4782 2941
5046 2941
5359 2941
4555 2941
5735 2941
2 2941
5405 2942
0 2942
5269 2942
5012 2942
4058 2942
2 2942
4216 2943
4926 2943
4555 2943
5075 2943
5965 2943
4280 2943
5546 2943
5440 2943
5927 2943
2 2943
5649 2944
4372 2944
2 2944
4170 2945
4607 2945
2 2945
5911 2946
4999 2946
5471 2946
2 2946
5181 2947
4139 2947
4960 2947
4494 2947
5937 2947
2 2947
4926 2948
4026 2948
5327 2948
4708 2948
5156 2948
5641 2948
4396 2948
5871 2948
4647 2948
2 2948
5748 2949
5453 2949
4116 2949
5522 2949
4500 2949
5913 2949
2 2949
5493 2950
5679 2950
5422 2950
2 2950
5396 2951
5242 2951
5708 2951
5766 2951
5022 2951
5128 2951
5252 2951
4095 2951
5643 2951
2 2951
4692 2952
5069 2952
5392 2952
4276 2952
2 2952
4235 2953
4877 2953
4153 2953
5401 2953
5251 2953
5186 2953
5686 2953
2 2953
5526 2954
4923 2954
5979 2954
4928 2954
4666 2954
5558 2954
5190 2954
5681 2954
4759 2954
2 2954
4384 2955
4651 2955
2 2955
4534 2956
4720 2956
2 2956
4928 2957
4841 2957
5938 2957
5429 2957
2 2957
4607 2958
4903 2958
2 2958
5201 2959
5466 2959
5738 2959
4569 2959
4651 2959
2 2959
4217 2960
5255 2960
2 2960
4352 2961
5385 2961
4007 2961
4185 2961
5588 2961
4823 2961
2 2961
4993 2962
4626 2962
4937 2962
5901 2962
2 2962
4157 2963
4353 2963
5280 2963
4987 2963
5766 2963
5500 2963
5594 2963
2 2963
0 2964
5051 2964
4524 2964
4675 2964
5240 2964
4790 2964
5943 2964
5863 2964
5604 2964
2 2964
4048 2965
5634 2965
4916 2965
4817 2965
4982 2965
5466 2965
5631 2965
2 2965
5149 2966
4295 2966
4577 2966
5013 2966
5403 2966
4590 2966
4413 2966
2 2966
4084 2967
4901 2967
2 2967
4866 2968
5562 2968
5439 2968
5165 2968
4263 2968
2 2968
4723 2969
4433 2969
4758 2969
4070 2969
2 2969
4768 2970
5133 2970
4727 2970
4592 2970
4145 2970
4350 2970
4180 2970
2 2970
4775 2971
4861 2971
4623 2971
5636 2971
4486 2971
2 2971
5470 2972
5090 2972
5709 2972
2 2972
5989 2973
4030 2973
4864 2973
2 2973
4231 2974
4303 2974
5068 2974
5096 2974
5475 2974
5300 2974
4255 2974
2 2974
5505 2975
5690 2975
5822 2975
4153 2975
4240 2975
4453 2975
5218 2975
2 2975
5549 2976
4639 2976
4913 2976
4999 2976
5943 2976
5239 2976
2 2976
5447 2977
5307 2977
4591 2977
4296 2977
5903 2977
5268 2977
5502 2977
5908 2977
2 2977
5852 2978
4834 2978
5127 2978
4750 2978
4793 2978
4970 2978
4447 2978
4718 2978
5063 2978
2 2978
5618 2979
5026 2979
5923 2979
5943 2979
5302 2979
0 2979
4675 2979
5774 2979
4198 2979
2 2979
4666 2980
5389 2980
4828 2980
2 2980
5529 2981
5764 2981
5245 2981
5672 2981
5042 2981
4440 2981
4952 2981
5839 2981
2 2981
5932 2982
5779 2982
4879 2982
5090 2982
4303 2982
5750 2982
2 2982
4369 2983
5063 2983
4663 2983
5885 2983
5860 2983
5634 2983
2 2983
5801 2984
4133 2984
4035 2984
2 2984
4030 2985
4272 2985
4626 2985
5365 2985
4647 2985
2 2985
5565 2986
5092 2986
4259 2986
4879 2986
5740 2986
2 2986
5503 2987
5355 2987
5497 2987
5508 2987
4123 2987
2 2987
4132 2988
5077 2988
5446 2988
5128 2988
4685 2988
5013 2988
5130 2988
4124 2988
4355 2988
2 2988
4403 2989
5861 2989
5665 2989
5253 2989
4444 2989
5940 2989
4890 2989
2 2989
5576 2990
4830 2990
4441 2990
4655 2990
4027 2990
2 2990
5416 2991
4717 2991
5657 2991
5980 2991
4957 2991
4052 2991
2 2991
5285 2992
4271 2992
5246 2992
4011 2992
4202 2992
5235 2992
4571 2992
5889 2992
5617 2992
2 2992
4723 2993
4435 2993
4819 2993
2 2993
5173 2994
5902 2994
5313 2994
5168 2994
4515 2994
5491 2994
5326 2994
4944 2994
4387 2994
2 2994
5082 2995
4227 2995
4135 2995
4491 2995
5425 2995
5218 2995
4453 2995
2 2995
4421 2996
4667 2996
4903 2996
5051 2996
4143 2996
4061 2996
2 2996
4875 2997
5991 2997
5327 2997
5656 2997
4008 2997
4326 2997
5078 2997
2 2997
5154 2998
5814 2998
4192 2998
4125 2998
2 2998
4403 2999
4285 2999
4810 2999
4321 2999
5258 2999
4480 2999
5835 2999
5620 2999
2 2999
4437 3000
4493 3000
4949 3000
5302 3000
4981 3000
5508 3000
4739 3000
5596 3000
4465 3000
2 3000
5050 3001
5384 3001
5523 3001
5544 3001
5279 3001
5113 3001
5969 3001
5941 3001
2 3001
5382 3002
5767 3002
4378 3002
4467 3002
4100 3002
5907 3002
4238 3002
4925 3002
2 3002
5879 3003
4288 3003
5788 3003
5026 3003
4639 3003
5041 3003
5102 3003
4490 3003
2 3003
5939 3004
5802 3004
4451 3004
4219 3004
2 3004
5724 3005
4832 3005
5867 3005
4328 3005
2 3005
4905 3006
4661 3006
5766 3006
4079 3006
5607 3006
4871 3006
5910 3006
4248 3006
5857 3006
2 3006
4583 3007
4826 3007
4518 3007
5159 3007
5927 3007
2 3007
5186 3008
5280 3008
5404 3008
4860 3008
4017 3008
2 3008
5855 3009
4533 3009
4120 3009
5782 3009
4438 3009
5452 3009
5680 3009
5778 3009
2 3009
5815 3010
5004 3010
4803 3010
4459 3010
4425 3010
5848 3010
5357 3010
4686 3010
5099 3010
2 3010
5731 3011
4961 3011
4389 3011
4355 3011
4279 3011
4353 3011
4810 3011
4906 3011
4240 3011
2 3011
4088 3012
5853 3012
4990 3012
2 3012
4909 3013
5325 3013
5357 3013
4857 3013
5590 3013
4836 3013
5036 3013
4158 3013
5161 3013
2 3013
4865 3014
5441 3014
4326 3014
4883 3014
4127 3014
4106 3014
5993 3014
5641 3014
4140 3014
2 3014
5962 3015
5281 3015
5185 3015
2 3015
5796 3016
4314 3016
4041 3016
5776 3016
5184 3016
5020 3016
5286 3016
5196 3016
4914 3016
2 3016
4132 3017
5799 3017
4303 3017
2 3017
4757 3018
5195 3018
2 3018
4101 3019
5972 3019
4848 3019
4838 3019
4363 3019
4018 3019
4059 3019
5176 3019
4726 3019
2 3019
4780 3020
5928 3020
5498 3020
5730 3020
5088 3020
2 3020
5958 3021
5986 3021
4620 3021
5321 3021
4082 3021
5598 3021
4483 3021
2 3021
4499 3022
5837 3022
5509 3022
4744 3022
5575 3022
4017 3022
4391 3022
5792 3022
5401 3022
2 3022
4802 3023
4736 3023
2 3023
0 3024
4725 3024
5807 3024
5388 3024
5269 3024
4698 3024
4981 3024
2 3024
4364 3025
4204 3025
5884 3025
5416 3025
4515 3025
2 3025
5476 3026
5342 3026
2 3026
5349 3027
4811 3027
4317 3027
2 3027
5251 3028
4448 3028
5594 3028
4247 3028
2 3028
4109 3029
4258 3029
5622 3029
4546 3029
4054 3029
5969 3029
5258 3029
4202 3029
2 3029
4654 3030
5867 3030
4172 3030
4455 3030
2 3030
5902 3031
5691 3031
5676 3031
5787 3031
5296 3031
5291 3031
2 3031
5270 3032
4531 3032
5021 3032
4295 3032
4028 3032
4250 3032
5564 3032
5759 3032
2 3032
4304 3033
5699 3033
4640 3033
5440 3033
4937 3033
4097 3033
2 3033
5459 3034
5167 3034
2 3034
4292 3035
4208 3035
5735 3035
4555 3035
4361 3035
4567 3035
4140 3035
4635 3035
2 3035
5429 3036
4714 3036
5483 3036
5039 3036
4904 3036
2 3036
4394 3037
4587 3037
4026 3037
4782 3037
4489 3037
5536 3037
4609 3037
4649 3037
2 3037
5583 3038
4562 3038
4909 3038
4940 3038
2 3038
4034 3039
4923 3039
5878 3039
4561 3039
4089 3039
2 3039
4087 3040
5591 3040
5729 3040
5350 3040
5506 3040
4562 3040
2 3040
5118 3041
5299 3041
4581 3041
5841 3041
4759 3041
4944 3041
4664 3041
2 3041
4913 3042
4064 3042
5942 3042
2 3042
4536 3043
4363 3043
5298 3043
5492 3043
4467 3043
5346 3043
2 3043
4785 3044
4539 3044
5700 3044
5744 3044
5591 3044
4439 3044
2 3044
5973 3045
4098 3045
2 3045
5909 3046
4631 3046
4071 3046
5184 3046
5767 3046
4785 3046
2 3046
5266 3047
4390 3047
4061 3047
4981 3047
4143 3047
4757 3047
5618 3047
5721 3047
2 3047
5967 3048
5888 3048
5296 3048
5904 3048
5108 3048
4978 3048
4751 3048
4098 3048
2 3048
4696 3049
5047 3049
5083 3049
4461 3049
5772 3049
5822 3049
5579 3049
2 3049
5485 3050
5928 3050
5445 3050
4300 3050
5915 3050
5072 3050
4033 3050
2 3050
4193 3051
5435 3051
5485 3051
5201 3051
4769 3051
2 3051
4916 3052
5127 3052
4435 3052
5893 3052
4110 3052
4819 3052
5484 3052
2 3052
4636 3053
5097 3053
5756 3053
4206 3053
4614 3053
5072 3053
5116 3053
2 3053
4218 3054
5319 3054
5731 3054
4072 3054
5582 3054
2 3054
4416 3055
5309 3055
5390 3055
4737 3055
5091 3055
2 3055
5300 3056
5280 3056
2 3056
4565 3057
4962 3057
5154 3057
4032 3057
4767 3057
5409 3057
2 3057
5310 3058
5629 3058
5729 3058
2 3058
5638 3059
4393 3059
5909 3059
5173 3059
4419 3059
5004 3059
5902 3059
2 3059
5786 3060
4413 3060
5655 3060
5433 3060
5772 3060
2 3060
5070 3061
4510 3061
2 3061
5028 3062
4224 3062
5637 3062
4282 3062
4107 3062
2 3062
4861 3063
5501 3063
2 3063
4818 3064
4454 3064
2 3064
5543 3065
5979 3065
4500 3065
5436 3065
5571 3065
4179 3065
5504 3065
4084 3065
2 3065
4409 3066
4994 3066
5927 3066
5312 3066
4130 3066
5589 3066
4600 3066
4234 3066
2 3066
4283 3067
4462 3067
2 3067
4953 3068
5681 3068
4760 3068
5980 3068
5967 3068
4044 3068
5791 3068
5748 3068
2 3068
5469 3069
4444 3069
4476 3069
4772 3069
5873 3069
5423 3069
5650 3069
5449 3069
4959 3069
2 3069
5170 3070
4982 3070
5687 3070
4762 3070
4133 3070
5435 3070
4368 3070
4477 3070
4215 3070
2 3070
5560 3071
4738 3071
5139 3071
5000 3071
4160 3071
5685 3071
5700 3071
4151 3071
2 3071
5716 3072
4877 3072
4093 3072
4235 3072
5273 3072
4633 3072
2 3072
4118 3073
4269 3073
5034 3073
5731 3073
5292 3073
2 3073
4806 3074
5947 3074
5096 3074
5862 3074
5698 3074
5810 3074
4827 3074
5986 3074
5279 3074
2 3074
5257 3075
4207 3075
5171 3075
4953 3075
5776 3075
4116 3075
4020 3075
2 3075
5445 3076
4599 3076
5954 3076
5121 3076
4965 3076
2 3076
4940 3077
4625 3077
5317 3077
5904 3077
4892 3077
5107 3077
4092 3077
4510 3077
2 3077
4650 3078
5685 3078
4402 3078
4785 3078
4244 3078
2 3078
5853 3079
4495 3079
2 3079
4330 3080
5462 3080
4622 3080
2 3080
4981 3081
5051 3081
5007 3081
2 3081
4218 3082
4540 3082
4685 3082
2 3082
5798 3083
4987 3083
4103 3083
4851 3083
4573 3083
5613 3083
4453 3083
4594 3083
4501 3083
2 3083
4422 3084
4638 3084
4803 3084
4087 3084
4297 3084
2 3084
5517 3085
5979 3085
2 3085
5308 3086
4041 3086
4154 3086
2 3086
5061 3087
5630 3087
5035 3087
4644 3087
4447 3087
2 3087
5351 3088
5067 3088
5401 3088
4370 3088
4654 3088
4728 3088
5917 3088
5579 3088
2 3088
5121 3089
4367 3089
5680 3089
2 3089
4324 3090
4203 3090
4174 3090
5830 3090
2 3090
4539 3091
4734 3091
5055 3091
4923 3091
5851 3091
5331 3091
4538 3091
2 3091
4443 3092
5209 3092
2 3092
4868 3093
4807 3093
5642 3093
5612 3093
5995 3093
2 3093
4500 3094
5585 3094
5290 3094
2 3094
4135 3095
4223 3095
5892 3095
2 3095
5224 3096
4206 3096
4933 3096
5271 3096
5289 3096
5956 3096
4568 3096
4651 3096
2 3096
5311 3097
5866 3097
4321 3097
4303 3097
4612 3097
5533 3097
4212 3097
4075 3097
2 3097
4410 3098
4092 3098
4359 3098
2 3098
5682 3099
5547 3099
4808 3099
5484 3099
4965 3099
5730 3099
4243 3099
4982 3099
2 3099
5408 3100
5332 3100
4108 3100
4662 3100
5248 3100
2 3100
4220 3101
4969 3101
2 3101
5192 3102
5566 3102
4412 3102
4970 3102
5226 3102
2 3102
4128 3103
5431 3103
5529 3103
2 3103
5759 3104
4279 3104
4896 3104
4307 3104
5178 3104
4413 3104
4616 3104
5276 3104
2 3104
5911 3105
4629 3105
2 3105
4874 3106
4362 3106
4036 3106
2 3106
4955 3107
5473 3107
4857 3107
2 3107
4349 3108
5584 3108
4033 3108
2 3108
5446 3109
4495 3109
4961 3109
4423 3109
5538 3109
4040 3109
2 3109
5586 3110
5219 3110
5396 3110
2 3110
4144 3111
5007 3111
4465 3111
4639 3111
5195 3111
4027 3111
4165 3111
4667 3111
2 3111
5007 3112
4757 3112
4790 3112
5079 3112
4709 3112
5943 3112
4348 3112
2 3112
5708 3113
4186 3113
4577 3113
2 3113
4245 3114
5477 3114
4718 3114
5097 3114
2 3114
5512 3115
4536 3115
4314 3115
5354 3115
5554 3115
5109 3115
4925 3115
0 3115
2 3115
4326 3116
5359 3116
2 3116
4116 3117
5705 3117
5569 3117
2 3117
5171 3118
4841 3118
4867 3118
5800 3118
4944 3118
5695 3118
4241 3118
2 3118
4881 3119
5985 3119
4743 3119
5459 3119
5475 3119
5607 3119
5688 3119
5932 3119
2 3119
4412 3120
4946 3120
5222 3120
4613 3120
2 3120
5626 3121
4801 3121
4755 3121
2 3121
5674 3122
5146 3122
5858 3122
5244 3122
5455 3122
2 3122
4292 3123
4818 3123
2 3123
4524 3124
4674 3124
5259 3124
5232 3124
4655 3124
5125 3124
2 3124
4104 3125
4566 3125
5034 3125
4588 3125
4239 3125
2 3125
4749 3126
5988 3126
4234 3126
4948 3126
5078 3126
4354 3126
4097 3126
4779 3126
5818 3126
2 3126
4073 3127
4160 3127
5291 3127
0 3127
2 3127
4222 3128
5249 3128
5146 3128
5972 3128
2 3128
5436 3129
4904 3129
5587 3129
4031 3129
4535 3129
4108 3129
5755 3129
2 3129
4807 3130
4454 3130
5546 3130
2 3130
5767 3131
4297 3131
2 3131
4243 3132
4368 3132
5819 3132
5615 3132
4634 3132
4475 3132
4096 3132
4599 3132
5341 3132
2 3132
4624 3133
4784 3133
4703 3133
5155 3133
2 3133
5773 3134
4993 3134
4647 3134
2 3134
5711 3135
4798 3135
5330 3135
5763 3135
4792 3135
4687 3135
4211 3135
2 3135
4630 3136
4183 3136
4708 3136
2 3136
4091 3137
4297 3137
5310 3137
5491 3137
5099 3137
2 3137
4321 3138
4347 3138
5040 3138
4134 3138
5958 3138
4959 3138
4556 3138
5057 3138
4107 3138
0 3138
2 3138
5758 3139
5190 3139
4581 3139
5550 3139
2 3139
4762 3140
4383 3140
4220 3140
2 3140
4683 3141
4040 3141
5130 3141
2 3141
4892 3142
4799 3142
5794 3142
2 3142
5855 3143
4522 3143
2 3143
5047 3144
4931 3144
4082 3144
5252 3144
5551 3144
5470 3144
5490 3144
5575 3144
4480 3144
2 3144
5975 3145
4139 3145
4345 3145
5452 3145
4550 3145
5662 3145
5732 3145
5025 3145
5984 3145
2 3145
5575 3146
5307 3146
4379 3146
5154 3146
5415 3146
5649 3146
5620 3146
2 3146
5749 3147
4466 3147
5207 3147
5734 3147
5264 3147
4064 3147
2 3147
5787 3148
5453 3148
5492 3148
4792 3148
5482 3148
5098 3148
2 3148
5489 3149
4524 3149
4833 3149
4913 3149
4701 3149
2 3149
4689 3150
4510 3150
4733 3150
5543 3150
2 3150
4139 3151
5976 3151
4599 3151
4339 3151
4438 3151
2 3151
5316 3152
4490 3152
5195 3152
2 3152
5608 3153
4540 3153
5616 3153
5065 3153
5690 3153
5406 3153
2 3153
4482 3154
5898 3154
5876 3154
4927 3154
4847 3154
5523 3154
5481 3154
4605 3154
4068 3154
2 3154
4153 3155
5619 3155
5154 3155
2 3155
4380 3156
5897 3156
5262 3156
4767 3156
5461 3156
5028 3156
4594 3156
2 3156
4865 3157
5949 3157
5589 3157
5751 3157
2 3157
5440 3158
4304 3158
4097 3158
5838 3158
4155 3158
4873 3158
5159 3158
2 3158
5233 3159
5629 3159
5817 3159
4956 3159
5482 3159
2 3159
4345 3160
5228 3160
5782 3160
4969 3160
4340 3160
5445 3160
2 3160
4099 3161
5991 3161
5438 3161
5916 3161
5062 3161
4457 3161
4937 3161
5702 3161
5080 3161
2 3161
5731 3162
5598 3162
4480 3162
4453 3162
4959 3162
4095 3162
4181 3162
5149 3162
2 3162
4674 3163
4496 3163
4126 3163
2 3163
5112 3164
5461 3164
4338 3164
4423 3164
4654 3164
5929 3164
4370 3164
4691 3164
5710 3164
2 3164
5262 3165
4804 3165
4620 3165
4795 3165
5481 3165
4279 3165
0 3165
2 3165
5030 3166
5858 3166
2 3166
4520 3167
5693 3167
5598 3167
4235 3167
5241 3167
5143 3167
2 3167
4344 3168
4245 3168
4254 3168
2 3168
4188 3169
4308 3169
4636 3169
4613 3169
5975 3169
4433 3169
4644 3169
4815 3169
4312 3169
2 3169
4467 3170
4410 3170
4275 3170
5048 3170
5165 3170
4207 3170
4666 3170
2 3170
5751 3171
5062 3171
5701 3171
2 3171
5137 3172
4873 3172
5202 3172
5159 3172
4567 3172
5441 3172
4821 3172
5641 3172
2 3172
5131 3173
5485 3173
4770 3173
2 3173
5308 3174
4293 3174
4968 3174
4100 3174
5020 3174
5103 3174
5414 3174
5393 3174
4971 3174
2 3174
4634 3175
5127 3175
5131 3175
5498 3175
2 3175
4146 3176
5412 3176
4825 3176
4478 3176
4110 3176
5631 3176
5495 3176
5964 3176
4746 3176
2 3176
5076 3177
4531 3177
5096 3177
4840 3177
4514 3177
5470 3177
4242 3177
5386 3177
2 3177
4193 3178
4047 3178
4435 3178
5687 3178
2 3178
5248 3179
4917 3179
5374 3179
5233 3179
5711 3179
2 3179
4778 3180
4343 3180
5327 3180
5062 3180
4292 3180
2 3180
5278 3181
4654 3181
4069 3181
5599 3181
5903 3181
5640 3181
5899 3181
5649 3181
5887 3181
2 3181
5746 3182
5489 3182
4541 3182
5549 3182
4607 3182
2 3182
4992 3183
4800 3183
4952 3183
4586 3183
4600 3183
4926 3183
4122 3183
4597 3183
5431 3183
2 3183
4457 3184
4873 3184
4272 3184
4343 3184
4737 3184
4216 3184
2 3184
4807 3185
4693 3185
5365 3185
5965 3185
4791 3185
4937 3185
5948 3185
5871 3185
2 3185
5280 3186
5533 3186
4391 3186
4954 3186
5151 3186
5722 3186
4822 3186
2 3186
5243 3187
4573 3187
5649 3187
4740 3187
4685 3187
0 3187
2 3187
4386 3188
5227 3188
4973 3188
4445 3188
5249 3188
4606 3188
5027 3188
5583 3188
4857 3188
2 3188
4989 3189
4715 3189
5655 3189
5873 3189
4389 3189
2 3189
5017 3190
4625 3190
4760 3190
5147 3190
5089 3190
4733 3190
5574 3190
5518 3190
2 3190
5033 3191
4247 3191
4455 3191
5095 3191
5295 3191
5280 3191
5427 3191
2 3191
4066 3192
5294 3192
5557 3192
4138 3192
5684 3192
4310 3192
5059 3192
4458 3192
5654 3192
2 3192
4922 3193
4481 3193
2 3193
4086 3194
4294 3194
5962 3194
4535 3194
5366 3194
2 3194
5661 3195
5706 3195
5214 3195
5893 3195
4381 3195
5349 3195
2 3195
4328 3196
4284 3196
5433 3196
2 3196
5943 3197
5342 3197
0 3197
2 3197
5796 3198
5291 3198
2 3198
5619 3199
4995 3199
5614 3199
5592 3199
5319 3199
4691 3199
2 3199
5553 3200
5937 3200
4438 3200
5634 3200
5733 3200
2 3200
4189 3201
5331 3201
2 3201
5040 3202
5613 3202
5690 3202
4681 3202
2 3202
4799 3203
4419 3203
4535 3203
5557 3203
2 3203
4663 3204
4033 3204
4809 3204
5662 3204
4657 3204
2 3204
4818 3205
5993 3205
4265 3205
2 3205
4566 3206
4891 3206
5898 3206
4598 3206
4658 3206
4856 3206
2 3206
5065 3207
5722 3207
5220 3207
4715 3207
5420 3207
5236 3207
2 3207
4430 3208
5300 3208
5013 3208
5912 3208
2 3208
4779 3209
4800 3209
4783 3209
5905 3209
2 3209
5684 3210
4593 3210
4086 3210
4553 3210
4287 3210
4680 3210
4434 3210
4704 3210
5344 3210
2 3210
4122 3211
5927 3211
5846 3211
4486 3211
4326 3211
5411 3211
5327 3211
4783 3211
2 3211
4558 3212
5809 3212
5114 3212
2 3212
4393 3213
5473 3213
4410 3213
5394 3213
5161 3213
5880 3213
4244 3213
5332 3213
5189 3213
2 3213
4911 3214
4619 3214
4091 3214
2 3214
5113 3215
4307 3215
4591 3215
4428 3215
4424 3215
4455 3215
4093 3215
2 3215
5896 3216
5288 3216
5208 3216
4872 3216
4208 3216
4623 3216
4555 3216
2 3216
5011 3217
5755 3217
5602 3217
4798 3217
4968 3217
2 3217
5651 3218
5503 3218
4754 3218
4725 3218
4765 3218
2 3218
4877 3219
4673 3219
5592 3219
5043 3219
5608 3219
2 3219
4987 3220
5510 3220
2 3220
4864 3221
5381 3221
4567 3221
4861 3221
5948 3221
5818 3221
2 3221
5406 3222
4961 3222
5215 3222
4681 3222
4192 3222
5693 3222
5847 3222
2 3222
5816 3223
5285 3223
4377 3223
5886 3223
4250 3223
4678 3223
4540 3223
5113 3223
5599 3223
2 3223
5364 3224
5332 3224
4876 3224
2 3224
4050 3225
5956 3225
5631 3225
5789 3225
4621 3225
4984 3225
4898 3225
5743 3225
2 3225
5699 3226
4992 3226
4076 3226
4486 3226
4127 3226
5304 3226
4783 3226
2 3226
4054 3227
4079 3227
4162 3227
5790 3227
5186 3227
5384 3227
4671 3227
2 3227
5487 3228
5135 3228
4642 3228
5507 3228
4898 3228
4943 3228
4950 3228
5061 3228
2 3228
4886 3229
5891 3229
4449 3229
4443 3229
4054 3229
2 3229
5503 3230
4123 3230
5198 3230
2 3230
5914 3231
5351 3231
5167 3231
5960 3231
5253 3231
5401 3231
4681 3231
2 3231
5139 3232
4257 3232
4365 3232
5944 3232
5907 3232
5350 3232
5548 3232
2 3232
4849 3233
4926 3233
4861 3233
4537 3233
2 3233
4279 3234
5292 3234
5383 3234
4837 3234
5694 3234
2 3234
5968 3235
5178 3235
4336 3235
4682 3235
5728 3235
5594 3235
4476 3235
2 3235
5372 3236
4798 3236
5767 3236
2 3236
5830 3237
4882 3237
4619 3237
5574 3237
5845 3237
4199 3237
5647 3237
5557 3237
2 3237
4204 3238
4359 3238
5858 3238
5715 3238
4167 3238
4298 3238
2 3238
4250 3239
5050 3239
4053 3239
2 3239
4058 3240
4063 3240
2 3240
4532 3241
5732 3241
2 3241
4707 3242
5362 3242
5516 3242
2 3242
4862 3243
4209 3243
4798 3243
5169 3243
5071 3243
4702 3243
5160 3243
5647 3243
5361 3243
2 3243
4935 3244
4911 3244
4410 3244
2 3244
4070 3245
5915 3245
4243 3245
5127 3245
5002 3245
4141 3245
5632 3245
5073 3245
2 3245
4606 3246
5673 3246
5171 3246
2 3246
5019 3247
5587 3247
4363 3247
4467 3247
2 3247
5624 3248
5427 3248
5351 3248
5178 3248
4336 3248
5530 3248
4761 3248
4322 3248
4789 3248
2 3248
4662 3249
4585 3249
5830 3249
4086 3249
4363 3249
4824 3249
5173 3249
2 3249
5426 3250
4048 3250
2 3250
5200 3251
5543 3251
4500 3251
5794 3251
5101 3251
4650 3251
2 3251
5670 3252
4354 3252
4523 3252
4486 3252
2 3252
5641 3253
4948 3253
5839 3253
5377 3253
4216 3253
4396 3253
5896 3253
2 3253
5960 3254
5810 3254
5563 3254
5220 3254
2 3254
5506 3255
5109 3255
4459 3255
2 3255
4296 3256
4351 3256
5022 3256
5068 3256
5533 3256
5565 3256
5143 3256
4979 3256
4889 3256
2 3256
4347 3257
5215 3257
4684 3257
5607 3257
2 3257
5244 3258
4939 3258
5030 3258
5583 3258
5674 3258
4137 3258
4755 3258
5602 3258
4503 3258
2 3258
5695 3259
4262 3259
5516 3259
5697 3259
2 3259
5027 3260
5473 3260
5107 3260
4249 3260
4418 3260
5184 3260
4543 3260
2 3260
4098 3261
5429 3261
4887 3261
5294 3261
4059 3261
5138 3261
2 3261
5642 3262
4868 3262
2 3262
5840 3263
5363 3263
4588 3263
4069 3263
5065 3263
4582 3263
5694 3263
4671 3263
4385 3263
2 3263
5321 3264
4858 3264
5762 3264
5586 3264
4676 3264
4856 3264
5897 3264
4501 3264
4403 3264
2 3264
4918 3265
5871 3265
5440 3265
5723 3265
4875 3265
2 3265
4964 3266
5256 3266
5738 3266
5228 3266
4346 3266
4756 3266
5556 3266
4050 3266
2 3266
5057 3267
4681 3267
4732 3267
4692 3267
2 3267
4079 3268
4261 3268
4962 3268
4181 3268
2 3268
4621 3269
5223 3269
4317 3269
2 3269
5492 3270
5098 3270
2 3270
4377 3271
4347 3271
5092 3271
4118 3271
2 3271
5264 3272
4143 3272
5521 3272
2 3272
4534 3273
5464 3273
4918 3273
5916 3273
4208 3273
5741 3273
4791 3273
5046 3273
4416 3273
2 3273
4167 3274
4670 3274
5574 3274
4244 3274
4350 3274
2 3274
4722 3275
4664 3275
5972 3275
4686 3275
4387 3275
5160 3275
5824 3275
4498 3275
4419 3275
2 3275
4825 3276
4694 3276
5320 3276
4969 3276
5525 3276
5566 3276
4369 3276
2 3276
5366 3277
5815 3277
4364 3277
4334 3277
5428 3277
5913 3277
4041 3277
5890 3277
4920 3277
2 3277
5279 3278
4104 3278
5460 3278
4391 3278
4482 3278
2 3278
5962 3279
5979 3279
4291 3279
5122 3279
4470 3279
2 3279
5854 3280
4038 3280
2 3280
5227 3281
4091 3281
4059 3281
4031 3281
5374 3281
2 3281
4578 3282
5600 3282
5468 3282
2 3282
4220 3283
4522 3283
5201 3283
5813 3283
5100 3283
2 3283
5529 3284
4948 3284
4117 3284
5948 3284
4574 3284
5450 3284
2 3284
4683 3285
4531 3285
5219 3285
2 3285
4935 3286
4419 3286
4939 3286
4492 3286
5413 3286
4006 3286
2 3286
5008 3287
4315 3287
5947 3287
4113 3287
4871 3287
5608 3287
2 3287
4138 3288
5453 3288
4283 3288
5808 3288
4738 3288
2 3288
5895 3289
5053 3289
5303 3289
4721 3289
5511 3289
4367 3289
5256 3289
4166 3289
5348 3289
0 3289
2 3289
5037 3290
5818 3290
4937 3290
5075 3290
5764 3290
4304 3290
5965 3290
2 3290
5103 3291
4314 3291
5465 3291
4283 3291
4734 3291
2 3291
5696 3292
4498 3292
4957 3292
5913 3292
2 3292
5500 3293
4248 3293
4311 3293
4622 3293
5637 3293
5586 3293
2 3293
5899 3294
4679 3294
5218 3294
2 3294
4359 3295
4768 3295
4955 3295
5518 3295
4836 3295
4402 3295
2 3295
4174 3296
4089 3296
5591 3296
4816 3296
4731 3296
5515 3296
4189 3296
2 3296
4767 3297
4242 3297
5616 3297
4740 3297
5688 3297
5617 3297
4671 3297
5246 3297
4016 3297
2 3297
4612 3298
4847 3298
5143 3298
0 3298
2 3298
5862 3299
4247 3299
4588 3299
4671 3299
5251 3299
4028 3299
4271 3299
2 3299
5295 3300
4389 3300
4806 3300
4404 3300
4736 3300
5822 3300
2 3300
5605 3301
5787 3301
2 3301
4239 3302
4658 3302
4125 3302
4259 3302
2 3302
5481 3303
5775 3303
5396 3303
5490 3303
4401 3303
5462 3303
5599 3303
4250 3303
2 3303
4426 3304
5129 3304
4867 3304
4820 3304
4297 3304
2 3304
4743 3305
4840 3305
5947 3305
2 3305
4426 3306
5414 3306
5281 3306
4803 3306
5815 3306
4156 3306
2 3306
4741 3307
4107 3307
4889 3307
5038 3307
5402 3307
5040 3307
5686 3307
5447 3307
5637 3307
2 3307
4285 3308
4338 3308
5510 3308
5986 3308
4115 3308
2 3308
5132 3309
5661 3309
2 3309
4873 3310
4409 3310
5450 3310
5390 3310
2 3310
5307 3311
4741 3311
5528 3311
5616 3311
4936 3311
2 3311
4090 3312
4006 3312
5990 3312
5188 3312
5179 3312
4460 3312
4462 3312
2 3312
5029 3313
4485 3313
4437 3313
5994 3313
5259 3313
2 3313
4458 3314
4866 3314
4299 3314
2 3314
5803 3315
5157 3315
4355 3315
5186 3315
5126 3315
5463 3315
5579 3315
2 3315
4266 3316
4374 3316
4505 3316
4721 3316
2 3316
5549 3317
4757 3317
4441 3317
4895 3317
2 3317
5500 3318
4258 3318
4558 3318
4679 3318
4954 3318
5324 3318
4491 3318
2 3318
5524 3319
4273 3319
5646 3319
5768 3319
2 3319
5084 3320
4718 3320
5002 3320
4374 3320
5584 3320
4221 3320
4624 3320
4703 3320
2 3320
5861 3321
5827 3321
4684 3321
5940 3321
4461 3321
4296 3321
5644 3321
2 3321
5563 3322
4954 3322
4273 3322
4231 3322
5624 3322
5285 3322
2 3322
4756 3323
4636 3323
2 3323
4743 3324
5947 3324
5745 3324
5966 3324
5929 3324
4274 3324
4428 3324
2 3324
4889 3325
5038 3325
4588 3325
5592 3325
5420 3325
4497 3325
5124 3325
2 3325
5516 3326
4267 3326
5286 3326
5203 3326
5356 3326
5216 3326
4751 3326
4462 3326
2 3326
5251 3327
4223 3327
4315 3327
2 3327
5085 3328
5638 3328
4094 3328
4446 3328
2 3328
4234 3329
4873 3329
5781 3329
4966 3329
4265 3329
5818 3329
5443 3329
5213 3329
2 3329
4819 3330
5025 3330
5682 3330
5520 3330
2 3330
4343 3331
4265 3331
4117 3331
5367 3331
5916 3331
4099 3331
4924 3331
5208 3331
5636 3331
2 3331
5019 3332
4209 3332
5681 3332
4764 3332
5654 3332
5011 3332
5953 3332
4669 3332
2 3332
5750 3333
4391 3333
4728 3333
4980 3333
4565 3333
5821 3333
4231 3333
2 3333
4227 3334
4218 3334
4093 3334
2 3334
5608 3335
5229 3335
5601 3335
4761 3335
5876 3335
2 3335
4133 3336
4260 3336
2 3336
5383 3337
4995 3337
4590 3337
5665 3337
4604 3337
5786 3337
4161 3337
2 3337
5665 3338
4321 3338
4360 3338
4463 3338
5502 3338
4150 3338
5209 3338
4497 3338
4888 3338
2 3338
5324 3339
4443 3339
2 3339
4629 3340
4437 3340
4027 3340
4981 3340
4757 3340
4674 3340
5879 3340
4512 3340
2 3340
4366 3341
5808 3341
5275 3341
5992 3341
5244 3341
4257 3341
5071 3341
4287 3341
2 3341
4992 3342
5741 3342
2 3342
5519 3343
4217 3343
5691 3343
5134 3343
5147 3343
5791 3343
2 3343
5850 3344
5458 3344
4782 3344
5037 3344
4518 3344
4318 3344
5703 3344
5995 3344
5993 3344
2 3344
4570 3345
4714 3345
5200 3345
2 3345
5693 3346
5481 3346
5646 3346
5406 3346
4370 3346
5538 3346
2 3346
4201 3347
5651 3347
5297 3347
5863 3347
5785 3347
5231 3347
2 3347
5392 3348
4380 3348
4024 3348
4328 3348
4072 3348
2 3348
5382 3349
4241 3349
5676 3349
2 3349
4564 3350
5186 3350
2 3350
4382 3351
4738 3351
5428 3351
5436 3351
4187 3351
5333 3351
2 3351
4324 3352
4502 3352
2 3352
4495 3353
5404 3353
4407 3353
5218 3353
5827 3353
5987 3353
2 3353
5617 3354
5671 3354
4954 3354
4612 3354
4268 3354
5384 3354
5212 3354
2 3354
5232 3355
5064 3355
5943 3355
5041 3355
4165 3355
2 3355
5782 3356
5277 3356
4846 3356
2 3356
5979 3357
4731 3357
5056 3357
2 3357
5815 3358
5136 3358
4734 3358
5744 3358
4470 3358
5610 3358
2 3358
5406 3359
5392 3359
4259 3359
5407 3359
5897 3359
5609 3359
2 3359
5794 3360
5325 3360
4205 3360
5972 3360
4876 3360
5639 3360
5833 3360
4018 3360
5848 3360
2 3360
4573 3361
5650 3361
4321 3361
5236 3361
4056 3361
5579 3361
5599 3361
2 3361
4093 3362
4253 3362
5897 3362
5272 3362
4242 3362
2 3362
5271 3363
4559 3363
4921 3363
5376 3363
5984 3363
4266 3363
2 3363
4569 3364
5385 3364
5197 3364
4729 3364
4769 3364
5680 3364
2 3364
4482 3365
5822 3365
4192 3365
4741 3365
4065 3365
5396 3365
5104 3365
4812 3365
5940 3365
2 3365
5918 3366
4521 3366
5647 3366
2 3366
5863 3367
4508 3367
5774 3367
4698 3367
5026 3367
5231 3367
5651 3367
4198 3367
2 3367
5244 3368
4585 3368
4262 3368
4724 3368
4727 3368
5626 3368
2 3368
5534 3369
5465 3369
5934 3369
4092 3369
4071 3369
5909 3369
5532 3369
2 3369
4199 3370
4838 3370
4411 3370
4252 3370
5841 3370
5517 3370
4731 3370
5605 3370
4039 3370
2 3370
4158 3371
5512 3371
5531 3371
4874 3371
5888 3371
5045 3371
5001 3371
5795 3371
5577 3371
2 3371
4697 3372
4174 3372
5017 3372
4925 3372
4553 3372
4880 3372
4839 3372
5281 3372
4866 3372
2 3372
4570 3373
5361 3373
2 3373
4820 3374
4828 3374
4619 3374
4835 3374
2 3374
5382 3375
5299 3375
4211 3375
4357 3375
5296 3375
4151 3375
4751 3375
4257 3375
4666 3375
2 3375
4572 3376
4270 3376
5519 3376
5562 3376
4052 3376
2 3376
5346 3377
4429 3377
4163 3377
5952 3377
5299 3377
4850 3377
2 3377
5764 3378
4140 3378
4216 3378
4030 3378
5334 3378
5274 3378
4574 3378
4409 3378
2 3378
4657 3379
5303 3379
5561 3379
2 3379
4830 3380
5604 3380
5761 3380
5338 3380
4757 3380
4790 3380
2 3380
4726 3381
4189 3381
5560 3381
5085 3381
4920 3381
5032 3381
2 3381
5791 3382
4562 3382
5010 3382
2 3382
4944 3383
4190 3383
4646 3383
5516 3383
2 3383
4162 3384
5740 3384
5861 3384
5111 3384
2 3384
4925 3385
4131 3385
5574 3385
5519 3385
5010 3385
5345 3385
4712 3385
2 3385
5287 3386
4146 3386
4519 3386
4793 3386
5277 3386
4663 3386
2 3386
5790 3387
5425 3387
4370 3387
4588 3387
4303 3387
5050 3387
2 3387
4992 3388
4183 3388
4155 3388
5546 3388
4708 3388
4099 3388
4318 3388
5991 3388
2 3388
5714 3389
4052 3389
5652 3389
5424 3389
5602 3389
5691 3389
4180 3389
4411 3389
5755 3389
2 3389
4282 3390
5968 3390
5564 3390
4195 3390
4797 3390
5268 3390
5474 3390
4463 3390
5292 3390
2 3390
4521 3391
4625 3391
5543 3391
4680 3391
2 3391
5542 3392
5977 3392
5606 3392
5921 3392
5707 3392
0 3392
2 3392
4454 3393
5948 3393
4948 3393
5003 3393
5042 3393
4216 3393
5989 3393
4060 3393
5037 3393
2 3393
5567 3394
4156 3394
5979 3394
5573 3394
4677 3394
4707 3394
4727 3394
4880 3394
2 3394
5861 3395
4564 3395
4380 3395
2 3395
4303 3396
4186 3396
5295 3396
4896 3396
4172 3396
4906 3396
5384 3396
4989 3396
2 3396
5820 3397
5450 3397
5080 3397
4826 3397
2 3397
5475 3398
4274 3398
5060 3398
5112 3398
4558 3398
5369 3398
4552 3398
5446 3398
2 3398
5473 3399
4190 3399
4270 3399
4275 3399
5982 3399
0 3399
2 3399
4212 3400
5912 3400
5862 3400
5406 3400
4673 3400
5272 3400
5665 3400
4336 3400
2 3400
4110 3401
5525 3401
5496 3401
5417 3401
4206 3401
5191 3401
4884 3401
5254 3401
2 3401
5472 3402
4211 3402
5829 3402
4298 3402
2 3402
4298 3403
4928 3403
5638 3403
5534 3403
4606 3403
4200 3403
5558 3403
2 3403
5735 3404
4457 3404
5846 3404
5468 3404
5702 3404
5949 3404
5751 3404
4737 3404
2 3404
5553 3405
4656 3405
4412 3405
4599 3405
4112 3405
4048 3405
2 3405
4865 3406
5431 3406
4586 3406
2 3406
4889 3407
4118 3407
4075 3407
4767 3407
4385 3407
4979 3407
4881 3407
5505 3407
2 3407
4962 3408
4379 3408
4335 3408
4024 3408
5861 3408
5463 3408
4767 3408
4202 3408
2 3408
5118 3409
5676 3409
4581 3409
4199 3409
5711 3409
2 3409
4718 3410
4745 3410
5192 3410
4342 3410
2 3410
5480 3411
5508 3411
4144 3411
5911 3411
4765 3411
4302 3411
2 3411
4044 3412
5880 3412
5085 3412
4410 3412
2 3412
4480 3413
5054 3413
5693 3413
5579 3413
0 3413
2 3413
4162 3414
4893 3414
5671 3414
5220 3414
5598 3414
5792 3414
5620 3414
4743 3414
4551 3414
2 3414
4162 3415
4747 3415
5149 3415
4295 3415
5154 3415
5722 3415
5462 3415
2 3415
5866 3416
4407 3416
4906 3416
5494 3416
4370 3416
4822 3416
2 3416
5775 3417
4540 3417
5601 3417
5092 3417
4728 3417
5535 3417
4186 3417
2 3417
5556 3418
4488 3418
5756 3418
2 3418
4490 3419
5240 3419
2 3419
5831 3420
4188 3420
2 3420
4687 3421
4145 3421
4210 3421
4289 3421
5972 3421
5647 3421
5638 3421
4697 3421
4020 3421
2 3421
5581 3422
5543 3422
4484 3422
2 3422
4292 3423
4586 3423
5642 3423
4775 3423
5367 3423
4932 3423
4409 3423
2 3423
5865 3424
5421 3424
4874 3424
4092 3424
4287 3424
4848 3424
5373 3424
2 3424
4318 3425
4937 3425
5820 3425
4735 3425
5988 3425
5015 3425
5927 3425
4106 3425
5411 3425
2 3425
4934 3426
5435 3426
4721 3426
5981 3426
4613 3426
4863 3426
2 3426
4358 3427
4437 3427
2 3427
4404 3428
4590 3428
4616 3428
4641 3428
5903 3428
4056 3428
5925 3428
2 3428
5724 3429
4931 3429
5875 3429
4255 3429
4588 3429
4135 3429
2 3429
4042 3430
5723 3430
5642 3430
2 3430
5561 3431
5127 3431
5289 3431
5789 3431
2 3431
4215 3432
5432 3432
4077 3432
4834 3432
4221 3432
4464 3432
5804 3432
2 3432
4215 3433
4624 3433
5733 3433
4368 3433
4781 3433
5976 3433
4120 3433
5432 3433
2 3433
5099 3434
5048 3434
2 3434
5457 3435
5559 3435
4297 3435
4459 3435
5354 3435
2 3435
5624 3436
5447 3436
2 3436
4423 3437
5252 3437
4379 3437
5917 3437
2 3437
4241 3438
4025 3438
5108 3438
4083 3438
5260 3438
5255 3438
5833 3438
2 3438
5394 3439
4472 3439
5362 3439
4944 3439
4786 3439
5946 3439
5913 3439
5109 3439
2 3439
5086 3440
4847 3440
4212 3440
4150 3440
5987 3440
4038 3440
4890 3440
4335 3440
5745 3440
2 3440
4756 3441
4005 3441
2 3441
4764 3442
4410 3442
4334 3442
4955 3442
4603 3442
4760 3442
4041 3442
5581 3442
2 3442
5012 3443
5198 3443
5207 3443
2 3443
4688 3444
4745 3444
4794 3444
4748 3444
4982 3444
5162 3444
4342 3444
4614 3444
2 3444
4742 3445
4127 3445
5458 3445
4486 3445
5838 3445
5411 3445
4129 3445
2 3445
4450 3446
5828 3446
5868 3446
4757 3446
4358 3446
5355 3446
4493 3446
4701 3446
5747 3446
2 3446
4559 3447
4921 3447
2 3447
4854 3448
4793 3448
5883 3448
5737 3448
5630 3448
4595 3448
4173 3448
5964 3448
2 3448
5930 3449
5977 3449
5718 3449
4513 3449
5397 3449
5542 3449
5191 3449
2 3449
4958 3450
4537 3450
5238 3450
5838 3450
4567 3450
5995 3450
5948 3450
4924 3450
2 3450
4301 3451
4518 3451
5612 3451
5334 3451
4030 3451
4272 3451
2 3451
5008 3452
5448 3452
5460 3452
4772 3452
2 3452
5689 3453
4051 3453
5973 3453
2 3453
4206 3454
4320 3454
5537 3454
2 3454
4510 3455
4021 3455
5421 3455
2 3455
4993 3456
5916 3456
4208 3456
5949 3456
5636 3456
4416 3456
5450 3456
2 3456
5346 3457
4175 3457
4638 3457
5017 3457
2 3457
5790 3458
4700 3458
5448 3458
4271 3458
2 3458
5049 3459
5815 3459
4662 3459
4388 3459
4953 3459
2 3459
5023 3460
4613 3460
5756 3460
4943 3460
5072 3460
4451 3460
2 3460
4848 3461
4362 3461
4869 3461
4331 3461
4116 3461
4515 3461
5715 3461
2 3461
5434 3462
4268 3462
5404 3462
5449 3462
5347 3462
5535 3462
4372 3462
5649 3462
2 3462
4645 3463
5471 3463
0 3463
4201 3463
2 3463
5162 3464
4723 3464
4780 3464
2 3464
4340 3465
4488 3465
5852 3465
4221 3465
5348 3465
5164 3465
4141 3465
4114 3465
5743 3465
2 3465
4501 3466
5620 3466
4777 3466
4321 3466
4822 3466
5415 3466
4620 3466
2 3466
4931 3467
5578 3467
2 3467
4525 3468
4769 3468
5678 3468
5201 3468
5920 3468
5445 3468
4368 3468
5466 3468
2 3468
4651 3469
4774 3469
4602 3469
5631 3469
2 3469
4728 3470
5375 3470
4373 3470
5891 3470
2 3470
4874 3471
5394 3471
4857 3471
4228 3471
4270 3471
5638 3471
5010 3471
2 3471
5177 3472
4316 3472
5407 3472
4218 3472
5083 3472
5210 3472
2 3472
5200 3473
5918 3473
5310 3473
4116 3473
5290 3473
2 3473
5673 3474
5039 3474
4539 3474
5800 3474
5516 3474
5715 3474
5045 3474
5317 3474
2 3474
5116 3475
4624 3475
5222 3475
5937 3475
5201 3475
4176 3475
5802 3475
4614 3475
2 3475
5960 3476
5384 3476
5698 3476
5423 3476
4178 3476
4468 3476
4469 3476
2 3476
5953 3477
4210 3477
2 3477
5684 3478
4174 3478
4713 3478
5140 3478
4603 3478
4549 3478
4393 3478
2 3478
4274 3479
4976 3479
5710 3479
4772 3479
2 3479
5718 3480
4383 3480
4975 3480
5928 3480
2 3480
4207 3481
4472 3481
4151 3481
5548 3481
5108 3481
4625 3481
5567 3481
5550 3481
2 3481
4158 3482
5442 3482
4841 3482
4281 3482
2 3482
5664 3483
5838 3483
2 3483
4554 3484
4997 3484
5132 3484
2 3484
5689 3485
5299 3485
4189 3485
5602 3485
2 3485
4694 3486
5378 3486
5831 3486
5778 3486
5066 3486
5931 3486
4141 3486
4369 3486
4494 3486
2 3486
5204 3487
4841 3487
4479 3487
5018 3487
2 3487
4157 3488
4802 3488
4065 3488
2 3488
5513 3489
4353 3489
4576 3489
4338 3489
5849 3489
5404 3489
4072 3489
4124 3489
5013 3489
2 3489
5539 3490
5946 3490
5531 3490
5330 3490
5366 3490
5499 3490
4204 3490
4988 3490
2 3490
5276 3491
4896 3491
5875 3491
4065 3491
2 3491
5053 3492
4559 3492
5417 3492
2 3492
4949 3493
5338 3493
5576 3493
4675 3493
4919 3493
4674 3493
2 3493
5772 3494
4296 3494
5544 3494
4962 3494
4827 3494
5513 3494
5206 3494
5449 3494
2 3494
5022 3495
5096 3495
4373 3495
5057 3495
5300 3495
4118 3495
4273 3495
2 3495
4784 3496
4245 3496
5025 3496
2 3496
5915 3497
4369 3497
4245 3497
4946 3497
5813 3497
2 3497
4086 3498
4439 3498
2 3498
4930 3499
5915 3499
4384 3499
4960 3499
5855 3499
5399 3499
2 3499
4076 3500
5042 3500
5670 3500
5820 3500
4304 3500
4504 3500
4941 3500
4030 3500
5751 3500
2 3500
5554 3501
5085 3501
4356 3501
4051 3501
4611 3501
5267 3501
4387 3501
5357 3501
4664 3501
2 3501
4966 3502
4326 3502
4128 3502
5334 3502
4567 3502
4555 3502
2 3502
4093 3503
5419 3503
2 3503
5907 3504
4510 3504
4419 3504
5414 3504
5560 3504
4768 3504
4051 3504
2 3504
5427 3505
5054 3505
2 3505
4486 3506
5839 3506
2 3506
5086 3507
4212 3507
4223 3507
5772 3507
5060 3507
4178 3507
5649 3507
5599 3507
2 3507
5138 3508
4852 3508
5172 3508
5629 3508
5364 3508
2 3508
5210 3509
5236 3509
4124 3509
2 3509
4325 3510
5920 3510
5131 3510
5370 3510
4339 3510
5093 3510
4221 3510
2 3510
5007 3511
5195 3511
4653 3511
5828 3511
5825 3511
2 3511
5710 3512
5375 3512
5033 3512
4741 3512
4038 3512
4827 3512
4285 3512
4403 3512
4197 3512
2 3512
5491 3513
5172 3513
4059 3513
4329 3513
5695 3513
4131 3513
5848 3513
5938 3513
5027 3513
2 3513
5720 3514
5508 3514
5240 3514
5618 3514
4913 3514
2 3514
5009 3515
5176 3515
4293 3515
4606 3515
4581 3515
4526 3515
2 3515
4558 3516
4319 3516
4248 3516
5407 3516
5924 3516
4896 3516
5643 3516
2 3516
5647 3517
5742 3517
5676 3517
4189 3517
5506 3517
4420 3517
2 3517
5198 3518
5842 3518
5825 3518
4675 3518
5874 3518
5761 3518
4170 3518
4645 3518
4508 3518
2 3518
5248 3519
4848 3519
4957 3519
4293 3519
2 3519
4114 3520
5678 3520
4808 3520
4245 3520
5493 3520
5301 3520
2 3520
5466 3521
5006 3521
5228 3521
2 3521
5060 3522
5401 3522
4406 3522
5724 3522
4556 3522
2 3522
4723 3523
4221 3523
5158 3523
5667 3523
4139 3523
2 3523
5797 3524
5937 3524
4859 3524
5023 3524
4383 3524
5164 3524
2 3524
5518 3525
5048 3525
4615 3525
5539 3525
4650 3525
4446 3525
5374 3525
2 3525
5055 3526
5249 3526
4160 3526
5248 3526
4857 3526
2 3526
4122 3527
5304 3527
4417 3527
5156 3527
5839 3527
2 3527
4195 3528
4161 3528
4248 3528
5371 3528
4641 3528
2 3528
4530 3529
5422 3529
2 3529
4621 3530
5793 3530
4898 3530
2 3530
5740 3531
5523 3531
2 3531
5989 3532
4775 3532
5529 3532
2 3532
4431 3533
5065 3533
5527 3533
5324 3533
4053 3533
2 3533
5159 3534
5359 3534
4597 3534
4665 3534
4129 3534
4026 3534
2 3534
5607 3535
4239 3535
4491 3535
4259 3535
4499 3535
5008 3535
5803 3535
2 3535
5271 3536
4415 3536
4412 3536
2 3536
4795 3537
5490 3537
5235 3537
5052 3537
5206 3537
4148 3537
4777 3537
2 3537
5020 3538
5657 3538
5141 3538
5009 3538
4751 3538
5902 3538
5765 3538
2 3538
5359 3539
4301 3539
4292 3539
5261 3539
2 3539
4517 3540
5042 3540
2 3540
5404 3541
5891 3541
2 3541
5087 3542
5880 3542
4575 3542
5099 3542
5841 3542
5248 3542
2 3542
5539 3543
4870 3543
4214 3543
5808 3543
4452 3543
4382 3543
0 3543
2 3543
4092 3544
5742 3544
4666 3544
5880 3544
5416 3544
2 3544
5329 3545
4777 3545
5675 3545
2 3545
5229 3546
4620 3546
4990 3546
5246 3546
4668 3546
2 3546
5983 3547
4185 3547
4975 3547
5131 3547
2 3547
5200 3548
4078 3548
5676 3548
5168 3548
2 3548
4276 3549
4323 3549
5040 3549
5709 3549
4430 3549
5644 3549
2 3549
5296 3550
5794 3550
2 3550
4913 3551
4512 3551
5360 3551
5994 3551
0 3551
5497 3551
4201 3551
5338 3551
4302 3551
2 3551
5349 3552
5194 3552
5836 3552
5588 3552
4756 3552
2 3552
5501 3553
4583 3553
5046 3553
5916 3553
5450 3553
4008 3553
4918 3553
4952 3553
5110 3553
2 3553
5034 3554
5272 3554
5716 3554
5273 3554
5285 3554
5599 3554
4251 3554
2 3554
5413 3555
5593 3555
4217 3555
5439 3555
4419 3555
4010 3555
4238 3555
5705 3555
5059 3555
2 3555
5986 3556
4191 3556
2 3556
4160 3557
5323 3557
4862 3557
2 3557
4454 3558
5150 3558
2 3558
5541 3559
4477 3559
5893 3559
4554 3559
5164 3559
4080 3559
2 3559
4349 3560
4834 3560
5410 3560
5661 3560
5797 3560
4475 3560
5066 3560
2 3560
5578 3561
4468 3561
5655 3561
4391 3561
4987 3561
4741 3561
5407 3561
4389 3561
4250 3561
2 3561
5587 3562
4101 3562
5697 3562
2 3562
5888 3563
5107 3563
2 3563
5958 3564
4062 3564
2 3564
5128 3565
5728 3565
4501 3565
4705 3565
4261 3565
5861 3565
4551 3565
2 3565
5136 3566
5118 3566
5713 3566
5185 3566
4460 3566
4722 3566
4217 3566
2 3566
5423 3567
4573 3567
5322 3567
4679 3567
4279 3567
2 3567
4249 3568
4092 3568
4147 3568
5482 3568
4177 3568
5408 3568
5492 3568
4089 3568
5027 3568
2 3568
4667 3569
4496 3569
4198 3569
4063 3569
2 3569
5812 3570
5802 3570
2 3570
5298 3571
4147 3571
4293 3571
5085 3571
4376 3571
5071 3571
5844 3571
4835 3571
2 3571
5106 3572
5657 3572
4887 3572
5045 3572
2 3572
5591 3573
5909 3573
5372 3573
2 3573
4298 3574
5881 3574
5290 3574
4484 3574
5944 3574
4083 3574
4187 3574
4089 3574
2 3574
5977 3575
5263 3575
4141 3575
5930 3575
4967 3575
5254 3575
4352 3575
5856 3575
5628 3575
2 3575
4181 3576
4588 3576
4797 3576
4107 3576
4705 3576
5772 3576
2 3576
4834 3577
5432 3577
5625 3577
4474 3577
4475 3577
4815 3577
2 3577
5921 3578
4346 3578
5335 3578
5385 3578
4613 3578
4898 3578
4632 3578
5435 3578
2 3578
4355 3579
5786 3579
2 3579
5837 3580
4847 3580
5955 3580
5474 3580
5371 3580
5486 3580
5779 3580
5792 3580
4105 3580
2 3580
5045 3581
5569 3581
4712 3581
5499 3581
4167 3581
5558 3581
4570 3581
4900 3581
4324 3581
2 3581
4766 3582
5566 3582
4970 3582
4898 3582
5597 3582
2 3582
5564 3583
5120 3583
5552 3583
5369 3583
4088 3583
2 3583
4997 3584
5162 3584
4193 3584
5370 3584
5417 3584
2 3584
4643 3585
4799 3585
4923 3585
5695 3585
4704 3585
4798 3585
5684 3585
4366 3585
2 3585
5988 3586
5440 3586
4537 3586
5672 3586
4783 3586
2 3586
4493 3587
5007 3587
5734 3587
4063 3587
4830 3587
4790 3587
2 3587
5904 3588
4263 3588
2 3588
4604 3589
5251 3589
4605 3589
4641 3589
4594 3589
5163 3589
2 3589
4008 3590
5995 3590
4326 3590
5443 3590
4278 3590
5377 3590
4122 3590
2 3590
4352 3591
5341 3591
2 3591
5120 3592
4495 3592
4404 3592
4837 3592
2 3592
5784 3593
4508 3593
4833 3593
4058 3593
4541 3593
5596 3593
4437 3593
2 3593
5093 3594
5399 3594
5194 3594
2 3594
4773 3595
5718 3595
5289 3595
4781 3595
4184 3595
4384 3595
4451 3595
5930 3595
5417 3595
2 3595
4748 3596
4750 3596
4033 3596
4120 3596
5921 3596
4773 3596
4433 3596
4473 3596
5957 3596
2 3596
4017 3597
4827 3597
4056 3597
4109 3597
4115 3597
4563 3597
2 3597
4933 3598
4808 3598
5432 3598
5127 3598
4608 3598
5066 3598
5864 3598
4781 3598
2 3598
5345 3599
4209 3599
5004 3599
4138 3599
5705 3599
2 3599
4472 3600
4357 3600
5009 3600
5362 3600
4238 3600
5020 3600
2 3600
5136 3601
5626 3601
5147 3601
4799 3601
4917 3601
4786 3601
4073 3601
2 3601
4427 3602
4048 3602
4384 3602
4112 3602
5456 3602
5725 3602
4690 3602
2 3602
5011 3603
5118 3603
2 3603
5653 3604
5994 3604
2 3604
5938 3605
4848 3605
4436 3605
5918 3605
5909 3605
5483 3605
4137 3605
5562 3605
2 3605
4360 3606
4296 3606
4985 3606
2 3606
5227 3607
4484 3607
4169 3607
4824 3607
5548 3607
5841 3607
4425 3607
5830 3607
2 3607
5527 3608
5157 3608
5564 3608
5837 3608
4235 3608
2 3608
4162 3609
4789 3609
5104 3609
4271 3609
4860 3609
4385 3609
4323 3609
4153 3609
5143 3609
2 3609
5371 3610
5090 3610
4296 3610
4181 3610
5968 3610
4938 3610
4385 3610
5899 3610
2 3610
5182 3611
5222 3611
5937 3611
4998 3611
4427 3611
5556 3611
4770 3611
4796 3611
4015 3611
2 3611
4737 3612
5988 3612
2 3612
5727 3613
5878 3613
2 3613
5839 3614
4609 3614
4578 3614
5137 3614
5199 3614
5850 3614
4544 3614
5922 3614
2 3614
5758 3615
4214 3615
4838 3615
5414 3615
4669 3615
4169 3615
5844 3615
4549 3615
4425 3615
2 3615
5566 3616
4644 3616
5752 3616
5224 3616
4808 3616
2 3616
5494 3617
4407 3617
4360 3617
4448 3617
2 3617
5034 3618
5068 3618
5530 3618
5872 3618
2 3618
4756 3619
5977 3619
5385 3619
5002 3619
2 3619
4825 3620
5514 3620
5376 3620
4005 3620
5632 3620
4048 3620
2 3620
4211 3621
5674 3621
4727 3621
4089 3621
4882 3621
5176 3621
4925 3621
2 3621
5575 3622
4905 3622
2 3622
4008 3623
4155 3623
5110 3623
4783 3623
4875 3623
2 3623
5546 3624
5464 3624
4361 3624
2 3624
5994 3625
4288 3625
0 3625
4524 3625
5266 3625
4063 3625
5497 3625
2 3625
4565 3626
4715 3626
2 3626
4186 3627
5968 3627
5538 3627
5447 3627
4844 3627
4135 3627
5598 3627
2 3627
5924 3628
4404 3628
4159 3628
5104 3628
4227 3628
2 3628
4823 3629
4897 3629
2 3629
4456 3630
4971 3630
4760 3630
4585 3630
4892 3630
4662 3630
2 3630
5096 3631
5186 3631
5822 3631
5040 3631
5803 3631
5575 3631
4011 3631
2 3631
4933 3632
4245 3632
4317 3632
4505 3632
4525 3632
4381 3632
4342 3632
4846 3632
2 3632
4035 3633
4930 3633
4193 3633
5680 3633
4943 3633
5135 3633
5454 3633
5919 3633
5956 3633
2 3633
4399 3634
5591 3634
4100 3634
4869 3634
2 3634
4390 3635
5478 3635
5240 3635
4009 3635
5828 3635
5572 3635
2 3635
5185 3636
5173 3636
2 3636
4979 3637
5665 3637
4987 3637
5903 3637
5396 3637
5872 3637
4633 3637
5446 3637
2 3637
5099 3638
4393 3638
5714 3638
5669 3638
5795 3638
5325 3638
4870 3638
5909 3638
4479 3638
2 3638
5308 3639
5700 3639
5472 3639
2 3639
4131 3640
5267 3640
5548 3640
4408 3640
5374 3640
4953 3640
4091 3640
4944 3640
5200 3640
2 3640
5195 3641
5029 3641
4421 3641
4903 3641
2 3641
4381 3642
4559 3642
4237 3642
5100 3642
5014 3642
4112 3642
4325 3642
4067 3642
4513 3642
2 3642
5554 3643
5518 3643
5647 3643
2 3643
5929 3644
5005 3644
2 3644
4660 3645
4997 3645
5228 3645
5712 3645
4719 3645
2 3645
5568 3646
4622 3646
4582 3646
4178 3646
2 3646
4233 3647
5221 3647
5929 3647
2 3647
4985 3648
5177 3648
4501 3648
4032 3648
4744 3648
5448 3648
5803 3648
5655 3648
5433 3648
2 3648
5166 3649
4604 3649
2 3649
4671 3650
4202 3650
4385 3650
4661 3650
4963 3650
5210 3650
5619 3650
5243 3650
2 3650
4338 3651
5475 3651
4380 3651
4767 3651
5340 3651
5513 3651
2 3651
4682 3652
4987 3652
4072 3652
2 3652
4249 3653
4137 3653
4702 3653
2 3653
5160 3654
5248 3654
5851 3654
5771 3654
4880 3654
4200 3654
5119 3654
4914 3654
2 3654
4872 3655
5641 3655
4544 3655
5359 3655
2 3655
4652 3656
4975 3656
5852 3656
4320 3656
4415 3656
5541 3656
5588 3656
4781 3656
2 3656
5408 3657
4087 3657
4190 3657
4090 3657
5990 3657
2 3657
5194 3658
5832 3658
2 3658
4583 3659
4529 3659
4626 3659
4826 3659
2 3659
4768 3660
4350 3660
5175 3660
4839 3660
4925 3660
2 3660
4486 3661
5595 3661
4821 3661
4326 3661
2 3661
4364 3662
5036 3662
4137 3662
2 3662
5906 3663
4381 3663
4349 3663
5170 3663
5588 3663
5975 3663
5566 3663
4580 3663
5712 3663
2 3663
5024 3664
5729 3664
4169 3664
2 3664
5184 3665
4364 3665
2 3665
5915 3666
5541 3666
4447 3666
5895 3666
2 3666
4837 3667
4695 3667
5229 3667
5925 3667
4931 3667
4588 3667
5849 3667
4856 3667
5955 3667
2 3667
4302 3668
4508 3668
4739 3668
4143 3668
4833 3668
5942 3668
5734 3668
4009 3668
5012 3668
2 3668
4598 3669
5279 3669
5675 3669
5268 3669
5307 3669
4576 3669
5252 3669
2 3669
4568 3670
5931 3670
5211 3670
2 3670
5394 3671
5758 3671
4697 3671
4267 3671
5133 3671
5044 3671
4838 3671
4547 3671
2 3671
5534 3672
5504 3672
4411 3672
5109 3672
4147 3672
4786 3672
4263 3672
4835 3672
2 3672
5537 3673
5900 3673
5852 3673
5115 3673
5514 3673
4762 3673
5777 3673
5706 3673
4438 3673
2 3673
4856 3674
4161 3674
4305 3674
5768 3674
5402 3674
5675 3674
4980 3674
2 3674
4249 3675
4755 3675
5515 3675
4835 3675
5913 3675
4801 3675
4324 3675
5577 3675
2 3675
5815 3676
4445 3676
5517 3676
5009 3676
4052 3676
4293 3676
5413 3676
5343 3676
5791 3676
2 3676
5441 3677
4504 3677
4630 3677
5003 3677
5764 3677
4993 3677
5536 3677
2 3677
5451 3678
4071 3678
4901 3678
4460 3678
4365 3678
2 3678
4737 3679
4951 3679
4782 3679
5846 3679
5905 3679
4097 3679
4864 3679
2 3679
5818 3680
5993 3680
4292 3680
4693 3680
4216 3680
5062 3680
4574 3680
4232 3680
5339 3680
2 3680
4524 3681
4699 3681
0 3681
4833 3681
2 3681
5598 3682
5474 3682
4991 3682
2 3682
4193 3683
4505 3683
5706 3683
4215 3683
4769 3683
2 3683
5817 3684
5374 3684
4277 3684
4281 3684
4210 3684
5753 3684
2 3684
4260 3685
5123 3685
4014 3685
4339 3685
4632 3685
4964 3685
4317 3685
5341 3685
2 3685
4543 3686
5512 3686
5298 3686
2 3686
4608 3687
4773 3687
5170 3687
4254 3687
5289 3687
4494 3687
5732 3687
5014 3687
2 3687
4375 3688
5405 3688
4126 3688
5734 3688
5596 3688
4450 3688
4465 3688
4288 3688
2 3688
5193 3689
5918 3689
4187 3689
5558 3689
5267 3689
4160 3689
4978 3689
4925 3689
2 3689
5372 3690
5122 3690
5888 3690
4828 3690
5299 3690
5172 3690
5413 3690
2 3690
5519 3691
4287 3691
4713 3691
5567 3691
5558 3691
4010 3691
2 3691
4536 3692
5085 3692
4275 3692
5244 3692
5118 3692
4458 3692
4669 3692
2 3692
5589 3693
5062 3693
4783 3693
2 3693
5003 3694
4583 3694
4993 3694
4600 3694
4304 3694
5150 3694
5949 3694
2 3694
4821 3695
4517 3695
5288 3695
4097 3695
5261 3695
5896 3695
5703 3695
2 3695
4347 3696
5446 3696
4612 3696
2 3696
5268 3697
5617 3697
4423 3697
5903 3697
5609 3697
4491 3697
2 3697
4979 3698
4822 3698
5551 3698
5253 3698
2 3698
4116 3699
5573 3699
2 3699
5650 3700
4906 3700
5675 3700
2 3700
4507 3701
5002 3701
4982 3701
5802 3701
4660 3701
4651 3701
4967 3701
5743 3701
5484 3701
2 3701
4819 3702
4344 3702
5959 3702
4943 3702
4921 3702
5974 3702
5777 3702
5066 3702
5174 3702
2 3702
5177 3703
4148 3703
4705 3703
5363 3703
5563 3703
4093 3703
4017 3703
5008 3703
4103 3703
2 3703
5178 3704
4899 3704
4804 3704
2 3704
4194 3705
5399 3705
5222 3705
5580 3705
2 3705
4216 3706
4952 3706
4394 3706
4128 3706
2 3706
4227 3707
4929 3707
4678 3707
4461 3707
4085 3707
5329 3707
2 3707
4384 3708
4176 3708
2 3708
5767 3709
4108 3709
4900 3709
4090 3709
4484 3709
4222 3709
5467 3709
2 3709
4940 3710
4603 3710
5421 3710
4006 3710
4091 3710
4238 3710
5275 3710
5313 3710
5823 3710
2 3710
5791 3711
5938 3711
5190 3711
5020 3711
4281 3711
5548 3711
2 3711
4236 3712
5978 3712
5979 3712
5366 3712
4870 3712
4841 3712
4203 3712
4199 3712
2 3712
4322 3713
5280 3713
4011 3713
4295 3713
4391 3713
4028 3713
5551 3713
2 3713
4616 3714
4582 3714
4772 3714
2 3714
5835 3715
4491 3715
4107 3715
5724 3715
4840 3715
5614 3715
2 3715
4486 3716
4140 3716
4129 3716
4117 3716
4440 3716
5078 3716
5309 3716
4868 3716
2 3716
4131 3717
5808 3717
5364 3717
5290 3717
4596 3717
4575 3717
2 3717
4103 3718
4673 3718
4197 3718
5509 3718
4979 3718
2 3718
5295 3719
5527 3719
5643 3719
4678 3719
5586 3719
5769 3719
2 3719
4210 3720
4814 3720
4102 3720
4044 3720
4503 3720
4217 3720
2 3720
5855 3721
5937 3721
5928 3721
4825 3721
5961 3721
4634 3721
5706 3721
4300 3721
4823 3721
2 3721
4147 3722
4293 3722
4528 3722
5393 3722
5967 3722
5168 3722
2 3722
4269 3723
5322 3723
5423 3723
4531 3723
2 3723
5176 3724
5142 3724
5344 3724
2 3724
4631 3725
4189 3725
2 3725
5954 3726
4773 3726
4986 3726
5964 3726
5831 3726
4652 3726
2 3726
4756 3727
4969 3727
5945 3727
4656 3727
5625 3727
5197 3727
4120 3727
4015 3727
5832 3727
2 3727
4979 3728
5395 3728
5660 3728
4333 3728
5688 3728
5646 3728
2 3728
4508 3729
4895 3729
5503 3729
4493 3729
5754 3729
2 3729
5894 3730
5636 3730
5458 3730
4720 3730
5438 3730
4280 3730
5464 3730
2 3730
5483 3731
5587 3731
5473 3731
4848 3731
5382 3731
5247 3731
4752 3731
4189 3731
2 3731
4708 3732
5871 3732
2 3732
4447 3733
5115 3733
4729 3733
4111 3733
4074 3733
4595 3733
2 3733
5684 3734
4786 3734
5326 3734
4252 3734
4771 3734
2 3734
4442 3735
4633 3735
4068 3735
5407 3735
5886 3735
2 3735
5727 3736
5796 3736
4456 3736
4839 3736
4156 3736
4419 3736
4324 3736
2 3736
5708 3737
4105 3737
4706 3737
5092 3737
2 3737
4444 3738
5535 3738
4995 3738
4837 3738
5857 3738
5419 3738
5321 3738
2 3738
5488 3739
4734 3739
5532 3739
4816 3739
5161 3739
2 3739
5305 3740
5416 3740
5389 3740
5106 3740
5056 3740
5421 3740
5824 3740
4923 3740
2 3740
4068 3741
5340 3741
4054 3741
5028 3741
4442 3741
5375 3741
2 3741
4538 3742
4536 3742
4542 3742
5841 3742
5890 3742
4727 3742
5085 3742
2 3742
5869 3743
5281 3743
5539 3743
4506 3743
4226 3743
2 3743
5078 3744
4586 3744
4099 3744
5458 3744
4868 3744
5672 3744
5612 3744
4326 3744
4937 3744
2 3744
5898 3745
4323 3745
4040 3745
2 3745
5990 3746
5504 3746
2 3746
4819 3747
4254 3747
2 3747
5607 3748
4837 3748
5276 3748
4443 3748
5262 3748
2 3748
5322 3749
4591 3749
2 3749
4522 3750
4080 3750
4930 3750
4184 3750
5895 3750
4554 3750
2 3750
5805 3751
5093 3751
5379 3751
5975 3751
5116 3751
2 3751
4285 3752
5437 3752
4373 3752
4556 3752
4397 3752
4976 3752
5177 3752
2 3752
4541 3753
5754 3753
5943 3753
5720 3753
4061 3753
2 3753
4149 3754
5356 3754
4364 3754
4689 3754
4275 3754
4957 3754
5934 3754
4562 3754
5455 3754
2 3754
4784 3755
4400 3755
5625 3755
5856 3755
4788 3755
4921 3755
4369 3755
5121 3755
5712 3755
2 3755
5335 3756
4602 3756
4916 3756
4636 3756
5615 3756
4215 3756
5162 3756
2 3756
5156 3757
4586 3757
5846 3757
5202 3757
4457 3757
2 3757
4850 3758
4222 3758
2 3758
4454 3759
5309 3759
4008 3759
4951 3759
4567 3759
2 3759
5631 3760
4012 3760
2 3760
5079 3761
4441 3761
4629 3761
4198 3761
4421 3761
5879 3761
2 3761
4686 3762
5160 3762
4341 3762
5357 3762
4920 3762
5512 3762
5748 3762
5109 3762
2 3762
5094 3763
4868 3763
4708 3763
2 3763
5790 3764
4240 3764
4355 3764
5398 3764
2 3764
4167 3765
5691 3765
5362 3765
4241 3765
5004 3765
5039 3765
4138 3765
4059 3765
2 3765
5963 3766
4278 3766
4097 3766
5948 3766
2 3766
4147 3767
5374 3767
4359 3767
4031 3767
5685 3767
4209 3767
5817 3767
5569 3767
2 3767
5659 3768
5925 3768
4936 3768
4616 3768
5404 3768
2 3768
4758 3769
5778 3769
4975 3769
4266 3769
2 3769
5494 3770
4594 3770
4068 3770
2 3770
4433 3771
5782 3771
5855 3771
5964 3771
2 3771
5224 3772
4139 3772
5121 3772
4965 3772
4415 3772
5507 3772
4110 3772
4819 3772
4746 3772
2 3772
5296 3773
4973 3773
4838 3773
5669 3773
4101 3773
2 3773
5541 3774
4245 3774
4608 3774
5631 3774
5893 3774
2 3774
4178 3775
4837 3775
4054 3775
4705 3775
2 3775
4786 3776
4892 3776
4799 3776
4713 3776
5878 3776
4108 3776
4094 3776
2 3776
4168 3777
5883 3777
4773 3777
4055 3777
5921 3777
2 3777
4738 3778
5331 3778
5776 3778
2 3778
4469 3779
4802 3779
4230 3779
4242 3779
4787 3779
5469 3779
5690 3779
2 3779
5193 3780
4704 3780
5299 3780
4538 3780
5881 3780
5310 3780
5345 3780
2 3780
5942 3781
5653 3781
5825 3781
4508 3781
5198 3781
2 3781
4898 3782
5223 3782
5123 3782
4433 3782
4660 3782
4986 3782
2 3782
4782 3783
4555 3783
4623 3783
5213 3783
5642 3783
5327 3783
5916 3783
4609 3783
2 3783
5424 3784
4702 3784
5416 3784
5176 3784
4175 3784
4467 3784
5755 3784
2 3784
4677 3785
5557 3785
5972 3785
5980 3785
4462 3785
4263 3785
2 3785
5163 3786
4832 3786
4564 3786
5423 3786
5322 3786
4777 3786
5280 3786
4520 3786
2 3786
4390 3787
5302 3787
2 3787
4997 3788
5733 3788
5496 3788
4834 3788
5277 3788
4762 3788
4368 3788
5928 3788
2 3788
4674 3789
4358 3789
4701 3789
5749 3789
2 3789
5366 3790
4426 3790
2 3790
4124 3791
5535 3791
5034 3791
5876 3791
4103 3791
5582 3791
5509 3791
5898 3791
4732 3791
2 3791
5056 3792
4543 3792
4914 3792
4764 3792
4277 3792
5011 3792
4638 3792
2 3792
4663 3793
5263 3793
4243 3793
5631 3793
5158 3793
4916 3793
5417 3793
2 3793
5024 3794
4199 3794
5172 3794
4572 3794
5148 3794
2 3794
5132 3795
5387 3795
4550 3795
4043 3795
5541 3795
5679 3795
4447 3795
4599 3795
2 3795
4249 3796
5129 3796
4510 3796
5284 3796
5652 3796
4866 3796
5382 3796
5562 3796
2 3796
5529 3797
5327 3797
5015 3797
5536 3797
4708 3797
4693 3797
2 3797
4785 3798
5333 3798
5967 3798
5428 3798
5771 3798
5344 3798
5030 3798
4925 3798
5972 3798
2 3798
5860 3799
4317 3799
5542 3799
5222 3799
2 3799
4146 3800
5234 3800
5831 3800
4632 3800
2 3800
5659 3801
4856 3801
4049 3801
5683 3801
4423 3801
5929 3801
4700 3801
4810 3801
5446 3801
2 3801
4918 3802
5894 3802
2 3802
4130 3803
4993 3803
4737 3803
4742 3803
4304 3803
5450 3803
4952 3803
2 3803
5351 3804
4461 3804
4696 3804
4404 3804
5622 3804
5798 3804
4282 3804
4335 3804
4104 3804
2 3804
5055 3805
5056 3805
4471 3805
5851 3805
4388 3805
2 3805
4269 3806
4037 3806
4963 3806
5054 3806
4563 3806
4239 3806
4431 3806
5867 3806
5688 3806
2 3806
4746 3807
4780 3807
5399 3807
5928 3807
5430 3807
4513 3807
2 3807
5843 3808
5334 3808
4818 3808
5304 3808
4640 3808
4958 3808
4022 3808
4720 3808
2 3808
4548 3809
4659 3809
5400 3809
2 3809
4787 3810
4256 3810
5253 3810
4353 3810
5449 3810
5666 3810
5914 3810
2 3810
5906 3811
5981 3811
4774 3811
2 3811
4282 3812
5659 3812
4976 3812
2 3812
5416 3813
4689 3813
5457 3813
5217 3813
2 3813
5208 3814
5670 3814
5818 3814
4665 3814
5431 3814
4735 3814
5080 3814
4140 3814
5075 3814
0 3814
2 3814
4183 3815
4489 3815
5080 3815
2 3815
5500 3816
5947 3816
4431 3816
5857 3816
4159 3816
2 3816
4499 3817
5398 3817
5082 3817
2 3817
5604 3818
5064 3818
4919 3818
5180 3818
4009 3818
2 3818
4886 3819
4397 3819
5163 3819
5620 3819
4858 3819
5827 3819
5034 3819
5401 3819
4072 3819
2 3819
4477 3820
5804 3820
5201 3820
5376 3820
5661 3820
5802 3820
4120 3820
4613 3820
2 3820
4789 3821
5609 3821
2 3821
5153 3822
4320 3822
5155 3822
5628 3822
4243 3822
5597 3822
4997 3822
4823 3822
4152 3822
2 3822
5265 3823
5763 3823
5558 3823
5652 3823
4356 3823
5880 3823
5674 3823
2 3823
5294 3824
4249 3824
4386 3824
5249 3824
5416 3824
2 3824
4249 3825
4420 3825
4151 3825
5472 3825
5165 3825
5577 3825
5134 3825
5548 3825
2 3825
5431 3826
5411 3826
4122 3826
2 3826
4014 3827
4634 3827
4627 3827
5855 3827
4758 3827
4637 3827
5511 3827
4642 3827
4651 3827
2 3827
5748 3828
4798 3828
4920 3828
5610 3828
4866 3828
5705 3828
5952 3828
2 3828
4729 3829
5661 3829
4133 3829
4139 3829
5632 3829
4599 3829
5667 3829
2 3829
5655 3830
4113 3830
5564 3830
5502 3830
5068 3830
5082 3830
2 3830
4660 3831
5732 3831
4188 3831
2 3831
4881 3832
4132 3832
5246 3832
5295 3832
2 3832
4066 3833
4229 3833
4677 3833
4733 3833
5748 3833
5593 3833
4382 3833
4310 3833
2 3833
5613 3834
4316 3834
2 3834
5680 3835
4337 3835
4475 3835
4719 3835
4047 3835
5410 3835
5930 3835
4007 3835
5520 3835
2 3835
5837 3836
4389 3836
5285 3836
5065 3836
4840 3836
2 3836
4182 3837
4778 3837
5381 3837
4534 3837
4417 3837
4693 3837
5042 3837
5230 3837
2 3837
5396 3838
5067 3838
4397 3838
5268 3838
5675 3838
2 3838
5092 3839
4405 3839
5655 3839
4692 3839
4959 3839
5076 3839
2 3839
5912 3840
4468 3840
4761 3840
4683 3840
2 3840
5302 3841
5618 3841
4645 3841
4949 3841
5863 3841
4288 3841
2 3841
5385 3842
5417 3842
4171 3842
5588 3842
5812 3842
2 3842
5851 3843
4089 3843
5330 3843
5290 3843
4281 3843
4707 3843
4713 3843
2 3843
5931 3844
5957 3844
4488 3844
5630 3844
2 3844
5983 3845
5632 3845
4400 3845
5093 3845
2 3845
5150 3846
4106 3846
2 3846
4555 3847
5274 3847
5367 3847
5701 3847
4749 3847
4597 3847
4278 3847
5381 3847
4567 3847
2 3847
5399 3848
5628 3848
4043 3848
5627 3848
4166 3848
5537 3848
4381 3848
4427 3848
5182 3848
2 3848
5309 3849
4555 3849
5871 3849
4042 3849
5703 3849
5642 3849
5896 3849
4640 3849
4864 3849
2 3849
4707 3850
5771 3850
4207 3850
5962 3850
5290 3850
2 3850
5364 3851
5946 3851
5806 3851
5973 3851
4418 3851
5711 3851
5904 3851
4371 3851
2 3851
5772 3852
4453 3852
4551 3852
4335 3852
5096 3852
5475 3852
5766 3852
2 3852
5524 3853
4335 3853
5403 3853
5396 3853
5803 3853
5209 3853
4372 3853
5929 3853
2 3853
5734 3854
4390 3854
2 3854
5660 3855
4401 3855
5986 3855
5862 3855
4497 3855
5809 3855
2 3855
4611 3856
4411 3856
4039 3856
4712 3856
4911 3856
5705 3856
2 3856
4897 3857
4369 3857
4141 3857
5226 3857
4352 3857
4007 3857
4219 3857
5836 3857
5117 3857
2 3857
5566 3858
5271 3858
2 3858
4919 3859
4288 3859
4013 3859
5572 3859
5079 3859
5863 3859
4524 3859
2 3859
4093 3860
5917 3860
4936 3860
5111 3860
4405 3860
4682 3860
4274 3860
2 3860
4943 3861
5668 3861
4412 3861
2 3861
4995 3862
5092 3862
5857 3862
4514 3862
5578 3862
5693 3862
5683 3862
4085 3862
4641 3862
2 3862
4383 3863
5445 3863
5959 3863
4346 3863
5368 3863
4809 3863
5006 3863
2 3863
5052 3864
5402 3864
5229 3864
4747 3864
4829 3864
2 3864
5646 3865
4620 3865
5665 3865
5395 3865
5276 3865
2 3865
4156 3866
5972 3866
4908 3866
5106 3866
5203 3866
5705 3866
5099 3866
5165 3866
2 3866
4623 3867
4600 3867
5536 3867
4280 3867
4008 3867
5702 3867
2 3867
4887 3868
4277 3868
4429 3868
5771 3868
5185 3868
5330 3868
4535 3868
2 3868
5309 3869
5965 3869
4826 3869
2 3869
4776 3870
5473 3870
2 3870
5857 3871
4212 3871
5447 3871
4389 3871
5564 3871
2 3871
4891 3872
5533 3872
4661 3872
4011 3872
5722 3872
2 3872
4664 3873
4841 3873
5185 3873
5531 3873
4217 3873
5585 3873
2 3873
4395 3874
4770 3874
5717 3874
5712 3874
4721 3874
5025 3874
2 3874
4528 3875
5519 3875
5372 3875
5345 3875
4547 3875
2 3875
5926 3876
5633 3876
5652 3876
4572 3876
4399 3876
5356 3876
4100 3876
4263 3876
2 3876
5068 3877
5052 3877
5407 3877
4028 3877
4406 3877
4497 3877
5659 3877
2 3877
4061 3878
4508 3878
5012 3878
5479 3878
4541 3878
4512 3878
2 3878
4677 3879
5374 3879
4768 3879
4382 3879
5926 3879
2 3879
5440 3880
5839 3880
2 3880
5852 3881
4569 3881
5782 3881
5648 3881
5445 3881
5370 3881
5385 3881
5717 3881
5738 3881
2 3881
4097 3882
5293 3882
4008 3882
2 3882
4703 3883
5181 3883
4632 3883
5801 3883
2 3883
5290 3884
4238 3884
4848 3884
5884 3884
5689 3884
2 3884
4523 3885
4937 3885
5450 3885
2 3885
5308 3886
4341 3886
4211 3886
4549 3886
4751 3886
4051 3886
5107 3886
5265 3886
2 3886
5576 3887
0 3887
2 3887
4530 3888
5864 3888
5547 3888
4710 3888
4133 3888
4344 3888
2 3888
5731 3889
4881 3889
4017 3889
5622 3889
4186 3889
5423 3889
4024 3889
5867 3889
2 3889
5019 3890
4359 3890
5765 3890
5697 3890
5299 3890
4439 3890
4957 3890
4102 3890
4492 3890
2 3890
4619 3891
4196 3891
4399 3891
2 3891
5486 3892
5872 3892
5887 3892
5709 3892
4431 3892
4633 3892
5375 3892
5307 3892
5675 3892
2 3892
5421 3893
5990 3893
4021 3893
4562 3893
4535 3893
2 3893
5179 3894
5467 3894
4528 3894
5298 3894
5882 3894
4177 3894
5755 3894
5049 3894
5532 3894
2 3894
4996 3895
5258 3895
2 3895
4099 3896
5600 3896
5995 3896
2 3896
5672 3897
5896 3897
4883 3897
4280 3897
4301 3897
4155 3897
2 3897
5368 3898
4599 3898
4308 3898
5153 3898
5615 3898
4815 3898
4110 3898
2 3898
5058 3899
4970 3899
4427 3899
5174 3899
5511 3899
5084 3899
5410 3899
2 3899
4431 3900
4279 3900
4251 3900
4449 3900
4832 3900
2 3900
5556 3901
5712 3901
5484 3901
5456 3901
5630 3901
4047 3901
0 3901
2 3901
5685 3902
4592 3902
5439 3902
5074 3902
5362 3902
4697 3902
2 3902
4732 3903
4832 3903
4157 3903
5925 3903
5403 3903
2 3903
4432 3904
5343 3904
4091 3904
5428 3904
5291 3904
4145 3904
5558 3904
2 3904
4083 3905
4145 3905
5685 3905
5697 3905
4801 3905
5027 3905
5962 3905
2 3905
4390 3906
5942 3906
5198 3906
4170 3906
5503 3906
5240 3906
4674 3906
4490 3906
5476 3906
2 3906
4572 3907
4939 3907
5727 3907
5249 3907
4593 3907
2 3907
5361 3908
4908 3908
4973 3908
4484 3908
5946 3908
4169 3908
5106 3908
2 3908
5230 3909
4749 3909
5993 3909
4826 3909
4097 3909
5702 3909
2 3909
4487 3910
4283 3910
5107 3910
4313 3910
4277 3910
4836 3910
5010 3910
4275 3910
2 3910
5366 3911
5330 3911
2 3911
4233 3912
4827 3912
5444 3912
4741 3912
4330 3912
4671 3912
5322 3912
2 3912
4870 3913
4018 3913
4189 3913
5294 3913
5990 3913
5605 3913
4572 3913
5806 3913
2 3913
4214 3914
4145 3914
4177 3914
4108 3914
4470 3914
5106 3914
5472 3914
2 3914
4327 3915
4777 3915
4558 3915
4253 3915
5759 3915
4401 3915
5603 3915
2 3915
5909 3916
4874 3916
5188 3916
2 3916
5236 3917
4323 3917
4104 3917
5925 3917
4706 3917
2 3917
5145 3918
4698 3918
5726 3918
2 3918
4126 3919
4949 3919
5923 3919
4306 3919
4450 3919
4198 3919
4790 3919
5480 3919
5029 3919
2 3919
4096 3920
5834 3920
4070 3920
5634 3920
5084 3920
4110 3920
5194 3920
2 3920
5686 3921
4373 3921
4442 3921
4038 3921
4124 3921
4931 3921
4045 3921
2 3921
4839 3922
5626 3922
5136 3922
4848 3922
4909 3922
4662 3922
5106 3922
5605 3922
2 3922
4152 3923
5964 3923
5954 3923
5611 3923
5895 3923
4438 3923
5706 3923
5789 3923
4395 3923
2 3923
4982 3924
4477 3924
5222 3924
2 3924
5697 3925
4331 3925
5291 3925
4596 3925
2 3925
5053 3926
5937 3926
2 3926
5774 3927
5911 3927
4739 3927
5297 3927
2 3927
4255 3928
5750 3928
4307 3928
4682 3928
5903 3928
5731 3928
4741 3928
2 3928
4361 3929
5536 3929
4861 3929
2 3929
5509 3930
5028 3930
5875 3930
4641 3930
5215 3930
5253 3930
2 3930
4675 3931
5788 3931
2 3931
5736 3932
4653 3932
5734 3932
2 3932
5763 3933
4901 3933
5884 3933
5658 3933
5190 3933
2 3933
4118 3934
4732 3934
5423 3934
4692 3934
4777 3934
2 3934
5338 3935
5195 3935
5651 3935
5302 3935
5079 3935
5316 3935
4493 3935
5264 3935
4709 3935
2 3935
5468 3936
5062 3936
4924 3936
5441 3936
5110 3936
5365 3936
5238 3936
4234 3936
5015 3936
2 3936
5148 3937
5950 3937
4425 3937
4283 3937
2 3937
5090 3938
4482 3938
4546 3938
4305 3938
5599 3938
5157 3938
4563 3938
5425 3938
4564 3938
0 3938
2 3938
5927 3939
4586 3939
4883 3939
5723 3939
5670 3939
4775 3939
4948 3939
2 3939
5495 3940
5928 3940
5547 3940
4522 3940
5648 3940
5537 3940
5025 3940
2 3940
5333 3941
5140 3941
5882 3941
5516 3941
4852 3941
4917 3941
2 3941
5323 3942
4869 3942
2 3942
4678 3943
4231 3943
5243 3943
5307 3943
5722 3943
2 3943
5846 3944
5641 3944
4849 3944
4129 3944
5703 3944
4555 3944
5723 3944
2 3944
5617 3945
5745 3945
5329 3945
5614 3945
4079 3945
2 3945
5418 3946
5959 3946
5906 3946
5547 3946
5256 3946
4960 3946
4077 3946
4433 3946
2 3946
5503 3947
4833 3947
4698 3947
5198 3947
4421 3947
2 3947
4885 3948
4255 3948
2 3948
5660 3949
5768 3949
5076 3949
2 3949
4285 3950
5212 3950
5500 3950
4499 3950
5008 3950
4404 3950
5698 3950
5082 3950
4157 3950
2 3950
4213 3951
5911 3951
4348 3951
4639 3951
4390 3951
0 3951
4629 3951
5479 3951
2 3951
4749 3952
5003 3952
5359 3952
5965 3952
5664 3952
4361 3952
5091 3952
4122 3952
2 3952
5532 3953
4238 3953
2 3953
4849 3954
4640 3954
5839 3954
5764 3954
4518 3954
5339 3954
5877 3954
0 3954
2 3954
4280 3955
5641 3955
4578 3955
5327 3955
2 3955
5486 3956
4407 3956
4054 3956
4491 3956
2 3956
5845 3957
5310 3957
4087 3957
5336 3957
5165 3957
5004 3957
5482 3957
4492 3957
2 3957
5844 3958
4203 3958
2 3958
4536 3959
4973 3959
4471 3959
4287 3959
5139 3959
2 3959
5609 3960
4202 3960
5857 3960
4888 3960
4556 3960
5908 3960
4181 3960
4251 3960
2 3960
5510 3961
5564 3961
5530 3961
5710 3961
5086 3961
5538 3961
4296 3961
4891 3961
2 3961
5574 3962
5727 3962
4542 3962
5134 3962
4876 3962
2 3962
4591 3963
5966 3963
5914 3963
4741 3963
2 3963
4064 3964
4264 3964
5264 3964
5338 3964
4674 3964
4903 3964
5923 3964
5207 3964
2 3964
5525 3965
5739 3965
5712 3965
5725 3965
5682 3965
4522 3965
5852 3965
5066 3965
2 3965
4264 3966
4541 3966
5355 3966
5651 3966
2 3966
4727 3967
4052 3967
4643 3967
4799 3967
5354 3967
5944 3967
5085 3967
2 3967
4426 3968
5000 3968
5343 3968
4687 3968
2 3968
4018 3969
4387 3969
5310 3969
2 3969
4215 3970
5066 3970
5194 3970
5553 3970
5487 3970
4621 3970
2 3970
4460 3971
5755 3971
4702 3971
4648 3971
2 3971
4637 3972
4721 3972
4120 3972
4745 3972
5072 3972
5341 3972
4014 3972
4859 3972
4750 3972
2 3972
4909 3973
5345 3973
5350 3973
4467 3973
5633 3973
5492 3973
4697 3973
5851 3973
4503 3973
2 3973
5746 3974
5266 3974
4213 3974
5923 3974
4466 3974
5029 3974
4465 3974
4999 3974
2 3974
5599 3975
4576 3975
5319 3975
5887 3975
2 3975
4468 3976
4858 3976
4744 3976
5873 3976
5924 3976
2 3976
5778 3977
5677 3977
4337 3977
5743 3977
5097 3977
5760 3977
5487 3977
5211 3977
2 3977
4011 3978
4040 3978
5698 3978
4103 3978
5449 3978
4829 3978
4109 3978
5917 3978
5786 3978
2 3978
5317 3979
5140 3979
5318 3979
2 3979
5367 3980
4127 3980
4129 3980
5991 3980
4966 3980
4489 3980
4326 3980
4630 3980
2 3980
5005 3981
5722 3981
4577 3981
4372 3981
4976 3981
5925 3981
2 3981
4152 3982
5801 3982
5730 3982
4513 3982
2 3982
5789 3983
4568 3983
4320 3983
5730 3983
5073 3983
4716 3983
5752 3983
2 3983
4802 3984
5853 3984
4109 3984
5272 3984
5929 3984
5149 3984
4877 3984
4588 3984
5940 3984
2 3984
5849 3985
4551 3985
5105 3985
5446 3985
5052 3985
4290 3985
2 3985
5055 3986
4149 3986
4575 3986
4547 3986
4670 3986
4968 3986
4956 3986
2 3986
5122 3987
5317 3987
2 3987
4160 3988
5713 3988
5196 3988
2 3988
4616 3989
5447 3989
2 3989
4319 3990
4107 3990
4224 3990
5178 3990
5660 3990
5686 3990
5272 3990
4284 3990
2 3990
4998 3991
4415 3991
4794 3991
4718 3991
2 3991
4105 3992
4442 3992
4579 3992
5940 3992
4468 3992
4259 3992
2 3992
5176 3993
4036 3993
4189 3993
4246 3993
4968 3993
5639 3993
4892 3993
2 3993
0 3994
4675 3994
5604 3994
5198 3994
4136 3994
5754 3994
2 3994
5015 3995
5672 3995
4454 3995
4216 3995
4523 3995
4783 3995
2 3995
4619 3996
5011 3996
5944 3996
5518 3996
2 3996
5020 3997
4801 3997
4257 3997
4912 3997
4382 3997
5560 3997
4910 3997
2 3997
5960 3998
5157 3998
2 3998
5356 3999
5373 3999
5534 3999
4717 3999
5455 3999
5647 3999
5109 3999
2 3999
4443 4000
5090 4000
4668 4000
4551 4000
5500 4000
2 4000
4019 4001
4952 4001
4292 4001
4130 4001
5922 4001
2 4001
4872 4002
5536 4002
5094 4002
4022 4002
5334 4002
5150 4002
2 4002
4966 4003
5701 4003
4800 4003
4106 4003
5094 4003
5820 4003
4354 4003
5438 4003
2 4003
4169 4004
5317 4004
5880 4004
4798 4004
5935 4004
4768 4004
2 4004
2 4005
4488 4007
4384 4007
247 4009
745 4009
5122 4010
1914 4013
1344 4013
1299 4027
5812 4035
4096 4035
4338 4040
5463 4053
4068 4053
801 4058
119 4061
1325 4061
848 4063
1380 4063
930 4063
1607 4063
1910 4063
362 4063
1867 4063
840 4063
1499 4063
1985 4063
1150 4064
1486 4064
438 4064
1654 4064
1576 4064
1520 4064
1507 4064
895 4064
410 4064
1672 4064
5157 4072
5141 4078
4186 4093
4987 4093
5701 4099
5091 4099
5818 4106
4668 4107
4789 4107
1128 4123
1851 4126
1141 4126
546 4136
4534 4140
1735 4143
280 4143
1701 4143
1903 4143
1687 4143
1970 4143
1137 4143
1191 4143
964 4143
560 4143
425 4144
4062 4148
5924 4148
5645 4158
1408 4165
756 4170
991 4170
5839 4183
5970 4187
4836 4187
5753 4190
5585 4190
1166 4198
892 4198
1334 4201
1723 4201
5354 4204
5010 4204
897 4213
5743 4245
5756 4245
4483 4250
4980 4250
4115 4253
5366 4257
1013 4264
4185 4266
4982 4266
4968 4283
123 4288
1285 4288
5508 4288
5852 4300
1877 4302
5724 4303
658 4306
1585 4306
4077 4308
5194 4308
5146 4313
4843 4315
4525 4317
5919 4340
1065 4348
1286 4348
5510 4355
1688 4358
1312 4375
4121 4389
4499 4389
1257 4390
4453 4397
5756 4412
545 4421
1998 4421
4033 4433
5945 4433
1600 4437
592 4441
1796 4441
4375 4441
975 4450
414 4450
5479 4450
5377 4454
4783 4454
711 4465
82 4466
4149 4470
5633 4470
5006 4473
5337 4478
5956 4478
1598 4485
1742 4485
910 4490
851 4490
1937 4490
136 4490
287 4490
1857 4490
1987 4490
82 4490
387 4490
199 4490
1247 4490
644 4490
1250 4490
684 4490
1862 4490
1759 4490
1333 4490
367 4490
886 4490
528 4490
484 4490
138 4490
96 4490
422 4490
202 4490
786 4490
1906 4490
926 4490
1509 4490
1288 4490
67 4490
1342 4490
374 4490
1844 4490
868 4490
867 4490
1641 4490
380 4490
1522 4490
755 4490
536 4490
1492 4490
711 4490
1130 4490
155 4490
1587 4490
1778 4490
725 4490
1103 4490
1883 4490
493 4493
327 4493
839 4493
1943 4493
991 4493
1650 4493
1190 4493
1469 4493
357 4493
1789 4493
1194 4496
5545 4500
4145 4500
4070 4507
1283 4508
201 4508
1729 4512
1738 4524
391 4524
841 4527
957 4527
4552 4531
5790 4531
4730 4534
5636 4534
1829 4541
5749 4541
5651 4541
4756 4550
4142 4550
5068 4551
4292 4555
4761 4563
4497 4563
4148 4577
4377 4577
1682 4601
659 4607
5812 4613
5194 4613
458 4617
1787 4617
1602 4629
644 4629
1034 4639
1404 4645
1092 4645
5657 4648
1117 4653
1006 4653
1751 4655
4854 4659
746 4667
62 4674
247 4675
4612 4682
5311 4682
5287 4690
4898 4690
4240 4696
5505 4696
457 4698
73 4698
740 4699
142 4701
5269 4701
5747 4701
5307 4706
5500 4706
490 4709
4670 4717
5087 4717
1207 4725
5312 4737
4318 4737
1036 4739
1341 4754
1702 4757
1679 4757
4670 4759
4755 4759
1575 4765
4704 4768
5711 4768
4812 4772
4323 4772
5764 4779
5587 4785
5729 4785
226 4790
1594 4790
5370 4794
4888 4802
5399 4809
4281 4816
5440 4818
5595 4818
4554 4819
5760 4819
4477 4825
879 4830
1855 4833
1666 4833
4830 4833
4815 4834
5679 4834
299 4842
5075 4849
4233 4851
5579 4858
5047 4858
5880 4862
5833 4862
4542 4880
4572 4880
96 4895
1198 4903
1943 4903
1878 4907
1565 4907
1619 4907
1936 4907
1681 4907
541 4907
1303 4907
228 4907
1522 4907
1694 4907
5184 4910
5978 4910
1785 4913
4545 4914
4293 4914
916 4919
1760 4919
1134 4949
5820 4952
5345 4956
4709 4981
1153 4981
1593 4981
900 4981
693 4981
1935 4981
806 4981
1298 4981
679 4981
1565 4981
722 4981
1619 4981
1257 4981
1516 4981
853 4981
79 4981
1636 4981
408 4981
1628 4981
534 4981
1313 4981
568 4981
1388 4981
73 4981
845 4981
971 4981
340 4981
1834 4981
964 4981
1959 4981
1325 4981
93 4981
488 4981
359 4981
820 4981
1365 4981
1473 4981
1873 4981
2003 4981
1701 4981
651 4981
1498 4981
354 4981
367 4981
1647 4981
1256 4981
382 4981
765 4981
34 4981
1411 4981
296 4981
4987 4985
5693 4985
4894 4986
4011 4995
5840 4995
923 4999
5828 4999
1124 5007
934 5007
4010 5010
1031 5012
5399 5023
5445 5023
653 5026
199 5029
556 5041
130 5041
4620 5047
1482 5051
5748 5056
4203 5056
5756 5058
4092 5059
5658 5059
615 5064
802 5064
1582 5079
4216 5094
1219 5102
1660 5102
5485 5123
5053 5123
117 5125
5425 5130
5899 5130
5741 5137
4600 5137
397 5145
1001 5145
5893 5153
5224 5153
4872 5156
4183 5156
5511 5158
4006 5161
5545 5169
4829 5177
4370 5178
1377 5180
562 5195
424 5195
1569 5195
1982 5195
1792 5195
210 5195
28 5195
168 5195
1666 5195
1208 5195
462 5198
4278 5202
4019 5202
1112 5207
4413 5220
5607 5220
1406 5231
207 5232
4659 5234
4550 5234
5092 5235
5038 5235
621 5239
1444 5239
1422 5239
1812 5239
262 5239
1566 5239
973 5239
1450 5239
1464 5239
1038 5239
1274 5240
5637 5241
4755 5247
5265 5247
5430 5256
5454 5256
939 5259
1983 5259
4311 5262
1786 5264
567 5266
4411 5267
5765 5267
1123 5269
4611 5283
5574 5290
5927 5293
1165 5297
1134 5297
1484 5297
1439 5297
1513 5297
461 5297
560 5297
1977 5297
1438 5297
1205 5297
5579 5300
5324 5300
4533 5301
1085 5302
4335 5315
1416 5316
5082 5319
405 5338
1061 5342
1164 5342
1427 5355
1949 5355
1603 5360
5555 5363
4899 5371
5433 5371
4957 5373
5822 5375
949 5380
1752 5380
1322 5388
262 5388
4413 5401
86 5405
5054 5409
5593 5414
5978 5414
5780 5422
4753 5425
5492 5428
4759 5428
4915 5454
5859 5456
4219 5456
5154 5461
5447 5461
1564 5471
372 5476
204 5476
1430 5478
533 5479
234 5480
171 5480
1534 5480
913 5480
755 5480
565 5480
1584 5480
849 5480
531 5480
1433 5480
4373 5481
370 5489
5824 5492
4071 5492
561 5497
1343 5497
4323 5502
4192 5502
29 5503
604 5508
4062 5510
5147 5512
1214 5521
5421 5543
5001 5543
434 5549
5562 5571
5967 5571
229 5572
5824 5573
799 5576
4135 5582
5775 5586
5270 5586
1574 5596
5242 5598
1710 5604
1577 5604
5447 5607
1586 5618
1379 5618
207 5618
1190 5618
1682 5618
1791 5618
718 5618
547 5618
641 5618
1564 5618
5917 5620
1294 5621
5507 5625
5974 5625
4277 5633
4643 5633
4117 5641
1926 5651
519 5653
4778 5670
5304 5670
5928 5678
5936 5678
4713 5689
5436 5689
4540 5694
5646 5694
436 5704
474 5704
4126 5704
4593 5705
5190 5715
4870 5715
5104 5716
4373 5716
516 5720
207 5721
1800 5726
1368 5726
1764 5734
5266 5734
5774 5734
600 5736
5769 5740
4682 5740
4581 5744
4585 5744
1260 5746
1374 5747
5952 5748
1697 5749
294 5754
960 5761
4740 5772
1160 5774
4245 5778
665 5784
5064 5784
5240 5784
1499 5785
1098 5785
1358 5788
870 5788
574 5788
821 5788
1734 5788
1417 5788
850 5788
1171 5788
32 5788
457 5788
110 5788
1519 5788
1924 5788
1085 5788
1236 5788
112 5788
1618 5788
1063 5788
1806 5788
1799 5788
100 5788
663 5788
1842 5788
779 5788
699 5788
582 5788
1773 5788
1165 5788
230 5788
279 5788
918 5788
792 5788
445 5788
647 5788
1052 5788
1422 5788
845 5788
1333 5788
551 5788
831 5788
604 5788
1075 5788
735 5788
835 5788
18 5788
996 5788
1467 5788
1301 5788
465 5788
1397 5788
5613 5798
4959 5798
544 5807
1041 5807
4527 5807
4995 5809
5428 5811
5623 5811
1714 5825
1959 5828
4133 5832
4176 5832
4929 5837
1245 5842
4482 5847
5448 5854
4049 5854
4721 5855
5495 5855
5875 5861
5500 5861
1754 5863
1526 5863
1621 5863
1378 5863
501 5863
1494 5863
455 5863
951 5863
1911 5863
327 5863
854 5868
1662 5868
781 5874
1241 5879
4754 5879
5746 5879
524 5911
5860 5921
911 5923
1004 5923
1856 5942
1054 5943
5587 5953
5676 5953
4215 5957
5832 5957
4752 5962
4585 5962
5830 5978
5499 5978
5882 5979
264 5994
4536 5996
4252 5996
5979 5996
5610 5996
