6 3
6 4
6 5
6014 6
6016 6
6017 6
6013 6
6008 6
6014 6
6002 6
6018 6
6015 6
6012 6
6009 6
6007 6
6005 6
6021 6
6006 6
6020 6
6003 6
6019 6
6011 6
6010 6
6004 6
8 6
6 7
2010 8
8 9
3864 10
1 10
1 11
1 12
1 13
2087 14
1 14
3725 15
1 15
3095 16
2689 16
1 16
1 17
2809 18
1 18
1 19
3989 20
3590 20
3284 20
3236 20
2580 20
2352 20
1 20
2747 21
2560 21
2494 21
1 21
1 22
2669 23
1 23
3689 24
2832 24
1 24
748 25
1 25
54 26
1 26
3291 27
1 27
3346 28
2468 28
2084 28
1 28
3936 29
2450 29
1 29
3584 30
3236 30
2814 30
1 30
2325 31
1 31
3548 32
2718 32
1 32
2853 33
1 33
2585 34
1 34
3368 35
2122 35
2062 35
2195 35
2267 35
1 35
1 36
3938 37
1 37
2467 38
1 38
3878 39
3033 39
2687 39
1 39
3823 40
3501 40
2124 40
1 40
3793 41
3417 41
3169 41
2067 41
1 41
3529 42
1 42
3024 43
2345 43
1 43
2469 44
2166 44
1 44
3935 45
2386 45
2124 45
1 45
1 46
1 47
1 48
3480 49
3678 49
2856 49
2476 49
1 49
1 50
2893 51
2489 51
414 51
1 51
3739 52
1 52
1 53
2763 54
2999 54
1 54
3026 55
1 55
3568 56
2161 56
1 56
2804 57
373 57
1 57
2822 58
2075 58
1 58
3210 59
1 59
3901 60
2495 60
2078 60
2283 60
2067 60
1 60
3783 61
3416 61
2105 61
1 61
2608 62
1 62
3139 63
2547 63
1 63
1 64
2171 65
1 65
3827 66
2849 66
2848 66
2606 66
1 66
3960 67
2452 67
2388 67
1 67
1 68
3474 69
1 69
3639 70
3255 70
3094 70
2557 70
1 70
2467 71
2201 71
2217 71
1 71
2773 72
2818 72
2060 72
1 72
3773 73
1 73
2790 74
2882 74
1 74
3804 75
3473 75
2935 75
2210 75
1 75
2511 76
1 76
3482 77
2567 77
2350 77
1 77
1 78
2173 79
1 79
1 80
1 81
3409 82
3189 82
2907 82
1 82
3901 83
1 83
4008 84
2609 84
2534 84
2062 84
1 84
1 85
1 86
2131 87
2091 87
1 87
1 88
2506 89
1 89
1 90
1 91
3846 92
3815 92
3391 92
1 92
3159 93
2825 93
2745 93
1 93
1 94
3845 95
3793 95
3637 95
3350 95
2796 95
1 95
3246 96
1 96
3378 97
1 97
3840 98
3217 98
2878 98
1 98
3676 99
1 99
3863 100
3413 100
1 100
3895 101
3263 101
2562 101
2501 101
1 101
2534 102
2051 102
503 102
1 102
3353 103
1 103
2410 104
2456 104
1 104
3937 105
3729 105
1 105
1 106
2498 107
1 107
3269 108
2771 108
2491 108
1 108
3505 109
2183 109
700 109
1 109
1 110
3401 111
2575 111
1 111
2709 112
2642 112
2355 112
1 112
3621 113
3241 113
2266 113
2329 113
1 113
3605 114
2466 114
1 114
3637 115
3210 115
1 115
2034 116
1 116
3634 117
2853 117
2319 117
1 117
3361 118
3567 118
1 118
3589 119
3064 119
3040 119
2992 119
2598 119
1 119
3919 120
3527 120
2792 120
75 120
1 120
3974 121
1 121
3540 122
2222 122
1 122
3549 123
3012 123
2220 123
1 123
2985 124
1 124
3182 125
2964 125
2470 125
1 125
2945 126
1 126
3778 127
3136 127
1 127
2731 128
2755 128
1387 128
1 128
2963 129
1 129
2705 130
2248 130
1 130
2599 131
1 131
3683 132
3052 132
2902 132
2521 132
1 132
1 133
2850 134
1 134
2847 135
1 135
3677 136
1 136
3877 137
2684 137
1 137
3022 138
2957 138
1404 138
1 138
3294 139
1 139
3943 140
3632 140
2711 140
1 140
2911 141
1 141
3196 142
1 142
2420 143
1 143
3941 144
1 144
1 145
1 146
3589 147
3372 147
1 147
2529 148
1 148
3788 149
2631 149
2044 149
2311 149
1 149
3233 150
2794 150
2257 150
2258 150
1 150
3224 151
1 151
2173 152
1 152
3594 153
3213 153
1 153
3902 154
3026 154
2550 154
1 154
3868 155
2054 155
1 155
3695 156
3764 156
2088 156
1 156
3648 157
2413 157
1684 157
1 157
3506 158
2393 158
1 158
2077 159
1102 159
1 159
2271 160
1 160
3147 161
2393 161
1 161
3732 162
1557 162
1 162
1 163
2214 164
2014 164
570 164
1 164
4009 165
1007 165
1290 165
1 165
3462 166
2951 166
3006 166
1019 166
1 166
2706 167
2674 167
2504 167
2149 167
1 167
3957 168
1 168
3454 169
2809 169
1 169
2409 170
1 170
2683 171
1 171
1 172
3582 173
2966 173
2596 173
1 173
3855 174
2869 174
1 174
3611 175
3497 175
1 175
3428 176
1 176
3951 177
3398 177
2203 177
1 177
2753 178
1 178
3895 179
3315 179
2894 179
2194 179
1 179
3652 180
1 180
1 181
3117 182
1 182
2249 183
1 183
2901 184
2998 184
2055 184
1 184
1 185
3537 186
1 186
1 187
2980 188
2278 188
1 188
3080 189
2733 189
2934 189
1 189
1 190
1 191
3448 192
1 192
1460 193
1 193
3908 194
1 194
3253 195
2454 195
2076 195
380 195
1 195
3998 196
3553 196
2168 196
1940 196
1 196
2112 197
1 197
2161 198
2234 198
1 198
1 199
1 200
3631 201
2636 201
1 201
3755 202
2232 202
1 202
3794 203
3877 203
2428 203
1 203
3113 204
1 204
2528 205
1 205
3490 206
2916 206
1 206
3577 207
1 207
4006 208
3237 208
2797 208
2123 208
1 208
3413 209
2225 209
1 209
3452 210
1624 210
1 210
3302 211
2441 211
1 211
3717 212
1 212
3711 213
1 213
2420 214
1 214
3109 215
1 215
1 216
1 217
2640 218
1 218
1 219
3682 220
2621 220
2158 220
1 220
1 221
1 222
3933 223
3768 223
3238 223
3196 223
2669 223
2205 223
2090 223
1 223
3030 224
329 224
1 224
3280 225
2547 225
1 225
3676 226
2927 226
2571 226
2338 226
1 226
3949 227
1 227
3407 228
3347 228
2841 228
1 228
2824 229
2229 229
1 229
3033 230
1 230
2692 231
1 231
3272 232
1 232
1 233
2685 234
1939 234
1 234
3778 235
1 235
1 236
3633 237
2854 237
2381 237
1 237
3597 238
3220 238
2620 238
1 238
3503 239
1 239
2715 240
1 240
582 241
1 241
3013 242
1 242
3735 243
3358 243
1190 243
1 243
1 244
3225 245
1 245
3828 246
2585 246
2230 246
1 246
2125 247
1 247
3257 248
2426 248
1 248
1 249
3427 250
1 250
3008 251
1 251
3137 252
1 252
2679 253
2404 253
1 253
6001 254
3659 254
1 254
3144 255
2292 255
2227 255
1 255
3484 256
3452 256
2042 256
1 256
3871 257
4004 257
3042 257
2246 257
1 257
2524 258
1 258
3525 259
3315 259
2825 259
2936 259
2637 259
1 259
1 260
3564 261
2716 261
2513 261
2695 261
1 261
3480 262
3010 262
1 262
2376 263
2073 263
1 263
2939 264
1 264
1 265
1 266
3126 267
1653 267
1 267
2839 268
1 268
3049 269
2769 269
1 269
3780 270
3677 270
3170 270
2773 270
2527 270
1 270
3882 271
1 271
3710 272
3373 272
3418 272
2376 272
1764 272
1 272
3741 273
2877 273
1 273
1 274
3715 275
2062 275
1 275
3948 276
2477 276
1325 276
1 276
3272 277
1 277
1 278
3628 279
2643 279
2635 279
1 279
3822 280
2619 280
2292 280
1 280
1 281
3923 282
2721 282
2455 282
1 282
2935 283
2574 283
1 283
1461 284
1 284
3734 285
3698 285
1 285
1 286
3555 287
2106 287
1 287
3063 288
1 288
3865 289
3520 289
2915 289
1 289
3180 290
1 290
3182 291
2448 291
1 291
3412 292
1 292
2857 293
2532 293
1 293
3958 294
1 294
1 295
1 296
1 297
2692 298
2244 298
1 298
1 299
3835 300
3564 300
2375 300
1 300
1 301
2878 302
1 302
2805 303
2414 303
1 303
3587 304
1 304
2162 305
1 305
3360 306
1171 306
1 306
3061 307
2938 307
1 307
1 308
1 309
3722 310
4009 310
3098 310
1 310
2392 311
1 311
3577 312
2554 312
1 312
1 313
2990 314
2477 314
1 314
1 315
1 316
2905 317
2775 317
1 317
1 318
3561 319
2824 319
2020 319
1 319
2364 320
1 320
2961 321
2182 321
1 321
3913 322
2988 322
2370 322
2373 322
1 322
3917 323
3248 323
1 323
2722 324
154 324
1 324
3743 325
2741 325
2401 325
1 325
3564 326
1 326
3676 327
1 327
1 328
3879 329
2619 329
2703 329
1 329
3767 330
2377 330
1 330
3109 331
3103 331
2405 331
1 331
3352 332
3202 332
1 332
3917 333
3834 333
1 333
3588 334
2311 334
1 334
1 335
1189 336
1 336
2078 337
2164 337
1 337
2911 338
2977 338
1 338
3885 339
2986 339
1 339
1 340
3043 341
3156 341
2455 341
2069 341
1434 341
1 341
3956 342
1 342
3999 343
1 343
1 344
3652 345
2022 345
1 345
3928 346
2806 346
2229 346
1 346
1 347
3337 348
2533 348
1 348
2944 349
2107 349
2301 349
1 349
2036 350
1 350
1381 351
1 351
2199 352
2092 352
1 352
2678 353
1 353
3672 354
3184 354
2186 354
1 354
2810 355
2111 355
1 355
3697 356
3351 356
1 356
2925 357
2058 357
1 357
3097 358
1634 358
1 358
1 359
2846 360
1 360
3896 361
3404 361
2419 361
1 361
3173 362
1 362
3654 363
3234 363
1 363
1 364
3476 365
2644 365
1 365
1 366
2852 367
1 367
3150 368
1 368
3999 369
4008 369
3134 369
2181 369
1 369
2634 370
1 370
3875 371
3351 371
1 371
3509 372
2754 372
2507 372
1549 372
1 372
3391 373
1 373
3885 374
3650 374
1 374
1729 375
1 375
3716 376
1 376
2460 377
1 377
1 378
1 379
3729 380
2790 380
1042 380
1 380
3924 381
2422 381
2304 381
1 381
3609 382
2390 382
2228 382
1 382
3021 383
2079 383
1 383
3407 384
2317 384
2172 384
2196 384
1 384
3100 385
1 385
1 386
2556 387
718 387
1 387
2941 388
2851 388
1 388
2635 389
2645 389
2022 389
2113 389
1 389
3663 390
1 390
2117 391
1 391
2306 392
1 392
2051 393
1 393
1 394
3367 395
1 395
1 396
2246 397
1 397
3190 398
1 398
3707 399
1 399
3902 400
3702 400
2208 400
1 400
1 401
3004 402
1 402
3810 403
2648 403
1 403
2842 404
2331 404
1 404
3524 405
2596 405
2246 405
1 405
3835 406
2297 406
2301 406
1 406
3154 407
1 407
2471 408
1 408
3162 409
2778 409
2320 409
1 409
3286 410
2487 410
1 410
1 411
3713 412
3867 412
3594 412
3096 412
2804 412
2058 412
1 412
3760 413
3129 413
2523 413
1 413
3998 414
1 414
3360 415
1 415
595 416
1 416
1 417
2678 418
1 418
3563 419
3407 419
2501 419
1 419
3079 420
1 420
3017 421
2773 421
1160 421
1 421
3696 422
2793 422
2717 422
1 422
3802 423
3952 423
2222 423
1 423
96 424
1 424
3490 425
2894 425
2524 425
1 425
3379 426
3348 426
1 426
3105 427
1 427
3440 428
2834 428
1 428
2820 429
2537 429
730 429
1 429
3400 430
1 430
3046 431
3060 431
2171 431
2354 431
2230 431
1 431
3024 432
1 432
3598 433
2789 433
221 433
1 433
2612 434
513 434
1 434
3708 435
3678 435
2710 435
1 435
1 436
1866 437
1 437
3833 438
1 438
3927 439
1 439
3263 440
3148 440
2933 440
1 440
3323 441
2018 441
1 441
3818 442
2588 442
2150 442
1673 442
1 442
1909 443
1 443
2810 444
2647 444
2532 444
1 444
2953 445
2439 445
2459 445
1 445
1779 446
1 446
3457 447
2432 447
1 447
3705 448
1 448
2720 449
1450 449
1 449
3775 450
2809 450
2025 450
581 450
1 450
1 451
1 452
1 453
3984 454
1 454
3960 455
2356 455
1 455
3286 456
2910 456
1 456
3645 457
1 457
3782 458
3370 458
2940 458
2585 458
1 458
3979 459
3298 459
2061 459
2217 459
1 459
3932 460
3945 460
1 460
3103 461
1 461
3869 462
2096 462
1 462
3907 463
715 463
1 463
1 464
3524 465
3164 465
2081 465
2241 465
1 465
3472 466
2438 466
1 466
3879 467
3633 467
3111 467
3243 467
2371 467
1 467
3290 468
2889 468
1 468
2786 469
2290 469
1 469
3959 470
2426 470
2011 470
1 470
3227 471
1 471
3465 472
1 472
3913 473
3793 473
2468 473
2175 473
1 473
1613 474
1 474
1 475
2280 476
1 476
1 477
2423 478
2065 478
1 478
2330 479
1 479
3732 480
3057 480
1 480
1 481
3745 482
1 482
3008 483
1 483
2126 484
1 484
3393 485
1 485
1 486
3983 487
1 487
1 488
2848 489
1 489
1 490
3241 491
2969 491
2036 491
1 491
2138 492
1 492
3435 493
1 493
1 494
3749 495
1762 495
1 495
3605 496
3194 496
2095 496
2287 496
1 496
1 497
3592 498
2435 498
2674 498
2368 498
2240 498
1 498
1 499
1 500
2802 501
1 501
3857 502
3276 502
1 502
3805 503
2176 503
1 503
2717 504
1 504
1 505
1 506
2755 507
1 507
3296 508
2439 508
1 508
3216 509
2791 509
1 509
3819 510
163 510
1 510
3305 511
2972 511
1 511
3685 512
2837 512
1 512
2285 513
1 513
2636 514
1 514
3551 515
3472 515
2656 515
2263 515
1 515
3892 516
1 516
3139 517
2330 517
1 517
3629 518
1 518
2202 519
1 519
1 520
1 521
3696 522
2668 522
2283 522
1 522
3001 523
2522 523
2568 523
1 523
1 524
3270 525
1 525
1 526
2573 527
1 527
1 528
3949 529
3585 529
3664 529
2052 529
2107 529
1 529
2626 530
1 530
2393 531
1 531
3555 532
1 532
3028 533
1 533
3305 534
1 534
3065 535
120 535
1 535
3298 536
2963 536
661 536
1 536
3723 537
2742 537
2219 537
1 537
3639 538
1 538
2067 539
1 539
1 540
3712 541
3546 541
1 541
2524 542
1 542
3646 543
2444 543
1 543
3219 544
3234 544
2516 544
1 544
3981 545
3625 545
3227 545
3184 545
1 545
3864 546
1 546
3285 547
2471 547
1 547
2814 548
151 548
1 548
3708 549
2496 549
441 549
1 549
2438 550
1 550
2024 551
1 551
2879 552
2507 552
2605 552
2347 552
1 552
2533 553
1 553
1 554
3083 555
2510 555
1 555
3432 556
1 556
2850 557
1 557
2098 558
2288 558
1 558
2013 559
1 559
1 560
1 561
3983 562
3598 562
1 562
3878 563
849 563
1 563
3601 564
1 564
3922 565
1 565
3972 566
3750 566
2923 566
2847 566
1 566
1 567
3419 568
2075 568
2050 568
1 568
3932 569
1 569
1 570
3860 571
3269 571
3228 571
2597 571
1 571
1 572
3875 573
2744 573
1 573
3035 574
1552 574
1 574
3949 575
3429 575
2952 575
1 575
4001 576
243 576
1 576
1 577
2798 578
1 578
3061 579
3261 579
1 579
3573 580
2510 580
1 580
3244 581
2523 581
1 581
2082 582
1 582
1 583
3182 584
3209 584
2790 584
1108 584
1 584
3497 585
1 585
3273 586
2047 586
1 586
3011 587
2190 587
252 587
1 587
2792 588
1 588
3418 589
3166 589
2569 589
2287 589
1 589
3045 590
1 590
3742 591
1 591
2069 592
1 592
3763 593
3544 593
1 593
3285 594
1 594
2647 595
1 595
1 596
3451 597
1 597
1 598
2754 599
1 599
2129 600
1 600
3532 601
2673 601
1 601
3870 602
3618 602
1 602
3769 603
3079 603
1 603
1 604
2800 605
2351 605
1 605
2307 606
1112 606
1 606
3599 607
1 607
3950 608
1 608
2735 609
2202 609
1 609
2842 610
1 610
2449 611
2087 611
1 611
1 612
3861 613
1 613
3437 614
2758 614
1 614
2046 615
533 615
1 615
3329 616
2591 616
1 616
2493 617
1 617
3748 618
2439 618
2634 618
2138 618
1 618
2783 619
2141 619
1 619
2617 620
1 620
2934 621
1 621
1540 622
1 622
3704 623
3129 623
2639 623
718 623
1 623
1 624
3338 625
2427 625
1 625
2720 626
2969 626
2573 626
1 626
3113 627
1 627
3884 628
3456 628
2638 628
2169 628
1 628
3848 629
3296 629
2962 629
2825 629
2559 629
2685 629
1 629
3851 630
3338 630
1 630
3705 631
3551 631
2859 631
2066 631
1 631
1 632
3049 633
2480 633
1 633
1 634
3259 635
2826 635
1 635
2846 636
2188 636
1 636
3886 637
1 637
1 638
2352 639
1 639
3887 640
1 640
1 641
3533 642
3514 642
1 642
2033 643
1 643
3672 644
1 644
2849 645
1 645
3646 646
2923 646
2685 646
2083 646
1 646
1 647
1 648
2695 649
2599 649
1 649
2347 650
1 650
1 651
2153 652
1 652
2434 653
2472 653
2281 653
1 653
2995 654
1 654
3851 655
1 655
3436 656
1 656
1 657
3539 658
2696 658
2015 658
844 658
1 658
2573 659
2700 659
1 659
2806 660
1 660
3189 661
2856 661
1 661
3691 662
3531 662
1 662
3830 663
3106 663
3194 663
1 663
2823 664
2509 664
1 664
3205 665
2538 665
1 665
3514 666
1 666
2762 667
1 667
3133 668
3043 668
2605 668
1 668
3920 669
1 669
3481 670
1 670
3983 671
723 671
1 671
3255 672
700 672
1 672
3908 673
2796 673
1 673
3978 674
3416 674
1186 674
1 674
3465 675
3012 675
2536 675
1 675
2412 676
1 676
3142 677
1 677
1 678
3101 679
2434 679
1 679
1 680
3531 681
2140 681
1 681
3529 682
1 682
2147 683
1 683
3438 684
3344 684
2718 684
2164 684
1 684
3524 685
3506 685
1 685
3801 686
3464 686
2389 686
1 686
3340 687
2457 687
1 687
3617 688
3018 688
3012 688
1 688
3456 689
2502 689
1 689
1 690
3496 691
2108 691
1 691
3154 692
1 692
3795 693
2737 693
1 693
2371 694
1 694
1 695
2867 696
1 696
2500 697
1 697
1 698
3867 699
3330 699
1 699
1 700
3483 701
2358 701
1 701
2930 702
1 702
3257 703
3093 703
2690 703
2038 703
1 703
3561 704
1 704
3607 705
2159 705
1 705
3938 706
3618 706
1 706
1 707
3298 708
1 708
3777 709
2721 709
1 709
3454 710
3505 710
3203 710
2921 710
1 710
1 711
2900 712
2121 712
1 712
3096 713
2616 713
816 713
1 713
1 714
3860 715
1 715
3353 716
3134 716
2597 716
2158 716
1 716
3294 717
1580 717
1 717
1 718
3120 719
2391 719
1 719
3155 720
2219 720
1 720
3462 721
3157 721
3212 721
2548 721
1 721
3322 722
2687 722
1 722
3754 723
2981 723
1 723
2863 724
1 724
2951 725
1 725
2803 726
1 726
3045 727
2029 727
1 727
3532 728
2201 728
1 728
2138 729
1 729
1 730
3776 731
2833 731
1 731
2463 732
1 732
3951 733
3600 733
3442 733
3199 733
2115 733
1 733
1 734
1 735
1 736
3375 737
1 737
3609 738
1 738
3785 739
3474 739
1 739
2574 740
1 740
3260 741
2360 741
1 741
3868 742
1 742
1 743
1 744
2747 745
1 745
2736 746
2084 746
461 746
1 746
3479 747
1 747
1 748
3583 749
3276 749
3174 749
1 749
2537 750
1 750
2952 751
1 751
1 752
3334 753
1 753
3388 754
2564 754
1 754
3191 755
2408 755
2612 755
1 755
1411 756
1 756
3344 757
2305 757
1 757
2957 758
2126 758
2074 758
1 758
3270 759
2564 759
1 759
2711 760
1 760
3768 761
3520 761
1 761
3019 762
2736 762
1 762
3386 763
1534 763
1 763
2514 764
1 764
3385 765
3634 765
1 765
2465 766
2457 766
2297 766
1588 766
1 766
1 767
2555 768
2086 768
1 768
1796 769
1 769
2871 770
2238 770
1 770
3769 771
2496 771
1 771
1 772
1 773
3905 774
3534 774
3542 774
1 774
1 775
2391 776
1 776
2857 777
1 777
3435 778
2621 778
1 778
3408 779
2938 779
2612 779
1 779
3622 780
1 780
3980 781
1 781
3539 782
2150 782
1 782
3204 783
1 783
3625 784
1 784
1 785
1 786
3403 787
2132 787
1 787
1 788
2018 789
642 789
1 789
3994 790
2469 790
2132 790
2045 790
1 790
3626 791
2518 791
2195 791
1 791
2959 792
2378 792
1 792
1 793
3472 794
1 794
3777 795
3953 795
3668 795
2659 795
1 795
3732 796
3487 796
1 796
1 797
2716 798
2626 798
1 798
3364 799
2751 799
2303 799
2331 799
1 799
3669 800
3325 800
2663 800
2260 800
1 800
3517 801
3310 801
3321 801
1 801
1 802
3585 803
3430 803
2274 803
2275 803
1 803
1 804
1 805
3444 806
2460 806
1 806
1 807
3710 808
1231 808
1 808
1 809
2444 810
960 810
1 810
1 811
3674 812
3169 812
1 812
3908 813
3149 813
1 813
4001 814
2558 814
1 814
2760 815
2459 815
1 815
2427 816
1 816
3489 817
1 817
1 818
3600 819
2905 819
1 819
1 820
2360 821
1 821
1 822
2091 823
2245 823
1 823
330 824
1 824
2918 825
2846 825
1407 825
1 825
1 826
3194 827
1 827
3476 828
3509 828
2607 828
1 828
4003 829
3921 829
3890 829
3193 829
2723 829
1 829
1396 830
1 830
2549 831
1 831
3794 832
1 832
3743 833
2353 833
1 833
1 834
2046 835
1 835
3989 836
1 836
3825 837
3144 837
2841 837
1 837
3745 838
2918 838
1 838
1 839
2214 840
1175 840
1 840
1 841
3936 842
2740 842
1 842
1 843
3735 844
1 844
3173 845
1 845
2772 846
1 846
3663 847
2873 847
1 847
1 848
2968 849
1837 849
1 849
3225 850
1 850
1 851
1 852
2878 853
2679 853
1 853
3208 854
2181 854
1 854
3067 855
1 855
3430 856
2831 856
1607 856
1 856
2545 857
1 857
3821 858
3280 858
2898 858
1 858
2470 859
1 859
2561 860
1 860
2966 861
2591 861
2560 861
1634 861
1 861
2548 862
2373 862
1 862
4005 863
2225 863
1 863
1288 864
1 864
2733 865
2893 865
1 865
3513 866
3632 866
3278 866
2857 866
2337 866
1 866
3421 867
2600 867
1 867
3657 868
2431 868
1 868
3845 869
3275 869
1694 869
1 869
3507 870
2582 870
1 870
3362 871
1 871
3494 872
2279 872
1 872
1 873
3200 874
1 874
3336 875
2210 875
1 875
3468 876
1 876
2189 877
1 877
1 878
3220 879
1 879
3905 880
2045 880
1 880
2897 881
2523 881
2028 881
1 881
1 882
3844 883
1 883
3874 884
3415 884
1 884
3043 885
3169 885
1 885
1 886
2281 887
1 887
3766 888
2968 888
1 888
3153 889
1 889
3242 890
2162 890
1 890
2476 891
149 891
1 891
3119 892
2408 892
2416 892
2412 892
1 892
1 893
3937 894
2464 894
1 894
2965 895
2543 895
2516 895
2025 895
1 895
1 896
2633 897
1 897
3860 898
2958 898
331 898
1 898
2115 899
2300 899
1 899
2319 900
1 900
1 901
1 902
2464 903
1 903
3853 904
3343 904
1 904
2780 905
2909 905
2544 905
1 905
1337 906
1 906
3515 907
2656 907
1 907
3030 908
3040 908
3266 908
2740 908
1 908
3106 909
2189 909
1441 909
1 909
3077 910
2716 910
1 910
2430 911
1 911
2668 912
2218 912
1 912
1 913
2454 914
1 914
3762 915
3079 915
1 915
1 916
3617 917
2550 917
2038 917
1 917
3723 918
3280 918
3126 918
1 918
2910 919
2800 919
1 919
3825 920
1 920
3035 921
2817 921
2533 921
1 921
2569 922
1 922
3874 923
2417 923
1 923
3684 924
1 924
3812 925
2839 925
1 925
3843 926
3775 926
3229 926
1 926
2984 927
2360 927
1 927
1884 928
1 928
2635 929
1 929
3810 930
3154 930
2146 930
2309 930
1 930
2873 931
3000 931
2694 931
1 931
3927 932
2175 932
1 932
2594 933
1 933
3130 934
2641 934
1 934
1 935
2522 936
1 936
2775 937
1 937
2054 938
113 938
1 938
2891 939
1 939
3330 940
1 940
543 941
1 941
3678 942
1 942
3284 943
1 943
3714 944
3561 944
3342 944
2536 944
1 944
1 945
2119 946
1 946
2991 947
1 947
3535 948
3238 948
2584 948
1913 948
1 948
3072 949
1 949
3080 950
2128 950
1 950
3416 951
2847 951
1 951
3073 952
1 952
2117 953
1 953
3847 954
1 954
1 955
3397 956
2250 956
1 956
1 957
3933 958
3116 958
2882 958
2779 958
1 958
3500 959
1 959
3148 960
2832 960
2472 960
2174 960
1 960
1 961
3313 962
1 962
3152 963
1 963
1 964
3277 965
1 965
3699 966
3592 966
1 966
3148 967
2752 967
1 967
3390 968
580 968
1 968
3453 969
1 969
3307 970
1 970
3624 971
2421 971
2226 971
1 971
1 972
3963 973
3623 973
2967 973
1 973
2823 974
2752 974
1 974
1 975
1 976
2680 977
1 977
3326 978
2735 978
2257 978
1 978
2547 979
1 979
3850 980
1 980
3559 981
2708 981
1 981
2936 982
2691 982
1 982
2368 983
1 983
3795 984
3071 984
2402 984
1 984
1 985
3801 986
2576 986
1 986
1 987
1 988
1 989
1 990
1 991
3961 992
1 992
3792 993
2774 993
2092 993
1 993
1 994
3438 995
3387 995
2641 995
2172 995
1 995
2851 996
1 996
3576 997
3688 997
3238 997
3228 997
1 997
2300 998
2154 998
1 998
1 999
1 1000
3929 1001
3609 1001
1 1001
2372 1002
1 1002
1 1003
3610 1004
418 1004
1 1004
3513 1005
1 1005
3389 1006
3448 1006
3343 1006
2800 1006
2296 1006
1 1006
2982 1007
1287 1007
1 1007
3140 1008
3078 1008
2320 1008
1 1008
1 1009
2974 1010
2304 1010
1 1010
2061 1011
1 1011
3910 1012
2210 1012
1 1012
3929 1013
3117 1013
2859 1013
1 1013
3794 1014
3260 1014
1 1014
1 1015
3747 1016
2892 1016
2973 1016
1 1016
2371 1017
1 1017
1 1018
3579 1019
3456 1019
1 1019
3166 1020
2410 1020
1 1020
3222 1021
3010 1021
2758 1021
1 1021
3457 1022
2914 1022
1 1022
2298 1023
1 1023
3552 1024
613 1024
1 1024
3076 1025
2487 1025
1 1025
3279 1026
1 1026
3123 1027
1 1027
3468 1028
3360 1028
3151 1028
3234 1028
3276 1028
2368 1028
1 1028
1 1029
2639 1030
1 1030
3167 1031
128 1031
1 1031
3638 1032
1 1032
3939 1033
3226 1033
2148 1033
1 1033
2387 1034
2080 1034
1365 1034
1 1034
3652 1035
496 1035
1 1035
3145 1036
2606 1036
850 1036
1 1036
2080 1037
1 1037
2681 1038
1 1038
3715 1039
3311 1039
3133 1039
1 1039
3123 1040
1 1040
1 1041
2256 1042
1 1042
1 1043
3204 1044
1 1044
3822 1045
1 1045
3728 1046
3389 1046
3308 1046
1 1046
2526 1047
1 1047
3441 1048
2592 1048
1 1048
3246 1049
3116 1049
2011 1049
2123 1049
1 1049
3027 1050
1 1050
3415 1051
3418 1051
3402 1051
1 1051
2991 1052
1 1052
1 1053
477 1054
1 1054
3536 1055
2266 1055
2024 1055
1 1055
3667 1056
1 1056
3396 1057
3062 1057
2610 1057
1 1057
2132 1058
1 1058
3796 1059
2914 1059
527 1059
1 1059
1 1060
2976 1061
2358 1061
2102 1061
1 1061
3504 1062
1 1062
1 1063
1 1064
3151 1065
2849 1065
2529 1065
1 1065
3943 1066
3187 1066
2982 1066
1 1066
3715 1067
1919 1067
1 1067
3797 1068
3444 1068
1423 1068
959 1068
1 1068
2450 1069
1 1069
3641 1070
1167 1070
1 1070
2557 1071
1 1071
3734 1072
2924 1072
2428 1072
2327 1072
1 1072
3480 1073
1 1073
3659 1074
1610 1074
1 1074
3679 1075
3589 1075
2157 1075
2336 1075
1 1075
2858 1076
2440 1076
1099 1076
1 1076
1 1077
3588 1078
3161 1078
1379 1078
1 1078
1 1079
1 1080
2873 1081
2973 1081
2948 1081
3006 1081
1 1081
3760 1082
1684 1082
1 1082
3859 1083
2673 1083
1 1083
3546 1084
1 1084
3483 1085
2310 1085
1 1085
2422 1086
516 1086
1 1086
3815 1087
3172 1087
2954 1087
2853 1087
1 1087
3691 1088
2909 1088
1 1088
3171 1089
3085 1089
2147 1089
1 1089
2799 1090
2169 1090
2109 1090
1 1090
2986 1091
1 1091
1 1092
3614 1093
3086 1093
2730 1093
1 1093
3691 1094
2886 1094
2510 1094
1 1094
3415 1095
2100 1095
2032 1095
1 1095
3621 1096
1906 1096
1 1096
3684 1097
2876 1097
1 1097
3710 1098
3680 1098
3025 1098
2555 1098
1 1098
3858 1099
3441 1099
2512 1099
2604 1099
2332 1099
2025 1099
1 1099
1 1100
1 1101
3761 1102
2990 1102
1 1102
3894 1103
1 1103
2094 1104
2058 1104
1 1104
1 1105
2784 1106
2805 1106
1 1106
2710 1107
1 1107
2989 1108
2617 1108
1 1108
2974 1109
1143 1109
1 1109
1 1110
3140 1111
2401 1111
2340 1111
417 1111
1 1111
3734 1112
2913 1112
747 1112
1 1112
2408 1113
1 1113
3527 1114
1950 1114
1 1114
3296 1115
1 1115
3707 1116
2351 1116
1 1116
3122 1117
1 1117
3755 1118
1 1118
1 1119
3322 1120
2185 1120
1 1120
3815 1121
3363 1121
2311 1121
1 1121
3839 1122
3254 1122
1 1122
3577 1123
2383 1123
1419 1123
1 1123
1 1124
3603 1125
2975 1125
2634 1125
1 1125
2532 1126
1 1126
3723 1127
1 1127
3554 1128
3636 1128
2910 1128
1 1128
3458 1129
2355 1129
1 1129
2906 1130
1 1130
3667 1131
3448 1131
3310 1131
2689 1131
1 1131
2658 1132
1 1132
3584 1133
1 1133
3189 1134
1 1134
3357 1135
2988 1135
2452 1135
2304 1135
1 1135
3781 1136
3776 1136
3327 1136
1 1136
3466 1137
2723 1137
1 1137
3048 1138
2785 1138
1 1138
3553 1139
1918 1139
1 1139
2241 1140
1 1140
3711 1141
1 1141
2608 1142
1 1142
1 1143
1 1144
2927 1145
1971 1145
1 1145
1 1146
2055 1147
26 1147
513 1147
1 1147
3408 1148
1 1148
1 1149
2181 1150
1 1150
3824 1151
3604 1151
1 1151
2080 1152
1 1152
2977 1153
1 1153
3728 1154
1 1154
3187 1155
140 1155
1 1155
2527 1156
2706 1156
1 1156
1 1157
1 1158
3557 1159
1 1159
2976 1160
1 1160
3299 1161
2118 1161
1 1161
2972 1162
1 1162
3669 1163
1 1163
3839 1164
1 1164
4006 1165
3507 1165
3097 1165
1 1165
2691 1166
1 1166
2240 1167
1 1167
3682 1168
1 1168
3308 1169
2449 1169
1 1169
3809 1170
3205 1170
2977 1170
2924 1170
1 1170
3306 1171
2328 1171
1 1171
1 1172
2033 1173
789 1173
1 1173
3245 1174
1 1174
3803 1175
3009 1175
2742 1175
1 1175
2016 1176
1 1176
3467 1177
3095 1177
2941 1177
1 1177
3904 1178
3579 1178
2930 1178
1 1178
2339 1179
1 1179
3795 1180
1 1180
3735 1181
3722 1181
2930 1181
2493 1181
2087 1181
1 1181
3869 1182
2353 1182
973 1182
1 1182
3619 1183
2261 1183
2085 1183
1 1183
3861 1184
3787 1184
1 1184
3911 1185
3382 1185
3268 1185
1 1185
2016 1186
1 1186
3563 1187
3458 1187
3447 1187
1 1187
2736 1188
1 1188
1 1189
3637 1190
2965 1190
1 1190
1 1191
2664 1192
1 1192
1 1193
3438 1194
2874 1194
1 1194
2856 1195
2363 1195
1 1195
3364 1196
1 1196
2054 1197
1 1197
3716 1198
3451 1198
3072 1198
2636 1198
2696 1198
2073 1198
1 1198
3544 1199
1184 1199
1 1199
3967 1200
2987 1200
2593 1200
2052 1200
1 1200
3977 1201
3437 1201
3314 1201
1 1201
3963 1202
3209 1202
2421 1202
1 1202
2576 1203
1 1203
3875 1204
3696 1204
1932 1204
1 1204
3911 1205
1 1205
2081 1206
1 1206
2436 1207
886 1207
1 1207
2662 1208
2105 1208
1 1208
3048 1209
2472 1209
1 1209
1 1210
1 1211
3919 1212
3433 1212
3459 1212
2861 1212
2489 1212
1 1212
3621 1213
2192 1213
2161 1213
1 1213
3413 1214
3482 1214
1 1214
1 1215
1 1216
1 1217
3402 1218
1 1218
1 1219
2841 1220
2591 1220
1 1220
2763 1221
2751 1221
2683 1221
1 1221
3986 1222
2089 1222
1 1222
3506 1223
2156 1223
1 1223
3400 1224
3013 1224
2822 1224
1 1224
3259 1225
2771 1225
1 1225
1 1226
1 1227
1 1228
3633 1229
2795 1229
2203 1229
1 1229
2596 1230
2626 1230
1 1230
1 1231
3635 1232
1 1232
2545 1233
1 1233
3021 1234
2115 1234
2185 1234
1 1234
1 1235
3160 1236
2530 1236
1685 1236
1 1236
3880 1237
3400 1237
2814 1237
1 1237
2657 1238
1 1238
1 1239
1 1240
3607 1241
1 1241
1 1242
3840 1243
2285 1243
1 1243
2714 1244
2297 1244
1 1244
3757 1245
1 1245
3190 1246
3307 1246
2038 1246
1 1246
3573 1247
3349 1247
1 1247
3722 1248
2167 1248
1 1248
2947 1249
1 1249
3645 1250
2861 1250
2555 1250
1 1250
3687 1251
2526 1251
2257 1251
1 1251
2071 1252
1 1252
3690 1253
3909 1253
1 1253
1 1254
3161 1255
1 1255
1 1256
3790 1257
1 1257
3612 1258
3439 1258
3338 1258
1 1258
2148 1259
1 1259
3613 1260
2065 1260
1 1260
2961 1261
2973 1261
456 1261
1 1261
3729 1262
3479 1262
1150 1262
1 1262
1 1263
3229 1264
1 1264
1 1265
1 1266
3451 1267
1 1267
3290 1268
387 1268
1 1268
3643 1269
2811 1269
1 1269
4009 1270
3512 1270
2219 1270
1 1270
3386 1271
2644 1271
1 1271
3970 1272
2354 1272
1 1272
3051 1273
1 1273
3968 1274
3503 1274
3250 1274
1 1274
3490 1275
2845 1275
1 1275
1 1276
1 1277
1 1278
3824 1279
1 1279
2610 1280
1 1280
2418 1281
2640 1281
1 1281
3743 1282
3483 1282
3020 1282
1 1282
849 1283
1 1283
2320 1284
1 1284
3403 1285
3245 1285
2648 1285
1 1285
3193 1286
3328 1286
2267 1286
1 1286
3687 1287
3626 1287
2442 1287
1 1287
3343 1288
1 1288
2754 1289
2950 1289
1 1289
3997 1290
2757 1290
2737 1290
1 1290
2044 1291
1 1291
2950 1292
2815 1292
1 1292
2173 1293
1 1293
3599 1294
3226 1294
2838 1294
1 1294
3888 1295
3453 1295
1 1295
3504 1296
2441 1296
2036 1296
1 1296
1 1297
1 1298
1 1299
3266 1300
1 1300
2218 1301
1 1301
3313 1302
3188 1302
2328 1302
1621 1302
1 1302
3756 1303
3393 1303
3312 1303
2925 1303
1 1303
1 1304
1 1305
3787 1306
2709 1306
2600 1306
1 1306
3772 1307
3998 1307
1862 1307
1 1307
3825 1308
2096 1308
2167 1308
1 1308
1 1309
3126 1310
1 1310
2986 1311
1 1311
1 1312
3503 1313
1 1313
3679 1314
2354 1314
74 1314
1 1314
2101 1315
2238 1315
1 1315
3057 1316
1 1316
2170 1317
430 1317
1 1317
3445 1318
1 1318
3896 1319
3542 1319
1 1319
3638 1320
2432 1320
1 1320
3323 1321
1 1321
3831 1322
2789 1322
1 1322
3733 1323
1 1323
3791 1324
1 1324
3975 1325
3427 1325
1 1325
1 1326
3721 1327
3871 1327
1 1327
3961 1328
2739 1328
2742 1328
1 1328
3436 1329
2581 1329
1 1329
3650 1330
2052 1330
1 1330
3289 1331
1 1331
3076 1332
2198 1332
1 1332
1 1333
3553 1334
3233 1334
3159 1334
1 1334
2518 1335
1 1335
3878 1336
3068 1336
1 1336
3844 1337
3896 1337
2084 1337
1 1337
1 1338
3703 1339
2109 1339
1 1339
2516 1340
1 1340
1 1341
1 1342
1 1343
3813 1344
2826 1344
1 1344
2660 1345
2111 1345
1 1345
3756 1346
3855 1346
2645 1346
1 1346
3237 1347
3098 1347
1 1347
3309 1348
1 1348
3086 1349
1950 1349
1 1349
3624 1350
3317 1350
2988 1350
1 1350
1 1351
3063 1352
2778 1352
1 1352
1 1353
1 1354
3910 1355
1 1355
2528 1356
1 1356
3922 1357
3203 1357
1 1357
3923 1358
2050 1358
1 1358
3177 1359
2042 1359
1 1359
3702 1360
1 1360
3800 1361
1 1361
1 1362
3669 1363
1 1363
2971 1364
1 1364
2325 1365
2060 1365
1437 1365
1 1365
2797 1366
1 1366
3887 1367
3670 1367
1 1367
3932 1368
2783 1368
1 1368
3050 1369
2236 1369
1 1369
1 1370
2316 1371
1 1371
1 1372
1 1373
2729 1374
2037 1374
1882 1374
1 1374
3852 1375
1 1375
3756 1376
2815 1376
1 1376
2305 1377
1439 1377
1 1377
2688 1378
1 1378
1 1379
2813 1380
1 1380
3022 1381
2343 1381
2130 1381
1 1381
3806 1382
3683 1382
3119 1382
2960 1382
2108 1382
1 1382
3314 1383
2657 1383
2489 1383
2158 1383
1 1383
2321 1384
1 1384
1 1385
2600 1386
2196 1386
1 1386
1 1387
1 1388
2899 1389
2499 1389
361 1389
1 1389
2136 1390
1786 1390
1 1390
3699 1391
2298 1391
1 1391
1 1392
3545 1393
1216 1393
1 1393
1 1394
3810 1395
3371 1395
1576 1395
1 1395
3020 1396
2904 1396
1 1396
3712 1397
3103 1397
2234 1397
1 1397
3037 1398
2559 1398
2188 1398
1 1398
3037 1399
1 1399
1 1400
2142 1401
1 1401
449 1402
1 1402
2895 1403
1 1403
3797 1404
1 1404
1 1405
2789 1406
1 1406
3925 1407
3176 1407
3207 1407
2987 1407
1 1407
3845 1408
1 1408
2813 1409
1 1409
3549 1410
3210 1410
1 1410
3308 1411
1 1411
3363 1412
2499 1412
2310 1412
1 1412
1 1413
3192 1414
2913 1414
2552 1414
1 1414
2427 1415
409 1415
1 1415
3531 1416
3243 1416
2346 1416
1 1416
3254 1417
1 1417
3130 1418
2506 1418
1 1418
3798 1419
3277 1419
2291 1419
1 1419
1 1420
1 1421
1 1422
2125 1423
1 1423
3853 1424
1 1424
3021 1425
2444 1425
2672 1425
1 1425
3228 1426
1 1426
3067 1427
1 1427
1 1428
2610 1429
1233 1429
1 1429
3392 1430
1 1430
1 1431
1 1432
3510 1433
1 1433
3153 1434
1 1434
3744 1435
1 1435
3344 1436
1 1436
1 1437
3821 1438
3830 1438
1 1438
3054 1439
1 1439
3714 1440
3744 1440
3385 1440
1 1440
3324 1441
3337 1441
2780 1441
2050 1441
1 1441
3658 1442
2538 1442
1 1442
1 1443
3069 1444
1 1444
1 1445
3823 1446
2384 1446
2459 1446
2511 1446
2057 1446
1 1446
1 1447
3948 1448
3662 1448
1 1448
3887 1449
1 1449
3162 1450
2280 1450
1 1450
3356 1451
2040 1451
1 1451
3638 1452
2146 1452
1 1452
1 1453
2322 1454
1 1454
1 1455
1 1456
1 1457
3488 1458
1 1458
1 1459
2447 1460
1 1460
3544 1461
1 1461
2921 1462
1 1462
3421 1463
1 1463
3823 1464
2785 1464
1 1464
1798 1465
1 1465
3766 1466
3711 1466
718 1466
1987 1466
1 1466
3699 1467
1 1467
3816 1468
3134 1468
2813 1468
1 1468
2794 1469
1 1469
3122 1470
1 1470
3960 1471
2740 1471
1 1471
1 1472
3774 1473
3570 1473
2994 1473
1 1473
2998 1474
2644 1474
1 1474
3961 1475
3401 1475
3071 1475
2306 1475
1 1475
4004 1476
3906 1476
1 1476
3391 1477
1 1477
3139 1478
1 1478
2437 1479
1 1479
1 1480
1 1481
3048 1482
2291 1482
1 1482
3838 1483
2780 1483
2405 1483
1 1483
3759 1484
1 1484
3807 1485
3033 1485
2096 1485
1 1485
1 1486
3956 1487
2984 1487
1 1487
3201 1488
2675 1488
1 1488
1 1489
3342 1490
2753 1490
1 1490
3186 1491
2743 1491
1 1491
4006 1492
3003 1492
2145 1492
2305 1492
1 1492
3166 1493
3015 1493
2747 1493
2599 1493
2527 1493
1 1493
2777 1494
2981 1494
1 1494
2629 1495
1 1495
3563 1496
3309 1496
1 1496
3921 1497
3677 1497
2512 1497
1 1497
3346 1498
2303 1498
1 1498
2679 1499
1 1499
2093 1500
218 1500
1 1500
3495 1501
3311 1501
2465 1501
1708 1501
1 1501
1 1502
3608 1503
3147 1503
63 1503
1464 1503
1 1503
3473 1504
3155 1504
3081 1504
2944 1504
2355 1504
1 1504
3888 1505
1 1505
3672 1506
2141 1506
1 1506
2618 1507
1 1507
3783 1508
1 1508
1 1509
2180 1510
1 1510
3935 1511
2896 1511
1 1511
3684 1512
1 1512
3945 1513
2258 1513
1 1513
3540 1514
2734 1514
2815 1514
1 1514
1 1515
2152 1516
1 1516
2357 1517
1 1517
1471 1518
1 1518
3753 1519
1 1519
2981 1520
2650 1520
1 1520
3804 1521
3030 1521
2787 1521
1 1521
1 1522
1 1523
3393 1524
2162 1524
1 1524
3851 1525
2671 1525
2209 1525
2288 1525
2188 1525
2081 1525
1 1525
2604 1526
2478 1526
1 1526
1 1527
3155 1528
1 1528
1 1529
2866 1530
2424 1530
1 1530
3813 1531
1 1531
1 1532
3742 1533
2757 1533
2663 1533
1 1533
2537 1534
2253 1534
1 1534
3812 1535
3086 1535
2919 1535
1 1535
3095 1536
2449 1536
2437 1536
1 1536
1 1537
466 1538
1 1538
3541 1539
2811 1539
2012 1539
1 1539
1 1540
1 1541
3167 1542
2292 1542
1 1542
2232 1543
1 1543
3640 1544
1 1544
3429 1545
3180 1545
2544 1545
1 1545
1 1546
3920 1547
3670 1547
1 1547
3951 1548
2764 1548
2298 1548
1 1548
1 1549
3741 1550
1 1550
2890 1551
1 1551
1 1552
1 1553
3973 1554
2869 1554
2428 1554
1 1554
2812 1555
1 1555
2969 1556
2420 1556
1 1556
3641 1557
3321 1557
2764 1557
2768 1557
2455 1557
1 1557
2897 1558
1 1558
3114 1559
1469 1559
1 1559
3784 1560
3350 1560
1 1560
3465 1561
2936 1561
2979 1561
2893 1561
1 1561
1 1562
3968 1563
3373 1563
2884 1563
2798 1563
2559 1563
1 1563
3745 1564
2982 1564
1 1564
2866 1565
2688 1565
1 1565
3759 1566
3087 1566
1 1566
2664 1567
2139 1567
1 1567
1 1568
1 1569
619 1570
1 1570
3838 1571
2182 1571
1 1571
3333 1572
2879 1572
2962 1572
1 1572
3326 1573
2921 1573
1 1573
3289 1574
3132 1574
1 1574
3802 1575
3552 1575
2529 1575
1 1575
1 1576
2149 1577
1 1577
2436 1578
1 1578
1 1579
2767 1580
2281 1580
1 1580
2746 1581
1 1581
3596 1582
3111 1582
3303 1582
1 1582
1 1583
3568 1584
2940 1584
1 1584
3899 1585
3193 1585
2751 1585
2943 1585
1 1585
3953 1586
1 1586
1 1587
3535 1588
1 1588
1 1589
3519 1590
2435 1590
1 1590
3348 1591
1 1591
1 1592
3685 1593
1 1593
3044 1594
2376 1594
2112 1594
1 1594
3377 1595
3576 1595
1 1595
3599 1596
2363 1596
1224 1596
1 1596
3113 1597
2875 1597
2607 1597
1 1597
3963 1598
2085 1598
2018 1598
138 1598
1 1598
1 1599
1 1600
3359 1601
1 1601
1 1602
1 1603
2400 1604
1 1604
3879 1605
1 1605
3976 1606
3190 1606
1 1606
3807 1607
3107 1607
3185 1607
1 1607
2783 1608
2757 1608
2674 1608
1 1608
1 1609
4003 1610
3185 1610
2851 1610
1 1610
2633 1611
1 1611
3871 1612
3127 1612
2274 1612
1 1612
2806 1613
2149 1613
1 1613
3923 1614
2948 1614
1 1614
3162 1615
1 1615
1 1616
2672 1617
1 1617
3686 1618
2865 1618
2361 1618
1 1618
3203 1619
2231 1619
2174 1619
1 1619
2191 1620
845 1620
1 1620
1 1621
3827 1622
3769 1622
2863 1622
1 1622
1 1623
2562 1624
2618 1624
1 1624
1 1625
1 1626
3518 1627
2869 1627
1 1627
1 1628
2734 1629
2696 1629
1 1629
1 1630
3176 1631
1 1631
3704 1632
3352 1632
3152 1632
2901 1632
1 1632
2744 1633
2216 1633
578 1633
851 1633
1 1633
1 1634
1 1635
2566 1636
1 1636
2764 1637
1 1637
1 1638
3288 1639
1 1639
3570 1640
2717 1640
1 1640
2680 1641
1 1641
3882 1642
2796 1642
1 1642
2819 1643
1 1643
3398 1644
2836 1644
1 1644
2785 1645
1 1645
3575 1646
1 1646
1 1647
2377 1648
1 1648
3925 1649
1 1649
1 1650
3623 1651
2362 1651
1 1651
3262 1652
3242 1652
2026 1652
1 1652
3590 1653
3202 1653
1 1653
3713 1654
2417 1654
2212 1654
1 1654
3369 1655
2098 1655
1 1655
3509 1656
1 1656
3688 1657
1 1657
1 1658
3623 1659
2989 1659
2732 1659
2487 1659
1 1659
3835 1660
2055 1660
1 1660
3935 1661
3279 1661
2834 1661
1 1661
3511 1662
3239 1662
1 1662
3884 1663
3750 1663
630 1663
1 1663
2116 1664
1 1664
3959 1665
2855 1665
1 1665
3534 1666
3066 1666
2133 1666
1 1666
3397 1667
1 1667
1 1668
3482 1669
2260 1669
1 1669
2261 1670
1 1670
3988 1671
2797 1671
2839 1671
2623 1671
2673 1671
1 1671
2274 1672
341 1672
351 1672
1 1672
2968 1673
2793 1673
1 1673
2148 1674
1 1674
3757 1675
1 1675
3156 1676
1 1676
2942 1677
1 1677
3869 1678
3537 1678
1 1678
2931 1679
2664 1679
2675 1679
2128 1679
683 1679
1 1679
3920 1680
3217 1680
1 1680
3941 1681
3598 1681
3607 1681
3143 1681
1 1681
3158 1682
2030 1682
1 1682
3486 1683
2755 1683
1 1683
3236 1684
2642 1684
1 1684
3899 1685
3336 1685
1 1685
1 1686
2154 1687
1 1687
3485 1688
2646 1688
1 1688
1 1689
1 1690
2514 1691
1 1691
2242 1692
1 1692
3827 1693
3209 1693
2495 1693
1 1693
2728 1694
1 1694
2702 1695
2029 1695
1 1695
3940 1696
3428 1696
3233 1696
2647 1696
2653 1696
1 1696
2959 1697
1 1697
3694 1698
3514 1698
2997 1698
2577 1698
2208 1698
1 1698
3019 1699
2842 1699
2094 1699
1 1699
2906 1700
1 1700
3942 1701
3220 1701
3067 1701
3051 1701
2942 1701
2675 1701
1 1701
3476 1702
3080 1702
2609 1702
2222 1702
1 1702
3053 1703
2204 1703
1 1703
1 1704
3629 1705
1 1705
3470 1706
1 1706
1 1707
3156 1708
2399 1708
2258 1708
1 1708
3635 1709
2575 1709
1 1709
3248 1710
1 1710
3707 1711
2478 1711
1 1711
2951 1712
1 1712
3201 1713
2732 1713
2205 1713
1 1713
3294 1714
1 1714
2202 1715
1 1715
3327 1716
2877 1716
2940 1716
1 1716
2513 1717
1 1717
1 1718
2718 1719
2431 1719
1 1719
3797 1720
3648 1720
3385 1720
2795 1720
252 1720
1 1720
3614 1721
3199 1721
2526 1721
2692 1721
1 1721
2833 1722
1 1722
2575 1723
1 1723
3904 1724
3293 1724
1 1724
3629 1725
1 1725
3388 1726
2389 1726
2002 1726
1 1726
3326 1727
2252 1727
1 1727
3292 1728
2807 1728
2356 1728
1 1728
3501 1729
1 1729
3369 1730
2592 1730
1 1730
2221 1731
1 1731
2044 1732
896 1732
1 1732
2924 1733
2141 1733
1 1733
3942 1734
1 1734
2760 1735
1 1735
3901 1736
2231 1736
1 1736
3367 1737
3085 1737
1 1737
1 1738
2425 1739
1 1739
3230 1740
2441 1740
2159 1740
1 1740
3604 1741
3337 1741
1 1741
2209 1742
891 1742
1 1742
1 1743
1 1744
3973 1745
1 1745
3369 1746
3272 1746
3267 1746
2795 1746
1331 1746
1 1746
3601 1747
2804 1747
1 1747
2899 1748
1 1748
3505 1749
3053 1749
2867 1749
2972 1749
1 1749
1 1750
2333 1751
1 1751
1 1752
3620 1753
3036 1753
3092 1753
3119 1753
1 1753
3501 1754
1 1754
1 1755
3186 1756
2811 1756
2338 1756
1 1756
3266 1757
2629 1757
2715 1757
1 1757
2906 1758
1 1758
3831 1759
556 1759
1 1759
2784 1760
1 1760
1 1761
3809 1762
3474 1762
1 1762
1 1763
2918 1764
1 1764
3789 1765
3059 1765
2621 1765
2350 1765
1 1765
1 1766
1 1767
3328 1768
2108 1768
1 1768
1 1769
2574 1770
2095 1770
1 1770
3886 1771
3321 1771
2904 1771
1 1771
3437 1772
1 1772
2823 1773
1 1773
3799 1774
1 1774
2078 1775
1 1775
1 1776
3778 1777
2877 1777
2419 1777
1 1777
1 1778
2117 1779
1 1779
3213 1780
2794 1780
1 1780
3488 1781
2556 1781
1 1781
3263 1782
2879 1782
1 1782
3819 1783
1 1783
2147 1784
1 1784
1 1785
3081 1786
1 1786
1 1787
2937 1788
2512 1788
2380 1788
1 1788
1 1789
2990 1790
1 1790
2810 1791
1 1791
1 1792
1 1793
3828 1794
1 1794
3902 1795
3812 1795
3099 1795
2601 1795
2169 1795
1 1795
3972 1796
3930 1796
3511 1796
2037 1796
1 1796
1 1797
2868 1798
2478 1798
1 1798
3552 1799
1 1799
3576 1800
2690 1800
1146 1800
1 1800
1874 1801
413 1801
1 1801
2457 1802
1 1802
2897 1803
1 1803
4001 1804
3246 1804
2659 1804
1 1804
2174 1805
2135 1805
1 1805
3818 1806
3173 1806
2658 1806
2338 1806
1 1806
2433 1807
1 1807
3107 1808
1 1808
3988 1809
3051 1809
302 1809
1 1809
3478 1810
3259 1810
3005 1810
524 1810
1 1810
2881 1811
1 1811
3104 1812
2863 1812
2306 1812
1 1812
3167 1813
2227 1813
2270 1813
1 1813
1 1814
2861 1815
1 1815
3986 1816
3447 1816
390 1816
1 1816
1 1817
1 1818
1 1819
2578 1820
1 1820
2787 1821
2135 1821
2175 1821
1 1821
2402 1822
2300 1822
974 1822
1 1822
3378 1823
3327 1823
1 1823
1 1824
1 1825
1 1826
3970 1827
1 1827
1 1828
3702 1829
3367 1829
3006 1829
1 1829
2889 1830
2735 1830
2820 1830
1 1830
2343 1831
1 1831
2057 1832
1 1832
1 1833
2452 1834
1 1834
3468 1835
1 1835
1 1836
3604 1837
1 1837
3115 1838
1 1838
2348 1839
1 1839
3087 1840
2013 1840
1 1840
3085 1841
2760 1841
1 1841
2448 1842
1 1842
3419 1843
1 1843
2792 1844
1 1844
3500 1845
2494 1845
1364 1845
1 1845
3764 1846
3204 1846
3076 1846
1 1846
3253 1847
3091 1847
1 1847
1 1848
3989 1849
1 1849
2860 1850
2037 1850
1 1850
2434 1851
2548 1851
2040 1851
2287 1851
1 1851
3196 1852
1 1852
3201 1853
2508 1853
2672 1853
1 1853
1 1854
2961 1855
1 1855
3625 1856
2650 1856
1 1856
3679 1857
2872 1857
1 1857
969 1858
1 1858
3185 1859
1 1859
1 1860
1 1861
3199 1862
1272 1862
1 1862
3540 1863
2784 1863
1 1863
3754 1864
3500 1864
2898 1864
1 1864
2890 1865
1 1865
3866 1866
3754 1866
1 1866
1 1867
3078 1868
3217 1868
1 1868
3527 1869
3515 1869
2965 1869
2460 1869
1 1869
3910 1870
3108 1870
2850 1870
1 1870
1 1871
2952 1872
2882 1872
2543 1872
1 1872
2935 1873
1815 1873
1 1873
3062 1874
1 1874
2363 1875
553 1875
1 1875
1422 1876
1 1876
3458 1877
402 1877
1 1877
1 1878
913 1879
1 1879
2974 1880
1 1880
1 1881
3114 1882
1 1882
2265 1883
1 1883
1 1884
3277 1885
315 1885
1 1885
3172 1886
2867 1886
1 1886
2613 1887
2241 1887
1 1887
2520 1888
1 1888
2367 1889
1 1889
2303 1890
1 1890
3757 1891
3149 1891
2729 1891
1 1891
3000 1892
2521 1892
1 1892
2620 1893
1 1893
3936 1894
1 1894
3353 1895
2043 1895
1 1895
3340 1896
2720 1896
2254 1896
1 1896
3774 1897
3895 1897
2594 1897
1 1897
2339 1898
1 1898
1 1899
3758 1900
1 1900
1 1901
2421 1902
1 1902
2584 1903
1 1903
1 1904
3583 1905
3444 1905
2854 1905
1 1905
2832 1906
2854 1906
2633 1906
1 1906
3572 1907
2361 1907
1 1907
1 1908
3192 1909
1 1909
1 1910
3260 1911
2531 1911
1 1911
3007 1912
1 1912
3590 1913
2195 1913
1 1913
3492 1914
2375 1914
2325 1914
1 1914
3062 1915
1 1915
2545 1916
1 1916
3703 1917
3269 1917
3206 1917
2729 1917
1 1917
2768 1918
1 1918
3892 1919
3663 1919
2631 1919
1 1919
1 1920
3004 1921
2771 1921
1 1921
3100 1922
1 1922
3377 1923
1 1923
2923 1924
1 1924
2726 1925
2966 1925
1 1925
3440 1926
3254 1926
3133 1926
1 1926
2791 1927
2498 1927
1 1927
1 1928
1 1929
1 1930
3408 1931
1 1931
2793 1932
1 1932
3467 1933
3419 1933
3157 1933
2454 1933
1 1933
1 1934
3534 1935
2465 1935
2285 1935
1982 1935
1 1935
3275 1936
1 1936
3681 1937
1 1937
3354 1938
3427 1938
3636 1938
1 1938
3844 1939
3727 1939
2201 1939
1 1939
3492 1940
3430 1940
2941 1940
1 1940
1 1941
1 1942
6001 1943
1 1943
1 1944
3435 1945
2123 1945
1 1945
1 1946
2503 1947
1 1947
1 1948
3828 1949
3286 1949
1 1949
2991 1950
1 1950
3584 1951
1 1951
3925 1952
3104 1952
1 1952
1 1953
1 1954
2912 1955
1 1955
1 1956
2808 1957
2605 1957
1 1957
1 1958
2234 1959
1 1959
1 1960
2072 1961
2343 1961
1178 1961
1 1961
1 1962
2765 1963
1 1963
1 1964
3436 1965
1 1965
1 1966
3530 1967
2473 1967
2618 1967
1 1967
3725 1968
3717 1968
2137 1968
1 1968
3007 1969
1 1969
3351 1970
1 1970
3519 1971
3613 1971
3175 1971
1 1971
1 1972
3090 1973
2476 1973
1 1973
2774 1974
3010 1974
1 1974
3370 1975
3330 1975
1 1975
2232 1976
1 1976
1 1977
3032 1978
1 1978
2561 1979
1 1979
1 1980
3184 1981
2553 1981
2076 1981
1 1981
3817 1982
3380 1982
3403 1982
2730 1982
1 1982
3948 1983
2040 1983
1 1983
2715 1984
1 1984
3507 1985
3287 1985
2855 1985
2426 1985
1 1985
2891 1986
2945 1986
1 1986
3634 1987
1665 1987
1 1987
1 1988
3375 1989
1 1989
3617 1990
2595 1990
2230 1990
1 1990
3626 1991
1 1991
1 1992
2097 1993
1 1993
3689 1994
2554 1994
1 1994
2470 1995
1 1995
2152 1996
1 1996
3705 1997
3763 1997
3470 1997
1 1997
3313 1998
1 1998
1 1999
3648 2000
2185 2000
1 2000
2737 2001
2069 2001
275 2001
1 2001
2389 2002
2094 2002
1 2002
1 2003
3967 2004
2288 2004
2348 2004
1 2004
1475 2005
1 2005
3753 2006
1 2006
1 2007
1 2008
3943 2009
3466 2009
3378 2009
2541 2009
2125 2009
1 2009
4 2010
3 2010
5456 2011
4940 2011
5418 2011
5394 2011
5978 2011
4088 2011
5358 2011
2 2011
5510 2012
5480 2012
5608 2012
4360 2012
4252 2012
5277 2012
4235 2012
2 2012
4308 2013
4959 2013
4316 2013
5409 2013
4584 2013
5698 2013
5412 2013
2 2013
5357 2014
5536 2014
4636 2014
5943 2014
4624 2014
4821 2014
5912 2014
2 2014
5337 2015
4636 2015
4461 2015
4088 2015
5768 2015
5054 2015
2 2015
4037 2016
4861 2016
4984 2016
4749 2016
5767 2016
2 2016
4936 2017
5052 2017
4811 2017
4683 2017
5038 2017
4563 2017
5771 2017
2 2017
5169 2018
5459 2018
5552 2018
4420 2018
4818 2018
5102 2018
4072 2018
5744 2018
2 2018
4861 2019
5241 2019
4238 2019
5479 2019
4042 2019
5721 2019
5059 2019
2 2019
5268 2020
4226 2020
4493 2020
5402 2020
4075 2020
4388 2020
2 2020
5450 2021
5490 2021
5128 2021
2 2021
5520 2022
5700 2022
4757 2022
2 2022
5232 2023
5146 2023
5958 2023
5493 2023
5174 2023
4543 2023
4881 2023
4883 2023
5539 2023
2 2023
4554 2024
5638 2024
4423 2024
4520 2024
4791 2024
5592 2024
2 2024
4321 2025
4130 2025
4228 2025
4333 2025
4112 2025
4070 2025
5074 2025
4394 2025
2 2025
5043 2026
5902 2026
5281 2026
4688 2026
5866 2026
5573 2026
5345 2026
2 2026
4022 2027
4454 2027
4581 2027
4197 2027
4408 2027
4109 2027
4244 2027
5729 2027
2 2027
5325 2028
5782 2028
5187 2028
2 2028
4275 2029
4106 2029
5977 2029
5720 2029
2 2029
4763 2030
4619 2030
5435 2030
5925 2030
4987 2030
5199 2030
4530 2030
4824 2030
2 2030
1456 2031
1576 2031
10 2031
780 2031
735 2031
4426 2031
4141 2031
5200 2031
4068 2031
5236 2031
4446 2031
2 2031
5110 2032
4737 2032
4356 2032
4710 2032
4129 2032
2 2032
5677 2033
5706 2033
5605 2033
4971 2033
5080 2033
4873 2033
4572 2033
2 2033
5461 2034
5730 2034
5422 2034
4814 2034
4265 2034
4553 2034
2 2034
4542 2035
4583 2035
4823 2035
4947 2035
4713 2035
5382 2035
5661 2035
2 2035
4574 2036
5989 2036
4342 2036
5457 2036
4480 2036
2 2036
4898 2037
5624 2037
5300 2037
2 2037
5785 2038
5187 2038
2 2038
4100 2039
4863 2039
5664 2039
5528 2039
4995 2039
4603 2039
5073 2039
2 2039
4547 2040
4184 2040
5792 2040
4179 2040
5288 2040
4928 2040
4064 2040
2 2040
4884 2041
4166 2041
5842 2041
4337 2041
4627 2041
5223 2041
5621 2041
5312 2041
5569 2041
2 2041
1500 2042
2007 2042
99 2042
1194 2042
455 2042
4532 2042
5731 2042
4954 2042
5130 2042
2 2042
5030 2043
5961 2043
5585 2043
5942 2043
5206 2043
4721 2043
2 2043
5193 2044
4113 2044
5330 2044
5521 2044
4540 2044
5176 2044
4857 2044
2 2044
5763 2045
5544 2045
2 2045
5071 2046
4793 2046
5635 2046
4499 2046
2 2046
4896 2047
5583 2047
4312 2047
4045 2047
5125 2047
5625 2047
5518 2047
2 2047
5364 2048
5675 2048
5704 2048
4331 2048
4831 2048
5993 2048
2 2048
4691 2049
4620 2049
4565 2049
2 2049
4635 2050
4805 2050
5646 2050
4594 2050
5020 2050
5386 2050
5769 2050
2 2050
5606 2051
4468 2051
5556 2051
4984 2051
5374 2051
5881 2051
5052 2051
5406 2051
2 2051
4023 2052
4541 2052
5447 2052
5367 2052
4533 2052
2 2052
4721 2053
4763 2053
4325 2053
2 2053
5546 2054
4478 2054
4728 2054
4559 2054
4789 2054
5373 2054
4440 2054
5558 2054
2 2054
5380 2055
4777 2055
4223 2055
4100 2055
5033 2055
5101 2055
2 2055
4377 2056
4856 2056
5518 2056
4932 2056
4139 2056
4748 2056
5380 2056
4301 2056
4768 2056
2 2056
4556 2057
4705 2057
5866 2057
5892 2057
5557 2057
4356 2057
5665 2057
2 2057
4758 2058
4418 2058
5842 2058
5919 2058
4990 2058
2 2058
4956 2059
4698 2059
4588 2059
5448 2059
5298 2059
5605 2059
4221 2059
5446 2059
5534 2059
2 2059
4775 2060
4518 2060
5969 2060
4325 2060
5566 2060
4814 2060
2 2060
4949 2061
5985 2061
5419 2061
5493 2061
2 2061
4296 2062
4219 2062
5328 2062
5322 2062
5967 2062
5957 2062
4872 2062
5536 2062
5139 2062
2 2062
4784 2063
5677 2063
5843 2063
5314 2063
5142 2063
5600 2063
5778 2063
2 2063
4393 2064
4439 2064
4590 2064
5537 2064
5195 2064
5341 2064
2 2064
5409 2065
4587 2065
5862 2065
5945 2065
4043 2065
4578 2065
4845 2065
2 2065
5680 2066
4337 2066
4120 2066
5655 2066
4332 2066
2 2066
5786 2067
5848 2067
5164 2067
4309 2067
4654 2067
5298 2067
2 2067
4323 2068
4654 2068
4539 2068
2 2068
4270 2069
4870 2069
5848 2069
4831 2069
2 2069
5592 2070
4094 2070
5041 2070
2 2070
4142 2071
5053 2071
4376 2071
4156 2071
5287 2071
2 2071
4406 2072
5466 2072
5055 2072
2 2072
5081 2073
5676 2073
4229 2073
4264 2073
4155 2073
4886 2073
2 2073
1488 2074
662 2074
757 2074
124 2074
4363 2074
4679 2074
4706 2074
4795 2074
5812 2074
4513 2074
2 2074
5310 2075
4062 2075
5563 2075
5060 2075
4254 2075
2 2075
5448 2076
4725 2076
2 2076
4953 2077
5910 2077
5844 2077
5541 2077
4549 2077
4810 2077
2 2077
5409 2078
4890 2078
2 2078
5475 2079
4710 2079
4223 2079
4232 2079
4411 2079
4356 2079
4059 2079
4263 2079
2 2079
4868 2080
5120 2080
2 2080
5417 2081
4347 2081
4017 2081
4693 2081
5105 2081
4813 2081
2 2081
5930 2082
5871 2082
4077 2082
4448 2082
2 2082
5673 2083
5136 2083
2 2083
4367 2084
5458 2084
4544 2084
4982 2084
4791 2084
4463 2084
5874 2084
5143 2084
2 2084
5887 2085
5103 2085
5336 2085
5689 2085
4906 2085
4717 2085
4062 2085
2 2085
5886 2086
4465 2086
2 2086
5182 2087
5795 2087
5573 2087
5583 2087
4321 2087
5300 2087
5858 2087
4197 2087
2 2087
5379 2088
5718 2088
4205 2088
5447 2088
4930 2088
4241 2088
2 2088
5706 2089
5605 2089
4997 2089
5778 2089
5436 2089
5910 2089
5968 2089
2 2089
4505 2090
4615 2090
4227 2090
5874 2090
5582 2090
4381 2090
5562 2090
4925 2090
5444 2090
2 2090
4819 2091
5296 2091
5663 2091
5108 2091
4441 2091
4201 2091
4685 2091
5977 2091
2 2091
5282 2092
4085 2092
5986 2092
4798 2092
2 2092
5178 2093
5951 2093
4233 2093
4620 2093
4707 2093
2 2093
4523 2094
5661 2094
4957 2094
4645 2094
4397 2094
4670 2094
2 2094
4463 2095
4819 2095
5788 2095
5792 2095
2 2095
5283 2096
4402 2096
5305 2096
4126 2096
2 2096
5093 2097
5516 2097
4903 2097
4342 2097
4101 2097
4775 2097
5806 2097
4952 2097
5158 2097
2 2097
4313 2098
4789 2098
5969 2098
5228 2098
5431 2098
5685 2098
4020 2098
5489 2098
2 2098
5900 2099
5163 2099
2 2099
4985 2100
5852 2100
5664 2100
4468 2100
5827 2100
5538 2100
4525 2100
5258 2100
4352 2100
2 2100
5635 2101
4948 2101
2 2101
1721 2102
1855 2102
177 2102
4353 2102
5483 2102
5731 2102
5947 2102
5916 2102
5868 2102
2 2102
5955 2103
5985 2103
5139 2103
4507 2103
4566 2103
5997 2103
4415 2103
2 2103
816 2104
82 2104
1669 2104
5410 2104
4918 2104
4131 2104
4148 2104
4128 2104
4068 2104
4924 2104
4513 2104
2 2104
5802 2105
5471 2105
5402 2105
4632 2105
4438 2105
5667 2105
4443 2105
2 2105
5535 2106
5290 2106
5168 2106
5408 2106
4300 2106
2 2106
5123 2107
5521 2107
5094 2107
2 2107
4507 2108
4651 2108
5686 2108
4355 2108
4508 2108
5252 2108
2 2108
4652 2109
4188 2109
4549 2109
5851 2109
2 2109
5000 2110
4453 2110
2 2110
5062 2111
4845 2111
2 2111
5792 2112
5304 2112
5113 2112
2 2112
5275 2113
4807 2113
4890 2113
4240 2113
4687 2113
4124 2113
5391 2113
4766 2113
4120 2113
2 2113
4237 2114
5314 2114
2 2114
5072 2115
4312 2115
5808 2115
4811 2115
4817 2115
5327 2115
4433 2115
2 2115
1487 2116
983 2116
1986 2116
4395 2116
4517 2116
2 2116
5443 2117
5646 2117
4024 2117
5080 2117
5317 2117
4031 2117
2 2117
5560 2118
5878 2118
4849 2118
4646 2118
4506 2118
5100 2118
4861 2118
2 2118
5218 2119
4047 2119
5746 2119
5309 2119
4635 2119
2 2119
5354 2120
4774 2120
5402 2120
2 2120
453 2121
402 2121
4165 2121
4492 2121
4336 2121
4515 2121
0 2121
2 2121
5867 2122
5808 2122
4701 2122
5649 2122
4977 2122
2 2122
4265 2123
4619 2123
2 2123
5895 2124
5820 2124
4367 2124
4194 2124
5460 2124
4371 2124
2 2124
5865 2125
4053 2125
4374 2125
4935 2125
4839 2125
4317 2125
5942 2125
5160 2125
2 2125
5894 2126
5827 2126
2 2126
616 2127
5847 2127
4293 2127
4704 2127
4650 2127
0 2127
4311 2127
2 2127
5798 2128
5128 2128
4017 2128
5864 2128
5558 2128
4830 2128
4969 2128
2 2128
4745 2129
4281 2129
5917 2129
2 2129
5254 2130
5331 2130
5478 2130
5588 2130
2 2130
4464 2131
4457 2131
4174 2131
4643 2131
2 2131
5669 2132
4747 2132
4854 2132
4869 2132
2 2132
4462 2133
5446 2133
5085 2133
4796 2133
5448 2133
2 2133
4121 2134
5811 2134
5286 2134
4296 2134
4465 2134
4503 2134
5770 2134
4015 2134
5586 2134
2 2134
4729 2135
5139 2135
5433 2135
4558 2135
2 2135
4857 2136
4702 2136
5379 2136
4099 2136
4439 2136
4107 2136
4757 2136
2 2136
4896 2137
5727 2137
5055 2137
5119 2137
4621 2137
5156 2137
4700 2137
5430 2137
2 2137
5675 2138
5085 2138
2 2138
4050 2139
4832 2139
2 2139
1083 2140
194 2140
5307 2140
4311 2140
4704 2140
5601 2140
4141 2140
4066 2140
5269 2140
4838 2140
5200 2140
2 2140
5889 2141
5914 2141
5301 2141
2 2141
5661 2142
4888 2142
5099 2142
5932 2142
2 2142
4936 2143
4901 2143
4792 2143
5934 2143
5814 2143
4603 2143
5039 2143
5479 2143
5777 2143
2 2143
4997 2144
4397 2144
4421 2144
4866 2144
4359 2144
5675 2144
4188 2144
5339 2144
4133 2144
2 2144
4042 2145
4882 2145
5597 2145
5619 2145
5389 2145
5277 2145
5171 2145
2 2145
4718 2146
4182 2146
4489 2146
4651 2146
4194 2146
2 2146
4738 2147
5811 2147
5523 2147
5024 2147
4548 2147
2 2147
5898 2148
4440 2148
5169 2148
5137 2148
4902 2148
5078 2148
2 2148
4208 2149
4294 2149
2 2149
4619 2150
5905 2150
5666 2150
4695 2150
4443 2150
4432 2150
5390 2150
4728 2150
5757 2150
2 2150
4666 2151
5945 2151
2 2151
5683 2152
5920 2152
5078 2152
2 2152
5474 2153
4341 2153
4112 2153
4183 2153
2 2153
4465 2154
4508 2154
5208 2154
4769 2154
2 2154
5166 2155
4026 2155
5734 2155
4329 2155
5143 2155
2 2155
4705 2156
4223 2156
4021 2156
2 2156
4998 2157
4713 2157
4127 2157
4414 2157
4780 2157
4035 2157
5534 2157
6000 2157
4111 2157
2 2157
4834 2158
4037 2158
4896 2158
2 2158
4590 2159
4472 2159
5987 2159
2 2159
4397 2160
4953 2160
5314 2160
4742 2160
4931 2160
5436 2160
4542 2160
5996 2160
2 2160
5915 2161
4232 2161
4365 2161
5026 2161
4995 2161
5529 2161
4093 2161
2 2161
5424 2162
4418 2162
5256 2162
4384 2162
5255 2162
4365 2162
5495 2162
2 2162
5439 2163
5411 2163
4200 2163
4197 2163
5247 2163
4256 2163
2 2163
5096 2164
4297 2164
4953 2164
4784 2164
5443 2164
4549 2164
4869 2164
2 2164
4071 2165
4547 2165
4915 2165
4712 2165
4231 2165
4669 2165
4329 2165
4719 2165
2 2165
5458 2166
5032 2166
5674 2166
5173 2166
4251 2166
2 2166
5234 2167
5591 2167
5414 2167
4689 2167
5599 2167
5990 2167
5908 2167
4394 2167
2 2167
4657 2168
5482 2168
4512 2168
4342 2168
4483 2168
5417 2168
4979 2168
4775 2168
2 2168
4013 2169
4399 2169
4323 2169
2 2169
5018 2170
5412 2170
5327 2170
5714 2170
2 2170
5953 2171
5235 2171
4654 2171
6000 2171
4956 2171
5382 2171
2 2171
1153 2172
1981 2172
847 2172
5626 2172
4066 2172
4612 2172
5203 2172
4490 2172
4759 2172
4455 2172
4380 2172
5754 2172
2 2172
4583 2173
5218 2173
5317 2173
5469 2173
4698 2173
4445 2173
4866 2173
5364 2173
2 2173
4235 2174
5664 2174
5767 2174
5281 2174
2 2174
5818 2175
5785 2175
2 2175
4390 2176
4595 2176
4943 2176
4276 2176
5946 2176
5400 2176
4468 2176
5290 2176
2 2176
5574 2177
5610 2177
5181 2177
5301 2177
4142 2177
5032 2177
4159 2177
5260 2177
4121 2177
2 2177
4354 2178
5500 2178
5783 2178
5216 2178
2 2178
5826 2179
5474 2179
5862 2179
4054 2179
2 2179
5190 2180
5029 2180
5801 2180
2 2180
5902 2181
4686 2181
4625 2181
4676 2181
4638 2181
5116 2181
2 2181
5927 2182
4591 2182
5932 2182
2 2182
4044 2183
4030 2183
5090 2183
5943 2183
4993 2183
2 2183
4750 2184
5196 2184
4259 2184
5489 2184
4778 2184
4330 2184
2 2184
4955 2185
4537 2185
5040 2185
5423 2185
5950 2185
4988 2185
5711 2185
5373 2185
4527 2185
2 2185
5646 2186
4366 2186
2 2186
4436 2187
5736 2187
4777 2187
5464 2187
4139 2187
2 2187
109 2188
1905 2188
1916 2188
5484 2188
5502 2188
4395 2188
5185 2188
2 2188
4586 2189
5816 2189
5883 2189
4150 2189
4853 2189
2 2189
4596 2190
4310 2190
4710 2190
2 2190
4967 2191
4581 2191
2 2191
5384 2192
5078 2192
4647 2192
5500 2192
5066 2192
5682 2192
5140 2192
5340 2192
4372 2192
2 2192
4297 2193
4640 2193
4780 2193
4878 2193
4735 2193
2 2193
4319 2194
5644 2194
2 2194
5906 2195
5085 2195
4397 2195
5364 2195
4854 2195
2 2195
5088 2196
4995 2196
2 2196
4556 2197
4112 2197
5081 2197
4466 2197
5507 2197
2 2197
5785 2198
4357 2198
5542 2198
2 2198
5042 2199
5876 2199
5970 2199
4239 2199
5085 2199
2 2199
4273 2200
4964 2200
5854 2200
4514 2200
4882 2200
5408 2200
5129 2200
4896 2200
4255 2200
2 2200
4155 2201
5223 2201
4279 2201
5852 2201
4638 2201
4177 2201
5258 2201
5840 2201
4981 2201
2 2201
4503 2202
4475 2202
2 2202
4939 2203
5738 2203
4559 2203
4510 2203
4763 2203
4921 2203
5128 2203
2 2203
1209 2204
1946 2204
211 2204
1678 2204
4447 2204
4890 2204
4327 2204
4284 2204
5715 2204
0 2204
2 2204
4451 2205
5522 2205
4516 2205
5828 2205
5462 2205
5579 2205
5951 2205
5734 2205
5700 2205
2 2205
1429 2206
403 2206
5879 2206
4032 2206
4063 2206
5948 2206
5884 2206
2 2206
4277 2207
5218 2207
4237 2207
4027 2207
4013 2207
2 2207
4554 2208
5967 2208
5399 2208
2 2208
5797 2209
4390 2209
5333 2209
4110 2209
2 2209
5407 2210
5819 2210
5467 2210
2 2210
5037 2211
4346 2211
5548 2211
4105 2211
5331 2211
5657 2211
4623 2211
2 2211
4153 2212
5902 2212
5919 2212
4333 2212
4646 2212
4687 2212
4474 2212
2 2212
4816 2213
5058 2213
5864 2213
4955 2213
5964 2213
5636 2213
5616 2213
4830 2213
2 2213
5714 2214
5210 2214
2 2214
4535 2215
4389 2215
4386 2215
4198 2215
4115 2215
4574 2215
5325 2215
5547 2215
4440 2215
2 2215
4130 2216
5329 2216
5081 2216
4090 2216
5945 2216
5854 2216
4506 2216
2 2216
5113 2217
5598 2217
5524 2217
5912 2217
4210 2217
4215 2217
5398 2217
5189 2217
4544 2217
2 2217
4600 2218
4637 2218
4101 2218
4889 2218
2 2218
4813 2219
5105 2219
4400 2219
4801 2219
4417 2219
5519 2219
5019 2219
4512 2219
4753 2219
2 2219
5122 2220
5202 2220
4347 2220
4830 2220
5683 2220
5228 2220
2 2220
5392 2221
5905 2221
5748 2221
2 2221
5380 2222
5217 2222
5990 2222
5267 2222
2 2222
5528 2223
5432 2223
5651 2223
4676 2223
5771 2223
4129 2223
2 2223
5979 2224
5093 2224
4079 2224
2 2224
5979 2225
5519 2225
5216 2225
5817 2225
4193 2225
5089 2225
5685 2225
5682 2225
2 2225
4933 2226
4241 2226
5265 2226
5006 2226
5205 2226
2 2226
4328 2227
5285 2227
4247 2227
5466 2227
2 2227
174 2228
991 2228
1520 2228
5121 2228
4763 2228
0 2228
2 2228
4121 2229
5828 2229
4611 2229
4398 2229
4041 2229
5379 2229
2 2229
4101 2230
4452 2230
5924 2230
5911 2230
5950 2230
5986 2230
5431 2230
4559 2230
2 2230
4191 2231
5412 2231
5438 2231
5439 2231
4617 2231
4890 2231
4995 2231
4232 2231
5597 2231
2 2231
4657 2232
4715 2232
5381 2232
5396 2232
2 2232
4017 2233
4193 2233
2 2233
5883 2234
4371 2234
2 2234
4085 2235
5078 2235
4750 2235
5672 2235
5982 2235
4432 2235
5503 2235
4325 2235
2 2235
4694 2236
4011 2236
2 2236
5047 2237
4929 2237
4572 2237
4997 2237
4509 2237
2 2237
5467 2238
5397 2238
4886 2238
4827 2238
4800 2238
5971 2238
4449 2238
4290 2238
4358 2238
2 2238
5193 2239
5112 2239
2 2239
5875 2240
4832 2240
5971 2240
5973 2240
5902 2240
4314 2240
5168 2240
2 2240
4250 2241
4774 2241
4642 2241
5175 2241
4836 2241
2 2241
5015 2242
5398 2242
5198 2242
5718 2242
5883 2242
4554 2242
5939 2242
2 2242
4420 2243
5231 2243
2 2243
5683 2244
4619 2244
4040 2244
4564 2244
4955 2244
4830 2244
2 2244
5770 2245
4731 2245
5829 2245
5650 2245
2 2245
4250 2246
4373 2246
5546 2246
4493 2246
4564 2246
5685 2246
5682 2246
4199 2246
4220 2246
2 2246
4345 2247
4386 2247
4775 2247
5230 2247
4400 2247
4693 2247
5546 2247
2 2247
4527 2248
5636 2248
5986 2248
5404 2248
4972 2248
5806 2248
5742 2248
4117 2248
5489 2248
2 2248
5277 2249
4807 2249
4158 2249
4314 2249
5465 2249
5808 2249
5065 2249
4328 2249
4402 2249
2 2249
5466 2250
5240 2250
2 2250
4888 2251
4997 2251
5099 2251
4929 2251
5756 2251
4953 2251
4399 2251
2 2251
4973 2252
5607 2252
4121 2252
4180 2252
4503 2252
2 2252
5922 2253
4474 2253
5556 2253
4447 2253
2 2253
5377 2254
5563 2254
5447 2254
4262 2254
4251 2254
4717 2254
4156 2254
2 2254
5631 2255
4450 2255
4756 2255
4922 2255
5337 2255
4208 2255
2 2255
4701 2256
5560 2256
2 2256
4088 2257
4367 2257
4558 2257
4209 2257
2 2257
5853 2258
4655 2258
5909 2258
4586 2258
4516 2258
2 2258
5103 2259
4227 2259
4547 2259
5909 2259
4919 2259
4159 2259
5221 2259
4671 2259
5289 2259
2 2259
5057 2260
4290 2260
5580 2260
5695 2260
4327 2260
4029 2260
2 2260
5994 2261
4628 2261
4999 2261
5843 2261
4923 2261
4160 2261
4654 2261
4947 2261
4725 2261
2 2261
4023 2262
5497 2262
2 2262
5866 2263
5424 2263
4247 2263
4126 2263
5001 2263
4321 2263
2 2263
4922 2264
5659 2264
5178 2264
4174 2264
2 2264
4924 2265
5508 2265
4068 2265
5012 2265
0 2265
5623 2265
5271 2265
5999 2265
4660 2265
2 2265
5275 2266
4817 2266
5100 2266
5010 2266
4252 2266
5946 2266
5713 2266
4500 2266
2 2266
5674 2267
5705 2267
4718 2267
4671 2267
4370 2267
4383 2267
4503 2267
5470 2267
2 2267
4196 2268
5452 2268
4587 2268
5234 2268
5281 2268
5466 2268
2 2268
5453 2269
5466 2269
4232 2269
5693 2269
4255 2269
2 2269
5542 2270
5942 2270
4708 2270
5744 2270
5239 2270
4734 2270
2 2270
5575 2271
5596 2271
4913 2271
5180 2271
4369 2271
4336 2271
4597 2271
4776 2271
2 2271
4643 2272
4916 2272
5462 2272
5874 2272
2 2272
4528 2273
4947 2273
5115 2273
2 2273
5447 2274
4034 2274
4743 2274
5289 2274
5686 2274
4036 2274
5762 2274
2 2274
4840 2275
4257 2275
2 2275
4123 2276
5305 2276
5897 2276
4500 2276
4126 2276
2 2276
414 2277
1329 2277
1957 2277
1984 2277
1387 2277
0 2277
5928 2277
4612 2277
2 2277
5944 2278
5011 2278
4010 2278
4060 2278
2 2278
5418 2279
5576 2279
2 2279
4086 2280
5525 2280
4456 2280
5979 2280
2 2280
4423 2281
4413 2281
4165 2281
5178 2281
5912 2281
2 2281
5111 2282
4757 2282
2 2282
5377 2283
4846 2283
5336 2283
4292 2283
4180 2283
4071 2283
4185 2283
4806 2283
5983 2283
2 2283
4013 2284
4462 2284
4787 2284
5161 2284
4539 2284
4670 2284
4560 2284
5298 2284
2 2284
1012 2285
1082 2285
389 2285
472 2285
5410 2285
4175 2285
5185 2285
5483 2285
4513 2285
5393 2285
5793 2285
2 2285
4092 2286
5940 2286
2 2286
5815 2287
5654 2287
4029 2287
5101 2287
5664 2287
5613 2287
4360 2287
5688 2287
5976 2287
2 2287
281 2288
510 2288
1960 2288
1459 2288
1085 2288
1462 2288
5236 2288
5609 2288
5245 2288
4759 2288
5212 2288
4680 2288
4612 2288
5485 2288
2 2288
5517 2289
4318 2289
4251 2289
5634 2289
4427 2289
4709 2289
4589 2289
2 2289
5279 2290
4523 2290
5675 2290
4348 2290
4081 2290
4414 2290
2 2290
4257 2291
4064 2291
5177 2291
2 2291
5241 2292
4994 2292
5580 2292
2 2292
4816 2293
5058 2293
4799 2293
5794 2293
5105 2293
4354 2293
4248 2293
4101 2293
5547 2293
2 2293
4084 2294
4236 2294
5974 2294
4352 2294
5376 2294
2 2294
4733 2295
5915 2295
4849 2295
5039 2295
5324 2295
5414 2295
2 2295
4108 2296
4587 2296
4332 2296
5645 2296
5327 2296
4968 2296
4278 2296
2 2296
5075 2297
5958 2297
4773 2297
4846 2297
2 2297
5850 2298
4367 2298
5801 2298
4201 2298
5586 2298
5023 2298
2 2298
5402 2299
4138 2299
4951 2299
2 2299
5223 2300
4570 2300
4238 2300
2 2300
4777 2301
5082 2301
4807 2301
4571 2301
4758 2301
5973 2301
4123 2301
2 2301
4346 2302
4383 2302
5531 2302
4450 2302
5582 2302
5689 2302
2 2302
4232 2303
4666 2303
4596 2303
5374 2303
5466 2303
2 2303
5075 2304
4106 2304
4674 2304
4062 2304
5310 2304
4113 2304
5504 2304
2 2304
5030 2305
5861 2305
2 2305
4503 2306
4797 2306
5304 2306
4339 2306
5394 2306
5170 2306
2 2306
628 2307
1867 2307
1360 2307
451 2307
82 2307
173 2307
239 2307
4841 2307
5849 2307
5701 2307
0 2307
2 2307
4940 2308
5194 2308
5022 2308
4165 2308
4336 2308
4743 2308
2 2308
1318 2309
4558 2309
5522 2309
4194 2309
4214 2309
4369 2309
5716 2309
5193 2309
4334 2309
5153 2309
0 2309
2 2309
5605 2310
5921 2310
4528 2310
2 2310
5097 2311
4646 2311
5736 2311
4090 2311
5804 2311
5073 2311
4260 2311
5224 2311
2 2311
4666 2312
5110 2312
4562 2312
5780 2312
2 2312
5628 2313
5487 2313
5701 2313
5674 2313
5181 2313
2 2313
5769 2314
5344 2314
5204 2314
5332 2314
5339 2314
4239 2314
2 2314
4895 2315
5045 2315
4273 2315
4848 2315
4352 2315
2 2315
5028 2316
5837 2316
5911 2316
5404 2316
4226 2316
4649 2316
4641 2316
5636 2316
5340 2316
2 2316
5033 2317
4162 2317
5479 2317
2 2317
5403 2318
4815 2318
4964 2318
4385 2318
4029 2318
5001 2318
2 2318
387 2319
1746 2319
1160 2319
5749 2319
5114 2319
5441 2319
4492 2319
4039 2319
0 2319
2 2319
4625 2320
4301 2320
4811 2320
4595 2320
4126 2320
5428 2320
4603 2320
4852 2320
2 2320
4183 2321
4964 2321
5570 2321
4326 2321
5356 2321
2 2321
5172 2322
5000 2322
4684 2322
4320 2322
5797 2322
4202 2322
5182 2322
4485 2322
2 2322
5299 2323
4291 2323
2 2323
5588 2324
4398 2324
5413 2324
5319 2324
4254 2324
5141 2324
5106 2324
2 2324
5013 2325
4710 2325
4447 2325
5215 2325
5033 2325
4556 2325
2 2325
4077 2326
4448 2326
5854 2326
5013 2326
4435 2326
4110 2326
5937 2326
5549 2326
5791 2326
2 2326
5464 2327
4382 2327
4737 2327
4183 2327
4236 2327
5764 2327
4411 2327
4766 2327
4029 2327
2 2327
4217 2328
5930 2328
5065 2328
4848 2328
4959 2328
4382 2328
5027 2328
5878 2328
2 2328
5304 2329
4209 2329
5820 2329
5781 2329
2 2329
5304 2330
5032 2330
4760 2330
5054 2330
4099 2330
5181 2330
4257 2330
4776 2330
2 2330
4582 2331
4162 2331
4316 2331
5095 2331
2 2331
4921 2332
5308 2332
4695 2332
5450 2332
5864 2332
2 2332
5924 2333
4970 2333
4889 2333
4921 2333
4632 2333
4350 2333
5219 2333
2 2333
5354 2334
5742 2334
4012 2334
5121 2334
5962 2334
4969 2334
5346 2334
2 2334
5190 2335
4180 2335
2 2335
5051 2336
5309 2336
5086 2336
5646 2336
4549 2336
2 2336
4740 2337
5051 2337
2 2337
4865 2338
4320 2338
5736 2338
4852 2338
4690 2338
5877 2338
5491 2338
4977 2338
5256 2338
2 2338
5856 2339
4465 2339
4064 2339
2 2339
5079 2340
5355 2340
5319 2340
2 2340
5716 2341
4362 2341
4391 2341
4230 2341
2 2341
269 2342
4380 2342
5928 2342
4141 2342
0 2342
5916 2342
2 2342
4192 2343
4764 2343
4671 2343
4719 2343
5975 2343
2 2343
5665 2344
5491 2344
2 2344
548 2345
1251 2345
784 2345
1068 2345
5739 2345
4498 2345
4068 2345
2 2345
5740 2346
5541 2346
2 2346
5677 2347
4135 2347
5882 2347
6000 2347
4866 2347
5364 2347
4081 2347
2 2347
4991 2348
5519 2348
2 2348
574 2349
1176 2349
1818 2349
101 2349
4847 2349
5656 2349
5526 2349
5508 2349
4986 2349
5884 2349
2 2349
4016 2350
4689 2350
5039 2350
5621 2350
4681 2350
2 2350
4917 2351
5138 2351
4097 2351
5590 2351
5863 2351
4707 2351
4589 2351
5893 2351
2 2351
5102 2352
5730 2352
4115 2352
5340 2352
4493 2352
4785 2352
4753 2352
5186 2352
4524 2352
2 2352
5952 2353
4984 2353
5773 2353
4545 2353
4077 2353
4700 2353
2 2353
5980 2354
4818 2354
5216 2354
5175 2354
4480 2354
2 2354
4246 2355
4871 2355
5527 2355
4450 2355
5834 2355
5749 2355
5496 2355
5893 2355
2 2355
4212 2356
5574 2356
4025 2356
4914 2356
5303 2356
4204 2356
4192 2356
4589 2356
5286 2356
2 2356
4366 2357
4270 2357
4160 2357
4942 2357
4583 2357
4523 2357
2 2357
4537 2358
5542 2358
4527 2358
4125 2358
5019 2358
5730 2358
4721 2358
4480 2358
5229 2358
2 2358
5672 2359
5988 2359
5179 2359
4991 2359
4903 2359
5128 2359
4440 2359
2 2359
4118 2360
5191 2360
4112 2360
5442 2360
2 2360
5509 2361
4195 2361
5366 2361
5610 2361
4867 2361
5835 2361
5681 2361
2 2361
5292 2362
4559 2362
4751 2362
5435 2362
4242 2362
4969 2362
2 2362
4493 2363
4767 2363
2 2363
5039 2364
4701 2364
4481 2364
5192 2364
5475 2364
5191 2364
5963 2364
2 2364
5572 2365
4550 2365
5527 2365
5918 2365
5705 2365
4039 2365
4833 2365
2 2365
4595 2366
4153 2366
5129 2366
2 2366
1936 2367
1125 2367
807 2367
623 2367
5494 2367
4501 2367
4063 2367
5212 2367
4293 2367
4218 2367
5365 2367
5393 2367
2 2367
5872 2368
4312 2368
5428 2368
4884 2368
4084 2368
4112 2368
5125 2368
4130 2368
2 2368
4129 2369
4378 2369
5842 2369
5324 2369
2 2369
4242 2370
5944 2370
2 2370
4351 2371
5187 2371
4483 2371
5941 2371
4629 2371
4618 2371
2 2371
4051 2372
4156 2372
4983 2372
5166 2372
4078 2372
4249 2372
4503 2372
4961 2372
5550 2372
2 2372
5637 2373
5503 2373
4734 2373
4144 2373
5738 2373
5673 2373
2 2373
4162 2374
5515 2374
4050 2374
2 2374
5922 2375
4502 2375
2 2375
1567 2376
33 2376
896 2376
1611 2376
239 2376
4307 2376
5656 2376
5658 2376
5343 2376
5752 2376
4066 2376
2 2376
928 2377
1341 2377
1950 2377
1154 2377
1853 2377
490 2377
2003 2377
1332 2377
464 2377
5484 2377
5185 2377
5485 2377
2 2377
536 2378
1331 2378
5203 2378
4912 2378
4795 2378
5185 2378
4762 2378
2 2378
5925 2379
4055 2379
5128 2379
4726 2379
4728 2379
2 2379
649 2380
310 2380
5150 2380
5264 2380
4680 2380
4546 2380
5107 2380
5274 2380
4912 2380
2 2380
4086 2381
5684 2381
4055 2381
4456 2381
4969 2381
4751 2381
4789 2381
2 2381
4866 2382
4998 2382
4742 2382
2 2382
4857 2383
4567 2383
4083 2383
5753 2383
4962 2383
2 2383
5007 2384
5186 2384
5933 2384
5261 2384
4350 2384
4173 2384
4902 2384
4342 2384
2 2384
5146 2385
4756 2385
5674 2385
4041 2385
5811 2385
5387 2385
5734 2385
4172 2385
4371 2385
2 2385
4803 2386
4667 2386
4598 2386
5849 2386
5178 2386
5371 2386
5157 2386
4712 2386
4296 2386
2 2386
4372 2387
5459 2387
5794 2387
5089 2387
4751 2387
4344 2387
2 2387
1833 2388
1168 2388
558 2388
1281 2388
1128 2388
936 2388
4949 2388
4370 2388
5800 2388
4808 2388
5520 2388
4064 2388
0 2388
2 2388
5364 2389
5769 2389
4122 2389
5932 2389
5617 2389
4923 2389
4422 2389
5506 2389
2 2389
4808 2390
4150 2390
5009 2390
2 2390
5595 2391
4150 2391
5193 2391
2 2391
4559 2392
5735 2392
5028 2392
4478 2392
5818 2392
5292 2392
4799 2392
2 2392
5496 2393
5967 2393
4030 2393
2 2393
4076 2394
4565 2394
4387 2394
2 2394
4978 2395
5157 2395
5679 2395
4439 2395
5349 2395
4892 2395
4107 2395
2 2395
4677 2396
4164 2396
2 2396
5500 2397
4979 2397
4814 2397
4345 2397
2 2397
5482 2398
4951 2398
4979 2398
5905 2398
5437 2398
5011 2398
5489 2398
4771 2398
2 2398
5562 2399
4871 2399
5537 2399
5379 2399
4299 2399
4362 2399
5657 2399
5576 2399
2 2399
4802 2400
4848 2400
5619 2400
5454 2400
4406 2400
2 2400
5700 2401
5462 2401
4867 2401
4881 2401
5447 2401
4797 2401
4669 2401
2 2401
5820 2402
5643 2402
2 2402
5591 2403
5329 2403
5560 2403
5897 2403
5750 2403
5960 2403
5971 2403
4338 2403
2 2403
5616 2404
5239 2404
5980 2404
4632 2404
5950 2404
5667 2404
5071 2404
4211 2404
5294 2404
2 2404
5071 2405
5512 2405
4325 2405
4952 2405
4250 2405
5461 2405
4761 2405
2 2405
4932 2406
4943 2406
5281 2406
5573 2406
4711 2406
5225 2406
4551 2406
5569 2406
2 2406
5632 2407
4647 2407
4259 2407
5865 2407
2 2407
4721 2408
5007 2408
5809 2408
5620 2408
5525 2408
5197 2408
5216 2408
4641 2408
2 2408
4196 2409
4666 2409
4817 2409
4504 2409
4290 2409
4229 2409
2 2409
4486 2410
4774 2410
4836 2410
5482 2410
2 2410
4519 2411
5621 2411
5625 2411
5584 2411
4525 2411
4968 2411
2 2411
4579 2412
5600 2412
5020 2412
5669 2412
4823 2412
5786 2412
4542 2412
2 2412
5910 2413
4028 2413
5164 2413
5047 2413
4635 2413
4491 2413
4783 2413
2 2413
5810 2414
5003 2414
5865 2414
4664 2414
5744 2414
5639 2414
2 2414
4222 2415
4257 2415
4760 2415
5977 2415
5686 2415
4843 2415
2 2415
5354 2416
4939 2416
2 2416
4468 2417
5251 2417
5543 2417
5784 2417
4043 2417
2 2417
4592 2418
5882 2418
4963 2418
5080 2418
4132 2418
4698 2418
4854 2418
4888 2418
2 2418
4440 2419
5120 2419
4482 2419
5888 2419
4926 2419
4665 2419
2 2419
5041 2420
5355 2420
4413 2420
5044 2420
4855 2420
4398 2420
2 2420
4247 2421
4932 2421
4711 2421
5937 2421
2 2421
5574 2422
4286 2422
5252 2422
4589 2422
5103 2422
4586 2422
5426 2422
5090 2422
2 2422
4079 2423
4989 2423
5089 2423
4734 2423
5306 2423
2 2423
5014 2424
5152 2424
5520 2424
4249 2424
5914 2424
5060 2424
5572 2424
2 2424
5315 2425
5434 2425
5984 2425
5377 2425
4416 2425
5853 2425
4268 2425
2 2425
4952 2426
5437 2426
2 2426
5953 2427
4999 2427
2 2427
5714 2428
4898 2428
5027 2428
5808 2428
4433 2428
4390 2428
5438 2428
2 2428
5972 2429
5524 2429
4413 2429
4049 2429
4871 2429
5493 2429
4475 2429
5822 2429
5523 2429
2 2429
4127 2430
5085 2430
5382 2430
2 2430
5482 2431
4220 2431
2 2431
5158 2432
4482 2432
5140 2432
4374 2432
2 2432
5188 2433
4966 2433
2 2433
4591 2434
5506 2434
5646 2434
5993 2434
5416 2434
2 2434
5690 2435
4179 2435
4702 2435
5029 2435
4437 2435
4457 2435
4875 2435
5582 2435
4182 2435
2 2435
4173 2436
4224 2436
5857 2436
4775 2436
5128 2436
4116 2436
5268 2436
5981 2436
5102 2436
2 2436
1964 2437
904 2437
705 2437
5873 2437
4762 2437
0 2437
4066 2437
5200 2437
5476 2437
2 2437
4299 2438
4355 2438
5493 2438
5303 2438
4840 2438
4544 2438
4030 2438
2 2438
5205 2439
5522 2439
2 2439
5294 2440
5757 2440
5179 2440
5089 2440
4527 2440
2 2440
773 2441
1735 2441
998 2441
5237 2441
4744 2441
4672 2441
4311 2441
5185 2441
4954 2441
5476 2441
4353 2441
5751 2441
2 2441
4327 2442
4845 2442
5131 2442
4458 2442
5117 2442
5727 2442
4375 2442
5116 2442
4752 2442
2 2442
5092 2443
5280 2443
4424 2443
4461 2443
5531 2443
5330 2443
4251 2443
2 2443
5345 2444
5854 2444
4711 2444
2 2444
5482 2445
5542 2445
2 2445
5792 2446
5702 2446
4174 2446
5734 2446
4520 2446
4806 2446
5369 2446
2 2446
4979 2447
5944 2447
4975 2447
2 2447
5781 2448
5331 2448
5828 2448
5831 2448
5289 2448
4515 2448
2 2448
4452 2449
5500 2449
4478 2449
4889 2449
4440 2449
4116 2449
4902 2449
5402 2449
2 2449
5116 2450
5908 2450
4273 2450
4328 2450
2 2450
4811 2451
5965 2451
2 2451
4161 2452
5330 2452
4949 2452
4577 2452
4015 2452
4150 2452
4978 2452
4850 2452
4940 2452
2 2452
4952 2453
5905 2453
4955 2453
4420 2453
5911 2453
4388 2453
5616 2453
4818 2453
2 2453
5241 2454
4977 2454
4894 2454
4202 2454
4893 2454
4093 2454
4308 2454
5507 2454
2 2454
4760 2455
5193 2455
4973 2455
4026 2455
4623 2455
5398 2455
4056 2455
2 2455
5540 2456
4087 2456
4428 2456
5251 2456
4137 2456
5021 2456
2 2456
4742 2457
4359 2457
5848 2457
4812 2457
5250 2457
5047 2457
4239 2457
5910 2457
4133 2457
2 2457
5314 2458
4999 2458
4754 2458
4013 2458
4631 2458
5266 2458
5669 2458
4522 2458
2 2458
5633 2459
5471 2459
5890 2459
5340 2459
5530 2459
2 2459
5015 2460
4192 2460
5311 2460
4369 2460
5496 2460
4586 2460
5270 2460
5849 2460
4846 2460
2 2460
4316 2461
4950 2461
4290 2461
5919 2461
4384 2461
2 2461
5043 2462
4752 2462
4310 2462
5257 2462
2 2462
4941 2463
4253 2463
5480 2463
4045 2463
5606 2463
2 2463
4239 2464
5298 2464
5083 2464
5370 2464
5927 2464
4509 2464
5551 2464
4013 2464
2 2464
4562 2465
5902 2465
2 2465
4370 2466
4303 2466
5562 2466
5799 2466
2 2466
5545 2467
5225 2467
5312 2467
5965 2467
2 2467
4992 2468
4360 2468
5095 2468
4745 2468
5791 2468
2 2468
5776 2469
4764 2469
4430 2469
2 2469
4460 2470
4137 2470
2 2470
5074 2471
4551 2471
5240 2471
4273 2471
4263 2471
5449 2471
4827 2471
2 2471
4407 2472
5575 2472
5177 2472
4543 2472
4049 2472
4334 2472
4441 2472
2 2472
5101 2473
5952 2473
4200 2473
5234 2473
2 2473
5333 2474
4126 2474
5278 2474
5973 2474
5852 2474
5223 2474
5082 2474
2 2474
4574 2475
4728 2475
4573 2475
4325 2475
5381 2475
5639 2475
2 2475
5215 2476
4289 2476
4800 2476
4197 2476
4232 2476
4137 2476
2 2476
5196 2477
5636 2477
4828 2477
4820 2477
4512 2477
2 2477
4098 2478
5109 2478
4701 2478
5420 2478
4278 2478
4108 2478
5655 2478
4356 2478
2 2478
560 2479
147 2479
1159 2479
137 2479
4206 2479
5269 2479
2 2479
542 2480
395 2480
530 2480
1896 2480
857 2480
909 2480
4141 2480
4900 2480
5833 2480
5031 2480
2 2480
5277 2481
4711 2481
4701 2481
4112 2481
2 2481
4682 2482
5112 2482
5550 2482
5433 2482
5662 2482
5579 2482
5995 2482
4212 2482
5805 2482
2 2482
5195 2483
5813 2483
4015 2483
4023 2483
4736 2483
5805 2483
2 2483
5452 2484
4129 2484
5745 2484
2 2484
4690 2485
5946 2485
5055 2485
2 2485
4757 2486
4298 2486
4315 2486
4917 2486
4404 2486
5358 2486
5838 2486
4565 2486
2 2486
5718 2487
4201 2487
2 2487
1978 2488
376 2488
1692 2488
1335 2488
4495 2488
5069 2488
4744 2488
2 2488
5616 2489
4564 2489
4613 2489
5722 2489
4975 2489
5011 2489
2 2489
4748 2490
5568 2490
4891 2490
4337 2490
4587 2490
2 2490
5697 2491
4597 2491
2 2491
5720 2492
4671 2492
5488 2492
5788 2492
5447 2492
4391 2492
4319 2492
4292 2492
5853 2492
2 2492
4042 2493
5278 2493
4663 2493
5569 2493
4100 2493
5406 2493
2 2493
1129 2494
1798 2494
1319 2494
4835 2494
5107 2494
5494 2494
4380 2494
4759 2494
2 2494
5509 2495
5856 2495
5995 2495
4566 2495
5053 2495
5444 2495
4095 2495
2 2495
5545 2496
5256 2496
2 2496
5696 2497
4204 2497
5419 2497
2 2497
4401 2498
5344 2498
4013 2498
5314 2498
4509 2498
4787 2498
4740 2498
5463 2498
4560 2498
2 2498
5313 2499
4201 2499
5331 2499
4451 2499
4520 2499
4930 2499
4165 2499
2 2499
5463 2500
4812 2500
5243 2500
2 2500
5390 2501
4354 2501
5415 2501
5498 2501
4405 2501
4115 2501
4693 2501
5160 2501
5282 2501
2 2501
4134 2502
5746 2502
5473 2502
5047 2502
4306 2502
4783 2502
5279 2502
5998 2502
2 2502
4159 2503
4299 2503
4702 2503
4547 2503
4892 2503
2 2503
4745 2504
5258 2504
4217 2504
4358 2504
5057 2504
4677 2504
4281 2504
4741 2504
2 2504
4122 2505
5218 2505
4397 2505
4888 2505
4047 2505
4652 2505
5445 2505
2 2505
5364 2506
4942 2506
4880 2506
4805 2506
2 2506
4108 2507
5055 2507
4934 2507
4326 2507
5505 2507
4741 2507
5191 2507
5411 2507
2 2507
4858 2508
5915 2508
4610 2508
5645 2508
5664 2508
2 2508
5139 2509
4437 2509
4329 2509
4846 2509
5760 2509
4103 2509
4294 2509
2 2509
4494 2510
5706 2510
4805 2510
4942 2510
4522 2510
5506 2510
4588 2510
5843 2510
5708 2510
2 2510
5143 2511
4143 2511
4533 2511
5914 2511
5054 2511
5377 2511
5315 2511
4922 2511
5189 2511
2 2511
4584 2512
5612 2512
4045 2512
4996 2512
2 2512
4132 2513
5445 2513
2 2513
5492 2514
4751 2514
5898 2514
5969 2514
5807 2514
4521 2514
4178 2514
4181 2514
5459 2514
2 2514
5420 2515
5680 2515
5290 2515
4595 2515
4817 2515
5606 2515
4429 2515
5538 2515
5599 2515
2 2515
5981 2516
4721 2516
2 2516
4060 2517
5231 2517
5941 2517
5346 2517
2 2517
4527 2518
4948 2518
5794 2518
2 2518
4228 2519
5976 2519
4447 2519
4408 2519
5945 2519
4792 2519
5532 2519
2 2519
4025 2520
5174 2520
5238 2520
5874 2520
4165 2520
5657 2520
4282 2520
5563 2520
4507 2520
2 2520
5557 2521
5733 2521
4473 2521
4861 2521
4408 2521
5097 2521
4910 2521
4100 2521
4603 2521
2 2521
5764 2522
4893 2522
5045 2522
2 2522
4102 2523
4747 2523
5746 2523
5756 2523
2 2523
5791 2524
4129 2524
5904 2524
5680 2524
4815 2524
4595 2524
4907 2524
2 2524
5712 2525
4225 2525
5105 2525
5003 2525
5809 2525
4836 2525
4920 2525
2 2525
1070 2526
5307 2526
5365 2526
5609 2526
4513 2526
5790 2526
5554 2526
4650 2526
4517 2526
4658 2526
2 2526
4589 2527
4041 2527
5781 2527
4505 2527
5895 2527
5061 2527
5152 2527
4712 2527
2 2527
5729 2528
5858 2528
4792 2528
5878 2528
5568 2528
4197 2528
4992 2528
4108 2528
2 2528
5894 2529
5929 2529
4200 2529
5162 2529
5407 2529
5640 2529
4684 2529
2 2529
4752 2530
5048 2530
5750 2530
5946 2530
5356 2530
5624 2530
5871 2530
4155 2530
5945 2530
2 2530
4635 2531
5309 2531
4923 2531
5756 2531
5207 2531
4588 2531
4628 2531
5706 2531
5293 2531
2 2531
4310 2532
4638 2532
5642 2532
5400 2532
2 2532
4718 2533
5870 2533
5523 2533
5044 2533
4719 2533
5834 2533
4917 2533
5631 2533
4806 2533
2 2533
617 2534
1528 2534
402 2534
809 2534
4311 2534
5779 2534
5581 2534
5200 2534
5526 2534
5739 2534
4203 2534
2 2534
5351 2535
5379 2535
4892 2535
5720 2535
4249 2535
2 2535
5923 2536
4423 2536
4169 2536
4844 2536
5296 2536
2 2536
4101 2537
5228 2537
5888 2537
4082 2537
5730 2537
2 2537
5683 2538
4250 2538
4147 2538
5966 2538
4818 2538
4211 2538
2 2538
924 2539
4912 2539
4498 2539
5034 2539
5360 2539
4730 2539
5046 2539
2 2539
4565 2540
4915 2540
4246 2540
4464 2540
2 2540
4993 2541
4015 2541
2 2541
1346 2542
690 2542
1911 2542
421 2542
4835 2542
4148 2542
2 2542
253 2543
1797 2543
863 2543
1100 2543
1162 2543
4323 2543
4047 2543
4999 2543
5728 2543
5298 2543
5309 2543
4826 2543
4963 2543
0 2543
2 2543
5372 2544
4027 2544
4462 2544
4810 2544
2 2544
5584 2545
5251 2545
4126 2545
4681 2545
2 2545
4930 2546
5537 2546
4231 2546
5035 2546
2 2546
5505 2547
4042 2547
4428 2547
4599 2547
5401 2547
2 2547
4725 2548
4810 2548
5882 2548
5876 2548
4081 2548
4221 2548
4873 2548
4880 2548
2 2548
5141 2549
4172 2549
4982 2549
5029 2549
4179 2549
4905 2549
4034 2549
2 2549
4936 2550
5545 2550
5327 2550
4418 2550
4394 2550
5467 2550
4748 2550
2 2550
5250 2551
5646 2551
4594 2551
4923 2551
4528 2551
4160 2551
4698 2551
5370 2551
2 2551
5991 2552
4409 2552
2 2552
4286 2553
4431 2553
4871 2553
5893 2553
5702 2553
4251 2553
4790 2553
5943 2553
2 2553
5676 2554
5715 2554
2 2554
4457 2555
4336 2555
4833 2555
5958 2555
4143 2555
2 2555
5272 2556
5094 2556
5586 2556
5433 2556
5079 2556
5198 2556
4034 2556
5705 2556
2 2556
5059 2557
4129 2557
4638 2557
4308 2557
5081 2557
5300 2557
4229 2557
5411 2557
4196 2557
2 2557
4985 2558
4429 2558
4907 2558
4300 2558
4683 2558
5529 2558
5191 2558
5624 2558
2 2558
4117 2559
5482 2559
4349 2559
4604 2559
2 2559
5993 2560
5364 2560
4635 2560
4283 2560
2 2560
4178 2561
5503 2561
5633 2561
4537 2561
4250 2561
5498 2561
4607 2561
5163 2561
2 2561
5478 2562
5931 2562
5958 2562
4461 2562
4169 2562
5816 2562
5850 2562
5060 2562
5262 2562
2 2562
5379 2563
5378 2563
4718 2563
5760 2563
2 2563
5139 2564
5194 2564
4850 2564
4819 2564
5029 2564
4729 2564
4790 2564
4718 2564
2 2564
4396 2565
5803 2565
4016 2565
4504 2565
2 2565
5018 2566
5721 2566
5452 2566
4301 2566
2 2566
4605 2567
5706 2567
4953 2567
5756 2567
2 2567
5317 2568
5309 2568
5707 2568
4635 2568
5443 2568
4716 2568
4111 2568
5416 2568
2 2568
5614 2569
4137 2569
4569 2569
2 2569
4463 2570
5209 2570
5747 2570
4049 2570
4547 2570
5883 2570
2 2570
1499 2571
263 2571
1857 2571
5410 2571
5789 2571
2 2571
839 2572
1305 2572
135 2572
929 2572
4770 2572
5017 2572
5237 2572
4606 2572
4912 2572
2 2572
4062 2573
4463 2573
4437 2573
2 2573
5199 2574
5007 2574
2 2574
5558 2575
5935 2575
2 2575
4701 2576
5569 2576
5368 2576
2 2576
5551 2577
4523 2577
4605 2577
2 2577
5536 2578
5398 2578
4841 2578
5462 2578
4219 2578
5565 2578
2 2578
5870 2579
5700 2579
2 2579
5586 2580
5060 2580
4057 2580
5151 2580
5590 2580
2 2580
5218 2581
5996 2581
5213 2581
5661 2581
5067 2581
5207 2581
5332 2581
4735 2581
5704 2581
2 2581
564 2582
1672 2582
5245 2582
5752 2582
5577 2582
5343 2582
2 2582
4282 2583
5497 2583
4227 2583
5772 2583
5113 2583
2 2583
4878 2584
4366 2584
4523 2584
5207 2584
4888 2584
5142 2584
2 2584
4133 2585
4028 2585
5855 2585
5746 2585
2 2585
5065 2586
4118 2586
5875 2586
4067 2586
5001 2586
2 2586
4403 2587
4843 2587
5931 2587
5831 2587
2 2587
5629 2588
5573 2588
4320 2588
4281 2588
4910 2588
5400 2588
2 2588
1650 2589
849 2589
287 2589
1139 2589
868 2589
1424 2589
4128 2589
4513 2589
4307 2589
5513 2589
5244 2589
4838 2589
2 2589
4531 2590
4729 2590
5050 2590
4558 2590
4945 2590
4251 2590
4944 2590
5296 2590
4653 2590
2 2590
4434 2591
5509 2591
5679 2591
5760 2591
4982 2591
4034 2591
5296 2591
4210 2591
4427 2591
2 2591
5648 2592
4258 2592
4284 2592
4689 2592
4959 2592
4419 2592
4410 2592
2 2592
5087 2593
5976 2593
5183 2593
2 2593
5808 2594
4059 2594
4396 2594
5070 2594
5081 2594
5627 2594
5510 2594
2 2594
26 2595
288 2595
1828 2595
4672 2595
5483 2595
5526 2595
5185 2595
4762 2595
5658 2595
5752 2595
4363 2595
2 2595
1234 2596
42 2596
613 2596
4018 2596
5393 2596
2 2596
5956 2597
5278 2597
5135 2597
5109 2597
4758 2597
2 2597
4139 2598
4904 2598
5214 2598
5877 2598
4777 2598
5862 2598
4067 2598
4557 2598
5241 2598
2 2598
5952 2599
5570 2599
4473 2599
4240 2599
5088 2599
5727 2599
4777 2599
4418 2599
2 2599
1806 2600
1049 2600
1080 2600
1851 2600
4924 2600
5759 2600
5107 2600
5554 2600
5999 2600
5056 2600
4660 2600
5012 2600
2 2600
4262 2601
4214 2601
4897 2601
4367 2601
5348 2601
4978 2601
2 2601
5125 2602
4263 2602
5808 2602
5468 2602
5733 2602
5267 2602
5300 2602
4696 2602
5100 2602
2 2602
5465 2603
5273 2603
4890 2603
2 2603
4987 2604
5186 2604
4535 2604
5498 2604
4574 2604
5962 2604
5757 2604
4926 2604
2 2604
4769 2605
5313 2605
5895 2605
5537 2605
4463 2605
5564 2605
4855 2605
4163 2605
2 2605
4894 2606
4333 2606
2 2606
5294 2607
4775 2607
5492 2607
4144 2607
4178 2607
4632 2607
5637 2607
4053 2607
5802 2607
2 2607
4695 2608
5589 2608
4116 2608
4478 2608
5944 2608
4147 2608
5738 2608
4734 2608
2 2608
4724 2609
5175 2609
5547 2609
2 2609
5498 2610
4607 2610
4443 2610
4818 2610
2 2610
4970 2611
5558 2611
4211 2611
5667 2611
2 2611
5260 2612
5694 2612
5152 2612
4391 2612
4049 2612
4718 2612
5242 2612
4643 2612
2 2612
4819 2613
5153 2613
2 2613
5883 2614
5563 2614
4251 2614
4962 2614
5029 2614
4083 2614
5987 2614
2 2614
5079 2615
4477 2615
5638 2615
5567 2615
4718 2615
2 2615
4086 2616
5723 2616
4799 2616
5498 2616
4938 2616
5239 2616
4761 2616
4553 2616
4322 2616
2 2616
4854 2617
4239 2617
4366 2617
5706 2617
4725 2617
4081 2617
4237 2617
4784 2617
4135 2617
2 2617
4719 2618
4208 2618
5041 2618
4993 2618
2 2618
5277 2619
4863 2619
4985 2619
4123 2619
4896 2619
5974 2619
2 2619
5029 2620
5421 2620
4624 2620
4580 2620
4615 2620
4064 2620
5957 2620
5870 2620
4423 2620
2 2620
2007 2621
974 2621
4626 2621
4761 2621
5817 2621
5682 2621
4224 2621
0 2621
2 2621
4219 2622
5444 2622
4558 2622
2 2622
4072 2623
5942 2623
2 2623
5573 2624
4556 2624
4382 2624
2 2624
4028 2625
4787 2625
5677 2625
2 2625
4590 2626
4702 2626
5252 2626
4803 2626
5166 2626
4303 2626
4107 2626
5565 2626
4909 2626
2 2626
5914 2627
5328 2627
2 2627
5448 2628
4725 2628
4873 2628
5446 2628
4670 2628
4414 2628
2 2628
5027 2629
4856 2629
4460 2629
4059 2629
4684 2629
5569 2629
2 2629
4930 2630
5496 2630
2 2630
5456 2631
4717 2631
4064 2631
4586 2631
2 2631
5325 2632
5966 2632
5794 2632
5239 2632
4271 2632
2 2632
5231 2633
4553 2633
4499 2633
2 2633
4354 2634
5737 2634
4830 2634
2 2634
4935 2635
5098 2635
2 2635
5215 2636
4504 2636
2 2636
4468 2637
5808 2637
4124 2637
4817 2637
2 2637
4519 2638
4402 2638
4621 2638
5654 2638
5285 2638
5930 2638
4335 2638
5919 2638
2 2638
4937 2639
5906 2639
4047 2639
5051 2639
4614 2639
5042 2639
6000 2639
2 2639
5052 2640
4037 2640
4120 2640
4967 2640
5826 2640
4633 2640
4468 2640
4458 2640
5892 2640
2 2640
5453 2641
4832 2641
5655 2641
4992 2641
5499 2641
2 2641
5224 2642
4576 2642
5703 2642
2 2642
4468 2643
5081 2643
2 2643
4754 2644
5386 2644
5463 2644
4239 2644
4509 2644
5646 2644
5855 2644
2 2644
4943 2645
4587 2645
2 2645
1278 2646
2004 2646
1750 2646
691 2646
4838 2646
5790 2646
5577 2646
5833 2646
4532 2646
2 2646
4334 2647
5208 2647
4533 2647
5955 2647
5853 2647
2 2647
4220 2648
5561 2648
5163 2648
5692 2648
4171 2648
2 2648
1148 2649
5626 2649
5069 2649
5365 2649
4762 2649
0 2649
2 2649
4251 2650
5190 2650
4598 2650
2 2650
5753 2651
5763 2651
5176 2651
4808 2651
4209 2651
4227 2651
4623 2651
5141 2651
4370 2651
2 2651
4387 2652
5036 2652
5694 2652
4840 2652
5106 2652
4222 2652
5716 2652
5123 2652
2 2652
4241 2653
5940 2653
5253 2653
4057 2653
2 2653
4234 2654
4940 2654
5444 2654
2 2654
1899 2655
140 2655
839 2655
1669 2655
564 2655
4149 2655
5203 2655
2 2655
4988 2656
5861 2656
4859 2656
5268 2656
5492 2656
4786 2656
5944 2656
2 2656
5361 2657
5205 2657
5943 2657
4182 2657
2 2657
4173 2658
5126 2658
5500 2658
4048 2658
4493 2658
2 2658
4827 2659
5913 2659
2 2659
4853 2660
5138 2660
2 2660
1922 2661
4175 2661
4706 2661
2 2661
4059 2662
4832 2662
4863 2662
4043 2662
5464 2662
4054 2662
4609 2662
4300 2662
2 2662
4599 2663
5858 2663
5897 2663
5225 2663
4183 2663
5452 2663
2 2663
4231 2664
4472 2664
5509 2664
4172 2664
5574 2664
5559 2664
5371 2664
2 2664
5419 2665
4057 2665
4791 2665
5562 2665
5205 2665
4653 2665
5644 2665
2 2665
5119 2666
5284 2666
2 2666
5568 2667
4525 2667
4896 2667
5845 2667
5043 2667
5400 2667
4274 2667
2 2667
959 2668
1873 2668
4014 2668
4924 2668
4426 2668
5812 2668
5017 2668
2 2668
5802 2669
4478 2669
5636 2669
4763 2669
2 2669
5782 2670
5571 2670
5132 2670
4774 2670
2 2670
1729 2671
1144 2671
5502 2671
4470 2671
2 2671
5238 2672
4808 2672
5054 2672
4550 2672
2 2672
5675 2673
4826 2673
4877 2673
5020 2673
5363 2673
5266 2673
4414 2673
2 2673
5913 2674
4687 2674
4610 2674
5414 2674
2 2674
4542 2675
5600 2675
2 2675
5964 2676
4629 2676
5571 2676
5186 2676
5167 2676
5197 2676
2 2676
5680 2677
5428 2677
5780 2677
4112 2677
4748 2677
4485 2677
5877 2677
4562 2677
4059 2677
2 2677
4937 2678
5932 2678
4645 2678
5675 2678
2 2678
5701 2679
4503 2679
5816 2679
5313 2679
5768 2679
4484 2679
4051 2679
2 2679
4132 2680
5317 2680
4047 2680
4122 2680
4366 2680
2 2680
5763 2681
5286 2681
4304 2681
5849 2681
4577 2681
4107 2681
4463 2681
2 2681
5063 2682
4618 2682
5383 2682
4178 2682
4626 2682
5933 2682
5765 2682
4721 2682
2 2682
4784 2683
4698 2683
2 2683
5505 2684
4898 2684
5414 2684
2 2684
4073 2685
5699 2685
4570 2685
4235 2685
5454 2685
4378 2685
4324 2685
4139 2685
5109 2685
2 2685
5890 2686
5158 2686
4899 2686
4019 2686
4537 2686
5003 2686
2 2686
4834 2687
5442 2687
4100 2687
5556 2687
4110 2687
4356 2687
2 2687
5776 2688
4425 2688
5805 2688
4515 2688
4361 2688
2 2688
4346 2689
4299 2689
4531 2689
4930 2689
5955 2689
5863 2689
4883 2689
4611 2689
5811 2689
2 2689
5655 2690
5510 2690
2 2690
5298 2691
4134 2691
5395 2691
4796 2691
4635 2691
4628 2691
4831 2691
5142 2691
2 2691
4733 2692
4907 2692
4599 2692
5129 2692
4514 2692
4610 2692
4893 2692
2 2692
1524 2693
377 2693
1701 2693
4706 2693
5623 2693
4501 2693
2 2693
5771 2694
5168 2694
4666 2694
4884 2694
5320 2694
4581 2694
5087 2694
5065 2694
2 2694
5997 2695
4280 2695
4620 2695
5075 2695
2 2695
4364 2696
5579 2696
5574 2696
4296 2696
5576 2696
4180 2696
4163 2696
5103 2696
2 2696
4386 2697
5199 2697
4830 2697
4147 2697
5571 2697
5672 2697
5837 2697
4190 2697
5089 2697
2 2697
5413 2698
5975 2698
4303 2698
5311 2698
5886 2698
4727 2698
2 2698
4967 2699
4375 2699
4504 2699
4124 2699
4995 2699
2 2699
5392 2700
5102 2700
2 2700
5043 2701
5688 2701
4070 2701
5510 2701
2 2701
4169 2702
5772 2702
2 2702
4407 2703
4615 2703
5768 2703
5531 2703
5288 2703
4057 2703
5378 2703
4156 2703
5094 2703
2 2703
5470 2704
5710 2704
4172 2704
4874 2704
5037 2704
2 2704
4645 2705
5647 2705
4549 2705
4640 2705
5993 2705
4591 2705
5382 2705
5756 2705
5293 2705
2 2705
4299 2706
4212 2706
4674 2706
5044 2706
5799 2706
4329 2706
5054 2706
5304 2706
2 2706
4050 2707
4576 2707
5867 2707
4098 2707
4067 2707
5533 2707
5072 2707
2 2707
5521 2708
5895 2708
5768 2708
4548 2708
5413 2708
4049 2708
2 2708
4526 2709
5820 2709
4577 2709
5576 2709
4249 2709
4620 2709
2 2709
5049 2710
5358 2710
5143 2710
5303 2710
2 2710
5181 2711
5701 2711
2 2711
4041 2712
4872 2712
4732 2712
5151 2712
5419 2712
2 2712
4145 2713
4277 2713
5605 2713
4602 2713
2 2713
4990 2714
5703 2714
4815 2714
2 2714
5156 2715
4394 2715
5247 2715
5168 2715
5946 2715
5507 2715
5543 2715
4356 2715
5913 2715
2 2715
4742 2716
4348 2716
4631 2716
2 2716
5758 2717
4853 2717
4844 2717
5734 2717
5957 2717
2 2717
5454 2718
5263 2718
4800 2718
4158 2718
5210 2718
4964 2718
4741 2718
4435 2718
2 2718
4357 2719
5742 2719
4052 2719
2 2719
4979 2720
4830 2720
2 2720
5860 2721
4372 2721
2 2721
5448 2722
5279 2722
5848 2722
5463 2722
2 2722
4958 2723
4392 2723
5938 2723
4154 2723
4648 2723
5497 2723
2 2723
4474 2724
4748 2724
5125 2724
5991 2724
5727 2724
4848 2724
2 2724
4879 2725
5280 2725
4304 2725
4636 2725
4550 2725
5477 2725
4508 2725
2 2725
4992 2726
5603 2726
2 2726
4295 2727
5406 2727
5917 2727
5320 2727
5464 2727
5560 2727
5591 2727
2 2727
4299 2728
5957 2728
5049 2728
4404 2728
2 2728
4599 2729
5973 2729
5048 2729
5668 2729
5133 2729
2 2729
5848 2730
4652 2730
5994 2730
5067 2730
5661 2730
4931 2730
2 2730
5311 2731
5524 2731
5914 2731
5805 2731
2 2731
5774 2732
4860 2732
5368 2732
5540 2732
5475 2732
5480 2732
5376 2732
4666 2732
4256 2732
2 2732
5197 2733
5911 2733
4573 2733
2 2733
5006 2734
4879 2734
2 2734
4167 2735
5613 2735
4659 2735
4673 2735
4568 2735
4419 2735
5403 2735
5904 2735
4941 2735
2 2735
5924 2736
4400 2736
5435 2736
4921 2736
4469 2736
4345 2736
4728 2736
5837 2736
2 2736
5843 2737
5704 2737
4740 2737
5243 2737
5707 2737
5298 2737
4942 2737
2 2737
4467 2738
5113 2738
5145 2738
5238 2738
5295 2738
4930 2738
2 2738
5011 2739
4979 2739
5354 2739
4198 2739
5461 2739
5748 2739
2 2739
5009 2740
4648 2740
4871 2740
4334 2740
5977 2740
5572 2740
2 2740
4877 2741
5386 2741
5756 2741
5661 2741
4953 2741
4947 2741
4740 2741
5708 2741
5998 2741
2 2741
4276 2742
4029 2742
5391 2742
4120 2742
4852 2742
4202 2742
5368 2742
4126 2742
2 2742
5128 2743
5837 2743
5440 2743
4482 2743
4618 2743
2 2743
4134 2744
4873 2744
4285 2744
4878 2744
5910 2744
4542 2744
5706 2744
2 2744
4300 2745
5420 2745
5333 2745
4595 2745
5549 2745
5505 2745
4904 2745
5081 2745
4207 2745
2 2745
4931 2746
4735 2746
5993 2746
4013 2746
4523 2746
2 2746
4370 2747
5496 2747
4282 2747
4857 2747
4049 2747
5330 2747
4107 2747
2 2747
5051 2748
5047 2748
4348 2748
5953 2748
4742 2748
4953 2748
5775 2748
2 2748
1467 2749
401 2749
4148 2749
5365 2749
5833 2749
4470 2749
4206 2749
0 2749
4795 2749
2 2749
5631 2750
5180 2750
5834 2750
4803 2750
4152 2750
5985 2750
4362 2750
2 2750
4016 2751
4627 2751
4183 2751
2 2751
4058 2752
5027 2752
4260 2752
5241 2752
2 2752
4172 2753
4765 2753
4739 2753
4272 2753
4930 2753
2 2753
5718 2754
4303 2754
4976 2754
4361 2754
5575 2754
2 2754
4355 2755
5462 2755
2 2755
5794 2756
4226 2756
4789 2756
2 2756
4215 2757
5770 2757
4566 2757
5829 2757
5705 2757
5586 2757
2 2757
4617 2758
4777 2758
5991 2758
4766 2758
4936 2758
5389 2758
4245 2758
2 2758
4162 2759
4320 2759
4525 2759
5549 2759
2 2759
4643 2760
4738 2760
5079 2760
5053 2760
5338 2760
5984 2760
4201 2760
4180 2760
5567 2760
2 2760
4070 2761
4907 2761
5021 2761
4235 2761
5545 2761
2 2761
5710 2762
5576 2762
5856 2762
4089 2762
5111 2762
2 2762
4478 2763
5384 2763
5216 2763
4951 2763
4405 2763
4859 2763
2 2763
4652 2764
5677 2764
5769 2764
5085 2764
4645 2764
4873 2764
2 2764
4959 2765
5495 2765
5842 2765
5352 2765
5499 2765
2 2765
5029 2766
4853 2766
4685 2766
4336 2766
5895 2766
4387 2766
2 2766
5363 2767
4635 2767
5164 2767
4542 2767
4788 2767
5067 2767
4866 2767
2 2767
5279 2768
4946 2768
5778 2768
4740 2768
5161 2768
4445 2768
5443 2768
2 2768
4713 2769
5594 2769
5706 2769
4047 2769
5996 2769
5906 2769
5099 2769
2 2769
4756 2770
5801 2770
5460 2770
5177 2770
5311 2770
2 2770
4556 2771
5215 2771
4384 2771
2 2771
4220 2772
4119 2772
2 2772
150 2773
963 2773
4455 2773
5107 2773
4762 2773
2 2773
4998 2774
5213 2774
4081 2774
4963 2774
5677 2774
5932 2774
4024 2774
4605 2774
2 2774
4091 2775
5378 2775
2 2775
4191 2776
5240 2776
2 2776
5888 2777
5040 2777
4322 2777
2 2777
4290 2778
5733 2778
4167 2778
4551 2778
5919 2778
2 2778
4372 2779
4527 2779
4226 2779
4828 2779
5824 2779
5187 2779
5089 2779
2 2779
4425 2780
4917 2780
5811 2780
5288 2780
4960 2780
4881 2780
4168 2780
5838 2780
5674 2780
2 2780
5166 2781
4227 2781
4790 2781
4565 2781
5079 2781
4434 2781
2 2781
5436 2782
4285 2782
5641 2782
4133 2782
5740 2782
2 2782
4955 2783
5964 2783
2 2783
4504 2784
5937 2784
4301 2784
5613 2784
2 2784
5688 2785
4865 2785
5767 2785
4166 2785
5073 2785
4625 2785
5411 2785
4481 2785
2 2785
5036 2786
4051 2786
2 2786
5832 2787
5052 2787
5827 2787
4596 2787
5380 2787
2 2787
4715 2788
5807 2788
4176 2788
5632 2788
4527 2788
4518 2788
4952 2788
4991 2788
5724 2788
2 2788
5551 2789
4421 2789
4542 2789
5332 2789
5605 2789
5293 2789
2 2789
1446 2790
226 2790
1220 2790
785 2790
1474 2790
5741 2790
4426 2790
4838 2790
4900 2790
2 2790
5467 2791
4932 2791
4688 2791
4228 2791
2 2791
5543 2792
4807 2792
4043 2792
4621 2792
2 2792
5344 2793
4645 2793
4549 2793
4602 2793
5551 2793
5279 2793
4942 2793
4698 2793
5293 2793
2 2793
4436 2794
5162 2794
2 2794
5480 2795
5613 2795
5640 2795
4895 2795
4794 2795
5568 2795
5543 2795
2 2795
4362 2796
5811 2796
5092 2796
5387 2796
4857 2796
5355 2796
4850 2796
4558 2796
2 2796
4272 2797
4667 2797
4707 2797
2 2797
5367 2798
5265 2798
2 2798
4892 2799
4840 2799
5336 2799
5909 2799
5590 2799
4168 2799
2 2799
5096 2800
5756 2800
2 2800
5174 2801
4933 2801
2 2801
4013 2802
4081 2802
5876 2802
4947 2802
4187 2802
4963 2802
2 2802
1630 2803
1988 2803
1509 2803
5485 2803
4501 2803
5034 2803
4532 2803
4128 2803
2 2803
5277 2804
5039 2804
2 2804
5145 2805
4315 2805
4590 2805
5588 2805
4398 2805
2 2805
4494 2806
5332 2806
2 2806
759 2807
342 2807
533 2807
830 2807
1685 2807
973 2807
5302 2807
5526 2807
5150 2807
5200 2807
5873 2807
2 2807
1740 2808
1795 2808
0 2808
4442 2808
5244 2808
4622 2808
5789 2808
4650 2808
5481 2808
5203 2808
4954 2808
2 2808
1642 2809
1765 2809
230 2809
1996 2809
5691 2809
4284 2809
4977 2809
5110 2809
4273 2809
4137 2809
5614 2809
4406 2809
5791 2809
0 2809
2 2809
5217 2810
4581 2810
4666 2810
4901 2810
5255 2810
2 2810
5625 2811
5803 2811
4258 2811
4837 2811
5557 2811
4898 2811
4338 2811
5866 2811
2 2811
4739 2812
4653 2812
5434 2812
5336 2812
2 2812
5600 2813
4221 2813
4102 2813
2 2813
4646 2814
5389 2814
5727 2814
4410 2814
2 2814
5194 2815
4643 2815
4492 2815
5805 2815
5288 2815
2 2815
5118 2816
4279 2816
4794 2816
4337 2816
5515 2816
2 2816
4185 2817
4531 2817
5253 2817
4840 2817
2 2817
4967 2818
5172 2818
5729 2818
4126 2818
2 2818
5776 2819
4829 2819
2 2819
4026 2820
5799 2820
4294 2820
5978 2820
4874 2820
5378 2820
4914 2820
5139 2820
2 2820
4544 2821
5863 2821
4821 2821
4916 2821
5291 2821
5331 2821
4023 2821
2 2821
4772 2822
4061 2822
2 2822
4137 2823
4488 2823
5043 2823
4365 2823
4042 2823
4114 2823
4710 2823
5499 2823
2 2823
768 2824
5317 2824
4735 2824
5086 2824
5436 2824
4309 2824
5506 2824
4031 2824
4953 2824
5899 2824
0 2824
2 2824
749 2825
5701 2825
5178 2825
4254 2825
0 2825
2 2825
4903 2826
5383 2826
4518 2826
4271 2826
5392 2826
5089 2826
2 2826
4536 2827
4748 2827
4959 2827
5795 2827
5411 2827
2 2827
4139 2828
4584 2828
4256 2828
5118 2828
4891 2828
4676 2828
4326 2828
5840 2828
2 2828
182 2829
1466 2829
1042 2829
5601 2829
0 2829
4704 2829
2 2829
5562 2830
4516 2830
2 2830
551 2831
810 2831
5343 2831
5056 2831
4679 2831
4703 2831
2 2831
4839 2832
4793 2832
5450 2832
5616 2832
5384 2832
2 2832
5441 2833
5496 2833
4945 2833
4624 2833
5652 2833
4049 2833
5053 2833
5330 2833
2 2833
5828 2834
5511 2834
5788 2834
2 2834
4940 2835
4982 2835
4092 2835
4431 2835
5985 2835
4370 2835
4844 2835
4246 2835
4653 2835
2 2835
4678 2836
5668 2836
4447 2836
5467 2836
4827 2836
4126 2836
4570 2836
5727 2836
4109 2836
2 2836
5121 2837
4171 2837
5471 2837
5632 2837
4313 2837
5431 2837
4480 2837
2 2837
4481 2838
4832 2838
5703 2838
2 2838
4255 2839
5803 2839
4037 2839
4666 2839
5832 2839
2 2839
4700 2840
5409 2840
4139 2840
4266 2840
5454 2840
4321 2840
2 2840
5409 2841
4375 2841
4037 2841
5619 2841
5714 2841
2 2841
5204 2842
5314 2842
5250 2842
2 2842
4874 2843
5907 2843
5036 2843
5957 2843
2 2843
4522 2844
5463 2844
4614 2844
4812 2844
4528 2844
5067 2844
2 2844
5092 2845
5176 2845
5477 2845
5221 2845
5379 2845
4427 2845
4208 2845
2 2845
5223 2846
4557 2846
5976 2846
4183 2846
5420 2846
4772 2846
5432 2846
5368 2846
2 2846
4429 2847
4621 2847
4807 2847
5424 2847
5135 2847
5449 2847
5013 2847
4108 2847
2 2847
4589 2848
5918 2848
4743 2848
5146 2848
2 2848
4472 2849
4168 2849
5103 2849
5702 2849
4376 2849
4169 2849
2 2849
5705 2850
4210 2850
5753 2850
5770 2850
2 2850
5902 2851
5599 2851
5258 2851
5356 2851
5273 2851
2 2851
4827 2852
5388 2852
4901 2852
4118 2852
2 2852
4571 2853
4093 2853
2 2853
5336 2854
5311 2854
2 2854
4754 2855
4027 2855
5910 2855
5085 2855
4869 2855
4560 2855
4534 2855
2 2855
4270 2856
4366 2856
4888 2856
5155 2856
5617 2856
5707 2856
5314 2856
2 2856
4776 2857
4451 2857
2 2857
5173 2858
5874 2858
4850 2858
4292 2858
5938 2858
2 2858
4051 2859
5221 2859
5429 2859
5092 2859
5337 2859
5254 2859
5555 2859
5014 2859
4760 2859
2 2859
1084 2860
1213 2860
572 2860
4666 2860
5518 2860
5191 2860
5256 2860
5691 2860
4525 2860
0 2860
2 2860
4088 2861
5574 2861
4892 2861
5958 2861
5918 2861
4423 2861
2 2861
5985 2862
5291 2862
5447 2862
5310 2862
4717 2862
4210 2862
4292 2862
4303 2862
2 2862
349 2863
1114 2863
1816 2863
180 2863
1269 2863
0 2863
4513 2863
5393 2863
5484 2863
2 2863
4199 2864
4664 2864
5888 2864
4452 2864
4224 2864
4820 2864
2 2864
1953 2865
31 2865
435 2865
876 2865
5866 2865
5162 2865
5474 2865
5640 2865
4166 2865
4236 2865
4557 2865
4261 2865
0 2865
2 2865
5997 2866
5578 2866
2 2866
4331 2867
4306 2867
4102 2867
4942 2867
5243 2867
4401 2867
2 2867
5975 2868
5834 2868
5955 2868
4709 2868
5009 2868
5323 2868
5700 2868
5796 2868
2 2868
4452 2869
5167 2869
5743 2869
5216 2869
5611 2869
2 2869
4492 2870
5652 2870
5341 2870
2 2870
4190 2871
5206 2871
5292 2871
4048 2871
5490 2871
4987 2871
2 2871
4750 2872
5961 2872
4786 2872
5282 2872
4357 2872
5787 2872
5002 2872
4662 2872
5865 2872
2 2872
5959 2873
5683 2873
5011 2873
5427 2873
2 2873
4231 2874
4611 2874
4769 2874
5674 2874
4367 2874
5720 2874
5092 2874
2 2874
4957 2875
5155 2875
5704 2875
4953 2875
2 2875
4603 2876
5397 2876
2 2876
4034 2877
4976 2877
5487 2877
4516 2877
5180 2877
2 2877
5522 2878
4722 2878
4615 2878
4543 2878
5022 2878
4257 2878
2 2878
1384 2879
5302 2879
4203 2879
5347 2879
5658 2879
4269 2879
2 2879
4551 2880
5587 2880
5414 2880
5275 2880
5059 2880
5052 2880
5917 2880
2 2880
5589 2881
5861 2881
2 2881
5695 2882
5010 2882
4238 2882
5549 2882
5148 2882
4200 2882
4895 2882
4502 2882
2 2882
4211 2883
5346 2883
5160 2883
4715 2883
5865 2883
2 2883
5920 2884
5121 2884
5979 2884
4075 2884
4146 2884
4020 2884
2 2884
5482 2885
5375 2885
4417 2885
2 2885
5665 2886
4449 2886
5052 2886
5345 2886
4287 2886
5391 2886
2 2886
5811 2887
4492 2887
5173 2887
4015 2887
4107 2887
2 2887
5313 2888
4586 2888
5060 2888
4791 2888
4846 2888
5123 2888
4756 2888
2 2888
4418 2889
5854 2889
5875 2889
4891 2889
4584 2889
4468 2889
4681 2889
2 2889
4852 2890
4936 2890
5619 2890
4858 2890
4514 2890
4907 2890
5154 2890
2 2890
5654 2891
5515 2891
5400 2891
5172 2891
5074 2891
4016 2891
5263 2891
4863 2891
2 2891
5509 2892
5870 2892
2 2892
5304 2893
4729 2893
2 2893
1889 2894
1537 2894
395 2894
415 2894
5084 2894
5709 2894
4650 2894
4660 2894
4532 2894
4679 2894
5947 2894
4471 2894
2 2894
5437 2895
4144 2895
4101 2895
4342 2895
5962 2895
5711 2895
2 2895
1744 2896
881 2896
81 2896
4292 2896
5209 2896
0 2896
2 2896
4336 2897
5023 2897
4089 2897
5349 2897
5650 2897
5029 2897
2 2897
4946 2898
4309 2898
5445 2898
4947 2898
5996 2898
4160 2898
4963 2898
2 2898
1157 2899
986 2899
1929 2899
871 2899
5481 2899
4426 2899
4770 2899
5833 2899
4847 2899
5244 2899
4311 2899
5271 2899
5830 2899
2 2899
4826 2900
4592 2900
5386 2900
2 2900
5882 2901
5551 2901
5707 2901
5921 2901
5994 2901
5047 2901
2 2901
5332 2902
5382 2902
5008 2902
5250 2902
4462 2902
5085 2902
4614 2902
4866 2902
2 2902
5681 2903
5054 2903
5527 2903
4718 2903
5295 2903
4450 2903
2 2903
5959 2904
5673 2904
4330 2904
5093 2904
5890 2904
4668 2904
2 2904
4356 2905
5403 2905
4474 2905
5368 2905
5491 2905
4043 2905
4054 2905
2 2905
4629 2906
4305 2906
5672 2906
5482 2906
4975 2906
5744 2906
5765 2906
4734 2906
2 2906
4325 2907
5228 2907
4225 2907
5738 2907
4988 2907
5864 2907
4510 2907
5782 2907
4085 2907
2 2907
4970 2908
4317 2908
5724 2908
5512 2908
5888 2908
2 2908
5922 2909
5538 2909
4932 2909
5580 2909
2 2909
1098 2910
5203 2910
5916 2910
4066 2910
2 2910
5208 2911
4669 2911
5951 2911
4057 2911
4976 2911
2 2911
4848 2912
5251 2912
5952 2912
4994 2912
5505 2912
4578 2912
5804 2912
5971 2912
2 2912
5249 2913
4636 2913
5931 2913
2 2913
4324 2914
4766 2914
5714 2914
2 2914
620 2915
511 2915
1822 2915
619 2915
891 2915
4066 2915
5766 2915
2 2915
5797 2916
5826 2916
5862 2916
4118 2916
4261 2916
4687 2916
2 2916
5112 2917
4682 2917
4515 2917
2 2917
344 2918
1945 2918
5185 2918
4900 2918
0 2918
5766 2918
4847 2918
2 2918
5705 2919
5477 2919
5460 2919
4643 2919
4099 2919
4049 2919
5690 2919
5198 2919
5799 2919
2 2919
4554 2920
5987 2920
2 2920
4722 2921
4541 2921
5418 2921
5286 2921
4172 2921
5265 2921
5477 2921
2 2921
4349 2922
4388 2922
5149 2922
5630 2922
4373 2922
5373 2922
2 2922
5575 2923
5638 2923
5957 2923
2 2923
4553 2924
4518 2924
4438 2924
5730 2924
5933 2924
4753 2924
4082 2924
4116 2924
2 2924
4851 2925
4775 2925
4189 2925
5944 2925
5392 2925
2 2925
4235 2926
4287 2926
5580 2926
2 2926
4413 2927
5628 2927
5517 2927
5544 2927
4544 2927
2 2927
5499 2928
4815 2928
4932 2928
5374 2928
4861 2928
5224 2928
2 2928
4990 2929
5110 2929
4153 2929
4186 2929
2 2929
4343 2930
5535 2930
5580 2930
2 2930
4065 2931
4592 2931
5740 2931
5876 2931
5906 2931
4788 2931
2 2931
4126 2932
5211 2932
4700 2932
5804 2932
5215 2932
4360 2932
4910 2932
5065 2932
2 2932
4136 2933
4383 2933
5931 2933
2 2933
1703 2934
5393 2934
4838 2934
5107 2934
4532 2934
4606 2934
5269 2934
4704 2934
2 2934
4171 2935
4151 2935
2 2935
4720 2936
5827 2936
2 2936
5970 2937
4654 2937
4027 2937
5882 2937
5906 2937
4188 2937
4588 2937
5020 2937
5161 2937
2 2937
5348 2938
4441 2938
4958 2938
4643 2938
5586 2938
4367 2938
5940 2938
2 2938
4713 2939
4796 2939
4528 2939
4579 2939
4605 2939
4102 2939
5370 2939
4523 2939
5708 2939
2 2939
5489 2940
4927 2940
5137 2940
5498 2940
4101 2940
4527 2940
2 2940
5207 2941
4539 2941
2 2941
5733 2942
5065 2942
4966 2942
2 2942
4983 2943
4231 2943
4808 2943
4598 2943
5686 2943
2 2943
5635 2944
4388 2944
5105 2944
2 2944
4635 2945
4509 2945
5647 2945
4028 2945
2 2945
4787 2946
5051 2946
5364 2946
4560 2946
5740 2946
2 2946
1278 2947
1915 2947
1543 2947
5410 2947
0 2947
5274 2947
5017 2947
4063 2947
2 2947
4221 2948
4931 2948
4560 2948
5080 2948
5970 2948
4285 2948
5551 2948
5445 2948
5932 2948
2 2948
5654 2949
4377 2949
2 2949
803 2950
1284 2950
1510 2950
1388 2950
4175 2950
4612 2950
2 2950
1018 2951
492 2951
472 2951
1369 2951
1420 2951
5916 2951
5004 2951
5476 2951
2 2951
5186 2952
4144 2952
4965 2952
4499 2952
5942 2952
2 2952
4931 2953
4031 2953
5332 2953
4713 2953
5161 2953
5646 2953
4401 2953
5876 2953
4652 2953
2 2953
5753 2954
5458 2954
4121 2954
5527 2954
4505 2954
5918 2954
2 2954
5498 2955
5684 2955
5427 2955
2 2955
5401 2956
5247 2956
5713 2956
5771 2956
5027 2956
5133 2956
5257 2956
4100 2956
5648 2956
2 2956
4697 2957
5074 2957
5397 2957
4281 2957
2 2957
4240 2958
4882 2958
4158 2958
5406 2958
5256 2958
5191 2958
5691 2958
2 2958
5531 2959
4928 2959
5984 2959
4933 2959
4671 2959
5563 2959
5195 2959
5686 2959
4764 2959
2 2959
4389 2960
4656 2960
2 2960
4539 2961
4725 2961
2 2961
4933 2962
4846 2962
5943 2962
5434 2962
2 2962
991 2963
1232 2963
4612 2963
4908 2963
2 2963
5206 2964
5471 2964
5743 2964
4574 2964
4656 2964
2 2964
4222 2965
5260 2965
2 2965
4357 2966
5390 2966
4012 2966
4190 2966
5593 2966
4828 2966
2 2966
4998 2967
4631 2967
4942 2967
5906 2967
2 2967
4162 2968
4358 2968
5285 2968
4992 2968
5771 2968
5505 2968
5599 2968
2 2968
385 2969
1921 2969
337 2969
0 2969
5056 2969
4529 2969
4680 2969
5245 2969
4795 2969
5948 2969
5868 2969
5609 2969
2 2969
4053 2970
5639 2970
4921 2970
4822 2970
4987 2970
5471 2970
5636 2970
2 2970
5154 2971
4300 2971
4582 2971
5018 2971
5408 2971
4595 2971
4418 2971
2 2971
4089 2972
4906 2972
2 2972
4871 2973
5567 2973
5444 2973
5170 2973
4268 2973
2 2973
4728 2974
4438 2974
4763 2974
4075 2974
2 2974
4773 2975
5138 2975
4732 2975
4597 2975
4150 2975
4355 2975
4185 2975
2 2975
4780 2976
4866 2976
4628 2976
5641 2976
4491 2976
2 2976
5475 2977
5095 2977
5714 2977
2 2977
5994 2978
4035 2978
4869 2978
2 2978
4236 2979
4308 2979
5073 2979
5101 2979
5480 2979
5305 2979
4260 2979
2 2979
5510 2980
5695 2980
5827 2980
4158 2980
4245 2980
4458 2980
5223 2980
2 2980
1276 2981
5554 2981
4644 2981
4918 2981
5004 2981
5948 2981
5244 2981
2 2981
5452 2982
5312 2982
4596 2982
4301 2982
5908 2982
5273 2982
5507 2982
5913 2982
2 2982
5857 2983
4839 2983
5132 2983
4755 2983
4798 2983
4975 2983
4452 2983
4723 2983
5068 2983
2 2983
1959 2984
1464 2984
36 2984
746 2984
514 2984
5623 2984
5031 2984
5928 2984
5948 2984
5307 2984
0 2984
4680 2984
5779 2984
4203 2984
2 2984
4671 2985
5394 2985
4833 2985
2 2985
5534 2986
5769 2986
5250 2986
5677 2986
5047 2986
4445 2986
4957 2986
5844 2986
2 2986
5937 2987
5784 2987
4884 2987
5095 2987
4308 2987
5755 2987
2 2987
4374 2988
5068 2988
4668 2988
5890 2988
5865 2988
5639 2988
2 2988
5806 2989
4138 2989
4040 2989
2 2989
4035 2990
4277 2990
4631 2990
5370 2990
4652 2990
2 2990
5570 2991
5097 2991
4264 2991
4884 2991
5745 2991
2 2991
387 2992
1872 2992
1902 2992
490 2992
5508 2992
5360 2992
5502 2992
5513 2992
4128 2992
2 2992
4137 2993
5082 2993
5451 2993
5133 2993
4690 2993
5018 2993
5135 2993
4129 2993
4360 2993
2 2993
4408 2994
5866 2994
5670 2994
5258 2994
4449 2994
5945 2994
4895 2994
2 2994
1650 2995
1425 2995
1419 2995
5581 2995
4835 2995
4446 2995
4660 2995
4032 2995
2 2995
5421 2996
4722 2996
5662 2996
5985 2996
4962 2996
4057 2996
2 2996
5290 2997
4276 2997
5251 2997
4016 2997
4207 2997
5240 2997
4576 2997
5894 2997
5622 2997
2 2997
4728 2998
4440 2998
4824 2998
2 2998
5178 2999
5907 2999
5318 2999
5173 2999
4520 2999
5496 2999
5331 2999
4949 2999
4392 2999
2 2999
5087 3000
4232 3000
4140 3000
4496 3000
5430 3000
5223 3000
4458 3000
2 3000
514 3001
397 3001
1222 3001
711 3001
847 3001
916 3001
497 3001
58 3001
1242 3001
4426 3001
4672 3001
4908 3001
5056 3001
4148 3001
4066 3001
2 3001
4880 3002
5996 3002
5332 3002
5661 3002
4013 3002
4331 3002
5083 3002
2 3002
5159 3003
5819 3003
4197 3003
4130 3003
2 3003
4408 3004
4290 3004
4815 3004
4326 3004
5263 3004
4485 3004
5840 3004
5625 3004
2 3004
650 3005
722 3005
502 3005
4442 3005
4498 3005
4954 3005
5307 3005
4986 3005
5513 3005
4744 3005
5601 3005
4470 3005
2 3005
5055 3006
5389 3006
5528 3006
5549 3006
5284 3006
5118 3006
5974 3006
5946 3006
2 3006
5387 3007
5772 3007
4383 3007
4472 3007
4105 3007
5912 3007
4243 3007
4930 3007
2 3007
1407 3008
5884 3008
4293 3008
5793 3008
5031 3008
4644 3008
5046 3008
5107 3008
4495 3008
2 3008
5944 3009
5807 3009
4456 3009
4224 3009
2 3009
5729 3010
4837 3010
5872 3010
4333 3010
2 3010
4910 3011
4666 3011
5771 3011
4084 3011
5612 3011
4876 3011
5915 3011
4253 3011
5862 3011
2 3011
4588 3012
4831 3012
4523 3012
5164 3012
5932 3012
2 3012
5191 3013
5285 3013
5409 3013
4865 3013
4022 3013
2 3013
5860 3014
4538 3014
4125 3014
5787 3014
4443 3014
5457 3014
5685 3014
5783 3014
2 3014
5820 3015
5009 3015
4808 3015
4464 3015
4430 3015
5853 3015
5362 3015
4691 3015
5104 3015
2 3015
5736 3016
4966 3016
4394 3016
4360 3016
4284 3016
4358 3016
4815 3016
4911 3016
4245 3016
2 3016
4093 3017
5858 3017
4995 3017
2 3017
4914 3018
5330 3018
5362 3018
4862 3018
5595 3018
4841 3018
5041 3018
4163 3018
5166 3018
2 3018
4870 3019
5446 3019
4331 3019
4888 3019
4132 3019
4111 3019
5998 3019
5646 3019
4145 3019
2 3019
5967 3020
5286 3020
5190 3020
2 3020
5801 3021
4319 3021
4046 3021
5781 3021
5189 3021
5025 3021
5291 3021
5201 3021
4919 3021
2 3021
4137 3022
5804 3022
4308 3022
2 3022
1598 3023
549 3023
1317 3023
802 3023
4762 3023
5200 3023
2 3023
4106 3024
5977 3024
4853 3024
4843 3024
4368 3024
4023 3024
4064 3024
5181 3024
4731 3024
2 3024
4785 3025
5933 3025
5503 3025
5735 3025
5093 3025
2 3025
5963 3026
5991 3026
4625 3026
5326 3026
4087 3026
5603 3026
4488 3026
2 3026
4504 3027
5842 3027
5514 3027
4749 3027
5580 3027
4022 3027
4396 3027
5797 3027
5406 3027
2 3027
4807 3028
4741 3028
2 3028
1155 3029
769 3029
0 3029
4730 3029
5812 3029
5393 3029
5274 3029
4703 3029
4986 3029
2 3029
4369 3030
4209 3030
5889 3030
5421 3030
4520 3030
2 3030
151 3031
702 3031
1009 3031
5481 3031
5347 3031
2 3031
5354 3032
4816 3032
4322 3032
2 3032
5256 3033
4453 3033
5599 3033
4252 3033
2 3033
4114 3034
4263 3034
5627 3034
4551 3034
4059 3034
5974 3034
5263 3034
4207 3034
2 3034
4659 3035
5872 3035
4177 3035
4460 3035
2 3035
5907 3036
5696 3036
5681 3036
5792 3036
5301 3036
5296 3036
2 3036
5275 3037
4536 3037
5026 3037
4300 3037
4033 3037
4255 3037
5569 3037
5764 3037
2 3037
4309 3038
5704 3038
4645 3038
5445 3038
4942 3038
4102 3038
2 3038
5464 3039
5172 3039
2 3039
4297 3040
4213 3040
5740 3040
4560 3040
4366 3040
4572 3040
4145 3040
4640 3040
2 3040
5434 3041
4719 3041
5488 3041
5044 3041
4909 3041
2 3041
4399 3042
4592 3042
4031 3042
4787 3042
4494 3042
5541 3042
4614 3042
4654 3042
2 3042
5588 3043
4567 3043
4914 3043
4945 3043
2 3043
4039 3044
4928 3044
5883 3044
4566 3044
4094 3044
2 3044
4092 3045
5596 3045
5734 3045
5355 3045
5511 3045
4567 3045
2 3045
5123 3046
5304 3046
4586 3046
5846 3046
4764 3046
4949 3046
4669 3046
2 3046
1325 3047
1748 3047
811 3047
4918 3047
4069 3047
5947 3047
2 3047
4541 3048
4368 3048
5303 3048
5497 3048
4472 3048
5351 3048
2 3048
4790 3049
4544 3049
5705 3049
5749 3049
5596 3049
4444 3049
2 3049
5978 3050
4103 3050
2 3050
5914 3051
4636 3051
4076 3051
5189 3051
5772 3051
4790 3051
2 3051
669 3052
1585 3052
171 3052
804 3052
807 3052
5271 3052
4395 3052
4066 3052
4986 3052
4148 3052
4762 3052
5623 3052
5726 3052
2 3052
5972 3053
5893 3053
5301 3053
5909 3053
5113 3053
4983 3053
4756 3053
4103 3053
2 3053
4701 3054
5052 3054
5088 3054
4466 3054
5777 3054
5827 3054
5584 3054
2 3054
5490 3055
5933 3055
5450 3055
4305 3055
5920 3055
5077 3055
4038 3055
2 3055
4198 3056
5440 3056
5490 3056
5206 3056
4774 3056
2 3056
4921 3057
5132 3057
4440 3057
5898 3057
4115 3057
4824 3057
5489 3057
2 3057
4641 3058
5102 3058
5761 3058
4211 3058
4619 3058
5077 3058
5121 3058
2 3058
4223 3059
5324 3059
5736 3059
4077 3059
5587 3059
2 3059
4421 3060
5314 3060
5395 3060
4742 3060
5096 3060
2 3060
5305 3061
5285 3061
2 3061
4570 3062
4967 3062
5159 3062
4037 3062
4772 3062
5414 3062
2 3062
5315 3063
5634 3063
5734 3063
2 3063
5643 3064
4398 3064
5914 3064
5178 3064
4424 3064
5009 3064
5907 3064
2 3064
5791 3065
4418 3065
5660 3065
5438 3065
5777 3065
2 3065
5075 3066
4515 3066
2 3066
5033 3067
4229 3067
5642 3067
4287 3067
4112 3067
2 3067
4866 3068
5506 3068
2 3068
4823 3069
4459 3069
2 3069
5548 3070
5984 3070
4505 3070
5441 3070
5576 3070
4184 3070
5509 3070
4089 3070
2 3070
4414 3071
4999 3071
5932 3071
5317 3071
4135 3071
5594 3071
4605 3071
4239 3071
2 3071
4288 3072
4467 3072
2 3072
4958 3073
5686 3073
4765 3073
5985 3073
5972 3073
4049 3073
5796 3073
5753 3073
2 3073
5474 3074
4449 3074
4481 3074
4777 3074
5878 3074
5428 3074
5655 3074
5454 3074
4964 3074
2 3074
5175 3075
4987 3075
5692 3075
4767 3075
4138 3075
5440 3075
4373 3075
4482 3075
4220 3075
2 3075
5565 3076
4743 3076
5144 3076
5005 3076
4165 3076
5690 3076
5705 3076
4156 3076
2 3076
5721 3077
4882 3077
4098 3077
4240 3077
5278 3077
4638 3077
2 3077
4123 3078
4274 3078
5039 3078
5736 3078
5297 3078
2 3078
4811 3079
5952 3079
5101 3079
5867 3079
5703 3079
5815 3079
4832 3079
5991 3079
5284 3079
2 3079
5262 3080
4212 3080
5176 3080
4958 3080
5781 3080
4121 3080
4025 3080
2 3080
5450 3081
4604 3081
5959 3081
5126 3081
4970 3081
2 3081
4945 3082
4630 3082
5322 3082
5909 3082
4897 3082
5112 3082
4097 3082
4515 3082
2 3082
4655 3083
5690 3083
4407 3083
4790 3083
4249 3083
2 3083
5858 3084
4500 3084
2 3084
4335 3085
5467 3085
4627 3085
2 3085
1352 3086
4986 3086
5056 3086
5012 3086
2 3086
4223 3087
4545 3087
4690 3087
2 3087
5803 3088
4992 3088
4108 3088
4856 3088
4578 3088
5618 3088
4458 3088
4599 3088
4506 3088
2 3088
4427 3089
4643 3089
4808 3089
4092 3089
4302 3089
2 3089
5522 3090
5984 3090
2 3090
5313 3091
4046 3091
4159 3091
2 3091
5066 3092
5635 3092
5040 3092
4649 3092
4452 3092
2 3092
5356 3093
5072 3093
5406 3093
4375 3093
4659 3093
4733 3093
5922 3093
5584 3093
2 3093
5126 3094
4372 3094
5685 3094
2 3094
4329 3095
4208 3095
4179 3095
5835 3095
2 3095
4544 3096
4739 3096
5060 3096
4928 3096
5856 3096
5336 3096
4543 3096
2 3096
4448 3097
5214 3097
2 3097
4873 3098
4812 3098
5647 3098
5617 3098
6000 3098
2 3098
4505 3099
5590 3099
5295 3099
2 3099
4140 3100
4228 3100
5897 3100
2 3100
5229 3101
4211 3101
4938 3101
5276 3101
5294 3101
5961 3101
4573 3101
4656 3101
2 3101
5316 3102
5871 3102
4326 3102
4308 3102
4617 3102
5538 3102
4217 3102
4080 3102
2 3102
4415 3103
4097 3103
4364 3103
2 3103
5687 3104
5552 3104
4813 3104
5489 3104
4970 3104
5735 3104
4248 3104
4987 3104
2 3104
5413 3105
5337 3105
4113 3105
4667 3105
5253 3105
2 3105
4225 3106
4974 3106
2 3106
5197 3107
5571 3107
4417 3107
4975 3107
5231 3107
2 3107
4133 3108
5436 3108
5534 3108
2 3108
5764 3109
4284 3109
4901 3109
4312 3109
5183 3109
4418 3109
4621 3109
5281 3109
2 3109
954 3110
336 3110
5916 3110
4634 3110
2 3110
4879 3111
4367 3111
4041 3111
2 3111
4960 3112
5478 3112
4862 3112
2 3112
4354 3113
5589 3113
4038 3113
2 3113
5451 3114
4500 3114
4966 3114
4428 3114
5543 3114
4045 3114
2 3114
5591 3115
5224 3115
5401 3115
2 3115
120 3116
1263 3116
4149 3116
5012 3116
4470 3116
4644 3116
5200 3116
4032 3116
4170 3116
4672 3116
2 3116
892 3117
1146 3117
5012 3117
4762 3117
4795 3117
5084 3117
4714 3117
5948 3117
4353 3117
2 3117
5713 3118
4191 3118
4582 3118
2 3118
4250 3119
5482 3119
4723 3119
5102 3119
2 3119
650 3120
5517 3120
4541 3120
4319 3120
5359 3120
5559 3120
5114 3120
4930 3120
0 3120
2 3120
4331 3121
5364 3121
2 3121
4121 3122
5710 3122
5574 3122
2 3122
5176 3123
4846 3123
4872 3123
5805 3123
4949 3123
5700 3123
4246 3123
2 3123
4886 3124
5990 3124
4748 3124
5464 3124
5480 3124
5612 3124
5693 3124
5937 3124
2 3124
4417 3125
4951 3125
5227 3125
4618 3125
2 3125
5631 3126
4806 3126
4760 3126
2 3126
5679 3127
5151 3127
5863 3127
5249 3127
5460 3127
2 3127
4297 3128
4823 3128
2 3128
903 3129
803 3129
1728 3129
540 3129
1305 3129
1314 3129
4529 3129
4679 3129
5264 3129
5237 3129
4660 3129
5130 3129
2 3129
4109 3130
4571 3130
5039 3130
4593 3130
4244 3130
2 3130
4754 3131
5993 3131
4239 3131
4953 3131
5083 3131
4359 3131
4102 3131
4784 3131
5823 3131
2 3131
137 3132
1247 3132
1289 3132
1016 3132
4078 3132
4165 3132
5296 3132
0 3132
2 3132
4227 3133
5254 3133
5151 3133
5977 3133
2 3133
5441 3134
4909 3134
5592 3134
4036 3134
4540 3134
4113 3134
5760 3134
2 3134
4812 3135
4459 3135
5551 3135
2 3135
5772 3136
4302 3136
2 3136
4248 3137
4373 3137
5824 3137
5620 3137
4639 3137
4480 3137
4101 3137
4604 3137
5346 3137
2 3137
4629 3138
4789 3138
4708 3138
5160 3138
2 3138
5778 3139
4998 3139
4652 3139
2 3139
5716 3140
4803 3140
5335 3140
5768 3140
4797 3140
4692 3140
4216 3140
2 3140
4635 3141
4188 3141
4713 3141
2 3141
4096 3142
4302 3142
5315 3142
5496 3142
5104 3142
2 3142
925 3143
1345 3143
1815 3143
636 3143
4326 3143
4352 3143
5045 3143
4139 3143
5963 3143
4964 3143
4561 3143
5062 3143
4112 3143
0 3143
2 3143
5763 3144
5195 3144
4586 3144
5555 3144
2 3144
4767 3145
4388 3145
4225 3145
2 3145
4688 3146
4045 3146
5135 3146
2 3146
4897 3147
4804 3147
5799 3147
2 3147
5860 3148
4527 3148
2 3148
5052 3149
4936 3149
4087 3149
5257 3149
5556 3149
5475 3149
5495 3149
5580 3149
4485 3149
2 3149
5980 3150
4144 3150
4350 3150
5457 3150
4555 3150
5667 3150
5737 3150
5030 3150
5989 3150
2 3150
5580 3151
5312 3151
4384 3151
5159 3151
5420 3151
5654 3151
5625 3151
2 3151
1407 3152
1649 3152
418 3152
5754 3152
4471 3152
5212 3152
5739 3152
5269 3152
4069 3152
2 3152
5792 3153
5458 3153
5497 3153
4797 3153
5487 3153
5103 3153
2 3153
1806 3154
1935 3154
1664 3154
1150 3154
1080 3154
426 3154
285 3154
5494 3154
4529 3154
4838 3154
4918 3154
4706 3154
2 3154
4694 3155
4515 3155
4738 3155
5548 3155
2 3155
4144 3156
5981 3156
4604 3156
4344 3156
4443 3156
2 3156
1889 3157
1084 3157
5321 3157
4495 3157
5200 3157
2 3157
5613 3158
4545 3158
5621 3158
5070 3158
5695 3158
5411 3158
2 3158
4487 3159
5903 3159
5881 3159
4932 3159
4852 3159
5528 3159
5486 3159
4610 3159
4073 3159
2 3159
4158 3160
5624 3160
5159 3160
2 3160
4385 3161
5902 3161
5267 3161
4772 3161
5466 3161
5033 3161
4599 3161
2 3161
4870 3162
5954 3162
5594 3162
5756 3162
2 3162
5445 3163
4309 3163
4102 3163
5843 3163
4160 3163
4878 3163
5164 3163
2 3163
5238 3164
5634 3164
5822 3164
4961 3164
5487 3164
2 3164
4350 3165
5233 3165
5787 3165
4974 3165
4345 3165
5450 3165
2 3165
4104 3166
5996 3166
5443 3166
5921 3166
5067 3166
4462 3166
4942 3166
5707 3166
5085 3166
2 3166
5736 3167
5603 3167
4485 3167
4458 3167
4964 3167
4100 3167
4186 3167
5154 3167
2 3167
1605 3168
963 3168
4679 3168
4501 3168
4131 3168
2 3168
5117 3169
5466 3169
4343 3169
4428 3169
4659 3169
5934 3169
4375 3169
4696 3169
5715 3169
2 3169
1969 3170
584 3170
183 3170
1665 3170
251 3170
522 3170
672 3170
5267 3170
4809 3170
4625 3170
4800 3170
5486 3170
4284 3170
0 3170
2 3170
5035 3171
5863 3171
2 3171
4525 3172
5698 3172
5603 3172
4240 3172
5246 3172
5148 3172
2 3172
4349 3173
4250 3173
4259 3173
2 3173
4193 3174
4313 3174
4641 3174
4618 3174
5980 3174
4438 3174
4649 3174
4820 3174
4317 3174
2 3174
4472 3175
4415 3175
4280 3175
5053 3175
5170 3175
4212 3175
4671 3175
2 3175
5756 3176
5067 3176
5706 3176
2 3176
5142 3177
4878 3177
5207 3177
5164 3177
4572 3177
5446 3177
4826 3177
5646 3177
2 3177
5136 3178
5490 3178
4775 3178
2 3178
5313 3179
4298 3179
4973 3179
4105 3179
5025 3179
5108 3179
5419 3179
5398 3179
4976 3179
2 3179
4639 3180
5132 3180
5136 3180
5503 3180
2 3180
4151 3181
5417 3181
4830 3181
4483 3181
4115 3181
5636 3181
5500 3181
5969 3181
4751 3181
2 3181
5081 3182
4536 3182
5101 3182
4845 3182
4519 3182
5475 3182
4247 3182
5391 3182
2 3182
4198 3183
4052 3183
4440 3183
5692 3183
2 3183
5253 3184
4922 3184
5379 3184
5238 3184
5716 3184
2 3184
4783 3185
4348 3185
5332 3185
5067 3185
4297 3185
2 3185
5283 3186
4659 3186
4074 3186
5604 3186
5908 3186
5645 3186
5904 3186
5654 3186
5892 3186
2 3186
1299 3187
5751 3187
5494 3187
4546 3187
5554 3187
4612 3187
2 3187
4997 3188
4805 3188
4957 3188
4591 3188
4605 3188
4931 3188
4127 3188
4602 3188
5436 3188
2 3188
4462 3189
4878 3189
4277 3189
4348 3189
4742 3189
4221 3189
2 3189
4812 3190
4698 3190
5370 3190
5970 3190
4796 3190
4942 3190
5953 3190
5876 3190
2 3190
5285 3191
5538 3191
4396 3191
4959 3191
5156 3191
5727 3191
4827 3191
2 3191
5248 3192
4578 3192
5654 3192
4745 3192
4690 3192
0 3192
2 3192
4391 3193
5232 3193
4978 3193
4450 3193
5254 3193
4611 3193
5032 3193
5588 3193
4862 3193
2 3193
4994 3194
4720 3194
5660 3194
5878 3194
4394 3194
2 3194
5022 3195
4630 3195
4765 3195
5152 3195
5094 3195
4738 3195
5579 3195
5523 3195
2 3195
5038 3196
4252 3196
4460 3196
5100 3196
5300 3196
5285 3196
5432 3196
2 3196
4071 3197
5299 3197
5562 3197
4143 3197
5689 3197
4315 3197
5064 3197
4463 3197
5659 3197
2 3197
4927 3198
4486 3198
2 3198
4091 3199
4299 3199
5967 3199
4540 3199
5371 3199
2 3199
5666 3200
5711 3200
5219 3200
5898 3200
4386 3200
5354 3200
2 3200
4333 3201
4289 3201
5438 3201
2 3201
748 3202
488 3202
1441 3202
1269 3202
1380 3202
1241 3202
5948 3202
5347 3202
0 3202
2 3202
5801 3203
5296 3203
2 3203
5624 3204
5000 3204
5619 3204
5597 3204
5324 3204
4696 3204
2 3204
5558 3205
5942 3205
4443 3205
5639 3205
5738 3205
2 3205
4194 3206
5336 3206
2 3206
5045 3207
5618 3207
5695 3207
4686 3207
2 3207
4804 3208
4424 3208
4540 3208
5562 3208
2 3208
4668 3209
4038 3209
4814 3209
5667 3209
4662 3209
2 3209
4823 3210
5998 3210
4270 3210
2 3210
4571 3211
4896 3211
5903 3211
4603 3211
4663 3211
4861 3211
2 3211
5070 3212
5727 3212
5225 3212
4720 3212
5425 3212
5241 3212
2 3212
4435 3213
5305 3213
5018 3213
5917 3213
2 3213
4784 3214
4805 3214
4788 3214
5910 3214
2 3214
5689 3215
4598 3215
4091 3215
4558 3215
4292 3215
4685 3215
4439 3215
4709 3215
5349 3215
2 3215
4127 3216
5932 3216
5851 3216
4491 3216
4331 3216
5416 3216
5332 3216
4788 3216
2 3216
4563 3217
5814 3217
5119 3217
2 3217
4398 3218
5478 3218
4415 3218
5399 3218
5166 3218
5885 3218
4249 3218
5337 3218
5194 3218
2 3218
4916 3219
4624 3219
4096 3219
2 3219
5118 3220
4312 3220
4596 3220
4433 3220
4429 3220
4460 3220
4098 3220
2 3220
5901 3221
5293 3221
5213 3221
4877 3221
4213 3221
4628 3221
4560 3221
2 3221
5016 3222
5760 3222
5607 3222
4803 3222
4973 3222
2 3222
1479 3223
761 3223
1061 3223
1815 3223
5656 3223
5508 3223
4759 3223
4730 3223
4770 3223
2 3223
4882 3224
4678 3224
5597 3224
5048 3224
5613 3224
2 3224
4992 3225
5515 3225
2 3225
4869 3226
5386 3226
4572 3226
4866 3226
5953 3226
5823 3226
2 3226
5411 3227
4966 3227
5220 3227
4686 3227
4197 3227
5698 3227
5852 3227
2 3227
5821 3228
5290 3228
4382 3228
5891 3228
4255 3228
4683 3228
4545 3228
5118 3228
5604 3228
2 3228
5369 3229
5337 3229
4881 3229
2 3229
4055 3230
5961 3230
5636 3230
5794 3230
4626 3230
4989 3230
4903 3230
5748 3230
2 3230
5704 3231
4997 3231
4081 3231
4491 3231
4132 3231
5309 3231
4788 3231
2 3231
4059 3232
4084 3232
4167 3232
5795 3232
5191 3232
5389 3232
4676 3232
2 3232
5492 3233
5140 3233
4647 3233
5512 3233
4903 3233
4948 3233
4955 3233
5066 3233
2 3233
4891 3234
5896 3234
4454 3234
4448 3234
4059 3234
2 3234
1095 3235
5508 3235
4128 3235
5203 3235
2 3235
5919 3236
5356 3236
5172 3236
5965 3236
5258 3236
5406 3236
4686 3236
2 3236
5144 3237
4262 3237
4370 3237
5949 3237
5912 3237
5355 3237
5553 3237
2 3237
4854 3238
4931 3238
4866 3238
4542 3238
2 3238
4284 3239
5297 3239
5388 3239
4842 3239
5699 3239
2 3239
5973 3240
5183 3240
4341 3240
4687 3240
5733 3240
5599 3240
4481 3240
2 3240
5377 3241
4803 3241
5772 3241
2 3241
5835 3242
4887 3242
4624 3242
5579 3242
5850 3242
4204 3242
5652 3242
5562 3242
2 3242
4209 3243
4364 3243
5863 3243
5720 3243
4172 3243
4303 3243
2 3243
4255 3244
5055 3244
4058 3244
2 3244
1300 3245
340 3245
4063 3245
4068 3245
2 3245
4537 3246
5737 3246
2 3246
4712 3247
5367 3247
5521 3247
2 3247
4867 3248
4214 3248
4803 3248
5174 3248
5076 3248
4707 3248
5165 3248
5652 3248
5366 3248
2 3248
4940 3249
4916 3249
4415 3249
2 3249
4075 3250
5920 3250
4248 3250
5132 3250
5007 3250
4146 3250
5637 3250
5078 3250
2 3250
4611 3251
5678 3251
5176 3251
2 3251
5024 3252
5592 3252
4368 3252
4472 3252
2 3252
5629 3253
5432 3253
5356 3253
5183 3253
4341 3253
5535 3253
4766 3253
4327 3253
4794 3253
2 3253
4667 3254
4590 3254
5835 3254
4091 3254
4368 3254
4829 3254
5178 3254
2 3254
5431 3255
4053 3255
2 3255
5205 3256
5548 3256
4505 3256
5799 3256
5106 3256
4655 3256
2 3256
5675 3257
4359 3257
4528 3257
4491 3257
2 3257
5646 3258
4953 3258
5844 3258
5382 3258
4221 3258
4401 3258
5901 3258
2 3258
5965 3259
5815 3259
5568 3259
5225 3259
2 3259
5511 3260
5114 3260
4464 3260
2 3260
4301 3261
4356 3261
5027 3261
5073 3261
5538 3261
5570 3261
5148 3261
4984 3261
4894 3261
2 3261
4352 3262
5220 3262
4689 3262
5612 3262
2 3262
5249 3263
4944 3263
5035 3263
5588 3263
5679 3263
4142 3263
4760 3263
5607 3263
4508 3263
2 3263
5700 3264
4267 3264
5521 3264
5702 3264
2 3264
5032 3265
5478 3265
5112 3265
4254 3265
4423 3265
5189 3265
4548 3265
2 3265
4103 3266
5434 3266
4892 3266
5299 3266
4064 3266
5143 3266
2 3266
5647 3267
4873 3267
2 3267
5845 3268
5368 3268
4593 3268
4074 3268
5070 3268
4587 3268
5699 3268
4676 3268
4390 3268
2 3268
5326 3269
4863 3269
5767 3269
5591 3269
4681 3269
4861 3269
5902 3269
4506 3269
4408 3269
2 3269
4923 3270
5876 3270
5445 3270
5728 3270
4880 3270
2 3270
4969 3271
5261 3271
5743 3271
5233 3271
4351 3271
4761 3271
5561 3271
4055 3271
2 3271
5062 3272
4686 3272
4737 3272
4697 3272
2 3272
4084 3273
4266 3273
4967 3273
4186 3273
2 3273
4626 3274
5228 3274
4322 3274
2 3274
5497 3275
5103 3275
2 3275
4382 3276
4352 3276
5097 3276
4123 3276
2 3276
124 3277
1241 3277
335 3277
5269 3277
4148 3277
5526 3277
2 3277
4539 3278
5469 3278
4923 3278
5921 3278
4213 3278
5746 3278
4796 3278
5051 3278
4421 3278
2 3278
4172 3279
4675 3279
5579 3279
4249 3279
4355 3279
2 3279
4727 3280
4669 3280
5977 3280
4691 3280
4392 3280
5165 3280
5829 3280
4503 3280
4424 3280
2 3280
4830 3281
4699 3281
5325 3281
4974 3281
5530 3281
5571 3281
4374 3281
2 3281
5371 3282
5820 3282
4369 3282
4339 3282
5433 3282
5918 3282
4046 3282
5895 3282
4925 3282
2 3282
5284 3283
4109 3283
5465 3283
4396 3283
4487 3283
2 3283
5967 3284
5984 3284
4296 3284
5127 3284
4475 3284
2 3284
5859 3285
4043 3285
2 3285
5232 3286
4096 3286
4064 3286
4036 3286
5379 3286
2 3286
4583 3287
5605 3287
5473 3287
2 3287
4225 3288
4527 3288
5206 3288
5818 3288
5105 3288
2 3288
5534 3289
4953 3289
4122 3289
5953 3289
4579 3289
5455 3289
2 3289
4688 3290
4536 3290
5224 3290
2 3290
4940 3291
4424 3291
4944 3291
4497 3291
5418 3291
4011 3291
2 3291
5013 3292
4320 3292
5952 3292
4118 3292
4876 3292
5613 3292
2 3292
4143 3293
5458 3293
4288 3293
5813 3293
4743 3293
2 3293
1250 3294
1556 3294
5900 3294
5058 3294
5308 3294
4726 3294
5516 3294
4372 3294
5261 3294
4171 3294
5353 3294
0 3294
2 3294
5042 3295
5823 3295
4942 3295
5080 3295
5769 3295
4309 3295
5970 3295
2 3295
5108 3296
4319 3296
5470 3296
4288 3296
4739 3296
2 3296
5701 3297
4503 3297
4962 3297
5918 3297
2 3297
5505 3298
4253 3298
4316 3298
4627 3298
5642 3298
5591 3298
2 3298
5904 3299
4684 3299
5223 3299
2 3299
4364 3300
4773 3300
4960 3300
5523 3300
4841 3300
4407 3300
2 3300
4179 3301
4094 3301
5596 3301
4821 3301
4736 3301
5520 3301
4194 3301
2 3301
4772 3302
4247 3302
5621 3302
4745 3302
5693 3302
5622 3302
4676 3302
5251 3302
4021 3302
2 3302
872 3303
1067 3303
1760 3303
4617 3303
4852 3303
5148 3303
0 3303
2 3303
5867 3304
4252 3304
4593 3304
4676 3304
5256 3304
4033 3304
4276 3304
2 3304
5300 3305
4394 3305
4811 3305
4409 3305
4741 3305
5827 3305
2 3305
5610 3306
5792 3306
2 3306
4244 3307
4663 3307
4130 3307
4264 3307
2 3307
5486 3308
5780 3308
5401 3308
5495 3308
4406 3308
5467 3308
5604 3308
4255 3308
2 3308
4431 3309
5134 3309
4872 3309
4825 3309
4302 3309
2 3309
4748 3310
4845 3310
5952 3310
2 3310
4431 3311
5419 3311
5286 3311
4808 3311
5820 3311
4161 3311
2 3311
4746 3312
4112 3312
4894 3312
5043 3312
5407 3312
5045 3312
5691 3312
5452 3312
5642 3312
2 3312
4290 3313
4343 3313
5515 3313
5991 3313
4120 3313
2 3313
5137 3314
5666 3314
2 3314
4878 3315
4414 3315
5455 3315
5395 3315
2 3315
5312 3316
4746 3316
5533 3316
5621 3316
4941 3316
2 3316
4095 3317
4011 3317
5995 3317
5193 3317
5184 3317
4465 3317
4467 3317
2 3317
664 3318
1468 3318
567 3318
1338 3318
299 3318
5034 3318
4490 3318
4442 3318
5999 3318
5264 3318
2 3318
4463 3319
4871 3319
4304 3319
2 3319
5808 3320
5162 3320
4360 3320
5191 3320
5131 3320
5468 3320
5584 3320
2 3320
4271 3321
4379 3321
4510 3321
4726 3321
2 3321
1099 3322
401 3322
5554 3322
4762 3322
4446 3322
4900 3322
2 3322
5505 3323
4263 3323
4563 3323
4684 3323
4959 3323
5329 3323
4496 3323
2 3323
5529 3324
4278 3324
5651 3324
5773 3324
2 3324
5089 3325
4723 3325
5007 3325
4379 3325
5589 3325
4226 3325
4629 3325
4708 3325
2 3325
5866 3326
5832 3326
4689 3326
5945 3326
4466 3326
4301 3326
5649 3326
2 3326
5568 3327
4959 3327
4278 3327
4236 3327
5629 3327
5290 3327
2 3327
4761 3328
4641 3328
2 3328
4748 3329
5952 3329
5750 3329
5971 3329
5934 3329
4279 3329
4433 3329
2 3329
4894 3330
5043 3330
4593 3330
5597 3330
5425 3330
4502 3330
5129 3330
2 3330
5521 3331
4272 3331
5291 3331
5208 3331
5361 3331
5221 3331
4756 3331
4467 3331
2 3331
5256 3332
4228 3332
4320 3332
2 3332
5090 3333
5643 3333
4099 3333
4451 3333
2 3333
4239 3334
4878 3334
5786 3334
4971 3334
4270 3334
5823 3334
5448 3334
5218 3334
2 3334
4824 3335
5030 3335
5687 3335
5525 3335
2 3335
4348 3336
4270 3336
4122 3336
5372 3336
5921 3336
4104 3336
4929 3336
5213 3336
5641 3336
2 3336
5024 3337
4214 3337
5686 3337
4769 3337
5659 3337
5016 3337
5958 3337
4674 3337
2 3337
5755 3338
4396 3338
4733 3338
4985 3338
4570 3338
5826 3338
4236 3338
2 3338
4232 3339
4223 3339
4098 3339
2 3339
5613 3340
5234 3340
5606 3340
4766 3340
5881 3340
2 3340
4138 3341
4265 3341
2 3341
5388 3342
5000 3342
4595 3342
5670 3342
4609 3342
5791 3342
4166 3342
2 3342
5670 3343
4326 3343
4365 3343
4468 3343
5507 3343
4155 3343
5214 3343
4502 3343
4893 3343
2 3343
5329 3344
4448 3344
2 3344
981 3345
1709 3345
1547 3345
700 3345
208 3345
1207 3345
4634 3345
4442 3345
4032 3345
4986 3345
4762 3345
4679 3345
5884 3345
4517 3345
2 3345
4371 3346
5813 3346
5280 3346
5997 3346
5249 3346
4262 3346
5076 3346
4292 3346
2 3346
4997 3347
5746 3347
2 3347
5524 3348
4222 3348
5696 3348
5139 3348
5152 3348
5796 3348
2 3348
5855 3349
5463 3349
4787 3349
5042 3349
4523 3349
4323 3349
5708 3349
6000 3349
5998 3349
2 3349
4575 3350
4719 3350
5205 3350
2 3350
5698 3351
5486 3351
5651 3351
5411 3351
4375 3351
5543 3351
2 3351
216 3352
602 3352
4206 3352
5656 3352
5302 3352
5868 3352
5790 3352
5236 3352
2 3352
5397 3353
4385 3353
4029 3353
4333 3353
4077 3353
2 3353
5387 3354
4246 3354
5681 3354
2 3354
4569 3355
5191 3355
2 3355
4387 3356
4743 3356
5433 3356
5441 3356
4192 3356
5338 3356
2 3356
4329 3357
4507 3357
2 3357
4500 3358
5409 3358
4412 3358
5223 3358
5832 3358
5992 3358
2 3358
5622 3359
5676 3359
4959 3359
4617 3359
4273 3359
5389 3359
5217 3359
2 3359
529 3360
1690 3360
5237 3360
5069 3360
5948 3360
5046 3360
4170 3360
2 3360
5787 3361
5282 3361
4851 3361
2 3361
5984 3362
4736 3362
5061 3362
2 3362
5820 3363
5141 3363
4739 3363
5749 3363
4475 3363
5615 3363
2 3363
5411 3364
5397 3364
4264 3364
5412 3364
5902 3364
5614 3364
2 3364
5799 3365
5330 3365
4210 3365
5977 3365
4881 3365
5644 3365
5838 3365
4023 3365
5853 3365
2 3365
4578 3366
5655 3366
4326 3366
5241 3366
4061 3366
5584 3366
5604 3366
2 3366
4098 3367
4258 3367
5902 3367
5277 3367
4247 3367
2 3367
5276 3368
4564 3368
4926 3368
5381 3368
5989 3368
4271 3368
2 3368
4574 3369
5390 3369
5202 3369
4734 3369
4774 3369
5685 3369
2 3369
4487 3370
5827 3370
4197 3370
4746 3370
4070 3370
5401 3370
5109 3370
4817 3370
5945 3370
2 3370
5923 3371
4526 3371
5652 3371
2 3371
611 3372
5868 3372
4513 3372
5779 3372
4703 3372
5031 3372
5236 3372
5656 3372
4203 3372
2 3372
5249 3373
4590 3373
4267 3373
4729 3373
4732 3373
5631 3373
2 3373
5539 3374
5470 3374
5939 3374
4097 3374
4076 3374
5914 3374
5537 3374
2 3374
4204 3375
4843 3375
4416 3375
4257 3375
5846 3375
5522 3375
4736 3375
5610 3375
4044 3375
2 3375
4163 3376
5517 3376
5536 3376
4879 3376
5893 3376
5050 3376
5006 3376
5800 3376
5582 3376
2 3376
4702 3377
4179 3377
5022 3377
4930 3377
4558 3377
4885 3377
4844 3377
5286 3377
4871 3377
2 3377
4575 3378
5366 3378
2 3378
4825 3379
4833 3379
4624 3379
4840 3379
2 3379
5387 3380
5304 3380
4216 3380
4362 3380
5301 3380
4156 3380
4756 3380
4262 3380
4671 3380
2 3380
4577 3381
4275 3381
5524 3381
5567 3381
4057 3381
2 3381
5351 3382
4434 3382
4168 3382
5957 3382
5304 3382
4855 3382
2 3382
5769 3383
4145 3383
4221 3383
4035 3383
5339 3383
5279 3383
4579 3383
4414 3383
2 3383
4662 3384
5308 3384
5566 3384
2 3384
1947 3385
1190 3385
1553 3385
609 3385
493 3385
1627 3385
4835 3385
5609 3385
5766 3385
5343 3385
4762 3385
4795 3385
2 3385
4731 3386
4194 3386
5565 3386
5090 3386
4925 3386
5037 3386
2 3386
5796 3387
4567 3387
5015 3387
2 3387
4949 3388
4195 3388
4651 3388
5521 3388
2 3388
4167 3389
5745 3389
5866 3389
5116 3389
2 3389
4930 3390
4136 3390
5579 3390
5524 3390
5015 3390
5350 3390
4717 3390
2 3390
5292 3391
4151 3391
4524 3391
4798 3391
5282 3391
4668 3391
2 3391
5795 3392
5430 3392
4375 3392
4593 3392
4308 3392
5055 3392
2 3392
4997 3393
4188 3393
4160 3393
5551 3393
4713 3393
4104 3393
4323 3393
5996 3393
2 3393
5719 3394
4057 3394
5657 3394
5429 3394
5607 3394
5696 3394
4185 3394
4416 3394
5760 3394
2 3394
4287 3395
5973 3395
5569 3395
4200 3395
4802 3395
5273 3395
5479 3395
4468 3395
5297 3395
2 3395
4526 3396
4630 3396
5548 3396
4685 3396
2 3396
199 3397
598 3397
1482 3397
1559 3397
5547 3397
5982 3397
5611 3397
5926 3397
5712 3397
0 3397
2 3397
4459 3398
5953 3398
4953 3398
5008 3398
5047 3398
4221 3398
5994 3398
4065 3398
5042 3398
2 3398
5572 3399
4161 3399
5984 3399
5578 3399
4682 3399
4712 3399
4732 3399
4885 3399
2 3399
5866 3400
4569 3400
4385 3400
2 3400
4308 3401
4191 3401
5300 3401
4901 3401
4177 3401
4911 3401
5389 3401
4994 3401
2 3401
5825 3402
5455 3402
5085 3402
4831 3402
2 3402
5480 3403
4279 3403
5065 3403
5117 3403
4563 3403
5374 3403
4557 3403
5451 3403
2 3403
1436 3404
701 3404
1850 3404
227 3404
5478 3404
4195 3404
4275 3404
4280 3404
5987 3404
0 3404
2 3404
4217 3405
5917 3405
5867 3405
5411 3405
4678 3405
5277 3405
5670 3405
4341 3405
2 3405
4115 3406
5530 3406
5501 3406
5422 3406
4211 3406
5196 3406
4889 3406
5259 3406
2 3406
5477 3407
4216 3407
5834 3407
4303 3407
2 3407
4303 3408
4933 3408
5643 3408
5539 3408
4611 3408
4205 3408
5563 3408
2 3408
5740 3409
4462 3409
5851 3409
5473 3409
5707 3409
5954 3409
5756 3409
4742 3409
2 3409
5558 3410
4661 3410
4417 3410
4604 3410
4117 3410
4053 3410
2 3410
4870 3411
5436 3411
4591 3411
2 3411
4894 3412
4123 3412
4080 3412
4772 3412
4390 3412
4984 3412
4886 3412
5510 3412
2 3412
4967 3413
4384 3413
4340 3413
4029 3413
5866 3413
5468 3413
4772 3413
4207 3413
2 3413
5123 3414
5681 3414
4586 3414
4204 3414
5716 3414
2 3414
4723 3415
4750 3415
5197 3415
4347 3415
2 3415
1312 3416
5485 3416
5513 3416
4149 3416
5916 3416
4770 3416
4307 3416
2 3416
4049 3417
5885 3417
5090 3417
4415 3417
2 3417
1006 3418
731 3418
520 3418
50 3418
1622 3418
562 3418
645 3418
826 3418
1403 3418
624 3418
1996 3418
4485 3418
5059 3418
5698 3418
5584 3418
0 3418
2 3418
4167 3419
4898 3419
5676 3419
5225 3419
5603 3419
5797 3419
5625 3419
4748 3419
4556 3419
2 3419
4167 3420
4752 3420
5154 3420
4300 3420
5159 3420
5727 3420
5467 3420
2 3420
5871 3421
4412 3421
4911 3421
5499 3421
4375 3421
4827 3421
2 3421
5780 3422
4545 3422
5606 3422
5097 3422
4733 3422
5540 3422
4191 3422
2 3422
5561 3423
4493 3423
5761 3423
2 3423
640 3424
646 3424
4495 3424
5245 3424
2 3424
5836 3425
4193 3425
2 3425
4692 3426
4150 3426
4215 3426
4294 3426
5977 3426
5652 3426
5643 3426
4702 3426
4025 3426
2 3426
5586 3427
5548 3427
4489 3427
2 3427
4297 3428
4591 3428
5647 3428
4780 3428
5372 3428
4937 3428
4414 3428
2 3428
5870 3429
5426 3429
4879 3429
4097 3429
4292 3429
4853 3429
5378 3429
2 3429
4323 3430
4942 3430
5825 3430
4740 3430
5993 3430
5020 3430
5932 3430
4111 3430
5416 3430
2 3430
4939 3431
5440 3431
4726 3431
5986 3431
4618 3431
4868 3431
2 3431
550 3432
1176 3432
4363 3432
4442 3432
2 3432
4409 3433
4595 3433
4621 3433
4646 3433
5908 3433
4061 3433
5930 3433
2 3433
5729 3434
4936 3434
5880 3434
4260 3434
4593 3434
4140 3434
2 3434
4047 3435
5728 3435
5647 3435
2 3435
5566 3436
5132 3436
5294 3436
5794 3436
2 3436
4220 3437
5437 3437
4082 3437
4839 3437
4226 3437
4469 3437
5809 3437
2 3437
4220 3438
4629 3438
5738 3438
4373 3438
4786 3438
5981 3438
4125 3438
5437 3438
2 3438
5104 3439
5053 3439
2 3439
5462 3440
5564 3440
4302 3440
4464 3440
5359 3440
2 3440
5629 3441
5452 3441
2 3441
4428 3442
5257 3442
4384 3442
5922 3442
2 3442
4246 3443
4030 3443
5113 3443
4088 3443
5265 3443
5260 3443
5838 3443
2 3443
5399 3444
4477 3444
5367 3444
4949 3444
4791 3444
5951 3444
5918 3444
5114 3444
2 3444
5091 3445
4852 3445
4217 3445
4155 3445
5992 3445
4043 3445
4895 3445
4340 3445
5750 3445
2 3445
4761 3446
4010 3446
2 3446
4769 3447
4415 3447
4339 3447
4960 3447
4608 3447
4765 3447
4046 3447
5586 3447
2 3447
1035 3448
210 3448
464 3448
239 3448
1155 3448
882 3448
231 3448
1646 3448
5017 3448
5203 3448
5212 3448
2 3448
4693 3449
4750 3449
4799 3449
4753 3449
4987 3449
5167 3449
4347 3449
4619 3449
2 3449
4747 3450
4132 3450
5463 3450
4491 3450
5843 3450
5416 3450
4134 3450
2 3450
1343 3451
900 3451
594 3451
1993 3451
4455 3451
5833 3451
5873 3451
4762 3451
4363 3451
5360 3451
4498 3451
4706 3451
5752 3451
2 3451
4564 3452
4926 3452
2 3452
4859 3453
4798 3453
5888 3453
5742 3453
5635 3453
4600 3453
4178 3453
5969 3453
2 3453
5935 3454
5982 3454
5723 3454
4518 3454
5402 3454
5547 3454
5196 3454
2 3454
4963 3455
4542 3455
5243 3455
5843 3455
4572 3455
6000 3455
5953 3455
4929 3455
2 3455
4306 3456
4523 3456
5617 3456
5339 3456
4035 3456
4277 3456
2 3456
5013 3457
5453 3457
5465 3457
4777 3457
2 3457
5694 3458
4056 3458
5978 3458
2 3458
4211 3459
4325 3459
5542 3459
2 3459
4515 3460
4026 3460
5426 3460
2 3460
4998 3461
5921 3461
4213 3461
5954 3461
5641 3461
4421 3461
5455 3461
2 3461
5351 3462
4180 3462
4643 3462
5022 3462
2 3462
5795 3463
4705 3463
5453 3463
4276 3463
2 3463
5054 3464
5820 3464
4667 3464
4393 3464
4958 3464
2 3464
5028 3465
4618 3465
5761 3465
4948 3465
5077 3465
4456 3465
2 3465
4853 3466
4367 3466
4874 3466
4336 3466
4121 3466
4520 3466
5720 3466
2 3466
5439 3467
4273 3467
5409 3467
5454 3467
5352 3467
5540 3467
4377 3467
5654 3467
2 3467
467 3468
4650 3468
5476 3468
0 3468
4206 3468
2 3468
5167 3469
4728 3469
4785 3469
2 3469
4345 3470
4493 3470
5857 3470
4226 3470
5353 3470
5169 3470
4146 3470
4119 3470
5748 3470
2 3470
4506 3471
5625 3471
4782 3471
4326 3471
4827 3471
5420 3471
4625 3471
2 3471
4936 3472
5583 3472
2 3472
4530 3473
4774 3473
5683 3473
5206 3473
5925 3473
5450 3473
4373 3473
5471 3473
2 3473
4656 3474
4779 3474
4607 3474
5636 3474
2 3474
4733 3475
5380 3475
4378 3475
5896 3475
2 3475
4879 3476
5399 3476
4862 3476
4233 3476
4275 3476
5643 3476
5015 3476
2 3476
5182 3477
4321 3477
5412 3477
4223 3477
5088 3477
5215 3477
2 3477
5205 3478
5923 3478
5315 3478
4121 3478
5295 3478
2 3478
5678 3479
5044 3479
4544 3479
5805 3479
5521 3479
5720 3479
5050 3479
5322 3479
2 3479
5121 3480
4629 3480
5227 3480
5942 3480
5206 3480
4181 3480
5807 3480
4619 3480
2 3480
5965 3481
5389 3481
5703 3481
5428 3481
4183 3481
4473 3481
4474 3481
2 3481
5958 3482
4215 3482
2 3482
5689 3483
4179 3483
4718 3483
5145 3483
4608 3483
4554 3483
4398 3483
2 3483
4279 3484
4981 3484
5715 3484
4777 3484
2 3484
5723 3485
4388 3485
4980 3485
5933 3485
2 3485
4212 3486
4477 3486
4156 3486
5553 3486
5113 3486
4630 3486
5572 3486
5555 3486
2 3486
4163 3487
5447 3487
4846 3487
4286 3487
2 3487
5669 3488
5843 3488
2 3488
4559 3489
5002 3489
5137 3489
2 3489
5694 3490
5304 3490
4194 3490
5607 3490
2 3490
4699 3491
5383 3491
5836 3491
5783 3491
5071 3491
5936 3491
4146 3491
4374 3491
4499 3491
2 3491
5209 3492
4846 3492
4484 3492
5023 3492
2 3492
4162 3493
4807 3493
4070 3493
2 3493
5518 3494
4358 3494
4581 3494
4343 3494
5854 3494
5409 3494
4077 3494
4129 3494
5018 3494
2 3494
5544 3495
5951 3495
5536 3495
5335 3495
5371 3495
5504 3495
4209 3495
4993 3495
2 3495
5281 3496
4901 3496
5880 3496
4070 3496
2 3496
5058 3497
4564 3497
5422 3497
2 3497
1231 3498
1632 3498
1341 3498
4954 3498
5343 3498
5581 3498
4680 3498
4924 3498
4679 3498
2 3498
5777 3499
4301 3499
5549 3499
4967 3499
4832 3499
5518 3499
5211 3499
5454 3499
2 3499
5027 3500
5101 3500
4378 3500
5062 3500
5305 3500
4123 3500
4278 3500
2 3500
4789 3501
4250 3501
5030 3501
2 3501
5920 3502
4374 3502
4250 3502
4951 3502
5818 3502
2 3502
4091 3503
4444 3503
2 3503
4935 3504
5920 3504
4389 3504
4965 3504
5860 3504
5404 3504
2 3504
4081 3505
5047 3505
5675 3505
5825 3505
4309 3505
4509 3505
4946 3505
4035 3505
5756 3505
2 3505
5559 3506
5090 3506
4361 3506
4056 3506
4616 3506
5272 3506
4392 3506
5362 3506
4669 3506
2 3506
4971 3507
4331 3507
4133 3507
5339 3507
4572 3507
4560 3507
2 3507
4098 3508
5424 3508
2 3508
5912 3509
4515 3509
4424 3509
5419 3509
5565 3509
4773 3509
4056 3509
2 3509
5432 3510
5059 3510
2 3510
4491 3511
5844 3511
2 3511
5091 3512
4217 3512
4228 3512
5777 3512
5065 3512
4183 3512
5654 3512
5604 3512
2 3512
5143 3513
4857 3513
5177 3513
5634 3513
5369 3513
2 3513
5215 3514
5241 3514
4129 3514
2 3514
4330 3515
5925 3515
5136 3515
5375 3515
4344 3515
5098 3515
4226 3515
2 3515
2005 3516
1670 3516
1168 3516
973 3516
1066 3516
5012 3516
5200 3516
4658 3516
5833 3516
5830 3516
2 3516
5715 3517
5380 3517
5038 3517
4746 3517
4043 3517
4832 3517
4290 3517
4408 3517
4202 3517
2 3517
5496 3518
5177 3518
4064 3518
4334 3518
5700 3518
4136 3518
5853 3518
5943 3518
5032 3518
2 3518
219 3519
1309 3519
440 3519
821 3519
5725 3519
5513 3519
5245 3519
5623 3519
4918 3519
2 3519
5014 3520
5181 3520
4298 3520
4611 3520
4586 3520
4531 3520
2 3520
4563 3521
4324 3521
4253 3521
5412 3521
5929 3521
4901 3521
5648 3521
2 3521
5652 3522
5747 3522
5681 3522
4194 3522
5511 3522
4425 3522
2 3522
523 3523
5203 3523
5847 3523
5830 3523
4680 3523
5879 3523
5766 3523
4175 3523
4650 3523
4513 3523
2 3523
5253 3524
4853 3524
4962 3524
4298 3524
2 3524
4119 3525
5683 3525
4813 3525
4250 3525
5498 3525
5306 3525
2 3525
5471 3526
5011 3526
5233 3526
2 3526
5065 3527
5406 3527
4411 3527
5729 3527
4561 3527
2 3527
4728 3528
4226 3528
5163 3528
5672 3528
4144 3528
2 3528
5802 3529
5942 3529
4864 3529
5028 3529
4388 3529
5169 3529
2 3529
5523 3530
5053 3530
4620 3530
5544 3530
4655 3530
4451 3530
5379 3530
2 3530
5060 3531
5254 3531
4165 3531
5253 3531
4862 3531
2 3531
4127 3532
5309 3532
4422 3532
5161 3532
5844 3532
2 3532
4200 3533
4166 3533
4253 3533
5376 3533
4646 3533
2 3533
4535 3534
5427 3534
2 3534
4626 3535
5798 3535
4903 3535
2 3535
5745 3536
5528 3536
2 3536
5994 3537
4780 3537
5534 3537
2 3537
4436 3538
5070 3538
5532 3538
5329 3538
4058 3538
2 3538
5164 3539
5364 3539
4602 3539
4670 3539
4134 3539
4031 3539
2 3539
5612 3540
4244 3540
4496 3540
4264 3540
4504 3540
5013 3540
5808 3540
2 3540
5276 3541
4420 3541
4417 3541
2 3541
4800 3542
5495 3542
5240 3542
5057 3542
5211 3542
4153 3542
4782 3542
2 3542
5025 3543
5662 3543
5146 3543
5014 3543
4756 3543
5907 3543
5770 3543
2 3543
5364 3544
4306 3544
4297 3544
5266 3544
2 3544
4522 3545
5047 3545
2 3545
5409 3546
5896 3546
2 3546
5092 3547
5885 3547
4580 3547
5104 3547
5846 3547
5253 3547
2 3547
617 3548
948 3548
1874 3548
49 3548
1399 3548
401 3548
5544 3548
4875 3548
4219 3548
5813 3548
4457 3548
4387 3548
0 3548
2 3548
4097 3549
5747 3549
4671 3549
5885 3549
5421 3549
2 3549
5334 3550
4782 3550
5680 3550
2 3550
5234 3551
4625 3551
4995 3551
5251 3551
4673 3551
2 3551
5988 3552
4190 3552
4980 3552
5136 3552
2 3552
5205 3553
4083 3553
5681 3553
5173 3553
2 3553
4281 3554
4328 3554
5045 3554
5714 3554
4435 3554
5649 3554
2 3554
5301 3555
5799 3555
2 3555
387 3556
1786 3556
512 3556
1292 3556
1428 3556
1762 3556
4918 3556
4517 3556
5365 3556
5999 3556
0 3556
5502 3556
4206 3556
5343 3556
4307 3556
2 3556
5354 3557
5199 3557
5841 3557
5593 3557
4761 3557
2 3557
5506 3558
4588 3558
5051 3558
5921 3558
5455 3558
4013 3558
4923 3558
4957 3558
5115 3558
2 3558
5039 3559
5277 3559
5721 3559
5278 3559
5290 3559
5604 3559
4256 3559
2 3559
5418 3560
5598 3560
4222 3560
5444 3560
4424 3560
4015 3560
4243 3560
5710 3560
5064 3560
2 3560
5991 3561
4196 3561
2 3561
4165 3562
5328 3562
4867 3562
2 3562
4459 3563
5155 3563
2 3563
5546 3564
4482 3564
5898 3564
4559 3564
5169 3564
4085 3564
2 3564
4354 3565
4839 3565
5415 3565
5666 3565
5802 3565
4480 3565
5071 3565
2 3565
5583 3566
4473 3566
5660 3566
4396 3566
4992 3566
4746 3566
5412 3566
4394 3566
4255 3566
2 3566
5592 3567
4106 3567
5702 3567
2 3567
5893 3568
5112 3568
2 3568
5963 3569
4067 3569
2 3569
5133 3570
5733 3570
4506 3570
4710 3570
4266 3570
5866 3570
4556 3570
2 3570
5141 3571
5123 3571
5718 3571
5190 3571
4465 3571
4727 3571
4222 3571
2 3571
5428 3572
4578 3572
5327 3572
4684 3572
4284 3572
2 3572
4254 3573
4097 3573
4152 3573
5487 3573
4182 3573
5413 3573
5497 3573
4094 3573
5032 3573
2 3573
1726 3574
1344 3574
4672 3574
4501 3574
4203 3574
4068 3574
2 3574
5817 3575
5807 3575
2 3575
5303 3576
4152 3576
4298 3576
5090 3576
4381 3576
5076 3576
5849 3576
4840 3576
2 3576
5111 3577
5662 3577
4892 3577
5050 3577
2 3577
5596 3578
5914 3578
5377 3578
2 3578
4303 3579
5886 3579
5295 3579
4489 3579
5949 3579
4088 3579
4192 3579
4094 3579
2 3579
5982 3580
5268 3580
4146 3580
5935 3580
4972 3580
5259 3580
4357 3580
5861 3580
5633 3580
2 3580
4186 3581
4593 3581
4802 3581
4112 3581
4710 3581
5777 3581
2 3581
4839 3582
5437 3582
5630 3582
4479 3582
4480 3582
4820 3582
2 3582
5926 3583
4351 3583
5340 3583
5390 3583
4618 3583
4903 3583
4637 3583
5440 3583
2 3583
4360 3584
5791 3584
2 3584
5842 3585
4852 3585
5960 3585
5479 3585
5376 3585
5491 3585
5784 3585
5797 3585
4110 3585
2 3585
5050 3586
5574 3586
4717 3586
5504 3586
4172 3586
5563 3586
4575 3586
4905 3586
4329 3586
2 3586
4771 3587
5571 3587
4975 3587
4903 3587
5602 3587
2 3587
5569 3588
5125 3588
5557 3588
5374 3588
4093 3588
2 3588
5002 3589
5167 3589
4198 3589
5375 3589
5422 3589
2 3589
4648 3590
4804 3590
4928 3590
5700 3590
4709 3590
4803 3590
5689 3590
4371 3590
2 3590
5993 3591
5445 3591
4542 3591
5677 3591
4788 3591
2 3591
1283 3592
897 3592
1346 3592
1631 3592
4498 3592
5012 3592
5739 3592
4068 3592
4835 3592
4795 3592
2 3592
5909 3593
4268 3593
2 3593
4609 3594
5256 3594
4610 3594
4646 3594
4599 3594
5168 3594
2 3594
4013 3595
6000 3595
4331 3595
5448 3595
4283 3595
5382 3595
4127 3595
2 3595
4357 3596
5346 3596
2 3596
5125 3597
4500 3597
4409 3597
4842 3597
2 3597
1106 3598
2008 3598
728 3598
1859 3598
5789 3598
4513 3598
4838 3598
4063 3598
4546 3598
5601 3598
4442 3598
2 3598
5098 3599
5404 3599
5199 3599
2 3599
4778 3600
5723 3600
5294 3600
4786 3600
4189 3600
4389 3600
4456 3600
5935 3600
5422 3600
2 3600
4753 3601
4755 3601
4038 3601
4125 3601
5926 3601
4778 3601
4438 3601
4478 3601
5962 3601
2 3601
4022 3602
4832 3602
4061 3602
4114 3602
4120 3602
4568 3602
2 3602
4938 3603
4813 3603
5437 3603
5132 3603
4613 3603
5071 3603
5869 3603
4786 3603
2 3603
5350 3604
4214 3604
5009 3604
4143 3604
5710 3604
2 3604
4477 3605
4362 3605
5014 3605
5367 3605
4243 3605
5025 3605
2 3605
5141 3606
5631 3606
5152 3606
4804 3606
4922 3606
4791 3606
4078 3606
2 3606
4432 3607
4053 3607
4389 3607
4117 3607
5461 3607
5730 3607
4695 3607
2 3607
5016 3608
5123 3608
2 3608
995 3609
5658 3609
5999 3609
2 3609
5943 3610
4853 3610
4441 3610
5923 3610
5914 3610
5488 3610
4142 3610
5567 3610
2 3610
4365 3611
4301 3611
4990 3611
2 3611
5232 3612
4489 3612
4174 3612
4829 3612
5553 3612
5846 3612
4430 3612
5835 3612
2 3612
5532 3613
5162 3613
5569 3613
5842 3613
4240 3613
2 3613
4167 3614
4794 3614
5109 3614
4276 3614
4865 3614
4390 3614
4328 3614
4158 3614
5148 3614
2 3614
5376 3615
5095 3615
4301 3615
4186 3615
5973 3615
4943 3615
4390 3615
5904 3615
2 3615
5187 3616
5227 3616
5942 3616
5003 3616
4432 3616
5561 3616
4775 3616
4801 3616
4020 3616
2 3616
4742 3617
5993 3617
2 3617
5732 3618
5883 3618
2 3618
5844 3619
4614 3619
4583 3619
5142 3619
5204 3619
5855 3619
4549 3619
5927 3619
2 3619
5763 3620
4219 3620
4843 3620
5419 3620
4674 3620
4174 3620
5849 3620
4554 3620
4430 3620
2 3620
5571 3621
4649 3621
5757 3621
5229 3621
4813 3621
2 3621
5499 3622
4412 3622
4365 3622
4453 3622
2 3622
5039 3623
5073 3623
5535 3623
5877 3623
2 3623
4761 3624
5982 3624
5390 3624
5007 3624
2 3624
4830 3625
5519 3625
5381 3625
4010 3625
5637 3625
4053 3625
2 3625
4216 3626
5679 3626
4732 3626
4094 3626
4887 3626
5181 3626
4930 3626
2 3626
5580 3627
4910 3627
2 3627
4013 3628
4160 3628
5115 3628
4788 3628
4880 3628
2 3628
5551 3629
5469 3629
4366 3629
2 3629
86 3630
67 3630
1744 3630
5999 3630
4293 3630
0 3630
4529 3630
5271 3630
4068 3630
5502 3630
2 3630
4570 3631
4720 3631
2 3631
4191 3632
5973 3632
5543 3632
5452 3632
4849 3632
4140 3632
5603 3632
2 3632
5929 3633
4409 3633
4164 3633
5109 3633
4232 3633
2 3633
4828 3634
4902 3634
2 3634
4461 3635
4976 3635
4765 3635
4590 3635
4897 3635
4667 3635
2 3635
5101 3636
5191 3636
5827 3636
5045 3636
5808 3636
5580 3636
4016 3636
2 3636
4938 3637
4250 3637
4322 3637
4510 3637
4530 3637
4386 3637
4347 3637
4851 3637
2 3637
4040 3638
4935 3638
4198 3638
5685 3638
4948 3638
5140 3638
5459 3638
5924 3638
5961 3638
2 3638
4404 3639
5596 3639
4105 3639
4874 3639
2 3639
457 3640
4395 3640
5483 3640
5245 3640
4014 3640
5833 3640
5577 3640
2 3640
5190 3641
5178 3641
2 3641
4984 3642
5670 3642
4992 3642
5908 3642
5401 3642
5877 3642
4638 3642
5451 3642
2 3642
5104 3643
4398 3643
5719 3643
5674 3643
5800 3643
5330 3643
4875 3643
5914 3643
4484 3643
2 3643
5313 3644
5705 3644
5477 3644
2 3644
4136 3645
5272 3645
5553 3645
4413 3645
5379 3645
4958 3645
4096 3645
4949 3645
5205 3645
2 3645
804 3646
486 3646
857 3646
5200 3646
5034 3646
4426 3646
4908 3646
2 3646
4386 3647
4564 3647
4242 3647
5105 3647
5019 3647
4117 3647
4330 3647
4072 3647
4518 3647
2 3647
5559 3648
5523 3648
5652 3648
2 3648
5934 3649
5010 3649
2 3649
4665 3650
5002 3650
5233 3650
5717 3650
4724 3650
2 3650
5573 3651
4627 3651
4587 3651
4183 3651
2 3651
4238 3652
5226 3652
5934 3652
2 3652
4990 3653
5182 3653
4506 3653
4037 3653
4749 3653
5453 3653
5808 3653
5660 3653
5438 3653
2 3653
5171 3654
4609 3654
2 3654
4676 3655
4207 3655
4390 3655
4666 3655
4968 3655
5215 3655
5624 3655
5248 3655
2 3655
4343 3656
5480 3656
4385 3656
4772 3656
5345 3656
5518 3656
2 3656
4687 3657
4992 3657
4077 3657
2 3657
4254 3658
4142 3658
4707 3658
2 3658
5165 3659
5253 3659
5856 3659
5776 3659
4885 3659
4205 3659
5124 3659
4919 3659
2 3659
4877 3660
5646 3660
4549 3660
5364 3660
2 3660
4657 3661
4980 3661
5857 3661
4325 3661
4420 3661
5546 3661
5593 3661
4786 3661
2 3661
5413 3662
4092 3662
4195 3662
4095 3662
5995 3662
2 3662
5199 3663
5837 3663
2 3663
4588 3664
4534 3664
4631 3664
4831 3664
2 3664
4773 3665
4355 3665
5180 3665
4844 3665
4930 3665
2 3665
4491 3666
5600 3666
4826 3666
4331 3666
2 3666
4369 3667
5041 3667
4142 3667
2 3667
5911 3668
4386 3668
4354 3668
5175 3668
5593 3668
5980 3668
5571 3668
4585 3668
5717 3668
2 3668
5029 3669
5734 3669
4174 3669
2 3669
5189 3670
4369 3670
2 3670
5920 3671
5546 3671
4452 3671
5900 3671
2 3671
4842 3672
4700 3672
5234 3672
5930 3672
4936 3672
4593 3672
5854 3672
4861 3672
5960 3672
2 3672
469 3673
1204 3673
1079 3673
4307 3673
4513 3673
4744 3673
4148 3673
4838 3673
5947 3673
5739 3673
4014 3673
5017 3673
2 3673
4603 3674
5284 3674
5680 3674
5273 3674
5312 3674
4581 3674
5257 3674
2 3674
4573 3675
5936 3675
5216 3675
2 3675
5399 3676
5763 3676
4702 3676
4272 3676
5138 3676
5049 3676
4843 3676
4552 3676
2 3676
5539 3677
5509 3677
4416 3677
5114 3677
4152 3677
4791 3677
4268 3677
4840 3677
2 3677
5542 3678
5905 3678
5857 3678
5120 3678
5519 3678
4767 3678
5782 3678
5711 3678
4443 3678
2 3678
4861 3679
4166 3679
4310 3679
5773 3679
5407 3679
5680 3679
4985 3679
2 3679
4254 3680
4760 3680
5520 3680
4840 3680
5918 3680
4806 3680
4329 3680
5582 3680
2 3680
5820 3681
4450 3681
5522 3681
5014 3681
4057 3681
4298 3681
5418 3681
5348 3681
5796 3681
2 3681
5446 3682
4509 3682
4635 3682
5008 3682
5769 3682
4998 3682
5541 3682
2 3682
5456 3683
4076 3683
4906 3683
4465 3683
4370 3683
2 3683
4742 3684
4956 3684
4787 3684
5851 3684
5910 3684
4102 3684
4869 3684
2 3684
5823 3685
5998 3685
4297 3685
4698 3685
4221 3685
5067 3685
4579 3685
4237 3685
5344 3685
2 3685
1597 3686
974 3686
4529 3686
4704 3686
0 3686
4838 3686
2 3686
5603 3687
5479 3687
4996 3687
2 3687
4198 3688
4510 3688
5711 3688
4220 3688
4774 3688
2 3688
5822 3689
5379 3689
4282 3689
4286 3689
4215 3689
5758 3689
2 3689
4265 3690
5128 3690
4019 3690
4344 3690
4637 3690
4969 3690
4322 3690
5346 3690
2 3690
4548 3691
5517 3691
5303 3691
2 3691
4613 3692
4778 3692
5175 3692
4259 3692
5294 3692
4499 3692
5737 3692
5019 3692
2 3692
91 3693
353 3693
1715 3693
572 3693
4380 3693
5410 3693
4131 3693
5739 3693
5601 3693
4455 3693
4470 3693
4293 3693
2 3693
5198 3694
5923 3694
4192 3694
5563 3694
5272 3694
4165 3694
4983 3694
4930 3694
2 3694
5377 3695
5127 3695
5893 3695
4833 3695
5304 3695
5177 3695
5418 3695
2 3695
5524 3696
4292 3696
4718 3696
5572 3696
5563 3696
4015 3696
2 3696
4541 3697
5090 3697
4280 3697
5249 3697
5123 3697
4463 3697
4674 3697
2 3697
5594 3698
5067 3698
4788 3698
2 3698
5008 3699
4588 3699
4998 3699
4605 3699
4309 3699
5155 3699
5954 3699
2 3699
4826 3700
4522 3700
5293 3700
4102 3700
5266 3700
5901 3700
5708 3700
2 3700
4352 3701
5451 3701
4617 3701
2 3701
5273 3702
5622 3702
4428 3702
5908 3702
5614 3702
4496 3702
2 3702
4984 3703
4827 3703
5556 3703
5258 3703
2 3703
4121 3704
5578 3704
2 3704
5655 3705
4911 3705
5680 3705
2 3705
4512 3706
5007 3706
4987 3706
5807 3706
4665 3706
4656 3706
4972 3706
5748 3706
5489 3706
2 3706
4824 3707
4349 3707
5964 3707
4948 3707
4926 3707
5979 3707
5782 3707
5071 3707
5179 3707
2 3707
5182 3708
4153 3708
4710 3708
5368 3708
5568 3708
4098 3708
4022 3708
5013 3708
4108 3708
2 3708
5183 3709
4904 3709
4809 3709
2 3709
4199 3710
5404 3710
5227 3710
5585 3710
2 3710
4221 3711
4957 3711
4399 3711
4133 3711
2 3711
4232 3712
4934 3712
4683 3712
4466 3712
4090 3712
5334 3712
2 3712
4389 3713
4181 3713
2 3713
5772 3714
4113 3714
4905 3714
4095 3714
4489 3714
4227 3714
5472 3714
2 3714
4945 3715
4608 3715
5426 3715
4011 3715
4096 3715
4243 3715
5280 3715
5318 3715
5828 3715
2 3715
5796 3716
5943 3716
5195 3716
5025 3716
4286 3716
5553 3716
2 3716
4241 3717
5983 3717
5984 3717
5371 3717
4875 3717
4846 3717
4208 3717
4204 3717
2 3717
4327 3718
5285 3718
4016 3718
4300 3718
4396 3718
4033 3718
5556 3718
2 3718
4621 3719
4587 3719
4777 3719
2 3719
5840 3720
4496 3720
4112 3720
5729 3720
4845 3720
5619 3720
2 3720
4491 3721
4145 3721
4134 3721
4122 3721
4445 3721
5083 3721
5314 3721
4873 3721
2 3721
4136 3722
5813 3722
5369 3722
5295 3722
4601 3722
4580 3722
2 3722
4108 3723
4678 3723
4202 3723
5514 3723
4984 3723
2 3723
5300 3724
5532 3724
5648 3724
4683 3724
5591 3724
5774 3724
2 3724
4215 3725
4819 3725
4107 3725
4049 3725
4508 3725
4222 3725
2 3725
5860 3726
5942 3726
5933 3726
4830 3726
5966 3726
4639 3726
5711 3726
4305 3726
4828 3726
2 3726
4152 3727
4298 3727
4533 3727
5398 3727
5972 3727
5173 3727
2 3727
4274 3728
5327 3728
5428 3728
4536 3728
2 3728
5181 3729
5147 3729
5349 3729
2 3729
4636 3730
4194 3730
2 3730
5959 3731
4778 3731
4991 3731
5969 3731
5836 3731
4657 3731
2 3731
4761 3732
4974 3732
5950 3732
4661 3732
5630 3732
5202 3732
4125 3732
4020 3732
5837 3732
2 3732
4984 3733
5400 3733
5665 3733
4338 3733
5693 3733
5651 3733
2 3733
68 3734
1530 3734
1165 3734
1870 3734
242 3734
1739 3734
4513 3734
4900 3734
5508 3734
4498 3734
5759 3734
2 3734
5899 3735
5641 3735
5463 3735
4725 3735
5443 3735
4285 3735
5469 3735
2 3735
5488 3736
5592 3736
5478 3736
4853 3736
5387 3736
5252 3736
4757 3736
4194 3736
2 3736
4713 3737
5876 3737
2 3737
4452 3738
5120 3738
4734 3738
4116 3738
4079 3738
4600 3738
2 3738
5689 3739
4791 3739
5331 3739
4257 3739
4776 3739
2 3739
4447 3740
4638 3740
4073 3740
5412 3740
5891 3740
2 3740
5732 3741
5801 3741
4461 3741
4844 3741
4161 3741
4424 3741
4329 3741
2 3741
5713 3742
4110 3742
4711 3742
5097 3742
2 3742
4449 3743
5540 3743
5000 3743
4842 3743
5862 3743
5424 3743
5326 3743
2 3743
5493 3744
4739 3744
5537 3744
4821 3744
5166 3744
2 3744
5310 3745
5421 3745
5394 3745
5111 3745
5061 3745
5426 3745
5829 3745
4928 3745
2 3745
4073 3746
5345 3746
4059 3746
5033 3746
4447 3746
5380 3746
2 3746
4543 3747
4541 3747
4547 3747
5846 3747
5895 3747
4732 3747
5090 3747
2 3747
5874 3748
5286 3748
5544 3748
4511 3748
4231 3748
2 3748
5083 3749
4591 3749
4104 3749
5463 3749
4873 3749
5677 3749
5617 3749
4331 3749
4942 3749
2 3749
5903 3750
4328 3750
4045 3750
2 3750
5995 3751
5509 3751
2 3751
4824 3752
4259 3752
2 3752
5612 3753
4842 3753
5281 3753
4448 3753
5267 3753
2 3753
5327 3754
4596 3754
2 3754
4527 3755
4085 3755
4935 3755
4189 3755
5900 3755
4559 3755
2 3755
5810 3756
5098 3756
5384 3756
5980 3756
5121 3756
2 3756
4290 3757
5442 3757
4378 3757
4561 3757
4402 3757
4981 3757
5182 3757
2 3757
29 3758
629 3758
4546 3758
5759 3758
5948 3758
5725 3758
4066 3758
2 3758
4154 3759
5361 3759
4369 3759
4694 3759
4280 3759
4962 3759
5939 3759
4567 3759
5460 3759
2 3759
4789 3760
4405 3760
5630 3760
5861 3760
4793 3760
4926 3760
4374 3760
5126 3760
5717 3760
2 3760
5340 3761
4607 3761
4921 3761
4641 3761
5620 3761
4220 3761
5167 3761
2 3761
5161 3762
4591 3762
5851 3762
5207 3762
4462 3762
2 3762
4855 3763
4227 3763
2 3763
4459 3764
5314 3764
4013 3764
4956 3764
4572 3764
2 3764
5636 3765
4017 3765
2 3765
1246 3766
1122 3766
638 3766
1319 3766
1026 3766
1072 3766
556 3766
144 3766
5084 3766
4446 3766
4634 3766
4203 3766
4426 3766
5884 3766
2 3766
4691 3767
5165 3767
4346 3767
5362 3767
4925 3767
5517 3767
5753 3767
5114 3767
2 3767
5099 3768
4873 3768
4713 3768
2 3768
5795 3769
4245 3769
4360 3769
5403 3769
2 3769
4172 3770
5696 3770
5367 3770
4246 3770
5009 3770
5044 3770
4143 3770
4064 3770
2 3770
5968 3771
4283 3771
4102 3771
5953 3771
2 3771
4152 3772
5379 3772
4364 3772
4036 3772
5690 3772
4214 3772
5822 3772
5574 3772
2 3772
5664 3773
5930 3773
4941 3773
4621 3773
5409 3773
2 3773
4763 3774
5783 3774
4980 3774
4271 3774
2 3774
5499 3775
4599 3775
4073 3775
2 3775
4438 3776
5787 3776
5860 3776
5969 3776
2 3776
5229 3777
4144 3777
5126 3777
4970 3777
4420 3777
5512 3777
4115 3777
4824 3777
4751 3777
2 3777
5301 3778
4978 3778
4843 3778
5674 3778
4106 3778
2 3778
5546 3779
4250 3779
4613 3779
5636 3779
5898 3779
2 3779
4183 3780
4842 3780
4059 3780
4710 3780
2 3780
4791 3781
4897 3781
4804 3781
4718 3781
5883 3781
4113 3781
4099 3781
2 3781
4173 3782
5888 3782
4778 3782
4060 3782
5926 3782
2 3782
4743 3783
5336 3783
5781 3783
2 3783
4474 3784
4807 3784
4235 3784
4247 3784
4792 3784
5474 3784
5695 3784
2 3784
5198 3785
4709 3785
5304 3785
4543 3785
5886 3785
5315 3785
5350 3785
2 3785
1710 3786
1269 3786
5947 3786
5658 3786
5830 3786
4513 3786
5203 3786
2 3786
4903 3787
5228 3787
5128 3787
4438 3787
4665 3787
4991 3787
2 3787
4787 3788
4560 3788
4628 3788
5218 3788
5647 3788
5332 3788
5921 3788
4614 3788
2 3788
5429 3789
4707 3789
5421 3789
5181 3789
4180 3789
4472 3789
5760 3789
2 3789
4682 3790
5562 3790
5977 3790
5985 3790
4467 3790
4268 3790
2 3790
5168 3791
4837 3791
4569 3791
5428 3791
5327 3791
4782 3791
5285 3791
4525 3791
2 3791
262 3792
826 3792
909 3792
354 3792
1111 3792
1927 3792
4395 3792
5307 3792
2 3792
5002 3793
5738 3793
5501 3793
4839 3793
5282 3793
4767 3793
4373 3793
5933 3793
2 3793
360 3794
405 3794
1564 3794
613 3794
1456 3794
324 3794
1983 3794
998 3794
1075 3794
4679 3794
4363 3794
4706 3794
5754 3794
2 3794
5371 3795
4431 3795
2 3795
4129 3796
5540 3796
5039 3796
5881 3796
4108 3796
5587 3796
5514 3796
5903 3796
4737 3796
2 3796
5061 3797
4548 3797
4919 3797
4769 3797
4282 3797
5016 3797
4643 3797
2 3797
4668 3798
5268 3798
4248 3798
5636 3798
5163 3798
4921 3798
5422 3798
2 3798
5029 3799
4204 3799
5177 3799
4577 3799
5153 3799
2 3799
5137 3800
5392 3800
4555 3800
4048 3800
5546 3800
5684 3800
4452 3800
4604 3800
2 3800
4254 3801
5134 3801
4515 3801
5289 3801
5657 3801
4871 3801
5387 3801
5567 3801
2 3801
5534 3802
5332 3802
5020 3802
5541 3802
4713 3802
4698 3802
2 3802
4790 3803
5338 3803
5972 3803
5433 3803
5776 3803
5349 3803
5035 3803
4930 3803
5977 3803
2 3803
5865 3804
4322 3804
5547 3804
5227 3804
2 3804
4151 3805
5239 3805
5836 3805
4637 3805
2 3805
5664 3806
4861 3806
4054 3806
5688 3806
4428 3806
5934 3806
4705 3806
4815 3806
5451 3806
2 3806
4923 3807
5899 3807
2 3807
4135 3808
4998 3808
4742 3808
4747 3808
4309 3808
5455 3808
4957 3808
2 3808
5356 3809
4466 3809
4701 3809
4409 3809
5627 3809
5803 3809
4287 3809
4340 3809
4109 3809
2 3809
5060 3810
5061 3810
4476 3810
5856 3810
4393 3810
2 3810
4274 3811
4042 3811
4968 3811
5059 3811
4568 3811
4244 3811
4436 3811
5872 3811
5693 3811
2 3811
4751 3812
4785 3812
5404 3812
5933 3812
5435 3812
4518 3812
2 3812
5848 3813
5339 3813
4823 3813
5309 3813
4645 3813
4963 3813
4027 3813
4725 3813
2 3813
4553 3814
4664 3814
5405 3814
2 3814
4792 3815
4261 3815
5258 3815
4358 3815
5454 3815
5671 3815
5919 3815
2 3815
5911 3816
5986 3816
4779 3816
2 3816
4287 3817
5664 3817
4981 3817
2 3817
5421 3818
4694 3818
5462 3818
5222 3818
2 3818
37 3819
259 3819
595 3819
293 3819
5213 3819
5675 3819
5823 3819
4670 3819
5436 3819
4740 3819
5085 3819
4145 3819
5080 3819
0 3819
2 3819
4188 3820
4494 3820
5085 3820
2 3820
5505 3821
5952 3821
4436 3821
5862 3821
4164 3821
2 3821
4504 3822
5403 3822
5087 3822
2 3822
155 3823
294 3823
1384 3823
952 3823
1236 3823
1683 3823
5609 3823
5069 3823
4924 3823
5185 3823
4014 3823
2 3823
4891 3824
4402 3824
5168 3824
5625 3824
4863 3824
5832 3824
5039 3824
5406 3824
4077 3824
2 3824
4482 3825
5809 3825
5206 3825
5381 3825
5666 3825
5807 3825
4125 3825
4618 3825
2 3825
4794 3826
5614 3826
2 3826
5158 3827
4325 3827
5160 3827
5633 3827
4248 3827
5602 3827
5002 3827
4828 3827
4157 3827
2 3827
5270 3828
5768 3828
5563 3828
5657 3828
4361 3828
5885 3828
5679 3828
2 3828
5299 3829
4254 3829
4391 3829
5254 3829
5421 3829
2 3829
4254 3830
4425 3830
4156 3830
5477 3830
5170 3830
5582 3830
5139 3830
5553 3830
2 3830
5436 3831
5416 3831
4127 3831
2 3831
4019 3832
4639 3832
4632 3832
5860 3832
4763 3832
4642 3832
5516 3832
4647 3832
4656 3832
2 3832
5753 3833
4803 3833
4925 3833
5615 3833
4871 3833
5710 3833
5957 3833
2 3833
4734 3834
5666 3834
4138 3834
4144 3834
5637 3834
4604 3834
5672 3834
2 3834
5660 3835
4118 3835
5569 3835
5507 3835
5073 3835
5087 3835
2 3835
4665 3836
5737 3836
4193 3836
2 3836
4886 3837
4137 3837
5251 3837
5300 3837
2 3837
4071 3838
4234 3838
4682 3838
4738 3838
5753 3838
5598 3838
4387 3838
4315 3838
2 3838
5618 3839
4321 3839
2 3839
5685 3840
4342 3840
4480 3840
4724 3840
4052 3840
5415 3840
5935 3840
4012 3840
5525 3840
2 3840
5842 3841
4394 3841
5290 3841
5070 3841
4845 3841
2 3841
4187 3842
4783 3842
5386 3842
4539 3842
4422 3842
4698 3842
5047 3842
5235 3842
2 3842
5401 3843
5072 3843
4402 3843
5273 3843
5680 3843
2 3843
5097 3844
4410 3844
5660 3844
4697 3844
4964 3844
5081 3844
2 3844
5917 3845
4473 3845
4766 3845
4688 3845
2 3845
326 3846
1156 3846
1765 3846
485 3846
5307 3846
5623 3846
4650 3846
4954 3846
5868 3846
4293 3846
2 3846
5390 3847
5422 3847
4176 3847
5593 3847
5817 3847
2 3847
5856 3848
4094 3848
5335 3848
5295 3848
4286 3848
4712 3848
4718 3848
2 3848
5936 3849
5962 3849
4493 3849
5635 3849
2 3849
5988 3850
5637 3850
4405 3850
5098 3850
2 3850
5155 3851
4111 3851
2 3851
4560 3852
5279 3852
5372 3852
5706 3852
4754 3852
4602 3852
4283 3852
5386 3852
4572 3852
2 3852
5404 3853
5633 3853
4048 3853
5632 3853
4171 3853
5542 3853
4386 3853
4432 3853
5187 3853
2 3853
5314 3854
4560 3854
5876 3854
4047 3854
5708 3854
5647 3854
5901 3854
4645 3854
4869 3854
2 3854
4712 3855
5776 3855
4212 3855
5967 3855
5295 3855
2 3855
5369 3856
5951 3856
5811 3856
5978 3856
4423 3856
5716 3856
5909 3856
4376 3856
2 3856
5777 3857
4458 3857
4556 3857
4340 3857
5101 3857
5480 3857
5771 3857
2 3857
5529 3858
4340 3858
5408 3858
5401 3858
5808 3858
5214 3858
4377 3858
5934 3858
2 3858
1002 3859
1131 3859
1734 3859
1882 3859
1459 3859
5739 3859
4395 3859
2 3859
5665 3860
4406 3860
5991 3860
5867 3860
4502 3860
5814 3860
2 3860
4616 3861
4416 3861
4044 3861
4717 3861
4916 3861
5710 3861
2 3861
4902 3862
4374 3862
4146 3862
5231 3862
4357 3862
4012 3862
4224 3862
5841 3862
5122 3862
2 3862
5571 3863
5276 3863
2 3863
651 3864
1112 3864
4924 3864
4293 3864
4018 3864
5577 3864
5084 3864
5868 3864
4529 3864
2 3864
4098 3865
5922 3865
4941 3865
5116 3865
4410 3865
4687 3865
4279 3865
2 3865
4948 3866
5673 3866
4417 3866
2 3866
5000 3867
5097 3867
5862 3867
4519 3867
5583 3867
5698 3867
5688 3867
4090 3867
4646 3867
2 3867
4388 3868
5450 3868
5964 3868
4351 3868
5373 3868
4814 3868
5011 3868
2 3868
5057 3869
5407 3869
5234 3869
4752 3869
4834 3869
2 3869
5651 3870
4625 3870
5670 3870
5400 3870
5281 3870
2 3870
4161 3871
5977 3871
4913 3871
5111 3871
5208 3871
5710 3871
5104 3871
5170 3871
2 3871
4628 3872
4605 3872
5541 3872
4285 3872
4013 3872
5707 3872
2 3872
4892 3873
4282 3873
4434 3873
5776 3873
5190 3873
5335 3873
4540 3873
2 3873
5314 3874
5970 3874
4831 3874
2 3874
4781 3875
5478 3875
2 3875
5862 3876
4217 3876
5452 3876
4394 3876
5569 3876
2 3876
4896 3877
5538 3877
4666 3877
4016 3877
5727 3877
2 3877
4669 3878
4846 3878
5190 3878
5536 3878
4222 3878
5590 3878
2 3878
4400 3879
4775 3879
5722 3879
5717 3879
4726 3879
5030 3879
2 3879
4533 3880
5524 3880
5377 3880
5350 3880
4552 3880
2 3880
5931 3881
5638 3881
5657 3881
4577 3881
4404 3881
5361 3881
4105 3881
4268 3881
2 3881
5073 3882
5057 3882
5412 3882
4033 3882
4411 3882
4502 3882
5664 3882
2 3882
1219 3883
1057 3883
4066 3883
4513 3883
5017 3883
5484 3883
4546 3883
4517 3883
2 3883
4682 3884
5379 3884
4773 3884
4387 3884
5931 3884
2 3884
5445 3885
5844 3885
2 3885
5857 3886
4574 3886
5787 3886
5653 3886
5450 3886
5375 3886
5390 3886
5722 3886
5743 3886
2 3886
4102 3887
5298 3887
4013 3887
2 3887
4708 3888
5186 3888
4637 3888
5806 3888
2 3888
5295 3889
4243 3889
4853 3889
5889 3889
5694 3889
2 3889
4528 3890
4942 3890
5455 3890
2 3890
5313 3891
4346 3891
4216 3891
4554 3891
4756 3891
4056 3891
5112 3891
5270 3891
2 3891
1646 3892
292 3892
321 3892
802 3892
1501 3892
5581 3892
0 3892
2 3892
4535 3893
5869 3893
5552 3893
4715 3893
4138 3893
4349 3893
2 3893
5736 3894
4886 3894
4022 3894
5627 3894
4191 3894
5428 3894
4029 3894
5872 3894
2 3894
5024 3895
4364 3895
5770 3895
5702 3895
5304 3895
4444 3895
4962 3895
4107 3895
4497 3895
2 3895
4624 3896
4201 3896
4404 3896
2 3896
5491 3897
5877 3897
5892 3897
5714 3897
4436 3897
4638 3897
5380 3897
5312 3897
5680 3897
2 3897
5426 3898
5995 3898
4026 3898
4567 3898
4540 3898
2 3898
5184 3899
5472 3899
4533 3899
5303 3899
5887 3899
4182 3899
5760 3899
5054 3899
5537 3899
2 3899
5001 3900
5263 3900
2 3900
4104 3901
5605 3901
6000 3901
2 3901
5677 3902
5901 3902
4888 3902
4285 3902
4306 3902
4160 3902
2 3902
5373 3903
4604 3903
4313 3903
5158 3903
5620 3903
4820 3903
4115 3903
2 3903
5063 3904
4975 3904
4432 3904
5179 3904
5516 3904
5089 3904
5415 3904
2 3904
4436 3905
4284 3905
4256 3905
4454 3905
4837 3905
2 3905
1509 3906
1679 3906
1883 3906
1920 3906
1610 3906
1327 3906
5561 3906
5717 3906
5489 3906
5461 3906
5635 3906
4052 3906
0 3906
2 3906
5690 3907
4597 3907
5444 3907
5079 3907
5367 3907
4702 3907
2 3907
4737 3908
4837 3908
4162 3908
5930 3908
5408 3908
2 3908
4437 3909
5348 3909
4096 3909
5433 3909
5296 3909
4150 3909
5563 3909
2 3909
4088 3910
4150 3910
5690 3910
5702 3910
4806 3910
5032 3910
5967 3910
2 3910
566 3911
482 3911
783 3911
4395 3911
5947 3911
5203 3911
4175 3911
5508 3911
5245 3911
4679 3911
4495 3911
5481 3911
2 3911
4577 3912
4944 3912
5732 3912
5254 3912
4598 3912
2 3912
5366 3913
4913 3913
4978 3913
4489 3913
5951 3913
4174 3913
5111 3913
2 3913
5235 3914
4754 3914
5998 3914
4831 3914
4102 3914
5707 3914
2 3914
4492 3915
4288 3915
5112 3915
4318 3915
4282 3915
4841 3915
5015 3915
4280 3915
2 3915
5371 3916
5335 3916
2 3916
4238 3917
4832 3917
5449 3917
4746 3917
4335 3917
4676 3917
5327 3917
2 3917
4875 3918
4023 3918
4194 3918
5299 3918
5995 3918
5610 3918
4577 3918
5811 3918
2 3918
4219 3919
4150 3919
4182 3919
4113 3919
4475 3919
5111 3919
5477 3919
2 3919
4332 3920
4782 3920
4563 3920
4258 3920
5764 3920
4406 3920
5608 3920
2 3920
5914 3921
4879 3921
5193 3921
2 3921
5241 3922
4328 3922
4109 3922
5930 3922
4711 3922
2 3922
950 3923
1832 3923
1952 3923
30 3923
5150 3923
4703 3923
5731 3923
2 3923
911 3924
335 3924
821 3924
4131 3924
4954 3924
5928 3924
4311 3924
4455 3924
4203 3924
4795 3924
5485 3924
5034 3924
2 3924
4101 3925
5839 3925
4075 3925
5639 3925
5089 3925
4115 3925
5199 3925
2 3925
5691 3926
4378 3926
4447 3926
4043 3926
4129 3926
4936 3926
4050 3926
2 3926
4844 3927
5631 3927
5141 3927
4853 3927
4914 3927
4667 3927
5111 3927
5610 3927
2 3927
4157 3928
5969 3928
5959 3928
5616 3928
5900 3928
4443 3928
5711 3928
5794 3928
4400 3928
2 3928
4987 3929
4482 3929
5227 3929
2 3929
5702 3930
4336 3930
5296 3930
4601 3930
2 3930
5058 3931
5942 3931
2 3931
954 3932
1293 3932
1681 3932
5779 3932
5916 3932
4744 3932
5302 3932
2 3932
4260 3933
5755 3933
4312 3933
4687 3933
5908 3933
5736 3933
4746 3933
2 3933
4366 3934
5541 3934
4866 3934
2 3934
5514 3935
5033 3935
5880 3935
4646 3935
5220 3935
5258 3935
2 3935
1887 3936
4680 3936
5793 3936
2 3936
1324 3937
1270 3937
1408 3937
5741 3937
4658 3937
5739 3937
2 3937
5768 3938
4906 3938
5889 3938
5663 3938
5195 3938
2 3938
4123 3939
4737 3939
5428 3939
4697 3939
4782 3939
2 3939
386 3940
210 3940
602 3940
1376 3940
754 3940
462 3940
738 3940
5343 3940
5200 3940
5656 3940
5307 3940
5084 3940
5321 3940
4498 3940
5269 3940
4714 3940
2 3940
5473 3941
5067 3941
4929 3941
5446 3941
5115 3941
5370 3941
5243 3941
4239 3941
5020 3941
2 3941
5153 3942
5955 3942
4430 3942
4288 3942
2 3942
5095 3943
4487 3943
4551 3943
4310 3943
5604 3943
5162 3943
4568 3943
5430 3943
4569 3943
0 3943
2 3943
5932 3944
4591 3944
4888 3944
5728 3944
5675 3944
4780 3944
4953 3944
2 3944
5500 3945
5933 3945
5552 3945
4527 3945
5653 3945
5542 3945
5030 3945
2 3945
5338 3946
5145 3946
5887 3946
5521 3946
4857 3946
4922 3946
2 3946
5328 3947
4874 3947
2 3947
4683 3948
4236 3948
5248 3948
5312 3948
5727 3948
2 3948
5851 3949
5646 3949
4854 3949
4134 3949
5708 3949
4560 3949
5728 3949
2 3949
5622 3950
5750 3950
5334 3950
5619 3950
4084 3950
2 3950
5423 3951
5964 3951
5911 3951
5552 3951
5261 3951
4965 3951
4082 3951
4438 3951
2 3951
2009 3952
1900 3952
1439 3952
5508 3952
4838 3952
4703 3952
5203 3952
4426 3952
2 3952
4890 3953
4260 3953
2 3953
5665 3954
5773 3954
5081 3954
2 3954
4290 3955
5217 3955
5505 3955
4504 3955
5013 3955
4409 3955
5703 3955
5087 3955
4162 3955
2 3955
1548 3956
1168 3956
4218 3956
5916 3956
4353 3956
4644 3956
4395 3956
0 3956
4634 3956
5484 3956
2 3956
4754 3957
5008 3957
5364 3957
5970 3957
5669 3957
4366 3957
5096 3957
4127 3957
2 3957
5537 3958
4243 3958
2 3958
972 3959
47 3959
960 3959
192 3959
4854 3959
4645 3959
5844 3959
5769 3959
4523 3959
5344 3959
5882 3959
0 3959
2 3959
4285 3960
5646 3960
4583 3960
5332 3960
2 3960
5491 3961
4412 3961
4059 3961
4496 3961
2 3961
5850 3962
5315 3962
4092 3962
5341 3962
5170 3962
5009 3962
5487 3962
4497 3962
2 3962
5849 3963
4208 3963
2 3963
4541 3964
4978 3964
4476 3964
4292 3964
5144 3964
2 3964
5614 3965
4207 3965
5862 3965
4893 3965
4561 3965
5913 3965
4186 3965
4256 3965
2 3965
5515 3966
5569 3966
5535 3966
5715 3966
5091 3966
5543 3966
4301 3966
4896 3966
2 3966
5579 3967
5732 3967
4547 3967
5139 3967
4881 3967
2 3967
4596 3968
5971 3968
5919 3968
4746 3968
2 3968
1550 3969
977 3969
1047 3969
311 3969
4069 3969
4269 3969
5269 3969
5343 3969
4679 3969
4908 3969
5928 3969
5212 3969
2 3969
5530 3970
5744 3970
5717 3970
5730 3970
5687 3970
4527 3970
5857 3970
5071 3970
2 3970
1315 3971
4269 3971
4546 3971
5360 3971
5656 3971
2 3971
4732 3972
4057 3972
4648 3972
4804 3972
5359 3972
5949 3972
5090 3972
2 3972
4431 3973
5005 3973
5348 3973
4692 3973
2 3973
4023 3974
4392 3974
5315 3974
2 3974
4220 3975
5071 3975
5199 3975
5558 3975
5492 3975
4626 3975
2 3975
4465 3976
5760 3976
4707 3976
4653 3976
2 3976
4642 3977
4726 3977
4125 3977
4750 3977
5077 3977
5346 3977
4019 3977
4864 3977
4755 3977
2 3977
4914 3978
5350 3978
5355 3978
4472 3978
5638 3978
5497 3978
4702 3978
5856 3978
4508 3978
2 3978
824 3979
5751 3979
5271 3979
4218 3979
5928 3979
4471 3979
5034 3979
4470 3979
5004 3979
2 3979
5604 3980
4581 3980
5324 3980
5892 3980
2 3980
4473 3981
4863 3981
4749 3981
5878 3981
5929 3981
2 3981
5783 3982
5682 3982
4342 3982
5748 3982
5102 3982
5765 3982
5492 3982
5216 3982
2 3982
4016 3983
4045 3983
5703 3983
4108 3983
5454 3983
4834 3983
4114 3983
5922 3983
5791 3983
2 3983
5322 3984
5145 3984
5323 3984
2 3984
5372 3985
4132 3985
4134 3985
5996 3985
4971 3985
4494 3985
4331 3985
4635 3985
2 3985
5010 3986
5727 3986
4582 3986
4377 3986
4981 3986
5930 3986
2 3986
4157 3987
5806 3987
5735 3987
4518 3987
2 3987
5794 3988
4573 3988
4325 3988
5735 3988
5078 3988
4721 3988
5757 3988
2 3988
4807 3989
5858 3989
4114 3989
5277 3989
5934 3989
5154 3989
4882 3989
4593 3989
5945 3989
2 3989
5854 3990
4556 3990
5110 3990
5451 3990
5057 3990
4295 3990
2 3990
5060 3991
4154 3991
4580 3991
4552 3991
4675 3991
4973 3991
4961 3991
2 3991
5127 3992
5322 3992
2 3992
4165 3993
5718 3993
5201 3993
2 3993
4621 3994
5452 3994
2 3994
4324 3995
4112 3995
4229 3995
5183 3995
5665 3995
5691 3995
5277 3995
4289 3995
2 3995
5003 3996
4420 3996
4799 3996
4723 3996
2 3996
4110 3997
4447 3997
4584 3997
5945 3997
4473 3997
4264 3997
2 3997
5181 3998
4041 3998
4194 3998
4251 3998
4973 3998
5644 3998
4897 3998
2 3998
871 3999
1987 3999
0 3999
4680 3999
5609 3999
5203 3999
4141 3999
5759 3999
2 3999
5020 4000
5677 4000
4459 4000
4221 4000
4528 4000
4788 4000
2 4000
4624 4001
5016 4001
5949 4001
5523 4001
2 4001
5025 4002
4806 4002
4262 4002
4917 4002
4387 4002
5565 4002
4915 4002
2 4002
5965 4003
5162 4003
2 4003
5361 4004
5378 4004
5539 4004
4722 4004
5460 4004
5652 4004
5114 4004
2 4004
4448 4005
5095 4005
4673 4005
4556 4005
5505 4005
2 4005
4024 4006
4957 4006
4297 4006
4135 4006
5927 4006
2 4006
4877 4007
5541 4007
5099 4007
4027 4007
5339 4007
5155 4007
2 4007
4971 4008
5706 4008
4805 4008
4111 4008
5099 4008
5825 4008
4359 4008
5443 4008
2 4008
4174 4009
5322 4009
5885 4009
4803 4009
5940 4009
4773 4009
2 4009
2 4010
4493 4012
4389 4012
793 4014
798 4014
252 4014
750 4014
5127 4015
700 4018
1919 4018
1349 4018
841 4032
1304 4032
5817 4040
4101 4040
4343 4045
5468 4058
4073 4058
1449 4063
1472 4063
700 4063
806 4063
1430 4066
210 4066
124 4066
1330 4066
1421 4068
463 4068
1428 4068
1478 4068
1253 4068
1901 4068
853 4068
1385 4068
935 4068
1612 4068
1915 4068
367 4068
1872 4068
845 4068
1504 4068
1990 4068
6033 4069
4363 4069
187 4069
1288 4069
1814 4069
1155 4069
1491 4069
443 4069
1659 4069
1581 4069
1525 4069
1512 4069
900 4069
415 4069
1677 4069
5162 4077
5146 4083
4191 4098
4992 4098
5706 4104
5096 4104
5823 4111
4673 4112
4794 4112
30 4128
1133 4128
1833 4131
501 4131
1856 4131
1146 4131
1432 4141
1123 4141
1259 4141
551 4141
4539 4145
1975 4148
1042 4148
1740 4148
285 4148
1706 4148
1908 4148
1692 4148
1975 4148
1142 4148
1196 4148
969 4148
565 4148
1941 4149
577 4149
430 4149
4067 4153
5929 4153
5650 4163
332 4170
1687 4170
961 4170
1884 4170
1413 4170
761 4175
996 4175
5844 4188
5975 4192
4841 4192
5758 4195
5590 4195
1525 4203
1704 4203
21 4203
1171 4203
897 4203
633 4206
1779 4206
1339 4206
1728 4206
5359 4209
5015 4209
1494 4218
176 4218
1281 4218
902 4218
5748 4250
5761 4250
4488 4255
4985 4255
4120 4258
5371 4262
1456 4269
1476 4269
913 4269
1227 4269
1018 4269
4190 4271
4987 4271
4973 4288
726 4293
205 4293
750 4293
1604 4293
128 4293
1290 4293
5513 4293
5857 4305
517 4307
1227 4307
1882 4307
5729 4308
369 4311
960 4311
1397 4311
663 4311
1590 4311
4082 4313
5199 4313
5151 4318
4848 4320
4530 4322
5924 4345
1576 4353
1070 4353
1291 4353
5515 4360
1096 4363
1350 4363
1091 4363
1741 4363
1693 4363
6037 4380
5410 4380
316 4380
1317 4380
4126 4394
4504 4394
794 4395
501 4395
1568 4395
416 4395
85 4395
1286 4395
1262 4395
4458 4402
5761 4417
1908 4426
805 4426
176 4426
1670 4426
1055 4426
550 4426
2003 4426
4038 4438
5950 4438
6039 4442
2121 4442
424 4442
1202 4442
1605 4442
1718 4446
597 4446
1801 4446
4380 4446
349 4455
1678 4455
605 4455
40 4455
980 4455
419 4455
5484 4455
5382 4459
4788 4459
618 4470
37 4470
716 4470
6030 4471
3516 4471
1106 4471
708 4471
118 4471
481 4471
578 4471
87 4471
4154 4475
5638 4475
5011 4478
5342 4483
5961 4483
912 4490
626 4490
1422 4490
390 4490
1652 4490
1603 4490
1747 4490
915 4495
856 4495
1942 4495
141 4495
292 4495
1862 4495
1992 4495
87 4495
392 4495
204 4495
1252 4495
649 4495
1255 4495
689 4495
1867 4495
1764 4495
1338 4495
372 4495
891 4495
533 4495
489 4495
143 4495
101 4495
427 4495
207 4495
791 4495
1911 4495
931 4495
1514 4495
1293 4495
72 4495
1347 4495
379 4495
1849 4495
873 4495
872 4495
1646 4495
385 4495
1527 4495
760 4495
541 4495
1497 4495
716 4495
1135 4495
160 4495
1592 4495
1783 4495
730 4495
1108 4495
1888 4495
998 4495
582 4495
811 4498
1751 4498
498 4498
332 4498
844 4498
1948 4498
996 4498
1655 4498
1195 4498
1474 4498
362 4498
1794 4498
780 4501
158 4501
1199 4501
5550 4505
4150 4505
4075 4512
927 4513
1632 4513
1258 4513
1288 4513
206 4513
1912 4517
1805 4517
1006 4517
1475 4517
697 4517
1734 4517
850 4529
163 4529
1743 4529
396 4529
130 4532
1918 4532
1618 4532
557 4532
1693 4532
380 4532
846 4532
962 4532
4557 4536
5795 4536
4735 4539
5641 4539
669 4546
1264 4546
1355 4546
1834 4546
5754 4546
5656 4546
4761 4555
4147 4555
5073 4556
4297 4560
4766 4568
4502 4568
4153 4582
4382 4582
975 4606
482 4606
1601 4606
699 4606
1687 4606
525 4612
1704 4612
1822 4612
296 4612
1984 4612
664 4612
5817 4618
5199 4618
580 4622
1904 4622
742 4622
463 4622
1792 4622
1643 4634
1607 4634
649 4634
1300 4644
44 4644
950 4644
1660 4644
1039 4644
571 4650
345 4650
1409 4650
1097 4650
5662 4653
626 4658
1826 4658
1122 4658
1011 4658
781 4660
1756 4660
4859 4664
1767 4672
777 4672
227 4672
1472 4672
1752 4672
94 4672
751 4672
1490 4679
209 4679
1420 4679
877 4679
67 4679
59 4680
43 4680
252 4680
4617 4687
5316 4687
5292 4695
4903 4695
4245 4701
5510 4701
547 4703
462 4703
78 4703
5484 4704
1868 4704
191 4704
347 4704
745 4704
6033 4706
4908 4706
521 4706
1926 4706
147 4706
5274 4706
5752 4706
5312 4711
5505 4711
1625 4714
495 4714
4675 4722
5092 4722
836 4730
1212 4730
5317 4742
4323 4742
6039 4744
3029 4744
1971 4744
1694 4744
840 4744
1041 4744
6034 4759
3372 4759
534 4759
1346 4759
1929 4762
335 4762
1707 4762
1684 4762
4675 4764
4760 4764
6022 4770
4650 4770
1475 4770
655 4770
1822 4770
819 4770
723 4770
164 4770
1580 4770
4709 4773
5716 4773
4817 4777
4328 4777
5769 4784
5592 4790
5734 4790
1088 4795
1597 4795
231 4795
1599 4795
5375 4799
4893 4807
5404 4814
4286 4821
5445 4823
5600 4823
4559 4824
5765 4824
4482 4830
232 4835
100 4835
884 4835
510 4838
1067 4838
1418 4838
1860 4838
1671 4838
4835 4838
4820 4839
5684 4839
1975 4847
1072 4847
304 4847
5080 4854
4238 4856
5584 4863
5052 4863
5885 4867
5838 4867
4547 4885
4577 4885
628 4900
1869 4900
1693 4900
101 4900
1129 4908
419 4908
195 4908
1203 4908
1948 4908
815 4912
224 4912
634 4912
1883 4912
1570 4912
1624 4912
1941 4912
1686 4912
546 4912
1308 4912
233 4912
1527 4912
1699 4912
5189 4915
5983 4915
689 4918
1707 4918
923 4918
196 4918
1331 4918
1790 4918
4550 4919
4298 4919
1099 4924
880 4924
921 4924
1765 4924
292 4954
1139 4954
5825 4957
5350 4961
4714 4986
1158 4986
1598 4986
905 4986
698 4986
1940 4986
811 4986
1303 4986
684 4986
1570 4986
727 4986
1624 4986
1262 4986
1521 4986
858 4986
84 4986
1641 4986
413 4986
1633 4986
539 4986
1318 4986
573 4986
1393 4986
78 4986
850 4986
976 4986
345 4986
1839 4986
969 4986
1964 4986
1330 4986
98 4986
493 4986
364 4986
825 4986
1370 4986
1478 4986
1878 4986
2008 4986
1706 4986
656 4986
1503 4986
359 4986
372 4986
1652 4986
1261 4986
387 4986
770 4986
39 4986
1416 4986
301 4986
557 4986
859 4986
1307 4986
4992 4990
5698 4990
4899 4991
4016 5000
5845 5000
1927 5004
685 5004
928 5004
5833 5004
5046 5012
629 5012
1770 5012
273 5012
1129 5012
939 5012
4015 5015
1320 5017
1432 5017
1036 5017
5404 5028
5450 5028
1893 5031
289 5031
658 5031
595 5034
569 5034
204 5034
561 5046
135 5046
4625 5052
362 5056
1487 5056
5753 5061
4208 5061
5761 5063
4097 5064
5663 5064
1424 5069
594 5069
620 5069
807 5069
1587 5084
4221 5099
382 5107
312 5107
1741 5107
1224 5107
1665 5107
5490 5128
5058 5128
239 5130
122 5130
5430 5135
5904 5135
5746 5142
4605 5142
1639 5150
1186 5150
1692 5150
30 5150
402 5150
1006 5150
5898 5158
5229 5158
4877 5161
4188 5161
5516 5163
4011 5166
5550 5174
4834 5182
4375 5183
852 5185
1382 5185
567 5200
429 5200
1574 5200
1987 5200
1797 5200
215 5200
33 5200
173 5200
1671 5200
1213 5200
6024 5203
5321 5203
1246 5203
71 5203
1103 5203
1475 5203
467 5203
4283 5207
4024 5207
990 5212
1117 5212
4418 5225
5612 5225
1411 5236
264 5237
1676 5237
212 5237
4664 5239
4555 5239
5097 5240
5043 5240
1122 5244
1528 5244
1836 5244
193 5244
509 5244
221 5244
1581 5244
626 5244
1449 5244
1427 5244
1817 5244
267 5244
1571 5244
978 5244
1455 5244
1469 5244
1043 5244
869 5245
1136 5245
1346 5245
1735 5245
1448 5245
1279 5245
5642 5246
4760 5252
5270 5252
5435 5261
5459 5261
1727 5264
944 5264
1988 5264
4316 5267
930 5269
966 5269
1791 5269
1923 5271
1242 5271
572 5271
4416 5272
5770 5272
822 5274
1163 5274
236 5274
1128 5274
4616 5288
5579 5295
5932 5298
1404 5302
675 5302
551 5302
1170 5302
1139 5302
1489 5302
1444 5302
1518 5302
466 5302
565 5302
1982 5302
1443 5302
1210 5302
5584 5305
5329 5305
4538 5306
1464 5307
1409 5307
1820 5307
738 5307
564 5307
1090 5307
4340 5320
486 5321
88 5321
1421 5321
5087 5324
1092 5343
1224 5343
1666 5343
410 5343
1066 5347
1169 5347
859 5360
1432 5360
1954 5360
1042 5365
429 5365
1143 5365
1608 5365
5560 5368
4904 5376
5438 5376
4962 5378
5827 5380
6041 5385
3052 5385
1029 5385
931 5385
342 5385
1367 5385
1297 5385
954 5385
1757 5385
42 5393
517 5393
1327 5393
267 5393
4418 5406
7 5410
5752 5410
91 5410
5059 5414
5598 5419
5983 5419
5785 5427
4758 5430
5497 5433
4764 5433
4920 5459
5864 5461
4224 5461
5159 5466
5452 5466
1569 5476
377 5481
209 5481
1838 5483
1083 5483
1967 5483
729 5483
1435 5483
538 5484
237 5485
505 5485
1987 5485
239 5485
176 5485
1539 5485
918 5485
760 5485
570 5485
1589 5485
854 5485
536 5485
1438 5485
4378 5486
988 5494
375 5494
5829 5497
4076 5497
1849 5502
1943 5502
623 5502
832 5502
850 5502
566 5502
1348 5502
4328 5507
4197 5507
1027 5508
978 5508
253 5508
34 5508
1082 5513
609 5513
4067 5515
5152 5517
1747 5526
1390 5526
1219 5526
5426 5548
5006 5548
1519 5554
441 5554
439 5554
5567 5576
5972 5576
1760 5577
976 5577
1788 5577
234 5577
5829 5578
715 5581
804 5581
4140 5587
5780 5591
5275 5591
816 5601
1579 5601
5247 5603
570 5609
1523 5609
1715 5609
1582 5609
5452 5612
1274 5623
144 5623
1289 5623
1591 5623
1384 5623
212 5623
1195 5623
1687 5623
1796 5623
723 5623
552 5623
646 5623
1569 5623
5922 5625
195 5626
1299 5626
5512 5630
5979 5630
4282 5638
4648 5638
4122 5646
620 5656
1512 5656
1941 5656
1931 5656
270 5658
448 5658
419 5658
524 5658
4783 5675
5309 5675
5933 5683
5941 5683
4718 5694
5441 5694
4545 5699
5651 5699
1969 5709
307 5709
441 5709
479 5709
4131 5709
4598 5710
5195 5720
4875 5720
5109 5721
4378 5721
1113 5725
172 5725
338 5725
521 5725
1139 5726
1181 5726
1152 5726
212 5726
1146 5731
672 5731
1805 5731
1373 5731
5656 5739
409 5739
248 5739
1807 5739
422 5739
567 5739
1769 5739
5271 5739
5779 5739
1195 5741
1486 5741
540 5741
1917 5741
1414 5741
1758 5741
605 5741
5774 5745
4687 5745
4586 5749
4590 5749
1354 5751
1293 5751
205 5751
1265 5751
311 5752
197 5752
1379 5752
5957 5753
803 5754
1397 5754
1394 5754
844 5754
1702 5754
1037 5759
311 5759
787 5759
364 5759
299 5759
6032 5766
2204 5766
590 5766
103 5766
512 5766
998 5766
965 5766
4745 5777
1777 5779
352 5779
521 5779
1789 5779
1485 5779
1165 5779
4250 5783
226 5789
1906 5789
1227 5789
670 5789
5069 5789
5245 5789
411 5790
567 5790
1197 5790
1504 5790
1103 5790
1363 5793
875 5793
579 5793
826 5793
1739 5793
1422 5793
855 5793
1176 5793
37 5793
462 5793
115 5793
1524 5793
1929 5793
1090 5793
1241 5793
117 5793
1623 5793
1068 5793
1811 5793
1804 5793
105 5793
668 5793
1847 5793
784 5793
704 5793
587 5793
1778 5793
1170 5793
235 5793
284 5793
923 5793
797 5793
450 5793
652 5793
1057 5793
1427 5793
850 5793
1338 5793
556 5793
836 5793
609 5793
1080 5793
740 5793
840 5793
23 5793
1001 5793
1472 5793
1306 5793
470 5793
1402 5793
1869 5793
5618 5803
4964 5803
1860 5812
632 5812
549 5812
1046 5812
4532 5812
5000 5814
5433 5816
5628 5816
1333 5830
1502 5830
1577 5830
1803 5830
725 5830
1719 5830
1880 5833
1232 5833
1654 5833
1964 5833
4138 5837
4181 5837
4934 5842
165 5847
533 5847
1250 5847
4487 5852
5453 5859
4054 5859
4726 5860
5500 5860
5880 5866
5505 5866
498 5868
1601 5868
43 5868
158 5868
719 5868
144 5868
1759 5868
1531 5868
1626 5868
1383 5868
506 5868
1499 5868
460 5868
956 5868
1916 5868
332 5868
1132 5873
1606 5873
859 5873
1667 5873
341 5879
786 5879
1571 5884
1911 5884
22 5884
1829 5884
1246 5884
4759 5884
5751 5884
755 5916
1898 5916
99 5916
529 5916
5865 5926
366 5928
1326 5928
280 5928
916 5928
1009 5928
789 5947
454 5947
212 5947
1481 5947
1861 5947
1055 5948
810 5948
401 5948
1059 5948
5592 5958
5681 5958
4220 5962
5837 5962
4757 5967
4590 5967
5835 5983
5504 5983
5887 5984
124 5999
1497 5999
269 5999
4541 6001
4257 6001
5984 6001
5615 6001
1932 6002
483 6002
1274 6002
817 6002
1525 6002
554 6002
1572 6002
467 6002
1690 6002
178 6002
1667 6002
1185 6002
582 6002
219 6002
902 6002
1120 6002
705 6002
339 6002
22 6002
99 6002
1128 6002
343 6002
392 6002
1340 6002
872 6002
555 6002
1103 6002
103 6002
990 6002
1749 6002
237 6002
1182 6002
649 6002
1849 6002
1649 6002
1038 6002
1066 6002
1187 6002
1353 6002
1829 6002
1813 6002
1971 6002
144 6002
1433 6002
301 6002
1022 6002
652 6002
1664 6002
612 6002
818 6002
204 6002
1640 6002
123 6002
855 6002
1188 6002
1866 6002
1099 6002
332 6002
260 6002
262 6002
504 6002
542 6002
1470 6002
676 6002
14 6002
1257 6002
984 6002
450 6002
914 6002
1216 6002
1175 6002
1991 6002
1681 6002
117 6002
1946 6002
1714 6002
1536 6002
462 6002
1404 6002
1161 6002
1098 6002
1798 6002
1547 6002
1412 6002
749 6002
1292 6002
996 6002
1171 6002
967 6002
1728 6002
795 6002
1783 6002
765 6002
1837 6002
417 6002
1908 6002
1527 6002
942 6002
1032 6002
524 6002
164 6002
887 6002
136 6002
1918 6002
295 6002
1498 6002
1224 6002
47 6002
213 6002
1922 6002
441 6002
1369 6002
109 6002
32 6002
1190 6002
159 6002
728 6002
1493 6002
469 6002
584 6002
1757 6002
753 6002
1141 6002
1251 6002
1092 6002
362 6002
1506 6002
1988 6002
1786 6002
1505 6002
859 6002
1534 6002
706 6002
1293 6002
1885 6002
1056 6002
1215 6002
1402 6002
61 6002
1707 6002
627 6002
180 6002
691 6002
604 6002
1367 6002
629 6002
1597 6002
1398 6002
993 6002
1607 6002
474 6002
1321 6002
1248 6002
1992 6002
934 6002
1549 6002
1517 6002
457 6002
1418 6002
1995 6002
1263 6002
1523 6002
1978 6002
382 6002
886 6002
1395 6002
856 6002
327 6002
1028 6002
681 6002
1341 6002
1409 6002
1016 6002
1338 6002
1178 6002
1313 6002
1385 6002
175 6002
1332 6002
787 6002
353 6002
1726 6002
635 6002
1708 6002
927 6002
597 6002
1555 6002
792 6002
533 6002
769 6002
271 6002
899 6002
1531 6002
957 6002
1500 6002
1570 6002
1202 6002
613 6002
1870 6002
1856 6002
324 6003
1599 6003
697 6003
1285 6003
1823 6003
411 6003
954 6003
1227 6003
330 6003
453 6003
1579 6003
572 6003
1532 6003
1834 6003
1826 6003
1651 6003
595 6003
708 6003
699 6003
505 6003
1465 6003
679 6003
424 6003
1222 6003
1794 6003
1299 6003
1253 6003
995 6003
808 6003
1516 6003
2000 6003
1989 6003
367 6003
1226 6003
1106 6003
484 6003
293 6003
173 6003
1133 6003
1937 6003
448 6003
172 6003
1212 6003
1290 6003
663 6003
1905 6003
497 6003
1694 6003
824 6003
1552 6003
1044 6003
309 6003
466 6003
1071 6003
1668 6003
851 6003
518 6003
420 6003
1180 6003
592 6003
402 6003
735 6003
194 6003
1852 6003
89 6003
1217 6003
944 6003
1944 6003
1909 6003
1824 6003
77 6003
1838 6003
298 6003
843 6003
503 6003
539 6003
1926 6003
270 6003
187 6003
1235 6003
1610 6003
519 6003
1148 6003
1636 6003
27 6003
588 6003
1586 6003
312 6003
1208 6003
900 6003
1697 6003
244 6003
476 6003
841 6003
576 6003
1234 6003
710 6003
950 6003
1835 6003
1914 6003
740 6003
821 6003
759 6003
903 6003
1567 6003
1762 6003
527 6003
1059 6003
1993 6003
701 6003
667 6003
1739 6003
889 6003
1009 6003
263 6003
341 6003
1201 6003
351 6003
1839 6003
1426 6003
1720 6003
1150 6003
169 6003
380 6003
66 6003
729 6003
16 6003
1619 6003
1238 6003
376 6003
1916 6003
1046 6003
1775 6003
1577 6003
156 6003
1687 6003
1191 6003
648 6003
732 6003
921 6003
74 6003
1282 6003
306 6003
665 6003
805 6003
621 6003
403 6003
1819 6003
217 6003
1275 6003
1677 6003
1873 6003
356 6003
291 6003
11 6003
1593 6003
475 6003
690 6003
1370 6003
1774 6003
1172 6003
768 6003
1502 6003
1673 6003
1887 6003
1407 6003
1296 6003
1342 6003
307 6003
717 6003
606 6003
797 6003
1339 6003
282 6003
1963 6003
1069 6003
209 6003
907 6003
1262 6003
1074 6003
1645 6003
1675 6003
1352 6003
1663 6003
1618 6003
149 6003
1920 6003
1203 6003
925 6003
1327 6003
1065 6003
642 6003
133 6003
929 6003
1816 6003
1345 6003
143 6003
1283 6003
253 6003
712 6003
1897 6004
75 6004
986 6004
897 6004
1043 6004
397 6004
130 6004
1164 6004
413 6004
1879 6004
1131 6004
1684 6004
1723 6004
641 6004
678 6004
1680 6004
666 6004
1435 6004
1350 6004
1052 6004
1349 6004
685 6004
1198 6004
368 6004
1245 6004
1400 6004
802 6004
1565 6004
108 6004
1719 6004
848 6004
1396 6004
1903 6004
756 6004
1458 6004
819 6004
85 6004
140 6004
784 6004
1109 6004
1778 6004
668 6004
1277 6004
1689 6004
308 6004
602 6004
259 6004
1333 6004
396 6004
391 6004
1365 6004
198 6004
1326 6004
1996 6004
660 6004
1660 6004
1013 6004
1137 6004
1252 6004
946 6004
1884 6004
87 6004
511 6004
1877 6004
565 6004
873 6004
1425 6004
1722 6004
1733 6004
1218 6004
1584 6004
1431 6004
311 6004
49 6004
1957 6004
1615 6004
1112 6004
1522 6004
590 6004
610 6004
1808 6004
1602 6004
400 6004
1671 6004
1375 6004
113 6004
344 6004
754 6004
608 6004
686 6004
1211 6004
599 6004
39 6004
1743 6004
317 6004
752 6004
1105 6004
185 6004
1906 6004
1773 6004
1686 6004
470 6004
1073 6004
1135 6004
314 6004
189 6004
228 6004
1174 6004
1766 6004
806 6004
1999 6004
724 6004
1134 6004
370 6004
1484 6004
1179 6004
106 6004
1157 6004
1450 6004
269 6004
1784 6004
1258 6004
1748 6004
145 6004
1050 6004
1771 6004
751 6004
791 6004
1254 6004
242 6004
558 6004
78 6004
1228 6004
409 6004
1469 6004
868 6004
1239 6004
501 6004
1661 6004
1983 6004
275 6004
1752 6004
1904 6004
536 6004
1461 6004
1331 6004
1789 6004
479 6004
1515 6004
398 6004
1729 6004
607 6004
1626 6004
512 6004
297 6004
593 6004
1049 6004
1793 6004
1225 6004
1078 6004
1081 6004
909 6004
783 6004
567 6004
560 6004
1318 6004
325 6004
564 6004
1976 6004
1040 6004
1886 6004
1324 6004
1287 6004
440 6004
1557 6004
862 6004
364 6004
1765 6004
509 6004
1574 6004
745 6004
1519 6004
24 6004
1139 6004
1605 6004
496 6004
1913 6004
487 6004
1309 6004
90 6004
1184 6004
1564 6004
357 6004
1315 6004
999 6004
624 6004
1286 6004
1646 6004
1247 6004
248 6004
674 6005
938 6005
750 6005
814 6005
73 6005
731 6005
655 6005
1294 6005
456 6005
1378 6005
363 6005
1754 6005
1622 6005
777 6005
890 6005
1279 6005
1931 6005
451 6005
1590 6005
1872 6005
338 6005
1336 6005
725 6005
54 6005
1581 6005
1488 6005
135 6005
618 6005
1787 6005
922 6005
1473 6005
657 6005
949 6005
147 6005
60 6005
1029 6005
1892 6005
1261 6005
1917 6005
746 6005
1878 6005
166 6005
1344 6005
498 6005
1859 6005
429 6005
1700 6005
771 6005
30 6005
689 6005
743 6005
561 6005
286 6005
1455 6005
736 6005
722 6005
1428 6005
1138 6005
534 6005
138 6005
1322 6005
1621 6005
840 6005
704 6005
1432 6005
1972 6005
520 6005
891 6005
971 6005
223 6005
807 6005
755 6005
1123 6005
1479 6005
1987 6005
1427 6005
1166 6005
1297 6005
659 6005
758 6005
1830 6005
1236 6005
1388 6005
170 6005
1573 6005
579 6005
426 6005
202 6005
188 6005
1189 6005
288 6005
662 6005
313 6005
1233 6005
43 6005
1319 6005
1361 6005
838 6005
350 6005
490 6005
243 6005
238 6005
587 6005
1580 6005
1776 6005
1325 6005
257 6005
1454 6005
215 6005
829 6005
575 6005
1356 6005
399 6005
1817 6005
137 6005
1415 6005
70 6005
385 6005
1831 6005
1100 6005
1727 6005
114 6005
738 6005
315 6005
2006 6005
591 6005
1070 6005
1438 6005
322 6005
1770 6005
236 6005
698 6005
1508 6005
491 6005
951 6005
1151 6005
199 6005
1366 6005
1000 6005
352 6005
1612 6005
833 6005
998 6005
910 6005
1354 6005
956 6005
207 6005
401 6005
943 6005
1751 6005
1416 6005
918 6005
1447 6005
1848 6005
1328 6005
1459 6005
1721 6005
1805 6005
1929 6005
580 6005
191 6005
101 6005
1977 6005
375 6005
842 6005
100 6005
1674 6005
80 6005
556 6005
272 6005
1698 6005
1266 6005
1391 6005
1075 6005
1643 6005
1785 6005
1756 6005
1276 6005
1598 6005
221 6005
911 6005
1810 6005
812 6005
933 6005
983 6005
1860 6005
1089 6005
869 6005
1901 6005
774 6005
1260 6005
908 6005
966 6005
465 6005
1397 6005
252 6005
1961 6005
1862 6005
1457 6005
1639 6005
126 6006
1394 6006
1941 6006
1851 6006
742 6006
1563 6006
1703 6006
883 6006
1288 6006
193 6006
98 6006
683 6006
866 6006
1025 6006
1692 6006
1986 6006
95 6006
521 6006
830 6006
895 6006
1578 6006
844 6006
1846 6006
235 6006
463 6006
1928 6006
1213 6006
1406 6006
1530 6006
139 6006
1168 6006
600 6006
1589 6006
813 6006
1170 6006
1142 6006
1017 6006
1093 6006
1077 6006
1518 6006
1553 6006
1095 6006
1750 6006
609 6006
471 6006
120 6006
1464 6006
578 6006
1899 6006
720 6006
643 6006
1641 6006
737 6006
1921 6006
154 6006
581 6006
1200 6006
247 6006
976 6006
1791 6006
153 6006
1841 6006
912 6006
1796 6006
1449 6006
15 6006
299 6006
1497 6006
2009 6006
442 6006
1068 6006
1842 6006
1891 6006
952 6006
141 6006
1429 6006
1424 6006
1788 6006
1825 6006
1374 6006
1554 6006
1471 6006
510 6006
1249 6006
1430 6006
936 6006
1604 6006
132 6006
692 6006
1014 6006
1055 6006
377 6006
190 6006
115 6006
1868 6006
877 6006
538 6006
640 6006
1042 6006
1758 6006
150 6006
968 6006
1924 6006
406 6006
605 6006
374 6006
1980 6006
810 6006
1551 6006
1925 6006
799 6006
1421 6006
1240 6006
1410 6006
916 6006
261 6006
1940 6006
948 6006
1220 6006
192 6006
1183 6006
1864 6006
1035 6006
302 6006
431 6006
931 6006
1491 6006
486 6006
1453 6006
1094 6006
118 6006
1091 6006
1900 6006
972 6006
168 6006
241 6006
276 6006
1072 6006
775 6006
404 6006
1970 6006
718 6006
1679 6006
1448 6006
1348 6006
1399 6006
58 6006
1955 6006
240 6006
1024 6006
636 6006
305 6006
116 6006
1305 6006
930 6006
541 6006
444 6006
1537 6006
1147 6006
1503 6006
1715 6006
804 6006
300 6006
803 6006
1799 6006
1323 6006
289 6006
1763 6006
366 6006
702 6006
1535 6006
906 6006
1383 6006
1968 6006
1942 6006
1548 6006
21 6006
1603 6006
981 6006
1952 6006
1063 6006
1706 6006
148 6006
1456 6006
611 6006
1742 6006
545 6006
119 6006
233 6006
62 6006
1008 6006
1575 6006
940 6006
574 6006
1732 6006
1371 6006
1436 6006
1724 6006
977 6006
1462 6006
381 6007
1730 6007
920 6007
671 6007
1888 6007
371 6007
387 6007
1045 6007
1654 6007
2004 6007
973 6007
81 6007
1875 6007
1614 6007
622 6007
1800 6007
748 6007
79 6007
1635 6007
458 6007
20 6007
1434 6007
1122 6007
1265 6007
988 6007
1669 6007
1652 6007
1359 6007
1347 6007
781 6007
1362 6007
961 6007
41 6007
669 6007
1446 6007
1647 6007
1067 6007
105 6007
1351 6007
1666 6007
1759 6007
1682 6007
693 6007
1558 6007
820 6007
1881 6007
499 6007
1927 6007
975 6007
978 6007
1165 6007
694 6007
892 6007
1638 6007
1782 6007
485 6007
1417 6007
96 6007
481 6007
1386 6007
1177 6007
1082 6007
985 6007
552 6007
333 6007
672 6007
1753 6007
1880 6007
1486 6007
696 6007
1524 6007
1242 6007
773 6007
1124 6007
1153 6007
1452 6007
1298 6007
1145 6007
1521 6007
121 6007
1062 6007
1583 6007
280 6007
1893 6007
384 6007
1617 6007
1481 6007
714 6007
1822 6007
778 6007
1795 6007
1197 6007
970 6007
644 6007
979 6007
767 6007
1741 6007
1381 6007
334 6007
1384 6007
388 6007
1709 6007
82 6007
1949 6007
785 6007
438 6007
249 6007
1994 6007
1545 6007
250 6007
865 6007
653 6007
1030 6007
1871 6007
858 6007
790 6007
1855 6007
1542 6007
1230 6007
1889 6007
1764 6007
1827 6007
369 6007
874 6007
1655 6007
670 6007
1152 6007
379 6007
547 6007
947 6007
1582 6007
688 6007
1146 6007
596 6007
1665 6007
1850 6007
651 6007
1678 6007
1289 6007
1337 6007
1740 6007
1882 6007
1118 6007
1967 6007
1951 6007
1408 6007
543 6007
1807 6007
917 6007
823 6007
1713 6007
473 6007
342 6007
1990 6007
279 6007
1702 6007
1915 6007
1210 6007
1307 6007
634 6007
1847 6007
850 6007
1167 6007
1853 6007
1767 6007
847 6007
1735 6007
854 6007
226 6007
875 6007
17 6007
577 6007
1512 6007
436 6007
630 6007
2005 6007
1731 6007
905 6007
645 6007
713 6007
860 6007
1015 6007
570 6007
255 6007
59 6007
63 6007
1477 6007
700 6007
1672 6007
506 6007
1119 6007
965 6007
757 6007
1601 6007
1303 6007
845 6007
1204 6007
1181 6007
526 6007
439 6007
42 6008
36 6008
1423 6008
1392 6008
1907 6008
1630 6008
992 6008
2003 6008
1975 6008
522 6008
1373 6008
1592 6008
246 6008
1186 6008
861 6008
1272 6008
394 6008
932 6008
974 6008
206 6008
839 6008
446 6008
321 6008
633 6008
523 6008
849 6008
355 6008
336 6008
1104 6008
1734 6008
513 6008
264 6008
1919 6008
319 6008
1304 6008
239 6008
779 6008
1513 6008
982 6008
1746 6008
548 6008
1368 6008
316 6008
1158 6008
562 6008
1320 6008
55 6008
675 6008
1930 6008
1688 6008
1193 6008
383 6008
1632 6008
1140 6008
160 6008
174 6008
529 6008
395 6008
459 6008
853 6008
711 6008
23 6008
583 6008
1207 6008
1163 6008
1560 6008
430 6008
1413 6008
146 6008
1379 6008
1037 6008
559 6008
33 6008
516 6008
1048 6008
216 6008
372 6008
1867 6008
179 6008
870 6008
110 6008
205 6008
904 6008
573 6008
478 6008
419 6008
26 6008
1954 6008
468 6008
492 6008
18 6008
67 6008
619 6008
1492 6008
1445 6008
1691 6008
673 6008
447 6008
1844 6008
1948 6008
1777 6008
1468 6008
1609 6008
1857 6008
129 6008
1772 6008
1540 6008
1363 6008
658 6008
94 6008
1441 6008
772 6008
798 6008
1606 6008
989 6008
707 6008
647 6008
1737 6008
1953 6008
88 6008
163 6008
452 6008
1390 6008
1034 6008
51 6008
365 6008
1143 6008
1959 6008
1372 6008
412 6008
1156 6008
37 6008
846 6008
167 6008
251 6008
1419 6008
766 6008
1006 6008
234 6008
1108 6008
656 6008
186 6008
1624 6008
1377 6008
1002 6008
1902 6008
1738 6008
1745 6008
1231 6008
176 6008
1779 6008
1699 6008
1057 6008
695 6008
1335 6008
928 6008
1594 6008
1255 6008
134 6008
346 6008
1311 6008
1268 6008
28 6008
1205 6008
284 6008
834 6008
661 6008
1264 6008
796 6008
220 6008
460 6008
1529 6008
715 6008
1840 6008
410 6008
1744 6008
1676 6008
1550 6008
415 6008
680 6008
1973 6008
1828 6008
493 6008
782 6008
1110 6008
386 6008
12 6008
876 6008
1633 6008
254 6008
390 6008
800 6008
963 6008
1780 6008
997 6008
425 6008
1243 6008
1510 6008
423 6008
703 6008
687 6009
1444 6009
1051 6009
1007 6009
50 6009
1538 6009
809 6009
1420 6009
1129 6009
987 6009
1221 6009
489 6009
650 6009
162 6009
557 6009
1026 6009
1768 6009
878 6009
1121 6009
421 6009
432 6009
1869 6009
64 6009
13 6009
218 6009
894 6009
1401 6009
1806 6009
1209 6009
1250 6009
155 6009
196 6009
358 6009
1437 6009
1244 6009
939 6009
495 6009
1259 6009
171 6009
1657 6009
92 6009
1490 6009
828 6009
125 6009
245 6009
1010 6009
540 6009
1812 6009
112 6009
1463 6009
776 6009
1585 6009
531 6009
210 6009
1890 6009
620 6009
1659 6009
290 6009
1628 6009
884 6009
268 6009
1489 6009
1237 6009
1229 6009
598 6009
1781 6009
835 6009
1620 6009
212 6009
1246 6009
617 6009
211 6009
1712 6009
231 6009
1125 6009
969 6009
741 6009
1317 6009
97 6009
1820 6009
1160 6009
1306 6009
1405 6009
258 6009
1950 6009
69 6009
57 6009
294 6009
464 6009
157 6009
1704 6009
1755 6009
229 6009
1985 6009
1634 6009
1482 6009
1312 6009
414 6009
1981 6009
1001 6009
761 6009
1496 6009
349 6009
626 6009
1346 6009
546 6009
881 6009
726 6009
709 6009
1556 6009
1938 6009
1858 6009
428 6009
1939 6009
1302 6009
1559 6009
407 6009
1330 6009
1494 6009
1241 6009
1662 6009
1562 6009
267 6009
214 6009
1036 6009
1539 6009
1801 6009
1809 6009
1520 6009
1637 6009
1571 6009
1526 6009
1422 6009
1596 6009
1192 6009
637 6009
716 6009
631 6009
1923 6009
1019 6009
1769 6009
544 6009
1031 6009
25 6009
941 6009
719 6009
1874 6009
1280 6009
852 6009
1883 6009
93 6009
1863 6009
1475 6009
373 6009
1054 6009
197 6009
91 6009
482 6009
514 6009
104 6009
980 6009
1005 6009
571 6009
1956 6009
1076 6009
1273 6009
165 6009
1910 6009
964 6009
1616 6009
494 6009
1711 6009
266 6009
1308 6009
733 6009
867 6009
788 6009
1935 6009
19 6009
2007 6009
1199 6009
1683 6009
1393 6009
416 6009
537 6009
1546 6009
1003 6009
1060 6009
563 6009
389 6009
1912 6009
1380 6009
962 6009
646 6009
35 6009
329 6009
586 6009
1802 6009
142 6009
1414 6009
832 6010
76 6010
181 6010
1079 6010
184 6010
1256 6010
525 6010
1685 6010
1854 6010
1710 6010
763 6010
1087 6010
1155 6010
1314 6010
1116 6010
677 6010
83 6010
354 6010
994 6010
46 6010
1176 6010
361 6010
1085 6010
1267 6010
131 6010
1718 6010
1797 6010
1411 6010
44 6010
151 6010
56 6010
1504 6010
1611 6010
1284 6010
1832 6010
1096 6010
880 6010
879 6010
762 6010
128 6010
107 6010
654 6010
201 6010
72 6010
345 6010
124 6010
632 6010
1790 6010
256 6010
1544 6010
1439 6010
1136 6010
786 6010
68 6010
1568 6010
273 6010
1658 6010
277 6010
1815 6010
1811 6010
553 6010
310 6010
1232 6010
1958 6010
721 6010
837 6010
1861 6010
1162 6010
1964 6010
831 6010
603 6010
393 6010
1355 6010
919 6010
1982 6010
1102 6010
1058 6010
1595 6010
614 6010
230 6010
34 6010
1472 6010
827 6010
1644 6010
1154 6010
1080 6010
1310 6010
1943 6010
1509 6010
1442 6010
1343 6010
38 6010
585 6010
183 6010
1561 6010
472 6010
1792 6010
568 6010
1933 6010
502 6010
863 6010
1113 6010
1114 6010
1979 6010
937 6010
1588 6010
1865 6010
225 6010
152 6010
1717 6010
551 6010
1117 6010
1041 6010
222 6010
2002 6010
550 6010
287 6010
1627 6010
296 6010
328 6010
1747 6010
1196 6010
1064 6010
893 6010
760 6010
461 6010
1487 6010
638 6010
1934 6010
10 6010
71 6010
443 6010
1376 6010
871 6010
1316 6010
177 6010
1389 6010
1012 6010
1460 6010
1736 6010
1569 6010
566 6010
360 6010
684 6010
826 6010
734 6010
1023 6010
1173 6010
953 6010
569 6010
1485 6010
888 6010
1629 6010
480 6010
1587 6010
1194 6010
208 6010
232 6010
1357 6010
53 6010
102 6010
45 6010
1144 6010
1020 6010
1818 6010
1576 6010
1696 6010
601 6010
1295 6010
1631 6010
1149 6010
1132 6010
405 6010
1271 6010
1483 6010
1670 6010
1027 6010
535 6010
283 6010
86 6010
1894 6010
789 6010
454 6010
182 6010
1653 6010
1364 6010
1623 6010
1088 6010
1543 6010
477 6010
84 6010
31 6010
1705 6010
224 6010
1090 6010
1725 6010
1021 6010
1701 6010
1499 6010
1334 6010
1387 6011
945 6011
1876 6011
955 6011
1695 6011
1984 6011
639 6011
1843 6011
1898 6011
815 6011
811 6011
1998 6011
274 6011
825 6011
1086 6011
418 6011
158 6011
1223 6011
1947 6011
292 6011
1440 6011
1608 6011
1642 6011
449 6011
960 6011
1219 6011
664 6011
1541 6011
1301 6011
836 6011
1936 6011
1097 6011
227 6011
1896 6011
1101 6011
111 6011
304 6011
1804 6011
203 6011
913 6011
682 6011
793 6011
1974 6011
882 6011
1018 6011
1127 6011
1501 6011
445 6011
303 6011
435 6011
1111 6011
1329 6011
723 6011
1613 6011
427 6011
744 6011
488 6011
1761 6011
1495 6011
770 6011
1962 6011
1997 6011
801 6011
1159 6011
200 6011
1566 6011
359 6011
1600 6011
1039 6011
1300 6011
1214 6011
65 6011
500 6011
915 6011
2001 6011
1693 6011
1836 6011
1047 6011
532 6011
347 6011
1911 6011
1004 6011
623 6011
1382 6011
122 6011
958 6011
1625 6011
1061 6011
281 6011
794 6011
378 6011
335 6011
1514 6011
1507 6011
1360 6011
29 6011
437 6011
278 6011
739 6011
594 6011
1169 6011
331 6011
780 6011
822 6011
926 6011
528 6011
885 6011
517 6011
1206 6011
1803 6011
507 6011
1833 6011
628 6011
1443 6011
1960 6011
1474 6011
1278 6011
615 6011
1270 6011
1895 6011
508 6011
1053 6011
1478 6011
1195 6011
549 6011
924 6011
1130 6011
320 6011
1966 6011
816 6011
1084 6011
1845 6011
1591 6011
1083 6011
898 6011
896 6011
326 6011
530 6011
1965 6011
337 6011
1476 6011
340 6011
764 6011
864 6011
589 6011
727 6011
408 6011
616 6011
1480 6011
1650 6011
1821 6011
1451 6011
52 6011
1115 6011
1107 6011
433 6011
195 6011
434 6011
348 6011
2008 6011
1281 6011
40 6011
422 6011
1269 6011
1814 6011
1533 6011
959 6011
625 6011
1760 6011
127 6011
1126 6011
1403 6011
1528 6011
265 6011
1467 6011
1969 6011
1358 6011
935 6011
455 6011
161 6011
1716 6011
285 6011
1945 6011
48 6011
1011 6011
1466 6011
1033 6011
730 6011
901 6011
1511 6011
318 6011
1648 6011
991 6011
857 6011
323 6011
747 6011
1291 6011
1656 6011
923 6011
515 6011
3481 6012
3442 6012
2554 6012
3690 6012
3193 6012
2929 6012
2578 6012
3928 6012
3812 6012
3088 6012
2667 6012
3694 6012
3131 6012
3853 6012
3769 6012
2141 6012
2366 6012
3279 6012
3225 6012
3313 6012
3539 6012
2387 6012
2508 6012
3196 6012
3540 6012
3852 6012
2071 6012
3757 6012
3476 6012
2715 6012
3973 6012
2070 6012
3823 6012
3380 6012
2265 6012
3939 6012
3622 6012
2982 6012
2947 6012
3774 6012
2333 6012
3907 6012
2287 6012
2260 6012
2090 6012
3235 6012
2981 6012
3701 6012
2803 6012
2026 6012
2479 6012
2710 6012
3314 6012
2295 6012
3716 6012
3495 6012
2110 6012
3820 6012
3055 6012
2994 6012
3303 6012
2109 6012
3452 6012
2852 6012
2716 6012
2068 6012
2142 6012
3801 6012
3297 6012
2681 6012
2986 6012
2734 6012
3645 6012
2573 6012
2258 6012
2418 6012
3611 6012
2601 6012
3589 6012
2135 6012
2959 6012
2854 6012
3783 6012
2322 6012
3614 6012
3205 6012
2196 6012
2120 6012
2577 6012
3669 6012
3100 6012
3503 6012
2791 6012
3419 6012
3646 6012
3478 6012
3568 6012
2324 6012
2547 6012
3463 6012
3173 6012
2722 6012
2494 6012
3070 6012
2668 6012
3710 6012
2841 6012
2923 6012
3069 6012
2477 6012
2924 6012
3146 6012
3117 6012
2823 6012
2159 6012
3743 6012
2161 6012
3003 6012
3384 6012
2558 6012
3745 6012
3215 6012
3479 6012
3628 6012
3158 6012
3386 6012
2790 6012
3720 6012
3472 6012
3128 6012
3671 6012
3274 6012
3885 6012
3145 6012
3798 6012
2221 6012
2536 6012
2424 6012
3925 6012
3848 6012
2139 6012
3640 6012
3989 6012
2542 6012
2713 6012
3734 6012
3824 6012
2570 6012
3740 6012
2106 6012
3491 6012
3104 6012
3467 6012
2326 6012
3189 6012
2468 6012
2018 6012
3214 6012
3826 6012
2331 6012
3566 6012
2504 6012
4009 6012
3838 6012
3175 6012
2348 6012
2283 6012
3692 6012
3039 6012
2403 6012
3725 6012
2524 6012
3127 6012
2669 6012
2984 6012
2176 6012
2837 6012
2046 6012
3794 6012
3896 6012
2434 6012
2794 6012
2952 6012
3319 6012
2714 6012
3323 6012
3364 6012
2788 6012
3284 6012
3379 6012
3998 6012
2712 6012
3530 6012
3188 6012
2928 6012
2894 6012
3448 6012
2342 6012
2584 6012
2546 6012
2055 6013
3564 6013
2471 6013
3159 6013
2810 6013
3094 6013
3629 6013
2822 6013
2274 6013
2760 6013
2935 6013
2193 6013
3996 6013
3156 6013
2824 6013
2549 6013
3662 6013
3942 6013
3510 6013
3269 6013
2863 6013
2388 6013
2124 6013
3413 6013
3459 6013
2414 6013
2266 6013
2435 6013
2723 6013
3475 6013
3676 6013
2393 6013
2931 6013
2815 6013
2965 6013
2374 6013
2897 6013
3162 6013
3346 6013
3240 6013
2289 6013
2457 6013
3972 6013
2908 6013
2967 6013
2054 6013
2217 6013
2520 6013
2809 6013
2272 6013
3666 6013
2229 6013
2107 6013
3914 6013
3978 6013
3021 6013
3174 6013
3642 6013
3093 6013
3703 6013
3302 6013
2927 6013
3338 6013
3861 6013
3041 6013
2693 6013
3330 6013
3621 6013
2729 6013
3635 6013
3578 6013
2800 6013
3466 6013
2431 6013
3795 6013
3108 6013
2581 6013
3654 6013
2195 6013
2047 6013
3535 6013
2051 6013
3864 6013
3451 6013
2337 6013
3033 6013
3135 6013
3731 6013
2356 6013
2451 6013
2042 6013
3814 6013
3934 6013
3813 6013
2237 6013
2609 6013
3787 6013
3140 6013
2740 6013
3096 6013
2151 6013
2871 6013
3903 6013
2533 6013
3726 6013
2556 6013
2454 6013
2632 6013
3212 6013
2694 6013
3943 6013
3245 6013
2538 6013
3790 6013
3044 6013
2059 6013
2702 6013
2813 6013
3027 6013
2695 6013
3954 6013
3889 6013
3724 6013
2660 6013
2655 6013
3244 6013
3029 6013
3831 6013
3172 6013
2213 6013
3626 6013
2243 6013
2701 6013
2943 6013
2839 6013
2699 6013
3686 6013
3415 6013
3656 6013
2112 6013
3052 6013
2883 6013
2432 6013
2666 6013
2616 6013
3280 6013
2862 6013
3873 6013
2417 6013
2956 6013
2507 6013
3584 6013
2395 6013
2033 6013
3883 6013
2373 6013
3500 6013
2439 6013
3875 6013
2438 6013
2392 6013
3807 6013
2339 6013
2491 6013
3396 6013
2411 6013
2284 6013
3425 6013
2145 6013
2624 6013
3551 6013
2690 6013
2780 6013
3846 6013
3050 6013
3784 6013
2966 6013
4000 6013
2050 6013
2916 6013
2613 6013
3901 6013
2902 6013
2317 6013
2300 6013
4003 6013
2611 6013
2942 6013
3763 6013
3818 6013
2416 6013
2256 6013
3822 6013
2166 6013
3169 6013
3325 6013
2562 6013
3587 6013
2329 6013
2316 6013
2976 6014
3899 6014
3218 6014
2820 6014
3103 6014
3869 6014
2199 6014
3263 6014
2247 6014
2530 6014
3483 6014
3304 6014
2251 6014
3877 6014
2304 6014
2797 6014
3058 6014
2088 6014
3471 6014
2886 6014
3847 6014
2635 6014
2807 6014
3254 6014
3796 6014
2223 6014
3074 6014
3976 6014
3513 6014
3595 6014
3696 6014
2016 6014
3597 6014
3298 6014
2731 6014
2299 6014
2025 6014
3060 6014
2726 6014
2500 6014
2614 6014
3177 6014
3234 6014
3560 6014
2844 6014
2405 6014
2732 6014
3574 6014
3544 6014
3211 6014
3805 6014
2963 6014
3592 6014
3147 6014
3231 6014
2594 6014
3944 6014
3276 6014
3420 6014
3285 6014
2747 6014
3232 6014
2079 6014
3412 6014
2307 6014
3683 6014
2874 6014
3288 6014
2534 6014
2086 6014
3241 6014
2153 6014
3664 6014
2436 6014
3950 6014
2162 6014
3144 6014
3837 6014
2819 6014
3360 6014
2792 6014
3357 6014
3223 6014
3097 6014
3534 6014
2915 6014
3016 6014
2128 6014
3845 6014
2320 6014
3538 6014
2612 6014
3105 6014
3443 6014
2357 6014
3400 6014
3502 6014
2492 6014
3891 6014
3190 6014
2371 6014
2275 6014
3497 6014
2599 6014
2801 6014
2215 6014
3098 6014
3290 6014
3023 6014
2971 6014
2768 6014
4008 6014
2653 6014
2553 6014
2855 6014
3494 6014
2383 6014
3524 6014
3228 6014
2598 6014
3935 6014
3073 6014
2168 6014
2315 6014
2639 6014
3112 6014
3964 6014
3849 6014
3782 6014
2505 6014
3202 6014
2203 6014
3201 6014
2027 6014
2738 6014
2248 6014
3469 6014
2381 6014
2946 6014
2174 6014
2954 6014
2517 6014
2765 6014
3679 6014
3772 6014
3963 6014
3780 6014
3561 6014
2589 6014
3355 6014
3521 6014
2870 6014
3565 6014
3693 6014
2442 6014
2276 6014
3493 6014
2767 6014
3311 6014
2292 6014
3739 6014
2250 6014
3358 6014
3062 6014
3840 6014
2685 6014
3981 6014
3810 6014
3988 6014
3270 6014
3456 6014
3431 6014
2633 6014
2840 6014
3585 6014
2779 6014
3799 6014
3517 6014
3960 6014
3979 6014
3911 6014
2040 6014
2279 6014
3862 6014
2448 6014
3375 6014
3636 6014
3239 6014
3800 6014
2115 6014
3013 6014
3866 6014
2389 6014
2345 6014
3759 6014
3040 6014
3761 6014
2957 6014
3528 6014
3591 6014
2171 6015
2569 6015
2907 6015
3125 6015
2770 6015
2895 6015
3537 6015
3166 6015
2849 6015
3557 6015
3548 6015
2280 6015
2825 6015
2024 6015
2321 6015
2535 6015
2094 6015
3025 6015
2953 6015
2334 6015
2057 6015
2286 6015
2173 6015
2858 6015
3084 6015
3120 6015
3328 6015
3828 6015
2301 6015
2370 6015
2676 6015
2126 6015
3042 6015
2910 6015
2642 6015
2510 6015
3860 6015
3342 6015
3909 6015
2615 6015
3306 6015
2097 6015
3101 6015
3139 6015
3841 6015
3401 6015
3378 6015
3519 6015
2032 6015
3299 6015
2226 6015
2013 6015
2887 6015
3616 6015
2114 6015
4002 6015
2764 6015
2212 6015
2817 6015
3779 6015
3075 6015
2640 6015
2354 6015
2646 6015
3251 6015
3583 6015
2850 6015
2900 6015
3555 6015
3604 6015
3741 6015
2960 6015
2683 6015
2593 6015
3533 6015
2021 6015
3797 6015
2680 6015
2144 6015
2891 6015
2622 6015
2698 6015
2067 6015
2441 6015
2659 6015
2402 6015
3499 6015
2828 6015
3486 6015
2571 6015
3321 6015
3594 6015
2469 6015
2868 6015
3713 6015
3219 6015
2527 6015
2189 6015
3441 6015
2325 6015
3037 6015
2977 6015
2340 6015
2696 6015
3900 6015
2423 6015
2462 6015
2906 6015
2350 6015
3601 6015
3593 6015
2629 6015
3718 6015
2922 6015
3002 6015
3933 6015
3389 6015
3289 6015
3157 6015
3051 6015
3450 6015
3449 6015
2755 6015
2962 6015
2053 6015
2017 6015
2892 6015
2625 6015
3049 6015
3750 6015
3160 6015
2636 6015
3465 6015
3310 6015
3012 6015
3947 6015
3137 6015
3132 6015
3647 6015
3336 6015
2608 6015
3506 6015
2242 6015
3383 6015
3221 6015
2309 6015
3089 6015
3427 6015
3732 6015
2182 6015
3997 6015
3882 6015
2184 6015
3438 6015
3752 6015
2465 6015
3648 6015
3717 6015
3462 6015
3334 6015
3946 6015
3391 6015
2368 6015
3121 6015
3350 6015
2156 6015
2513 6015
2271 6015
2175 6015
2833 6015
2978 6015
2231 6015
3090 6015
2048 6015
3300 6015
3293 6015
3867 6015
3661 6015
2211 6015
2058 6015
3460 6015
3910 6015
2921 6015
3151 6015
3048 6015
3634 6015
2867 6015
3802 6015
3700 6015
2332 6015
2268 6015
3675 6015
2312 6015
3266 6015
3658 6015
2662 6015
2186 6015
2776 6015
2425 6015
3952 6015
3766 6016
2455 6016
3126 6016
2955 6016
3351 6016
3061 6016
2155 6016
2949 6016
2160 6016
2188 6016
3906 6016
3781 6016
3610 6016
2814 6016
2827 6016
3359 6016
2235 6016
3982 6016
3832 6016
2328 6016
2665 6016
3477 6016
3567 6016
2118 6016
2113 6016
2985 6016
3748 6016
2864 6016
3492 6016
3308 6016
3433 6016
3606 6016
3570 6016
2245 6016
2728 6016
2427 6016
2782 6016
2061 6016
2031 6016
2771 6016
2410 6016
2663 6016
2172 6016
3532 6016
2020 6016
2095 6016
2610 6016
3348 6016
2529 6016
3859 6016
3305 6016
3791 6016
3632 6016
2532 6016
3398 6016
2205 6016
2664 6016
4007 6016
2444 6016
2450 6016
2674 6016
3395 6016
3792 6016
3974 6016
3893 6016
2022 6016
2657 6016
3835 6016
2130 6016
2679 6016
2617 6016
3180 6016
3374 6016
3688 6016
2845 6016
3123 6016
3115 6016
2634 6016
2511 6016
2909 6016
2934 6016
2064 6016
3977 6016
3286 6016
2979 6016
2705 6016
3618 6016
2574 6016
2756 6016
3803 6016
2180 6016
2721 6016
3429 6016
2884 6016
3030 6016
2102 6016
2343 6016
2385 6016
3987 6016
3742 6016
2718 6016
3850 6016
3258 6016
2121 6016
2937 6016
3192 6016
3187 6016
3894 6016
3788 6016
2575 6016
3965 6016
2784 6016
2452 6016
2951 6016
2503 6016
2875 6016
3912 6016
3081 6016
3008 6016
3168 6016
2866 6016
2591 6016
3437 6016
2495 6016
2076 6016
2080 6016
2603 6016
3191 6016
3874 6016
2707 6016
3034 6016
3085 6016
3936 6016
3695 6016
2302 6016
3181 6016
2359 6016
2781 6016
2335 6016
3150 6016
3681 6016
3945 6016
2472 6016
2656 6016
2308 6016
3411 6016
3600 6016
2851 6016
3929 6016
2480 6016
3575 6016
3272 6016
3751 6016
2873 6016
3341 6016
3381 6016
2974 6016
3217 6016
2406 6016
2958 6016
2703 6016
2202 6016
3373 6016
2084 6016
3224 6016
3559 6016
2618 6016
2842 6016
2830 6016
3806 6016
2277 6016
3509 6016
3317 6016
2440 6016
3295 6016
3572 6016
2194 6016
3881 6016
3516 6016
3006 6016
3271 6016
3588 6016
2650 6016
3714 6016
3581 6016
2069 6016
2540 6016
3968 6016
2918 6016
2512 6016
2592 6016
3858 6016
2225 6016
2805 6016
3435 6016
3878 6016
3067 6016
3488 6016
3994 6016
3839 6016
3296 6017
2164 6017
2127 6017
3623 6017
2228 6017
2576 6017
2104 6017
3043 6017
2991 6017
2288 6017
3409 6017
2514 6017
3760 6017
3898 6017
3291 6017
2420 6017
2382 6017
3059 6017
2843 6017
2296 6017
3238 6017
3079 6017
3719 6017
2224 6017
3077 6017
2876 6017
2675 6017
2596 6017
2743 6017
2078 6017
2011 6017
3577 6017
2216 6017
3068 6017
2399 6017
3918 6017
3870 6017
3856 6017
3809 6017
3473 6017
3821 6017
2134 6017
3439 6017
2572 6017
3406 6017
3627 6017
2255 6017
2185 6017
3715 6017
2692 6017
3608 6017
2390 6017
2551 6017
3320 6017
2719 6017
3080 6017
3424 6017
2311 6017
3919 6017
3957 6017
2903 6017
2264 6017
3362 6017
3971 6017
3216 6017
2152 6017
3066 6017
3920 6017
3176 6017
3511 6017
3032 6017
3248 6017
3277 6017
2691 6017
3207 6017
2447 6017
3405 6017
2407 6017
2148 6017
2034 6017
2795 6017
3599 6017
3423 6017
2941 6017
3931 6017
3099 6017
3657 6017
3260 6017
3446 6017
2938 6017
3518 6017
3727 6017
2901 6017
2379 6017
2724 6017
3872 6017
3501 6017
3668 6017
3961 6017
3738 6017
2996 6017
2856 6017
3758 6017
3402 6017
2808 6017
3619 6017
2464 6017
3200 6017
2294 6017
3464 6017
2682 6017
2786 6017
3637 6017
2409 6017
2519 6017
3155 6017
2183 6017
3970 6017
3457 6017
3768 6017
3975 6017
2467 6017
2774 6017
2496 6017
3371 6017
2096 6017
2367 6017
3615 6017
3324 6017
2030 6017
2108 6017
2170 6017
3230 6017
3366 6017
3705 6017
3454 6017
2885 6017
2590 6017
2049 6017
3541 6017
2961 6017
2936 6017
3854 6017
2421 6017
3000 6017
3674 6017
2630 6017
3576 6017
3390 6017
2014 6017
3833 6017
2980 6017
2093 6017
3071 6017
2595 6017
3327 6017
2473 6017
2037 6017
3063 6017
2240 6017
2793 6017
2475 6017
2597 6017
2548 6017
3307 6017
2560 6017
3937 6017
3993 6017
3526 6017
3178 6017
2995 6017
2818 6017
3054 6017
3385 6017
3337 6017
2831 6017
3573 6017
3542 6017
3210 6017
3255 6017
3916 6017
3035 6017
3045 6017
3553 6017
2741 6017
3851 6017
2267 6017
3046 6017
2643 6017
2972 6017
4004 6017
3571 6017
2878 6017
2396 6017
2111 6017
2015 6017
2557 6017
2543 6017
3143 6017
2358 6017
3590 6018
2739 6018
2244 6018
3264 6018
2748 6018
3024 6018
3704 6018
2038 6018
3749 6018
2939 6018
3569 6018
3649 6018
3602 6018
3028 6018
2369 6018
3762 6018
2836 6018
2778 6018
3367 6018
2737 6018
3689 6018
3262 6018
3804 6018
2143 6018
3980 6018
2559 6018
2241 6018
3092 6018
2877 6018
2789 6018
2297 6018
2285 6018
3490 6018
2983 6018
2117 6018
2261 6018
3110 6018
2488 6018
2509 6018
3512 6018
3318 6018
3347 6018
2169 6018
2132 6018
2177 6018
2541 6018
2384 6018
2140 6018
2890 6018
2919 6018
3959 6018
2065 6018
2565 6018
3116 6018
3922 6018
3038 6018
3082 6018
2201 6018
2290 6018
3393 6018
3651 6018
2834 6018
2777 6018
3414 6018
2482 6018
3259 6018
2672 6018
2812 6018
2372 6018
3924 6018
3281 6018
3697 6018
3887 6018
3775 6018
3430 6018
2019 6018
2041 6018
2933 6018
3543 6018
2973 6018
3249 6018
2688 6018
2314 6018
3890 6018
3179 6018
3771 6018
2733 6018
3078 6018
3287 6018
2736 6018
3182 6018
3756 6018
2704 6018
3141 6018
2992 6018
2066 6018
2136 6018
3525 6018
2487 6018
2835 6018
2362 6018
3876 6018
2150 6018
3770 6018
2147 6018
3582 6018
3076 6018
3440 6018
3630 6018
2089 6018
3753 6018
2341 6018
2735 6018
2023 6018
2882 6018
2298 6018
3111 6018
2752 6018
3691 6018
2631 6018
2619 6018
2336 6018
2206 6018
2190 6018
2586 6018
2179 6018
3529 6018
3344 6018
3522 6018
2750 6018
2555 6018
2397 6018
3329 6018
3005 6018
2926 6018
2498 6018
3484 6018
2645 6018
3118 6018
2319 6018
3836 6018
2968 6018
2163 6018
2783 6018
3938 6018
3728 6018
2485 6018
2806 6018
3206 6018
3332 6018
3536 6018
3913 6018
3721 6018
3065 6018
3213 6018
3984 6018
2917 6018
2751 6018
3022 6018
2305 6018
2249 6018
2757 6018
3416 6018
3546 6018
2412 6018
3197 6018
3765 6018
2081 6018
2689 6018
2257 6018
3253 6018
2236 6018
2515 6018
3014 6018
2602 6018
3563 6018
3418 6018
2378 6018
3247 6018
2036 6018
2821 6018
2098 6018
2745 6018
2043 6018
3165 6018
4006 6018
3315 6018
3361 6018
3004 6018
3746 6018
3983 6018
2123 6018
2605 6018
3825 6018
2564 6018
2725 6018
3394 6018
2039 6018
4005 6018
3017 6018
3489 6019
3764 6019
2644 6019
2056 6019
3453 6019
2483 6019
2481 6019
3754 6019
3252 6019
3086 6019
2762 6019
3011 6019
3009 6019
3652 6019
2769 6019
3612 6019
2204 6019
2391 6019
2720 6019
2859 6019
3951 6019
3641 6019
3685 6019
2898 6019
3678 6019
2623 6019
2620 6019
2376 6019
3531 6019
2330 6019
2419 6019
2545 6019
2129 6019
2678 6019
3250 6019
2649 6019
2869 6019
2687 6019
3702 6019
2516 6019
2400 6019
3340 6019
2993 6019
2568 6019
3930 6019
3392 6019
2429 6019
2913 6019
3514 6019
2684 6019
3948 6019
3372 6019
2470 6019
2930 6019
3292 6019
2587 6019
2273 6019
2351 6019
3186 6019
3767 6019
3986 6019
2677 6019
2661 6019
2167 6019
2566 6019
2671 6019
3246 6019
3408 6019
2802 6019
2133 6019
2847 6019
3992 6019
2158 6019
2758 6019
3995 6019
2697 6019
2920 6019
2945 6019
2192 6019
3613 6019
3596 6019
3706 6019
2706 6019
3496 6019
3498 6019
3345 6019
3382 6019
2074 6019
2291 6019
3969 6019
2361 6019
3036 6019
2804 6019
2091 6019
2904 6019
2537 6019
2658 6019
3410 6019
3549 6019
3113 6019
3417 6019
2881 6019
3056 6019
3377 6019
3095 6019
3857 6019
3106 6019
3072 6019
2567 6019
2458 6019
3444 6019
3282 6019
2766 6019
3955 6019
2879 6019
3470 6019
2912 6019
2303 6019
2872 6019
2499 6019
2063 6019
2796 6019
2252 6019
3352 6019
3107 6019
3349 6019
3487 6019
3895 6019
2652 6019
2969 6019
3672 6019
2415 6019
2270 6019
3709 6019
3844 6019
2430 6019
2816 6019
3550 6019
3335 6019
2528 6019
2238 6019
2073 6019
3620 6019
3527 6019
3257 6019
3018 6019
3153 6019
2899 6019
3558 6019
3170 6019
3699 6019
2848 6019
2131 6019
3387 6019
2531 6019
3184 6019
2544 6019
2708 6019
2380 6019
2641 6019
3458 6019
2443 6019
2861 6019
2338 6019
2853 6019
3941 6019
3660 6019
3865 6019
3729 6019
3333 6019
2989 6019
2232 6019
2445 6019
2987 6019
2246 6019
2893 6019
3331 6019
2561 6019
2119 6019
3811 6019
3261 6019
2607 6019
2754 6019
2975 6019
3485 6019
2582 6019
2948 6019
2263 6019
2075 6019
3404 6019
2282 6019
3053 6019
3684 6019
2012 6019
3312 6019
2773 6019
3368 6019
2785 6019
2230 6019
3195 6019
3834 6020
2484 6020
2404 6020
3142 6020
3198 6020
2654 6020
2461 6020
3268 6020
3554 6020
3365 6020
3670 6020
2234 6020
2865 6020
2165 6020
3505 6020
3267 6020
2518 6020
2459 6020
3504 6020
2099 6020
2490 6020
2227 6020
3047 6020
3829 6020
2386 6020
2433 6020
3999 6020
2763 6020
2137 6020
3816 6020
3808 6020
3687 6020
3827 6020
3603 6020
3633 6020
3199 6020
3133 6020
3515 6020
3031 6020
3397 6020
3888 6020
3871 6020
2583 6020
2207 6020
2149 6020
3902 6020
3940 6020
2604 6020
2422 6020
2466 6020
2210 6020
2944 6020
3129 6020
2347 6020
3617 6020
2253 6020
2239 6020
2187 6020
2647 6020
3523 6020
3956 6020
3607 6020
2154 6020
2181 6020
3817 6020
3631 6020
2832 6020
2950 6020
3744 6020
3892 6020
2323 6020
2798 6020
2200 6020
3148 6020
2278 6020
3868 6020
3399 6020
3447 6020
3421 6020
3793 6020
3659 6020
4001 6020
3083 6020
2254 6020
3265 6020
3773 6020
2198 6020
3736 6020
2408 6020
3665 6020
2888 6020
2222 6020
3723 6020
3237 6020
2456 6020
2463 6020
3152 6020
3183 6020
3163 6020
3655 6020
3855 6020
3091 6020
2045 6020
3309 6020
3711 6020
3114 6020
2313 6020
3130 6020
2730 6020
3167 6020
2829 6020
2209 6020
2717 6020
2401 6020
3905 6020
2746 6020
2476 6020
2426 6020
3316 6020
3353 6020
2606 6020
3643 6020
3730 6020
2122 6020
2997 6020
2259 6020
2700 6020
2082 6020
3949 6020
2799 6020
2116 6020
2838 6020
3650 6020
2709 6020
2925 6020
2502 6020
3229 6020
2727 6020
2100 6020
3733 6020
3275 6020
3625 6020
2233 6020
2585 6020
3966 6020
3880 6020
3119 6020
3209 6020
2846 6020
2103 6020
3926 6020
3927 6020
2214 6020
3122 6020
3339 6020
3356 6020
2550 6020
3917 6020
3815 6020
2360 6020
3673 6020
2344 6020
3819 6020
2178 6020
3343 6020
3461 6020
3480 6020
3015 6020
3149 6020
3682 6020
3203 6020
3164 6020
2552 6020
2621 6020
2749 6020
6001 6020
2493 6020
2365 6020
3426 6020
3326 6020
3294 6020
2101 6020
2062 6020
2478 6020
2857 6020
2218 6020
3455 6020
2489 6020
2364 6020
3436 6020
3507 6020
3227 6020
2600 6020
2753 6020
2083 6020
3786 6020
2197 6020
3236 6020
3283 6020
2077 6020
2940 6021
2474 6021
2105 6021
2353 6021
2087 6021
2138 6021
3222 6021
2637 6021
3354 6021
2506 6021
2157 6021
2539 6021
2525 6021
2318 6021
2580 6021
3233 6021
2905 6021
3737 6021
2523 6021
3154 6021
3220 6021
3019 6021
2327 6021
3908 6021
2060 6021
3776 6021
3434 6021
2125 6021
2293 6021
2453 6021
3474 6021
2191 6021
2775 6021
3445 6021
3556 6021
3586 6021
3921 6021
3322 6021
2449 6021
2377 6021
2486 6021
3990 6021
2398 6021
2085 6021
2626 6021
3707 6021
3722 6021
3789 6021
3953 6021
3598 6021
2759 6021
3109 6021
3001 6021
3468 6021
3508 6021
3087 6021
2460 6021
2394 6021
3552 6021
2501 6021
3842 6021
3638 6021
3562 6021
2670 6021
2563 6021
3755 6021
3256 6021
2787 6021
3886 6021
3124 6021
2579 6021
2860 6021
2761 6021
2932 6021
2497 6021
3579 6021
3915 6021
2911 6021
2521 6021
2281 6021
2990 6021
2811 6021
2306 6021
2052 6021
3064 6021
3698 6021
2363 6021
3653 6021
2889 6021
2999 6021
2146 6021
3369 6021
3843 6021
3667 6021
3161 6021
3547 6021
2208 6021
3242 6021
2651 6021
3663 6021
2428 6021
2896 6021
3958 6021
3370 6021
3208 6021
3388 6021
3677 6021
3545 6021
3278 6021
3580 6021
2588 6021
3007 6021
2522 6021
2742 6021
3712 6021
2638 6021
2219 6021
2526 6021
3520 6021
3020 6021
3904 6021
3923 6021
3226 6021
2072 6021
3057 6021
3102 6021
2673 6021
2346 6021
2269 6021
2355 6021
3735 6021
2446 6021
2744 6021
2437 6021
3962 6021
3243 6021
2970 6021
3605 6021
3830 6021
2964 6021
3428 6021
2772 6021
3777 6021
2627 6021
3680 6021
3363 6021
3194 6021
2044 6021
2998 6021
3407 6021
3985 6021
3624 6021
3301 6021
3609 6021
2413 6021
3134 6021
2686 6021
2035 6021
3967 6021
2352 6021
2220 6021
3884 6021
3708 6021
2880 6021
3185 6021
3010 6021
2914 6021
3778 6021
3932 6021
2029 6021
3747 6021
3273 6021
3204 6021
3422 6021
3136 6021
2092 6021
2375 6021
3991 6021
2028 6021
3026 6021
3376 6021
2826 6021
3897 6021
3171 6021
3785 6021
2349 6021
2628 6021
2988 6021
3863 6021
3639 6021
3644 6021
3879 6021
3432 6021
2711 6021
3403 6021
3482 6021
2262 6021
2310 6021
2648 6021
3138 6021
6011 6022
6015 6023
6010 6024
6002 6024
6007 6024
6003 6025
6003 6026
6014 6026
6008 6026
6003 6027
6015 6027
6013 6028
6016 6029
6017 6030
6012 6031
6008 6032
6002 6032
6017 6033
6007 6033
6020 6034
6009 6035
6007 6035
6006 6035
6004 6036
6009 6036
6011 6037
6002 6038
6005 6038
6005 6039
6004 6039
6015 6040
6011 6040
