6 3
6 4
6 5
12024 6
12021 6
12023 6
12025 6
12012 6
12022 6
12008 6
12010 6
12024 6
12007 6
12018 6
12006 6
12019 6
12011 6
12015 6
12013 6
12020 6
12016 6
12009 6
12017 6
12014 6
8 6
6 7
4010 8
8 9
7137 10
1 10
6824 11
5170 11
1 11
6464 12
4357 12
1 12
6824 13
5470 13
1 13
5858 14
1 14
1 15
6626 16
6283 16
4364 16
1 16
6025 17
5680 17
2611 17
1 17
1 18
1 19
1 20
6246 21
1 21
5422 22
5334 22
1 22
7721 23
6868 23
1 23
1 24
6111 25
4015 25
1 25
7874 26
4650 26
1 26
5130 27
1 27
6477 28
1 28
3596 29
1 29
6751 30
5240 30
1 30
7724 31
1 31
7843 32
7375 32
5121 32
4700 32
4205 32
1 32
5062 33
4213 33
1 33
1 34
1 35
7601 36
1 36
1 37
4311 38
1 38
5236 39
1 39
6998 40
1 40
5981 41
5286 41
1 41
5964 42
1 42
1 43
6114 44
4831 44
1 44
1 45
5247 46
1 46
6356 47
4295 47
1 47
4079 48
1 48
5097 49
4206 49
1 49
5376 50
1 50
7902 51
6681 51
1 51
5435 52
1 52
5996 53
5791 53
5300 53
5330 53
1 53
6272 54
4856 54
1 54
7059 55
4571 55
4237 55
1 55
5686 56
1 56
6631 57
5225 57
5259 57
1 57
7771 58
5324 58
5485 58
1 58
5766 59
4862 59
4302 59
1 59
7802 60
7248 60
1 60
7939 61
7851 61
6520 61
5037 61
4751 61
4719 61
4399 61
4308 61
1 61
7798 62
7890 62
6283 62
1 62
4698 63
1 63
7972 64
6212 64
4403 64
1 64
4776 65
1 65
1 66
4391 67
1 67
7264 68
7407 68
5119 68
1 68
6739 69
5851 69
5189 69
1 69
5864 70
5247 70
1 70
6139 71
4775 71
1 71
5468 72
903 72
1 72
6487 73
6570 73
1 73
1 74
6910 75
1 75
6278 76
3527 76
1 76
7776 77
6591 77
1 77
6402 78
1 78
1 79
5587 80
1 80
7787 81
6062 81
1 81
6473 82
1 82
7905 83
7111 83
1 83
6518 84
1 84
7986 85
7655 85
7028 85
1 85
7035 86
5308 86
2692 86
1 86
5816 87
1 87
7985 88
6057 88
5535 88
526 88
1 88
7598 89
7415 89
4599 89
1 89
7636 90
6694 90
5715 90
5407 90
5208 90
4301 90
1 90
1 91
1 92
6873 93
5435 93
4644 93
1 93
1 94
6739 95
5886 95
1 95
1 96
6385 97
5387 97
5199 97
4306 97
1 97
5569 98
2677 98
1 98
5028 99
1 99
7101 100
5693 100
4407 100
1 100
7662 101
6315 101
4028 101
1 101
6619 102
4277 102
1 102
7307 103
7026 103
6990 103
1 103
7296 104
6873 104
4134 104
1 104
1 105
5719 106
4337 106
1 106
5754 107
1 107
6288 108
2462 108
1 108
1 109
4219 110
1 110
7425 111
6202 111
5085 111
4650 111
1 111
7942 112
6338 112
5437 112
4401 112
4049 112
1 112
6161 113
1 113
1 114
5115 115
2481 115
1 115
7622 116
5362 116
1 116
7073 117
1510 117
1 117
6938 118
6456 118
1 118
6662 119
1 119
7058 120
6369 120
4223 120
1 120
1 121
1 122
1 123
7801 124
1 124
1 125
7698 126
4868 126
1 126
1 127
6805 128
5708 128
1 128
7414 129
5179 129
1 129
6766 130
4941 130
1 130
1 131
5316 132
4437 132
1 132
1 133
7550 134
1 134
6979 135
4814 135
1 135
5836 136
1 136
4566 137
1 137
7657 138
7565 138
6244 138
1 138
1 139
1 140
1 141
6201 142
4545 142
1 142
5498 143
4369 143
1 143
1 144
5950 145
4824 145
1 145
1 146
1 147
7662 148
5793 148
1 148
5848 149
1 149
1 150
1 151
7723 152
6857 152
4433 152
1 152
1 153
1 154
5302 155
1 155
6254 156
939 156
883 156
1 156
5931 157
5363 157
580 157
1 157
5963 158
4364 158
3090 158
1 158
6304 159
1 159
5924 160
4563 160
1 160
1 161
1 162
1 163
4036 164
1 164
7784 165
1 165
6226 166
5877 166
4234 166
1 166
12005 167
1 167
6428 168
5882 168
4623 168
1 168
5285 169
1 169
1 170
1 171
4784 172
1 172
5360 173
3755 173
1 173
6542 174
5074 174
4860 174
4219 174
4039 174
1 174
7537 175
6601 175
1 175
7827 176
1 176
7159 177
5312 177
1 177
5219 178
4355 178
1 178
1372 179
1 179
5046 180
1 180
1 181
4725 182
4320 182
1 182
6827 183
5008 183
1 183
6298 184
4609 184
313 184
1 184
7240 185
1 185
5876 186
1 186
7527 187
1 187
7398 188
6276 188
1 188
7040 189
6681 189
6490 189
4923 189
1 189
7781 190
5191 190
1 190
1 191
4764 192
4879 192
1 192
6627 193
4094 193
1 193
5572 194
1 194
7034 195
4067 195
2174 195
1 195
7992 196
4525 196
1 196
1 197
7571 198
7159 198
6477 198
4235 198
1 198
7734 199
7743 199
1 199
1 200
1 201
4156 202
3522 202
1 202
1 203
1 204
4895 205
1 205
7508 206
7383 206
7238 206
6156 206
1 206
5822 207
4844 207
1 207
4811 208
1 208
1 209
1 210
7513 211
835 211
1 211
7096 212
6452 212
4068 212
1 212
7919 213
7130 213
6413 213
1723 213
1 213
1 214
7425 215
1 215
6590 216
4455 216
4158 216
1 216
5514 217
1 217
7967 218
6059 218
1 218
6120 219
1 219
1 220
1 221
4867 222
1 222
6151 223
1 223
5861 224
1 224
6931 225
1 225
7512 226
5829 226
5821 226
4297 226
1 226
5270 227
1 227
4888 228
4569 228
3829 228
1 228
7607 229
4985 229
591 229
1 229
6358 230
5584 230
4913 230
1 230
1 231
7640 232
4071 232
1 232
1 233
5748 234
4905 234
4226 234
1 234
1 235
1 236
6856 237
4803 237
1 237
2615 238
1 238
1 239
1 240
4597 241
4281 241
1 241
1 242
5732 243
1 243
7841 244
5609 244
5257 244
4708 244
1 244
7048 245
6134 245
1 245
6299 246
5798 246
4390 246
4042 246
1 246
6489 247
4590 247
1 247
7472 248
1 248
6923 249
4310 249
1 249
1 250
4545 251
1 251
7953 252
7241 252
6692 252
6275 252
6198 252
4180 252
1 252
5443 253
5029 253
4193 253
1 253
1 254
5276 255
1 255
6452 256
5593 256
1 256
1 257
7766 258
6924 258
1 258
5644 259
4848 259
1 259
5301 260
1 260
1 261
6350 262
5851 262
1 262
6185 263
5153 263
1 263
5373 264
1 264
6420 265
4273 265
1 265
1 266
1 267
5638 268
4368 268
1 268
4165 269
1 269
5358 270
5321 270
1 270
5664 271
1 271
6230 272
5665 272
4921 272
1 272
7675 273
1 273
5116 274
4131 274
1 274
4512 275
3913 275
1 275
5898 276
4339 276
1 276
1 277
6366 278
5816 278
4370 278
1 278
6544 279
1 279
6698 280
1 280
1 281
1 282
5720 283
5478 283
4431 283
4094 283
1 283
3955 284
1 284
4095 285
1 285
7824 286
1 286
5372 287
1 287
6853 288
4586 288
1 288
6693 289
6309 289
1 289
8006 290
5258 290
5012 290
1 290
5129 291
1 291
7310 292
1 292
7760 293
7159 293
1 293
4758 294
1 294
6776 295
1 295
7582 296
4885 296
350 296
1 296
7805 297
4500 297
1 297
1 298
1 299
5533 300
1 300
5282 301
5498 301
1 301
1 302
5389 303
1 303
1 304
7479 305
6950 305
1 305
3988 306
1 306
7785 307
5726 307
1 307
5652 308
1 308
5724 309
1868 309
1 309
7427 310
1 310
7092 311
6275 311
5024 311
5206 311
878 311
1 311
4597 312
4301 312
1 312
4482 313
1 313
1 314
7512 315
7168 315
1 315
5036 316
4890 316
1511 316
1 316
2271 317
1 317
7527 318
6246 318
5315 318
4936 318
4668 318
4586 318
1 318
5249 319
1 319
7849 320
7279 320
6626 320
1 320
7578 321
5433 321
5113 321
1 321
7712 322
1 322
7293 323
1 323
1 324
1 325
6373 326
5298 326
4751 326
4882 326
4704 326
1 326
7269 327
1 327
1 328
7225 329
6333 329
1 329
6486 330
1 330
6151 331
1 331
5212 332
1 332
5768 333
1 333
7642 334
4334 334
1 334
6174 335
1 335
7931 336
5918 336
1 336
7640 337
4726 337
4828 337
1 337
4989 338
1 338
7420 339
7154 339
6666 339
5608 339
1 339
6083 340
4332 340
4455 340
1 340
5454 341
5548 341
1 341
5536 342
5307 342
4797 342
1 342
1 343
2550 344
1 344
1 345
7161 346
1 346
7749 347
5512 347
4447 347
4458 347
1 347
7286 348
5388 348
1 348
7813 349
6573 349
5423 349
1765 349
1 349
7108 350
6018 350
1 350
4855 351
4758 351
1 351
1 352
6219 353
5795 353
5061 353
1 353
5615 354
5662 354
5151 354
4756 354
1965 354
1 354
7948 355
6100 355
1 355
6843 356
1 356
7724 357
7434 357
5544 357
5114 357
1 357
1 358
5932 359
1 359
5637 360
1 360
5255 361
1 361
5809 362
5381 362
1 362
5567 363
1551 363
1 363
6144 364
1 364
1 365
7849 366
6461 366
1 366
6354 367
1 367
5150 368
5118 368
1 368
7160 369
6053 369
5363 369
2957 369
1 369
6430 370
1 370
4980 371
1 371
1 372
1 373
1 374
5745 375
1 375
6128 376
5234 376
4453 376
1 376
4964 377
182 377
1 377
7255 378
6359 378
1 378
7407 379
7480 379
1 379
5712 380
1 380
4253 381
1 381
7245 382
2306 382
1 382
1 383
5641 384
5399 384
4504 384
1 384
7901 385
1 385
6577 386
1 386
1 387
7208 388
5389 388
4566 388
1 388
6060 389
6177 389
1 389
8002 390
2954 390
1 390
5278 391
1 391
5042 392
4706 392
1 392
6801 393
6657 393
4343 393
1 393
7888 394
6793 394
6245 394
5632 394
4012 394
1 394
7922 395
6524 395
6120 395
4963 395
1417 395
1 395
7781 396
4915 396
1 396
5963 397
5351 397
1 397
7477 398
1 398
7623 399
5334 399
5365 399
1 399
4719 400
4235 400
1 400
5582 401
1 401
7885 402
1 402
6221 403
5281 403
1 403
7292 404
6212 404
1 404
4287 405
1 405
1 406
1 407
1 408
7234 409
4595 409
1 409
7693 410
7005 410
4070 410
1 410
7013 411
1 411
5336 412
1 412
7377 413
1 413
6170 414
1 414
4642 415
1 415
1 416
6330 417
1 417
1 418
4950 419
1 419
1 420
6833 421
6787 421
5008 421
1 421
4964 422
1 422
7725 423
5897 423
1 423
1 424
5435 425
5165 425
4346 425
1 425
6223 426
4876 426
1 426
1 427
7787 428
4785 428
1 428
1 429
7169 430
1 430
6909 431
4963 431
4857 431
2742 431
1 431
7224 432
7177 432
6545 432
6160 432
5112 432
4967 432
4732 432
1 432
6913 433
5134 433
1 433
5779 434
1 434
5968 435
5309 435
5100 435
1 435
6328 436
5938 436
5674 436
5610 436
1 436
1 437
6926 438
5742 438
5388 438
4117 438
1 438
7904 439
6355 439
1 439
6897 440
4629 440
4817 440
1 440
7449 441
5780 441
5550 441
1 441
6910 442
4944 442
1 442
7812 443
1 443
5534 444
1 444
4439 445
1 445
7780 446
6064 446
1 446
4133 447
1 447
2710 448
1 448
7595 449
5965 449
1 449
5622 450
5378 450
5397 450
1 450
1 451
6961 452
1 452
7197 453
4784 453
3137 453
1 453
233 454
1 454
6603 455
1 455
6326 456
5660 456
5603 456
1 456
1 457
6650 458
1 458
1 459
6133 460
1 460
6634 461
4919 461
1 461
4050 462
1 462
7600 463
7092 463
6089 463
5431 463
1 463
1 464
8008 465
1 465
1 466
7240 467
4884 467
1 467
5455 468
5251 468
4498 468
1 468
5450 469
4487 469
4456 469
4025 469
1 469
7055 470
1 470
1 471
1 472
1 473
8009 474
1 474
5666 475
1 475
1660 476
1 476
6095 477
4639 477
1 477
5548 478
4725 478
1 478
4632 479
4126 479
250 479
1 479
4496 480
1 480
7769 481
7891 481
5198 481
1 481
7979 482
1 482
6889 483
4423 483
2188 483
1 483
1 484
1 485
6568 486
5860 486
4989 486
1 486
7373 487
6123 487
5216 487
1 487
7930 488
1 488
4140 489
386 489
1 489
5994 490
5404 490
4121 490
1 490
6823 491
5438 491
1 491
6455 492
1 492
7926 493
7555 493
5805 493
5830 493
938 493
1 493
6554 494
1 494
5276 495
1 495
5815 496
1 496
7019 497
6028 497
1 497
1 498
1 499
6257 500
5340 500
1 500
6515 501
6384 501
1 501
7487 502
1 502
1 503
1 504
7808 505
1 505
6652 506
1 506
6356 507
5623 507
4239 507
1 507
4905 508
1 508
7284 509
5159 509
1 509
5545 510
1 510
5825 511
1 511
7274 512
5397 512
1 512
6518 513
5185 513
4684 513
1 513
6268 514
1 514
6314 515
1 515
1 516
7243 517
5032 517
1 517
1 518
7135 519
4927 519
3861 519
1 519
5502 520
4988 520
1 520
1 521
7752 522
7706 522
6693 522
6504 522
1 522
1 523
4501 524
1 524
6568 525
5426 525
1 525
1 526
4303 527
1 527
6994 528
1 528
1 529
5488 530
1 530
5164 531
4585 531
1 531
5683 532
2494 532
1 532
7717 533
5958 533
4677 533
1 533
6715 534
1 534
4515 535
1 535
7292 536
6013 536
1 536
6650 537
1 537
6300 538
4725 538
1 538
7972 539
1 539
6603 540
6416 540
1 540
5617 541
4662 541
1 541
5699 542
1 542
7987 543
5797 543
1 543
7016 544
6872 544
6356 544
4576 544
4066 544
1 544
7277 545
7036 545
1 545
7768 546
4137 546
1 546
1 547
7439 548
5242 548
4572 548
4388 548
1 548
6879 549
6690 549
5171 549
4070 549
1 549
5263 550
4187 550
1 550
7777 551
4082 551
1 551
4239 552
1 552
7353 553
4043 553
1 553
5731 554
5127 554
1 554
4912 555
4203 555
1 555
1 556
1 557
1 558
6900 559
5968 559
443 559
1 559
7821 560
7175 560
7132 560
6665 560
4414 560
1 560
1 561
6868 562
1 562
7958 563
1 563
5089 564
4342 564
1 564
7834 565
1 565
6078 566
1 566
5024 567
1 567
6677 568
1 568
5918 569
6042 569
4068 569
1 569
4817 570
4386 570
4609 570
4087 570
1 570
7856 571
1 571
7062 572
5747 572
4537 572
4171 572
978 572
1 572
7509 573
6875 573
4096 573
1 573
7885 574
7818 574
6256 574
1 574
4177 575
1 575
5586 576
1 576
6995 577
6454 577
6229 577
1 577
4279 578
1 578
6697 579
4315 579
2817 579
1 579
1 580
7248 581
5888 581
1 581
1 582
6787 583
4395 583
1 583
5287 584
1 584
7530 585
4655 585
4125 585
1 585
5517 586
1 586
5352 587
1 587
1 588
1 589
1 590
5229 591
1 591
2217 592
1 592
703 593
1 593
1 594
7287 595
6051 595
5366 595
4198 595
1 595
7201 596
7083 596
6068 596
4381 596
1 596
1 597
7533 598
6275 598
1 598
1 599
7693 600
6426 600
1 600
4429 601
1 601
6855 602
4650 602
1 602
1 603
7616 604
5562 604
5107 604
1 604
6022 605
5735 605
5391 605
4646 605
1 605
7165 606
5450 606
5239 606
1 606
388 607
1 607
6971 608
1 608
5641 609
5454 609
4511 609
1 609
7955 610
1531 610
1 610
7922 611
7820 611
7831 611
6813 611
5229 611
1 611
7034 612
6555 612
5144 612
4912 612
4185 612
1 612
7048 613
1 613
6702 614
5737 614
1 614
7555 615
4510 615
3383 615
1 615
6579 616
1 616
4441 617
4550 617
1 617
6625 618
6237 618
1 618
6343 619
1 619
4946 620
1 620
7425 621
5920 621
1 621
5753 622
5520 622
4023 622
1 622
7545 623
5666 623
5442 623
1 623
6237 624
5572 624
5276 624
4315 624
4133 624
4228 624
1 624
6724 625
4580 625
1 625
7555 626
6512 626
6541 626
5669 626
4694 626
1 626
6507 627
6520 627
5844 627
1 627
1 628
7389 629
6447 629
1 629
6961 630
7166 630
4448 630
1 630
7380 631
6560 631
4892 631
1 631
5813 632
4819 632
1 632
6713 633
5311 633
1 633
7229 634
5971 634
5068 634
1 634
6401 635
1 635
7575 636
7322 636
1 636
5569 637
555 637
1 637
6866 638
1 638
6795 639
1 639
7378 640
6647 640
6571 640
5613 640
3766 640
1 640
7365 641
7337 641
1 641
6644 642
4557 642
1 642
7956 643
1 643
4605 644
1 644
7706 645
5810 645
5208 645
4610 645
4264 645
1 645
6057 646
1 646
6556 647
1 647
7615 648
5069 648
1 648
1 649
816 650
1 650
1 651
6287 652
1 652
5687 653
1 653
5627 654
5415 654
4592 654
1 654
7887 655
6262 655
5176 655
5027 655
4136 655
1 655
1 656
7868 657
6142 657
1 657
7565 658
7422 658
1 658
7241 659
6209 659
4736 659
1 659
7853 660
1 660
1052 661
1 661
5775 662
4108 662
4170 662
1 662
5880 663
5143 663
4511 663
1 663
1961 664
1 664
7799 665
4625 665
1 665
7913 666
6973 666
1 666
1 667
4879 668
2974 668
1 668
7298 669
6463 669
1 669
4458 670
1 670
1 671
1 672
4778 673
4180 673
1 673
1 674
1 675
1 676
1 677
1 678
7524 679
7176 679
1 679
4376 680
2073 680
1 680
6324 681
6154 681
1331 681
1 681
7728 682
6173 682
5379 682
5044 682
1463 682
2550 682
1 682
1 683
1 684
1 685
4324 686
1 686
6114 687
4842 687
1 687
7934 688
7750 688
5926 688
1 688
7877 689
7494 689
7360 689
1 689
6036 690
1 690
1 691
3185 692
1 692
6677 693
6420 693
1 693
1369 694
1764 694
1 694
7655 695
4639 695
3387 695
1 695
1 696
1 697
6167 698
5636 698
5074 698
1 698
5456 699
1 699
5584 700
4342 700
4264 700
1 700
5510 701
1 701
1 702
1 703
6832 704
1 704
4488 705
1 705
7094 706
5729 706
1 706
1 707
6294 708
4423 708
1 708
1 709
4914 710
1 710
1 711
6375 712
5310 712
4447 712
1 712
1 713
1 714
7632 715
2750 715
1 715
6295 716
5862 716
5621 716
1 716
7199 717
6759 717
1 717
6855 718
4659 718
1 718
4674 719
4633 719
4031 719
1 719
4665 720
1 720
5519 721
1 721
7769 722
5876 722
4982 722
1 722
1 723
7744 724
5377 724
4337 724
1 724
1 725
1 726
7688 727
6918 727
6880 727
1 727
1 728
1 729
7329 730
1 730
5501 731
4814 731
1 731
5776 732
4537 732
4302 732
1 732
5927 733
1 733
8002 734
6838 734
6723 734
5202 734
4122 734
1 734
2025 735
1 735
7658 736
6682 736
6295 736
5853 736
1 736
4103 737
1 737
1 738
7072 739
7017 739
1 739
1 740
1 741
1 742
1 743
7227 744
1 744
7984 745
5901 745
5356 745
5379 745
5059 745
4017 745
1 745
4880 746
1 746
5808 747
1 747
7506 748
6135 748
1 748
1 749
6127 750
4110 750
1 750
6364 751
5530 751
826 751
1 751
4927 752
684 752
1 752
6448 753
5881 753
4184 753
1 753
7560 754
7077 754
4028 754
4066 754
1 754
1 755
7537 756
1 756
7632 757
7524 757
6310 757
6220 757
1 757
6169 758
1 758
4731 759
4408 759
1 759
5273 760
1 760
7270 761
1 761
6479 762
1 762
5382 763
4191 763
1 763
1 764
6221 765
1 765
4601 766
1 766
6177 767
5052 767
1 767
5891 768
1 768
4166 769
1 769
5600 770
1 770
5361 771
5092 771
1 771
7892 772
7069 772
1 772
7704 773
7024 773
6430 773
5787 773
4071 773
1 773
4724 774
4268 774
1 774
5204 775
1 775
7435 776
1 776
7070 777
1 777
7723 778
1 778
4911 779
1 779
6628 780
5164 780
1 780
7870 781
5721 781
5282 781
4427 781
1 781
1 782
5123 783
1 783
1 784
4403 785
1 785
5771 786
1 786
5467 787
1 787
4558 788
1 788
7122 789
6440 789
4343 789
1 789
4668 790
4460 790
4026 790
1 790
1 791
5210 792
1 792
1 793
5644 794
3320 794
1 794
1 795
7902 796
7817 796
7078 796
4139 796
3197 796
1 796
7802 797
6497 797
1 797
6389 798
1 798
1 799
1 800
6818 801
1 801
7264 802
5902 802
1 802
5997 803
4156 803
1 803
5247 804
1 804
7511 805
1 805
5457 806
1 806
5600 807
1 807
7946 808
7099 808
5853 808
1 808
6989 809
1 809
6101 810
5300 810
1 810
6761 811
4555 811
1 811
1 812
7195 813
5634 813
1 813
1 814
6571 815
1 815
7786 816
7762 816
4089 816
1 816
7627 817
7349 817
5806 817
5331 817
1 817
6761 818
1 818
1 819
7439 820
4949 820
4598 820
4225 820
1 820
1 821
7558 822
1 822
1 823
1 824
5946 825
4615 825
1 825
5952 826
1 826
1 827
5909 828
4588 828
1 828
6920 829
5667 829
1 829
5472 830
4962 830
4270 830
1032 830
1 830
4799 831
1 831
6793 832
6268 832
1 832
7046 833
4110 833
1 833
4238 834
1 834
5047 835
1 835
7082 836
1 836
5543 837
4503 837
4152 837
2566 837
1 837
6440 838
6367 838
4868 838
1984 838
1 838
6276 839
5378 839
5152 839
4555 839
4150 839
1 839
6920 840
5624 840
1 840
1 841
7833 842
7486 842
5238 842
1 842
5185 843
119 843
1 843
5801 844
5671 844
1 844
5465 845
1687 845
1 845
7213 846
1 846
7169 847
1616 847
1 847
6764 848
4942 848
1 848
7168 849
6531 849
1 849
6621 850
4818 850
1 850
7277 851
6670 851
1 851
7674 852
1 852
7315 853
4266 853
1 853
7633 854
1 854
7832 855
6918 855
6522 855
5346 855
5174 855
1 855
7943 856
1 856
7352 857
5139 857
1 857
7943 858
5324 858
1 858
7310 859
7311 859
6082 859
5915 859
4675 859
1 859
6319 860
5259 860
1 860
7397 861
7087 861
6880 861
6166 861
4284 861
625 861
899 861
1 861
1 862
7608 863
5256 863
1606 863
1 863
6159 864
1 864
7913 865
7216 865
5424 865
4161 865
4214 865
1 865
1 866
7356 867
6200 867
4416 867
1 867
1 868
5163 869
1568 869
1 869
7004 870
1 870
6796 871
5020 871
1 871
6419 872
1 872
7903 873
1 873
4909 874
1 874
5614 875
5261 875
4075 875
2387 875
1 875
6843 876
1 876
7602 877
7180 877
6750 877
4140 877
1 877
6194 878
1 878
5640 879
1 879
1 880
1 881
5963 882
1 882
7554 883
5811 883
1 883
6706 884
4274 884
4231 884
1 884
1 885
6822 886
4908 886
4440 886
1 886
5397 887
4734 887
1 887
6168 888
3517 888
1 888
1 889
7616 890
1 890
4728 891
1 891
7481 892
4711 892
1575 892
1 892
4178 893
4100 893
1 893
7166 894
4971 894
4357 894
1 894
1 895
1 896
6365 897
6167 897
1 897
6063 898
5686 898
1 898
7645 899
6262 899
1 899
1 900
7297 901
4479 901
4559 901
1 901
1 902
7016 903
1 903
7926 904
7019 904
1 904
6580 905
6279 905
1 905
1 906
6443 907
4033 907
1 907
7767 908
4870 908
1 908
1 909
5649 910
1 910
1 911
6724 912
6454 912
1 912
1 913
4525 914
1 914
7939 915
7691 915
6722 915
6405 915
5731 915
1 915
7566 916
5909 916
5069 916
4318 916
1 916
6749 917
5742 917
4949 917
4859 917
1 917
7796 918
6251 918
1 918
7710 919
7186 919
5462 919
1 919
5481 920
1 920
7612 921
5471 921
1 921
7942 922
4222 922
1 922
4487 923
1 923
7929 924
7880 924
1 924
7675 925
1 925
7500 926
6691 926
1 926
1 927
6883 928
6345 928
5613 928
5714 928
1837 928
1 928
7058 929
1 929
6129 930
1 930
4230 931
1 931
6889 932
6665 932
1 932
1 933
6675 934
6795 934
4958 934
1 934
1 935
7919 936
6304 936
6173 936
1 936
5478 937
1 937
1 938
5579 939
4405 939
1 939
5131 940
4535 940
1 940
7997 941
7225 941
6825 941
5661 941
1 941
4920 942
761 942
1 942
7685 943
4253 943
1 943
6862 944
4561 944
1 944
7875 945
5170 945
4279 945
1 945
5161 946
1 946
6707 947
4945 947
4116 947
1 947
7384 948
6051 948
4178 948
1 948
5916 949
1 949
7335 950
1 950
4682 951
1 951
5066 952
4761 952
1 952
5736 953
1 953
4536 954
1 954
1 955
5504 956
1 956
1 957
6306 958
5749 958
4115 958
1 958
7723 959
6791 959
5248 959
5159 959
1 959
7790 960
5198 960
1 960
6707 961
5660 961
5395 961
1 961
4693 962
4538 962
1 962
7317 963
6391 963
6077 963
1 963
1 964
1 965
7548 966
1 966
7288 967
1 967
7047 968
5617 968
1 968
1 969
7122 970
7067 970
1 970
6452 971
4488 971
4360 971
4400 971
1 971
7426 972
5121 972
4183 972
1 972
5642 973
1 973
5516 974
1 974
7666 975
5539 975
4731 975
4141 975
2824 975
1 975
6347 976
3454 976
1 976
5999 977
1 977
1 978
6767 979
6559 979
1 979
6974 980
6411 980
1 980
4473 981
4376 981
2933 981
1 981
6344 982
154 982
1 982
4923 983
1 983
5802 984
4588 984
1 984
1445 985
1 985
1 986
6229 987
5938 987
1 987
2747 988
1 988
6926 989
1 989
7545 990
5023 990
1 990
7812 991
7752 991
5819 991
5100 991
1 991
6263 992
4509 992
1 992
6975 993
1 993
1 994
4057 995
2707 995
1 995
7902 996
7285 996
7072 996
5173 996
3612 996
1 996
6937 997
1 997
6849 998
1 998
7134 999
6120 999
4853 999
1 999
7310 1000
1 1000
1 1001
7898 1002
7120 1002
4412 1002
1 1002
1 1003
7155 1004
6417 1004
1 1004
7700 1005
1 1005
6913 1006
4454 1006
1 1006
5956 1007
1 1007
6089 1008
1 1008
6399 1009
1 1009
7043 1010
5167 1010
4457 1010
1 1010
6297 1011
1 1011
7215 1012
3614 1012
1 1012
4601 1013
4487 1013
1 1013
4918 1014
1 1014
7181 1015
6759 1015
1 1015
6975 1016
6133 1016
4624 1016
1 1016
7365 1017
6961 1017
5111 1017
1 1017
7315 1018
1 1018
1 1019
6199 1020
3742 1020
1 1020
6822 1021
4924 1021
1 1021
6994 1022
7139 1022
4888 1022
1 1022
4362 1023
1 1023
7662 1024
7551 1024
5478 1024
4372 1024
1 1024
7881 1025
1 1025
1 1026
7067 1027
1 1027
5083 1028
1 1028
1 1029
6880 1030
5472 1030
1 1030
6350 1031
6549 1031
6007 1031
5833 1031
1 1031
5784 1032
1 1032
5664 1033
1 1033
7282 1034
1 1034
6746 1035
4970 1035
1 1035
7553 1036
5605 1036
1 1036
7150 1037
1 1037
6478 1038
1 1038
7327 1039
7099 1039
5245 1039
1 1039
6051 1040
5378 1040
4471 1040
1 1040
4081 1041
1 1041
7288 1042
1 1042
1 1043
7119 1044
1 1044
5885 1045
5598 1045
5284 1045
1 1045
7529 1046
6579 1046
6398 1046
5208 1046
1 1046
6856 1047
6106 1047
1 1047
6015 1048
1 1048
7897 1049
7472 1049
6598 1049
1 1049
1 1050
6445 1051
1 1051
5385 1052
1 1052
6392 1053
1 1053
7336 1054
1 1054
7549 1055
6917 1055
5493 1055
1 1055
7878 1056
7320 1056
5266 1056
1 1056
5621 1057
5682 1057
4757 1057
1 1057
1 1058
1 1059
6926 1060
7136 1060
6189 1060
5076 1060
1 1060
7352 1061
5422 1061
5487 1061
1 1061
4415 1062
1 1062
6730 1063
4604 1063
4120 1063
2049 1063
1 1063
1 1064
5709 1065
1 1065
7895 1066
7091 1066
1799 1066
1 1066
1 1067
7560 1068
1 1068
1 1069
4999 1070
1 1070
6017 1071
4266 1071
1 1071
5862 1072
1 1072
4018 1073
1 1073
7362 1074
6884 1074
5899 1074
1 1074
4074 1075
1 1075
8009 1076
1 1076
6266 1077
1 1077
5645 1078
1 1078
4975 1079
1 1079
1 1080
1 1081
7030 1082
4363 1082
1 1082
5145 1083
1 1083
6820 1084
4896 1084
1 1084
4767 1085
1 1085
5895 1086
1 1086
4987 1087
1 1087
7841 1088
6814 1088
5484 1088
5469 1088
1 1088
7838 1089
1 1089
6978 1090
1 1090
1 1091
2930 1092
1 1092
7244 1093
1 1093
6700 1094
1 1094
7195 1095
1 1095
7726 1096
7335 1096
4621 1096
4913 1096
1 1096
5120 1097
1 1097
6252 1098
2624 1098
1 1098
4878 1099
1 1099
7495 1100
6442 1100
1 1100
4286 1101
1 1101
6752 1102
6366 1102
4847 1102
4580 1102
1 1102
6113 1103
1 1103
1 1104
5730 1105
5086 1105
1 1105
1 1106
6628 1107
4274 1107
4261 1107
1 1107
1 1108
7087 1109
5236 1109
4623 1109
1 1109
4499 1110
1 1110
7659 1111
6606 1111
4978 1111
4033 1111
1 1111
1 1112
5854 1113
1 1113
7620 1114
7394 1114
6287 1114
5388 1114
1 1114
7046 1115
6378 1115
4940 1115
1 1115
5359 1116
4052 1116
1 1116
7264 1117
1 1117
1 1118
4748 1119
1 1119
1 1120
1 1121
7864 1122
4899 1122
1 1122
7921 1123
6464 1123
5587 1123
5461 1123
4510 1123
1 1123
6525 1124
4832 1124
1 1124
7628 1125
1 1125
5400 1126
5040 1126
4934 1126
4874 1126
1 1126
6651 1127
6566 1127
6243 1127
1 1127
4215 1128
727 1128
1 1128
6121 1129
1 1129
6337 1130
4471 1130
4313 1130
1 1130
1 1131
1 1132
5946 1133
5912 1133
5374 1133
4275 1133
1 1133
7309 1134
6991 1134
1 1134
1 1135
1 1136
7897 1137
1 1137
1 1138
7543 1139
7042 1139
6403 1139
5336 1139
1 1139
5249 1140
4492 1140
4611 1140
1 1140
7093 1141
1 1141
4126 1142
1 1142
7397 1143
4813 1143
1 1143
7954 1144
1 1144
7725 1145
6751 1145
6550 1145
1 1145
6503 1146
5935 1146
5260 1146
1 1146
4553 1147
1 1147
7289 1148
5455 1148
5154 1148
4774 1148
1 1148
7314 1149
6897 1149
1 1149
6694 1150
4324 1150
1 1150
4693 1151
4611 1151
3025 1151
1 1151
6420 1152
1 1152
7993 1153
4654 1153
1 1153
7003 1154
6890 1154
1 1154
7936 1155
6023 1155
4585 1155
1 1155
5306 1156
1 1156
5349 1157
1 1157
6095 1158
5035 1158
4106 1158
4093 1158
1 1158
4275 1159
1 1159
1 1160
5312 1161
1 1161
7604 1162
1 1162
1 1163
7770 1164
5098 1164
1 1164
5595 1165
5395 1165
1 1165
5231 1166
4433 1166
1 1166
7808 1167
7711 1167
1 1167
6229 1168
1 1168
7100 1169
1 1169
6221 1170
1 1170
1 1171
4700 1172
4349 1172
4204 1172
1 1172
5298 1173
1 1173
1 1174
7038 1175
6787 1175
5684 1175
1 1175
5156 1176
1 1176
4117 1177
1 1177
4349 1178
1 1178
1 1179
7599 1180
1 1180
1 1181
7864 1182
5516 1182
1 1182
7974 1183
4319 1183
1 1183
7441 1184
1 1184
6671 1185
1 1185
5982 1186
1 1186
1 1187
1 1188
6077 1189
1 1189
5711 1190
4418 1190
1 1190
6836 1191
6219 1191
1 1191
7775 1192
6071 1192
1 1192
7322 1193
6838 1193
6242 1193
1 1193
1 1194
7028 1195
5029 1195
4781 1195
4428 1195
4240 1195
1 1195
6037 1196
5826 1196
5322 1196
1 1196
6887 1197
6719 1197
5940 1197
1 1197
6271 1198
6570 1198
4509 1198
1 1198
7499 1199
5757 1199
5711 1199
1 1199
7646 1200
6868 1200
6630 1200
1 1200
1 1201
7768 1202
7236 1202
7218 1202
6233 1202
4496 1202
1 1202
4591 1203
1 1203
7708 1204
7706 1204
1838 1204
1 1204
7548 1205
1 1205
7199 1206
7117 1206
6293 1206
1 1206
5773 1207
4889 1207
1 1207
4908 1208
1 1208
6816 1209
5442 1209
1 1209
6725 1210
5047 1210
4693 1210
1 1210
7617 1211
5198 1211
1 1211
7705 1212
1 1212
7317 1213
1 1213
2913 1214
1 1214
7986 1215
6542 1215
5939 1215
1 1215
4428 1216
4454 1216
1 1216
5743 1217
4222 1217
1 1217
6158 1218
4602 1218
4516 1218
1 1218
7536 1219
1 1219
5440 1220
4921 1220
1 1220
7832 1221
7064 1221
6429 1221
4121 1221
4243 1221
1 1221
1 1222
2110 1223
1 1223
7914 1224
7022 1224
6690 1224
1 1224
7738 1225
6376 1225
1 1225
4316 1226
1 1226
7091 1227
1 1227
7933 1228
1 1228
1 1229
6783 1230
4890 1230
4318 1230
1 1230
6884 1231
6586 1231
1 1231
5912 1232
1 1232
5729 1233
1 1233
6555 1234
6505 1234
4027 1234
1 1234
6515 1235
1 1235
5795 1236
1 1236
7685 1237
6937 1237
6274 1237
4814 1237
1 1237
1 1238
1 1239
1 1240
5564 1241
1 1241
7178 1242
1 1242
4245 1243
4257 1243
1 1243
1 1244
4991 1245
1 1245
7690 1246
1 1246
7713 1247
1 1247
1 1248
4749 1249
1 1249
6382 1250
5001 1250
4753 1250
4533 1250
1 1250
1 1251
7384 1252
6945 1252
5500 1252
4840 1252
1068 1252
807 1252
1 1252
8004 1253
4635 1253
1 1253
5447 1254
4383 1254
1 1254
7831 1255
7273 1255
6291 1255
1 1255
6242 1256
1 1256
6708 1257
1 1257
7405 1258
1 1258
1303 1259
1 1259
5316 1260
1 1260
6198 1261
1 1261
1 1262
4126 1263
1 1263
5892 1264
2485 1264
1 1264
398 1265
1 1265
5763 1266
1 1266
6817 1267
1 1267
5527 1268
1 1268
6608 1269
1 1269
7161 1270
6337 1270
3535 1270
1 1270
1 1271
6328 1272
1 1272
7359 1273
4344 1273
1 1273
7401 1274
4112 1274
1 1274
7851 1275
7913 1275
4226 1275
1 1275
7791 1276
6601 1276
5283 1276
1 1276
1 1277
7348 1278
6496 1278
4350 1278
1 1278
7271 1279
1 1279
5723 1280
5085 1280
4569 1280
1 1280
5086 1281
5115 1281
1 1281
7209 1282
1 1282
4762 1283
1 1283
7941 1284
1 1284
7325 1285
6528 1285
1 1285
4966 1286
1 1286
1 1287
2452 1288
1 1288
7777 1289
6640 1289
5098 1289
4200 1289
907 1289
1 1289
6263 1290
4532 1290
1 1290
7836 1291
6984 1291
5110 1291
1 1291
6898 1292
1 1292
7395 1293
1 1293
6721 1294
5135 1294
1 1294
6607 1295
4836 1295
1 1295
7804 1296
7508 1296
7572 1296
4881 1296
4180 1296
1 1296
5205 1297
1 1297
1 1298
5662 1299
4435 1299
1 1299
6931 1300
6797 1300
1 1300
7153 1301
1 1301
7087 1302
1 1302
7924 1303
1 1303
1 1304
6607 1305
1 1305
4360 1306
4190 1306
1006 1306
1 1306
1 1307
6700 1308
1 1308
4420 1309
1 1309
5693 1310
5818 1310
1 1310
5477 1311
4810 1311
1 1311
7532 1312
7126 1312
1 1312
1 1313
6107 1314
3708 1314
1 1314
6003 1315
1 1315
6986 1316
1 1316
6172 1317
5594 1317
4214 1317
1 1317
4502 1318
2072 1318
1 1318
7964 1319
5721 1319
1 1319
6205 1320
4143 1320
1 1320
5063 1321
4066 1321
1 1321
4835 1322
1 1322
1 1323
4261 1324
1 1324
6738 1325
1 1325
1 1326
6804 1327
4316 1327
1 1327
1 1328
6386 1329
847 1329
1 1329
5197 1330
4394 1330
1 1330
6518 1331
5142 1331
1 1331
7695 1332
7011 1332
6029 1332
1 1332
1 1333
7249 1334
1 1334
7078 1335
4018 1335
1 1335
4733 1336
4699 1336
278 1336
1 1336
1 1337
787 1338
1 1338
7557 1339
6382 1339
4551 1339
1 1339
1 1340
1 1341
7272 1342
2571 1342
1 1342
1 1343
1 1344
7697 1345
1 1345
5466 1346
1 1346
5834 1347
1 1347
5818 1348
4837 1348
1 1348
7467 1349
6400 1349
4243 1349
4153 1349
1 1349
4494 1350
1713 1350
1 1350
6566 1351
5329 1351
4816 1351
3317 1351
1 1351
6529 1352
5595 1352
5531 1352
4745 1352
1 1352
6870 1353
4933 1353
4328 1353
4502 1353
1 1353
1 1354
7903 1355
4831 1355
4442 1355
1 1355
5702 1356
5270 1356
5209 1356
1 1356
6491 1357
5007 1357
4412 1357
4108 1357
1 1357
1 1358
6480 1359
5804 1359
1 1359
1 1360
7744 1361
6633 1361
1 1361
7150 1362
6307 1362
1 1362
4386 1363
1 1363
6733 1364
1 1364
7968 1365
5410 1365
1 1365
7255 1366
6588 1366
6239 1366
5755 1366
5076 1366
5165 1366
1 1366
7419 1367
5964 1367
5095 1367
3285 1367
1 1367
6662 1368
2032 1368
1 1368
6921 1369
1 1369
5617 1370
1 1370
7034 1371
5073 1371
3375 1371
1 1371
7246 1372
1 1372
7996 1373
4237 1373
1 1373
7478 1374
5922 1374
4449 1374
1 1374
7259 1375
5973 1375
1 1375
1 1376
1 1377
7976 1378
5831 1378
1 1378
7401 1379
6396 1379
1 1379
7663 1380
6833 1380
1 1380
7467 1381
7316 1381
1 1381
6328 1382
6034 1382
1 1382
5939 1383
1 1383
7060 1384
1 1384
6613 1385
5522 1385
1 1385
4925 1386
1 1386
7347 1387
1 1387
7059 1388
1 1388
7531 1389
6192 1389
6080 1389
4085 1389
1 1389
6318 1390
6063 1390
4576 1390
432 1390
1 1390
6920 1391
263 1391
1 1391
1 1392
6462 1393
2678 1393
1 1393
7098 1394
6408 1394
6315 1394
4789 1394
1 1394
2573 1395
1 1395
6620 1396
5656 1396
4077 1396
4214 1396
1 1396
5370 1397
2900 1397
1 1397
6133 1398
1 1398
1 1399
7436 1400
6625 1400
4611 1400
1 1400
3243 1401
1 1401
7112 1402
6039 1402
1 1402
6644 1403
1 1403
7350 1404
6099 1404
4748 1404
1 1404
7534 1405
7304 1405
6182 1405
4056 1405
1 1405
5376 1406
4697 1406
1 1406
5623 1407
4661 1407
1 1407
5700 1408
1 1408
7714 1409
6594 1409
5511 1409
1 1409
6606 1410
1 1410
7625 1411
7767 1411
2339 1411
1 1411
5770 1412
1 1412
7554 1413
4415 1413
1 1413
6307 1414
5577 1414
4736 1414
4797 1414
1 1414
5334 1415
1 1415
4773 1416
1 1416
4951 1417
1 1417
4608 1418
1 1418
7002 1419
5200 1419
1 1419
5197 1420
1 1420
7894 1421
6209 1421
99 1421
1 1421
6766 1422
5823 1422
1 1422
7583 1423
1 1423
4892 1424
1 1424
5848 1425
4315 1425
1 1425
4598 1426
1 1426
5811 1427
4933 1427
1 1427
5688 1428
1 1428
7747 1429
1 1429
7519 1430
1 1430
4382 1431
1 1431
4708 1432
3028 1432
1 1432
1 1433
6334 1434
4098 1434
1 1434
7536 1435
6017 1435
1 1435
7461 1436
6243 1436
1 1436
6663 1437
1 1437
1 1438
6094 1439
1 1439
5689 1440
1 1440
5186 1441
1 1441
1 1442
7381 1443
4400 1443
1 1443
7387 1444
6604 1444
2321 1444
1 1444
1 1445
1 1446
5363 1447
4459 1447
3360 1447
1 1447
6732 1448
1 1448
7631 1449
1 1449
5575 1450
1 1450
4054 1451
1 1451
1 1452
6138 1453
6167 1453
1 1453
1 1454
1 1455
8004 1456
5911 1456
5013 1456
4316 1456
1 1456
6573 1457
1 1457
7705 1458
1 1458
7806 1459
6132 1459
5322 1459
5009 1459
1 1459
5700 1460
5364 1460
1 1460
5871 1461
4724 1461
4184 1461
1 1461
7232 1462
1 1462
5591 1463
5422 1463
4362 1463
4092 1463
1 1463
6665 1464
4981 1464
4321 1464
1 1464
7766 1465
5757 1465
1 1465
7594 1466
4241 1466
4088 1466
1 1466
7918 1467
1 1467
1894 1468
1 1468
1 1469
8002 1470
7700 1470
6737 1470
5549 1470
1 1470
6545 1471
4997 1471
1 1471
5877 1472
4351 1472
1 1472
1 1473
7055 1474
1 1474
6586 1475
5417 1475
5111 1475
1 1475
1 1476
6172 1477
5396 1477
4213 1477
1 1477
4408 1478
1 1478
4851 1479
1 1479
7019 1480
6510 1480
5726 1480
1 1480
4474 1481
1 1481
5150 1482
1 1482
5979 1483
1 1483
6852 1484
6292 1484
4785 1484
1 1484
7141 1485
4738 1485
4201 1485
1 1485
6998 1486
1 1486
7871 1487
4110 1487
288 1487
1 1487
6586 1488
6099 1488
4815 1488
4886 1488
4503 1488
1 1488
7531 1489
7088 1489
7170 1489
5304 1489
5401 1489
4083 1489
1 1489
5869 1490
1 1490
1 1491
6350 1492
4515 1492
4209 1492
1 1492
6725 1493
6733 1493
5632 1493
4368 1493
4056 1493
1 1493
5483 1494
4731 1494
1 1494
5216 1495
1 1495
5543 1496
1 1496
6963 1497
1 1497
6042 1498
1 1498
1 1499
1 1500
6809 1501
5615 1501
5010 1501
1 1501
7622 1502
1 1502
7054 1503
6116 1503
5412 1503
4059 1503
1 1503
7477 1504
1 1504
12005 1505
4877 1505
4597 1505
1 1505
5327 1506
1 1506
7931 1507
7141 1507
1 1507
7665 1508
3374 1508
1 1508
7863 1509
4619 1509
1 1509
6398 1510
4522 1510
1 1510
7391 1511
1 1511
4633 1512
1 1512
7172 1513
1 1513
7150 1514
6476 1514
6031 1514
4602 1514
1 1514
5661 1515
1 1515
4282 1516
1 1516
6317 1517
5913 1517
3603 1517
1 1517
6928 1518
6298 1518
5588 1518
1 1518
1 1519
7380 1520
6854 1520
4284 1520
1 1520
7756 1521
6035 1521
1 1521
7764 1522
4542 1522
1 1522
1 1523
6512 1524
1 1524
7286 1525
5213 1525
4940 1525
4707 1525
1 1525
5094 1526
4812 1526
4083 1526
1 1526
6680 1527
1 1527
4761 1528
1 1528
6009 1529
5443 1529
4826 1529
1 1529
1 1530
1 1531
5989 1532
1 1532
6535 1533
5969 1533
5492 1533
4551 1533
1 1533
1 1534
1 1535
7194 1536
5937 1536
4372 1536
1 1536
6063 1537
4997 1537
4430 1537
1 1537
7082 1538
4145 1538
1 1538
4216 1539
1 1539
6265 1540
4659 1540
1 1540
7813 1541
7369 1541
6973 1541
6738 1541
5941 1541
1 1541
4401 1542
1 1542
7346 1543
1 1543
1 1544
7812 1545
1 1545
6055 1546
1 1546
7726 1547
7268 1547
5104 1547
1 1547
6750 1548
1 1548
664 1549
1 1549
7502 1550
4134 1550
1 1550
7368 1551
1 1551
4729 1552
1 1552
7458 1553
5416 1553
1 1553
1 1554
3875 1555
1 1555
4932 1556
1 1556
6677 1557
1 1557
5437 1558
1 1558
5446 1559
1 1559
1 1560
6993 1561
6590 1561
1 1561
459 1562
1 1562
6922 1563
6027 1563
4739 1563
1 1563
7762 1564
1 1564
5580 1565
1 1565
7232 1566
1 1566
7340 1567
6832 1567
1 1567
6071 1568
4248 1568
1 1568
1 1569
7553 1570
1 1570
1 1571
5557 1572
1 1572
3424 1573
1 1573
4359 1574
1 1574
6519 1575
1 1575
6859 1576
4099 1576
1 1576
6989 1577
1 1577
5487 1578
2950 1578
1 1578
6847 1579
4679 1579
1 1579
6011 1580
1 1580
5252 1581
1 1581
5488 1582
1 1582
5905 1583
5730 1583
5752 1583
4194 1583
1 1583
7862 1584
5562 1584
3963 1584
1 1584
6019 1585
1 1585
1 1586
6883 1587
1 1587
7949 1588
7143 1588
6078 1588
5138 1588
1 1588
7587 1589
1 1589
5503 1590
5149 1590
1 1590
7007 1591
7106 1591
1 1591
1 1592
6857 1593
1 1593
6026 1594
1 1594
1 1595
4931 1596
1 1596
4790 1597
1 1597
7368 1598
6278 1598
5039 1598
4314 1598
1 1598
5899 1599
4887 1599
1 1599
5784 1600
1 1600
4806 1601
4301 1601
1 1601
6682 1602
5461 1602
5176 1602
4455 1602
1 1602
7903 1603
6947 1603
6166 1603
5733 1603
1 1603
5261 1604
5265 1604
1 1604
6705 1605
1 1605
6122 1606
4387 1606
1 1606
1 1607
7633 1608
7042 1608
6563 1608
5513 1608
1 1608
5882 1609
1 1609
7655 1610
7222 1610
6059 1610
1 1610
5870 1611
4798 1611
1 1611
5762 1612
1 1612
5973 1613
4918 1613
4244 1613
1 1613
6896 1614
1 1614
7314 1615
6224 1615
4048 1615
1 1615
5682 1616
1 1616
4090 1617
1 1617
6371 1618
1 1618
6715 1619
6369 1619
4918 1619
1 1619
7680 1620
7126 1620
1517 1620
1 1620
4197 1621
1 1621
7259 1622
1 1622
6485 1623
1 1623
5929 1624
5829 1624
1 1624
5242 1625
5238 1625
1 1625
1 1626
4859 1627
1 1627
7283 1628
6959 1628
6330 1628
1 1628
7036 1629
5094 1629
1 1629
7282 1630
7237 1630
4894 1630
4274 1630
1 1630
5467 1631
1 1631
1 1632
7260 1633
5169 1633
4387 1633
3845 1633
1 1633
6432 1634
4056 1634
1 1634
4612 1635
4336 1635
1 1635
7147 1636
6801 1636
6266 1636
1 1636
6401 1637
4998 1637
1 1637
7420 1638
7077 1638
6738 1638
1 1638
1 1639
4832 1640
1 1640
4954 1641
5046 1641
1 1641
7877 1642
7459 1642
1 1642
5401 1643
1 1643
1 1644
6890 1645
1 1645
6672 1646
1 1646
6497 1647
1 1647
7726 1648
6061 1648
4334 1648
1 1648
7324 1649
5978 1649
1 1649
5793 1650
1 1650
1 1651
6189 1652
4888 1652
1 1652
4631 1653
1 1653
1 1654
6647 1655
1 1655
1 1656
6343 1657
5268 1657
1 1657
1 1658
1 1659
5927 1660
5517 1660
1 1660
6935 1661
1 1661
1 1662
6109 1663
1 1663
6203 1664
4055 1664
1 1664
7756 1665
7377 1665
6711 1665
1 1665
5950 1666
1 1666
7983 1667
7491 1667
6237 1667
3869 1667
1 1667
5921 1668
5581 1668
1 1668
6397 1669
6191 1669
5812 1669
1 1669
7021 1670
5618 1670
5306 1670
1 1670
7801 1671
7265 1671
5327 1671
4317 1671
1 1671
7984 1672
6285 1672
4808 1672
1 1672
6689 1673
6436 1673
4837 1673
1 1673
7466 1674
6939 1674
4699 1674
1 1674
6040 1675
5240 1675
1 1675
6345 1676
1 1676
4212 1677
1 1677
5227 1678
1 1678
6559 1679
4345 1679
1 1679
1 1680
6891 1681
1 1681
1 1682
5182 1683
1 1683
7491 1684
1 1684
1 1685
1 1686
7719 1687
1 1687
7689 1688
5528 1688
4234 1688
4113 1688
1 1688
7477 1689
6976 1689
5463 1689
1 1689
6852 1690
1 1690
1 1691
1 1692
5714 1693
5864 1693
1 1693
5175 1694
1 1694
5969 1695
5861 1695
1 1695
5816 1696
1 1696
5970 1697
5956 1697
905 1697
1 1697
7959 1698
1 1698
1 1699
6105 1700
5456 1700
5197 1700
1 1700
6561 1701
1 1701
7293 1702
4134 1702
4133 1702
1 1702
1 1703
7337 1704
4737 1704
1 1704
5960 1705
1 1705
1 1706
1 1707
7949 1708
1 1708
1 1709
4936 1710
3856 1710
1 1710
1 1711
1 1712
5576 1713
1 1713
7404 1714
1 1714
6470 1715
1 1715
6619 1716
1 1716
7285 1717
1 1717
6985 1718
6372 1718
6108 1718
1 1718
7173 1719
6403 1719
1 1719
6343 1720
6430 1720
1 1720
6145 1721
1 1721
1 1722
7793 1723
1 1723
1 1724
7270 1725
1 1725
4803 1726
4184 1726
1 1726
7695 1727
6435 1727
6260 1727
5857 1727
1 1727
4728 1728
4539 1728
1 1728
7843 1729
4114 1729
1500 1729
1 1729
6654 1730
6531 1730
4846 1730
1 1730
7043 1731
6532 1731
33 1731
1 1731
4040 1732
1863 1732
1 1732
7472 1733
7162 1733
1 1733
5722 1734
1 1734
7263 1735
5460 1735
4972 1735
1 1735
1 1736
1 1737
1 1738
6464 1739
1 1739
1 1740
4179 1741
1 1741
1 1742
1 1743
7552 1744
5012 1744
4474 1744
4524 1744
1 1744
1 1745
5356 1746
1 1746
4552 1747
1 1747
6726 1748
4570 1748
1 1748
4454 1749
1 1749
7830 1750
5124 1750
2344 1750
1 1750
5773 1751
1 1751
1 1752
7314 1753
1 1753
4467 1754
1 1754
1 1755
7928 1756
4036 1756
1 1756
1 1757
1 1758
5947 1759
5810 1759
1 1759
1 1760
5923 1761
6154 1761
5414 1761
1 1761
5475 1762
1 1762
5903 1763
1 1763
5189 1764
1 1764
5708 1765
4983 1765
1 1765
6828 1766
1 1766
7982 1767
6822 1767
5708 1767
1 1767
7095 1768
1 1768
1 1769
6760 1770
4192 1770
1 1770
7587 1771
2224 1771
1 1771
5251 1772
1 1772
7606 1773
7215 1773
1 1773
7391 1774
6794 1774
6181 1774
1 1774
7409 1775
1 1775
1 1776
6054 1777
1 1777
6429 1778
5492 1778
4527 1778
4078 1778
1 1778
7640 1779
6806 1779
6893 1779
6059 1779
3767 1779
1 1779
4408 1780
1 1780
7791 1781
6624 1781
1 1781
6949 1782
1 1782
4161 1783
1 1783
1 1784
6756 1785
4966 1785
1 1785
1 1786
4049 1787
1 1787
7128 1788
6104 1788
5342 1788
1 1788
7667 1789
7243 1789
5995 1789
5513 1789
1 1789
7061 1790
5833 1790
1 1790
4948 1791
2849 1791
1 1791
5577 1792
4630 1792
1498 1792
1 1792
5870 1793
1 1793
5545 1794
1 1794
7865 1795
5683 1795
3672 1795
1 1795
4990 1796
1 1796
6001 1797
1 1797
7712 1798
6435 1798
5532 1798
5122 1798
1 1798
6701 1799
6609 1799
1 1799
5725 1800
4954 1800
1 1800
7065 1801
5701 1801
1 1801
7475 1802
4306 1802
1 1802
1 1803
1 1804
5420 1805
4791 1805
1 1805
4706 1806
4524 1806
1 1806
6668 1807
4348 1807
1 1807
7485 1808
7389 1808
4701 1808
4154 1808
1 1808
1 1809
7170 1810
1 1810
7441 1811
4695 1811
1 1811
1 1812
1 1813
1 1814
6041 1815
5688 1815
1 1815
1 1816
7981 1817
7293 1817
1 1817
7899 1818
5815 1818
5299 1818
4349 1818
1 1818
3609 1819
1 1819
6852 1820
5141 1820
4966 1820
2695 1820
187 1820
1 1820
5108 1821
5093 1821
4446 1821
1 1821
4398 1822
1 1822
2494 1823
1 1823
7133 1824
5088 1824
1 1824
7900 1825
7505 1825
5438 1825
4449 1825
1 1825
7507 1826
4269 1826
930 1826
1 1826
7987 1827
1 1827
7997 1828
1 1828
5170 1829
4713 1829
4202 1829
4048 1829
1 1829
6910 1830
5624 1830
4049 1830
1 1830
1 1831
1 1832
1 1833
6082 1834
5295 1834
3591 1834
1 1834
7649 1835
6469 1835
1 1835
6314 1836
1 1836
1 1837
7728 1838
1 1838
7451 1839
7453 1839
6964 1839
1 1839
6189 1840
5227 1840
1 1840
5472 1841
4782 1841
1 1841
6138 1842
1 1842
5916 1843
1 1843
1 1844
5739 1845
1 1845
4112 1846
1 1846
7350 1847
6853 1847
6324 1847
6185 1847
4123 1847
1 1847
5827 1848
4209 1848
1 1848
7849 1849
4443 1849
1 1849
4917 1850
1 1850
7371 1851
1 1851
6895 1852
1 1852
7291 1853
6935 1853
6285 1853
5779 1853
1 1853
4440 1854
4478 1854
1 1854
6171 1855
1 1855
4991 1856
276 1856
1556 1856
1 1856
6206 1857
1 1857
6709 1858
5771 1858
5469 1858
1 1858
5112 1859
2898 1859
1 1859
6854 1860
5541 1860
2525 1860
1 1860
4507 1861
4205 1861
139 1861
2358 1861
1 1861
7694 1862
1 1862
7911 1863
7129 1863
4629 1863
1 1863
1 1864
1 1865
6152 1866
1 1866
6282 1867
2924 1867
1 1867
6177 1868
4775 1868
1 1868
6089 1869
1 1869
7919 1870
6938 1870
6150 1870
5384 1870
1 1870
7669 1871
4896 1871
4768 1871
3847 1871
1 1871
1 1872
7550 1873
7572 1873
4107 1873
1 1873
7036 1874
5277 1874
1 1874
7657 1875
7161 1875
6154 1875
5384 1875
870 1875
1 1875
5436 1876
1 1876
4054 1877
1 1877
5572 1878
1 1878
6469 1879
1 1879
1 1880
5583 1881
1 1881
7703 1882
6081 1882
4879 1882
4043 1882
1 1882
4642 1883
1 1883
7950 1884
7852 1884
1 1884
4575 1885
1 1885
6544 1886
4877 1886
1 1886
5866 1887
4156 1887
1 1887
7151 1888
4494 1888
1 1888
7308 1889
1 1889
6936 1890
7223 1890
1 1890
5717 1891
1 1891
6468 1892
4294 1892
1 1892
6680 1893
4461 1893
1 1893
5761 1894
1 1894
7599 1895
4460 1895
1 1895
5498 1896
4326 1896
4089 1896
1 1896
7617 1897
5599 1897
4906 1897
1 1897
6891 1898
4782 1898
4708 1898
4084 1898
1 1898
4739 1899
4086 1899
1 1899
6523 1900
1535 1900
1 1900
7228 1901
5297 1901
1 1901
7057 1902
1 1902
7434 1903
1 1903
7950 1904
5869 1904
1 1904
7116 1905
1 1905
7931 1906
4123 1906
1 1906
5548 1907
1 1907
1 1908
1 1909
1 1910
1 1911
1 1912
6380 1913
5830 1913
5295 1913
4637 1913
4227 1913
352 1913
1 1913
7676 1914
4071 1914
1 1914
5457 1915
1 1915
4187 1916
1356 1916
1 1916
5949 1917
1 1917
7330 1918
6182 1918
5538 1918
2013 1918
1 1918
6609 1919
6102 1919
1 1919
7643 1920
7464 1920
1 1920
7729 1921
6612 1921
6017 1921
1 1921
7245 1922
5640 1922
1 1922
1 1923
6367 1924
1 1924
4998 1925
4237 1925
1 1925
4950 1926
1 1926
7009 1927
4286 1927
1 1927
7497 1928
6752 1928
5789 1928
5005 1928
4734 1928
4093 1928
1 1928
4914 1929
1 1929
7564 1930
6010 1930
1 1930
7289 1931
1 1931
6355 1932
1 1932
6708 1933
6327 1933
1 1933
5778 1934
4385 1934
1 1934
6317 1935
6111 1935
4936 1935
1404 1935
1 1935
5748 1936
5403 1936
4894 1936
1 1936
7935 1937
6266 1937
1 1937
7697 1938
7171 1938
5179 1938
1060 1938
1 1938
1763 1939
1 1939
1 1940
1 1941
7006 1942
4186 1942
1 1942
6359 1943
5398 1943
5014 1943
1 1943
5309 1944
1 1944
3112 1945
1 1945
5003 1946
1 1946
4061 1947
1 1947
1 1948
6686 1949
5383 1949
5186 1949
1 1949
4504 1950
4604 1950
1 1950
7172 1951
5049 1951
4388 1951
1 1951
4788 1952
1 1952
5130 1953
4045 1953
1 1953
5949 1954
4012 1954
1 1954
6269 1955
4983 1955
1 1955
6697 1956
5404 1956
1 1956
6069 1957
1 1957
7895 1958
7855 1958
5579 1958
5604 1958
5535 1958
4833 1958
3903 1958
1 1958
6468 1959
5481 1959
1 1959
6613 1960
6535 1960
1 1960
1 1961
1 1962
5413 1963
2323 1963
1 1963
1 1964
7546 1965
3425 1965
1 1965
1 1966
6191 1967
1 1967
6806 1968
6326 1968
5624 1968
4616 1968
1594 1968
1 1968
7627 1969
7254 1969
1 1969
5882 1970
1 1970
6230 1971
4929 1971
1 1971
7216 1972
5716 1972
4938 1972
1 1972
1 1973
6791 1974
1 1974
6924 1975
1 1975
7136 1976
6195 1976
1 1976
6990 1977
6658 1977
5872 1977
1 1977
7969 1978
4674 1978
4033 1978
4096 1978
1 1978
7115 1979
6808 1979
5360 1979
1 1979
5358 1980
4772 1980
4559 1980
1 1980
6540 1981
6080 1981
6161 1981
5077 1981
4957 1981
4125 1981
4039 1981
1281 1981
1 1981
1 1982
1 1983
1 1984
4903 1985
1 1985
5433 1986
5040 1986
1 1986
5015 1987
3370 1987
1 1987
4901 1988
1 1988
1 1989
6610 1990
5845 1990
5632 1990
5072 1990
1 1990
1 1991
4598 1992
1 1992
5992 1993
6050 1993
1 1993
6654 1994
5621 1994
1 1994
1 1995
1 1996
6712 1997
1 1997
1 1998
6117 1999
5653 1999
4908 1999
1 1999
7224 2000
5935 2000
5845 2000
1 2000
5020 2001
4493 2001
1 2001
5134 2002
4358 2002
53 2002
1 2002
1 2003
7368 2004
1 2004
7940 2005
5898 2005
1 2005
5236 2006
1 2006
7863 2007
5101 2007
1 2007
7725 2008
1 2008
4987 2009
1 2009
6214 2010
4193 2010
4029 2010
1 2010
5215 2011
5192 2011
4248 2011
1 2011
6739 2012
4331 2012
3449 2012
1 2012
5704 2013
1 2013
1 2014
5885 2015
1184 2015
2312 2015
1 2015
6053 2016
5279 2016
4098 2016
1 2016
7458 2017
6704 2017
6325 2017
5985 2017
1 2017
1571 2018
1 2018
5836 2019
1 2019
4516 2020
1786 2020
1 2020
4978 2021
1 2021
5515 2022
4477 2022
1 2022
5711 2023
1 2023
4194 2024
1 2024
5690 2025
4478 2025
3852 2025
1 2025
7588 2026
2016 2026
1 2026
7447 2027
6547 2027
1 2027
4576 2028
1 2028
7540 2029
1 2029
4541 2030
1804 2030
1 2030
1 2031
4696 2032
1 2032
7432 2033
7263 2033
6479 2033
3721 2033
1 2033
4940 2034
3219 2034
1 2034
6585 2035
4972 2035
1 2035
7936 2036
7241 2036
5413 2036
5520 2036
1 2036
5169 2037
1 2037
5734 2038
1 2038
6883 2039
1 2039
1 2040
5205 2041
1 2041
7129 2042
1 2042
7098 2043
1 2043
4735 2044
1 2044
6832 2045
1 2045
6480 2046
1 2046
7615 2047
6309 2047
1 2047
5873 2048
4168 2048
3596 2048
1 2048
7917 2049
5866 2049
5120 2049
1 2049
1 2050
4104 2051
1 2051
6137 2052
5670 2052
4380 2052
1742 2052
1 2052
7619 2053
7097 2053
6547 2053
5415 2053
5022 2053
4337 2053
1 2053
7593 2054
6068 2054
1 2054
6491 2055
4333 2055
1 2055
1 2056
4331 2057
1 2057
5717 2058
1 2058
7685 2059
4854 2059
4442 2059
1177 2059
1944 2059
1 2059
1 2060
7442 2061
6719 2061
5644 2061
1 2061
7418 2062
1 2062
1 2063
5031 2064
1 2064
7763 2065
1 2065
1294 2066
1 2066
7114 2067
1 2067
6732 2068
1 2068
6853 2069
5999 2069
1 2069
5520 2070
4609 2070
1 2070
7568 2071
1888 2071
1 2071
6386 2072
5004 2072
4197 2072
4321 2072
1 2072
7825 2073
7515 2073
1 2073
5288 2074
3264 2074
1 2074
1 2075
7897 2076
4528 2076
2768 2076
1 2076
5514 2077
1 2077
4807 2078
4227 2078
1 2078
7471 2079
1 2079
4919 2080
1 2080
6396 2081
4986 2081
4889 2081
2463 2081
1 2081
5594 2082
4186 2082
1 2082
5886 2083
5394 2083
5149 2083
1 2083
5447 2084
1 2084
7934 2085
5457 2085
1 2085
7999 2086
6607 2086
5157 2086
4421 2086
4148 2086
1 2086
7219 2087
6102 2087
1 2087
4516 2088
4137 2088
1 2088
7799 2089
7514 2089
7080 2089
7213 2089
4719 2089
1 2089
7920 2090
1 2090
7352 2091
5779 2091
4395 2091
1 2091
6028 2092
1 2092
4420 2093
1 2093
7009 2094
6699 2094
5591 2094
1 2094
6202 2095
5394 2095
1 2095
4421 2096
343 2096
1 2096
6414 2097
5350 2097
1 2097
1 2098
4763 2099
1 2099
1 2100
4833 2101
1 2101
7086 2102
5669 2102
5024 2102
4885 2102
1 2102
5957 2103
1 2103
5894 2104
4491 2104
1 2104
4545 2105
4212 2105
1 2105
7072 2106
6474 2106
1 2106
7300 2107
6467 2107
5451 2107
1 2107
1 2108
6061 2109
4579 2109
1 2109
1 2110
1 2111
7544 2112
5056 2112
5101 2112
4533 2112
1 2112
7729 2113
7307 2113
1 2113
1 2114
4988 2115
2000 2115
1297 2115
1 2115
6439 2116
5289 2116
4271 2116
1 2116
1 2117
6850 2118
6445 2118
6228 2118
1 2118
4649 2119
1 2119
7022 2120
4027 2120
1 2120
7004 2121
1 2121
5843 2122
1 2122
7869 2123
4769 2123
1 2123
6834 2124
6888 2124
1 2124
7282 2125
6597 2125
6606 2125
5778 2125
1 2125
5514 2126
4666 2126
1 2126
6492 2127
6043 2127
1 2127
7236 2128
1 2128
6882 2129
5567 2129
4762 2129
1 2129
6625 2130
6485 2130
5993 2130
5152 2130
1 2130
4489 2131
4527 2131
1 2131
7341 2132
5538 2132
1 2132
7884 2133
6055 2133
1 2133
7600 2134
7216 2134
1 2134
192 2135
1 2135
4319 2136
1 2136
7789 2137
6487 2137
5010 2137
4842 2137
1 2137
405 2138
1 2138
1 2139
4449 2140
1 2140
7333 2141
6652 2141
4370 2141
1 2141
5386 2142
4064 2142
1 2142
7636 2143
1 2143
7553 2144
7345 2144
5553 2144
1 2144
6415 2145
6114 2145
6130 2145
5883 2145
5090 2145
487 2145
1 2145
7345 2146
6840 2146
1 2146
1 2147
1 2148
6187 2149
1 2149
209 2150
1 2150
1 2151
6533 2152
5050 2152
1236 2152
1 2152
1 2153
5268 2154
4623 2154
1 2154
1 2155
6981 2156
1 2156
1 2157
5045 2158
4696 2158
4710 2158
1 2158
7584 2159
5906 2159
1 2159
6000 2160
1 2160
7713 2161
1 2161
6903 2162
1 2162
1 2163
7106 2164
5102 2164
3167 2164
1 2164
1 2165
6846 2166
6067 2166
1 2166
1 2167
7896 2168
1 2168
6540 2169
1 2169
4844 2170
4355 2170
4289 2170
1 2170
7462 2171
6128 2171
1 2171
6486 2172
1 2172
7469 2173
6762 2173
6069 2173
5600 2173
1 2173
1 2174
1 2175
6560 2176
6469 2176
4457 2176
1 2176
1 2177
7188 2178
4037 2178
1 2178
6049 2179
1 2179
6383 2180
4695 2180
4445 2180
4217 2180
1 2180
7645 2181
5218 2181
3100 2181
1 2181
6814 2182
1 2182
4996 2183
1 2183
4679 2184
1 2184
7017 2185
6267 2185
1 2185
5648 2186
4620 2186
1 2186
1 2187
4374 2188
1 2188
7962 2189
1 2189
6713 2190
6358 2190
1 2190
6799 2191
5630 2191
4149 2191
1 2191
1 2192
1 2193
1 2194
8009 2195
6928 2195
1 2195
6581 2196
4776 2196
1952 2196
1 2196
7606 2197
7316 2197
5619 2197
1 2197
7958 2198
4211 2198
4223 2198
90 2198
1 2198
1 2199
6400 2200
5147 2200
1 2200
1 2201
1 2202
7046 2203
2968 2203
1 2203
5939 2204
1 2204
7648 2205
1 2205
6587 2206
1 2206
7765 2207
1 2207
6041 2208
1 2208
7884 2209
7891 2209
5835 2209
5119 2209
4504 2209
1 2209
4280 2210
1 2210
4450 2211
1 2211
1 2212
7473 2213
6712 2213
6165 2213
1 2213
4847 2214
1 2214
7696 2215
6414 2215
5634 2215
4305 2215
1 2215
6889 2216
1 2216
1 2217
6660 2218
6840 2218
6492 2218
4612 2218
1 2218
1 2219
6485 2220
1 2220
6054 2221
4979 2221
1 2221
1 2222
6959 2223
6067 2223
1 2223
7991 2224
843 2224
1 2224
6730 2225
5319 2225
5144 2225
4192 2225
1 2225
7594 2226
6790 2226
1 2226
6194 2227
5209 2227
1 2227
7887 2228
5645 2228
1 2228
5505 2229
1442 2229
1 2229
6951 2230
5350 2230
1 2230
5200 2231
5134 2231
1 2231
5139 2232
4964 2232
1 2232
7878 2233
6021 2233
1 2233
5615 2234
4515 2234
1 2234
5804 2235
5076 2235
4880 2235
4393 2235
1 2235
1 2236
6712 2237
6592 2237
1 2237
7088 2238
6158 2238
1 2238
7549 2239
1 2239
6581 2240
5527 2240
4452 2240
4129 2240
1 2240
7402 2241
7465 2241
5630 2241
5529 2241
4612 2241
1 2241
6067 2242
4224 2242
1 2242
4476 2243
391 2243
2718 2243
1 2243
5831 2244
4567 2244
1 2244
1 2245
1 2246
7132 2247
4015 2247
1 2247
7272 2248
7324 2248
7141 2248
1 2248
7580 2249
5352 2249
4647 2249
1 2249
6458 2250
1 2250
6284 2251
5893 2251
1 2251
4615 2252
4453 2252
1 2252
6981 2253
4149 2253
1 2253
4610 2254
4300 2254
1 2254
5145 2255
4213 2255
1 2255
6380 2256
5709 2256
5339 2256
4722 2256
1 2256
7681 2257
7251 2257
7493 2257
5063 2257
5139 2257
4204 2257
1 2257
7888 2258
5071 2258
2241 2258
1 2258
5095 2259
1 2259
4558 2260
1 2260
5082 2261
4720 2261
1097 2261
1 2261
6858 2262
1 2262
7201 2263
5694 2263
1 2263
7744 2264
7010 2264
6990 2264
4826 2264
789 2264
1 2264
1 2265
6549 2266
5789 2266
4617 2266
4061 2266
1 2266
7948 2267
6924 2267
4538 2267
1 2267
4702 2268
4017 2268
1 2268
7269 2269
1 2269
6823 2270
4018 2270
3755 2270
1 2270
7464 2271
5295 2271
1 2271
5994 2272
4594 2272
4103 2272
1 2272
7422 2273
6562 2273
1 2273
5749 2274
5854 2274
5475 2274
4015 2274
3022 2274
1 2274
1 2275
5323 2276
4052 2276
1 2276
7820 2277
4216 2277
1 2277
6609 2278
6111 2278
5407 2278
1008 2278
1 2278
5463 2279
4340 2279
1 2279
6981 2280
5481 2280
1 2280
5973 2281
1 2281
1 2282
4507 2283
1 2283
7286 2284
7394 2284
4533 2284
1 2284
7086 2285
4944 2285
4084 2285
1 2285
6875 2286
6634 2286
1 2286
1 2287
6169 2288
4343 2288
1 2288
6193 2289
6131 2289
4556 2289
1838 2289
2931 2289
1 2289
5680 2290
1 2290
4695 2291
1 2291
7053 2292
1 2292
1 2293
5097 2294
1 2294
7788 2295
5637 2295
5818 2295
4937 2295
1 2295
5318 2296
1 2296
7353 2297
4989 2297
1 2297
4442 2298
4011 2298
1 2298
6816 2299
1 2299
5143 2300
4887 2300
4481 2300
4253 2300
1 2300
3645 2301
1126 2301
1 2301
7882 2302
4602 2302
1 2302
1 2303
6856 2304
6313 2304
4075 2304
1 2304
7802 2305
5045 2305
611 2305
1 2305
4955 2306
4230 2306
1 2306
1 2307
4520 2308
1 2308
5853 2309
4730 2309
4270 2309
1 2309
6072 2310
1 2310
7134 2311
1 2311
1 2312
7317 2313
4495 2313
1 2313
7626 2314
1 2314
6763 2315
6173 2315
1 2315
6380 2316
5213 2316
4544 2316
1 2316
6450 2317
5023 2317
4186 2317
1 2317
4630 2318
4150 2318
2845 2318
1 2318
6263 2319
5763 2319
1 2319
1 2320
7708 2321
1 2321
5981 2322
1 2322
7012 2323
1 2323
7409 2324
4179 2324
1 2324
7114 2325
6513 2325
6214 2325
5947 2325
1 2325
7619 2326
5953 2326
1 2326
7121 2327
6060 2327
4317 2327
1 2327
7660 2328
7874 2328
1 2328
1 2329
7471 2330
6174 2330
4258 2330
1 2330
1 2331
1 2332
7991 2333
7473 2333
1 2333
4720 2334
1 2334
5792 2335
1 2335
5858 2336
1 2336
4311 2337
1 2337
1 2338
7057 2339
1 2339
6766 2340
1 2340
7381 2341
1 2341
7973 2342
1 2342
7038 2343
6267 2343
1 2343
7463 2344
1 2344
1 2345
7435 2346
1082 2346
1 2346
7133 2347
4781 2347
1 2347
1 2348
4797 2349
1 2349
1 2350
7246 2351
4398 2351
1 2351
6081 2352
1 2352
4537 2353
1 2353
6521 2354
5454 2354
1 2354
6287 2355
1 2355
5966 2356
1 2356
1 2357
6888 2358
4868 2358
4250 2358
1 2358
7128 2359
5962 2359
5794 2359
5130 2359
1 2359
1 2360
7291 2361
1 2361
5901 2362
1 2362
6331 2363
4653 2363
2692 2363
1 2363
7651 2364
6760 2364
6368 2364
5932 2364
1 2364
5301 2365
4577 2365
1 2365
6087 2366
5103 2366
1 2366
1 2367
1 2368
1 2369
7828 2370
4852 2370
1 2370
7243 2371
4749 2371
1 2371
1 2372
5108 2373
1 2373
6273 2374
6481 2374
1 2374
7750 2375
7657 2375
7152 2375
1 2375
6795 2376
6488 2376
1 2376
6605 2377
1 2377
7673 2378
1 2378
1 2379
5753 2380
1 2380
7362 2381
4722 2381
4032 2381
1 2381
4591 2382
1 2382
1 2383
5831 2384
1 2384
7173 2385
1 2385
1 2386
6874 2387
1 2387
7843 2388
5535 2388
1 2388
1 2389
4931 2390
1 2390
7766 2391
1 2391
4544 2392
4568 2392
1 2392
6617 2393
5395 2393
1 2393
7691 2394
4100 2394
1 2394
5083 2395
1 2395
7134 2396
7010 2396
6811 2396
1 2396
6331 2397
1 2397
1 2398
5362 2399
5188 2399
1 2399
5372 2400
1 2400
4079 2401
1 2401
7415 2402
6578 2402
1 2402
7586 2403
6871 2403
1 2403
6249 2404
5511 2404
1 2404
7615 2405
6524 2405
1 2405
7527 2406
6480 2406
5923 2406
4300 2406
402 2406
1 2406
7446 2407
7080 2407
1 2407
5647 2408
1 2408
7188 2409
1 2409
7796 2410
4687 2410
1 2410
1 2411
7793 2412
4793 2412
1 2412
7564 2413
5400 2413
1 2413
6997 2414
1 2414
5826 2415
5490 2415
1 2415
7686 2416
5753 2416
1 2416
1280 2417
1 2417
4561 2418
1 2418
7024 2419
6333 2419
5184 2419
1 2419
6307 2420
6006 2420
4191 2420
1 2420
4411 2421
1 2421
7512 2422
6183 2422
5813 2422
5039 2422
4607 2422
4366 2422
4371 2422
4323 2422
1 2422
1 2423
1 2424
6187 2425
4729 2425
1 2425
1 2426
6700 2427
6857 2427
1 2427
1 2428
1 2429
6299 2430
4199 2430
1 2430
6621 2431
1 2431
1 2432
7408 2433
3885 2433
1 2433
7780 2434
5920 2434
6124 2434
1 2434
5286 2435
1 2435
6220 2436
4601 2436
3030 2436
1 2436
7599 2437
5541 2437
4229 2437
2336 2437
1 2437
6038 2438
6141 2438
1 2438
6894 2439
1 2439
5802 2440
1 2440
7656 2441
7090 2441
6148 2441
1 2441
1 2442
4365 2443
1 2443
7307 2444
1 2444
7499 2445
4780 2445
4517 2445
550 2445
1 2445
4423 2446
1 2446
1 2447
7829 2448
1 2448
7177 2449
1 2449
5549 2450
1 2450
5580 2451
4520 2451
1 2451
5877 2452
4271 2452
1 2452
4378 2453
1 2453
4113 2454
1 2454
1 2455
7389 2456
1 2456
1 2457
6768 2458
1 2458
7980 2459
7665 2459
5961 2459
4361 2459
1 2459
5403 2460
1 2460
1 2461
1 2462
7013 2463
1 2463
7056 2464
5217 2464
1 2464
5841 2465
1 2465
5619 2466
1 2466
7641 2467
1 2467
4112 2468
4222 2468
1 2468
2015 2469
1 2469
5511 2470
5274 2470
4766 2470
4563 2470
1 2470
7442 2471
1 2471
6165 2472
1 2472
1 2473
5221 2474
4994 2474
4418 2474
1 2474
1 2475
6260 2476
5852 2476
5642 2476
1 2476
1 2477
4721 2478
1 2478
7573 2479
5138 2479
1 2479
1 2480
3506 2481
1 2481
5452 2482
1 2482
7515 2483
7016 2483
6658 2483
1 2483
7324 2484
6664 2484
5564 2484
1 2484
6672 2485
4399 2485
1 2485
7544 2486
6973 2486
5463 2486
4649 2486
1 2486
6574 2487
1 2487
7707 2488
7355 2488
1 2488
1 2489
6818 2490
6080 2490
1 2490
1 2491
7855 2492
1 2492
6610 2493
6626 2493
5209 2493
4759 2493
1 2493
1 2494
7399 2495
6873 2495
6516 2495
4726 2495
1 2495
4828 2496
4385 2496
1 2496
4678 2497
1 2497
7955 2498
7206 2498
6574 2498
1 2498
7153 2499
5414 2499
4790 2499
4749 2499
1 2499
1 2500
4517 2501
1 2501
6942 2502
5869 2502
1 2502
313 2503
1 2503
7125 2504
1 2504
6508 2505
1 2505
7962 2506
1 2506
4701 2507
3605 2507
1 2507
4955 2508
4135 2508
1 2508
1 2509
1 2510
4979 2511
1 2511
6947 2512
5700 2512
1 2512
5285 2513
4670 2513
1 2513
2557 2514
1 2514
1 2515
5410 2516
1 2516
4404 2517
1 2517
1 2518
6733 2519
6351 2519
6558 2519
5625 2519
1 2519
7427 2520
5411 2520
2759 2520
1 2520
7770 2521
1 2521
1 2522
6522 2523
1 2523
4996 2524
4334 2524
1 2524
1 2525
1 2526
1 2527
7852 2528
1 2528
5182 2529
4041 2529
1 2529
4340 2530
4395 2530
1 2530
7636 2531
4630 2531
1 2531
6172 2532
5546 2532
5333 2532
1 2532
5922 2533
5843 2533
1 2533
5504 2534
1 2534
2262 2535
1 2535
7437 2536
4441 2536
1 2536
4242 2537
1 2537
7423 2538
5029 2538
1 2538
6447 2539
1 2539
1 2540
7929 2541
1 2541
4523 2542
4039 2542
1 2542
6788 2543
6556 2543
1 2543
7896 2544
1 2544
7114 2545
1 2545
5811 2546
5880 2546
4104 2546
1 2546
1 2547
1 2548
6683 2549
5019 2549
4772 2549
1 2549
6591 2550
1 2550
7797 2551
5876 2551
1 2551
7384 2552
4359 2552
1 2552
6986 2553
6627 2553
4557 2553
1 2553
7694 2554
7573 2554
4610 2554
1 2554
5604 2555
1 2555
7958 2556
4130 2556
1 2556
1 2557
6224 2558
5783 2558
1 2558
4090 2559
1 2559
7346 2560
1 2560
7177 2561
4700 2561
1 2561
1 2562
7626 2563
6797 2563
5248 2563
4778 2563
1 2563
5834 2564
1 2564
1 2565
5207 2566
4958 2566
1 2566
4543 2567
4281 2567
1 2567
6847 2568
4393 2568
1 2568
7790 2569
6704 2569
6756 2569
4889 2569
1 2569
7862 2570
7219 2570
1 2570
7956 2571
4668 2571
1 2571
4401 2572
1 2572
1 2573
5331 2574
1 2574
7353 2575
6986 2575
4986 2575
4796 2575
1 2575
5913 2576
1 2576
7335 2577
6962 2577
5985 2577
1 2577
7394 2578
5690 2578
5769 2578
4736 2578
1 2578
4644 2579
1 2579
4382 2580
2944 2580
1 2580
7514 2581
6001 2581
1 2581
5660 2582
4294 2582
1 2582
4542 2583
840 2583
1 2583
6513 2584
5560 2584
4865 2584
4329 2584
1 2584
7446 2585
5336 2585
4552 2585
1 2585
1 2586
7325 2587
7184 2587
7117 2587
6740 2587
6569 2587
4025 2587
1 2587
7611 2588
1 2588
1 2589
2207 2590
1 2590
6854 2591
1 2591
7996 2592
7816 2592
6551 2592
6186 2592
2491 2592
1 2592
6435 2593
1 2593
6877 2594
6022 2594
1 2594
7861 2595
7598 2595
6617 2595
6369 2595
5592 2595
5703 2595
5245 2595
4482 2595
1 2595
5410 2596
4860 2596
1 2596
7510 2597
6200 2597
5802 2597
1 2597
7876 2598
4618 2598
4435 2598
998 2598
1 2598
5206 2599
1 2599
4367 2600
1 2600
1 2601
1 2602
6604 2603
1 2603
1 2604
1 2605
1 2606
7069 2607
1 2607
4539 2608
1 2608
1 2609
7112 2610
7185 2610
5069 2610
1 2610
1 2611
1 2612
6233 2613
1 2613
4586 2614
1 2614
7974 2615
7704 2615
7552 2615
6641 2615
6342 2615
1 2615
7676 2616
7168 2616
1 2616
6083 2617
1 2617
6801 2618
5998 2618
6074 2618
5694 2618
1 2618
5598 2619
5513 2619
197 2619
1 2619
7029 2620
1 2620
1 2621
6026 2622
5462 2622
1 2622
7949 2623
7123 2623
5899 2623
1 2623
6182 2624
5861 2624
1 2624
6501 2625
5709 2625
1 2625
6410 2626
6424 2626
1 2626
7325 2627
5835 2627
1 2627
7710 2628
6025 2628
5589 2628
5315 2628
5101 2628
1 2628
7980 2629
7298 2629
1 2629
7338 2630
5568 2630
4890 2630
4429 2630
3241 2630
1 2630
5983 2631
5204 2631
4023 2631
4096 2631
1 2631
1 2632
1 2633
245 2634
1 2634
1 2635
5889 2636
5181 2636
1 2636
7976 2637
7569 2637
5118 2637
1 2637
6276 2638
5321 2638
1 2638
7504 2639
5716 2639
1 2639
7376 2640
7291 2640
5696 2640
1 2640
1 2641
5451 2642
1 2642
7595 2643
7572 2643
6660 2643
1 2643
1 2644
6659 2645
1 2645
3458 2646
1 2646
7847 2647
6348 2647
1560 2647
1 2647
4088 2648
635 2648
1 2648
6254 2649
1 2649
4396 2650
1 2650
5479 2651
1 2651
7888 2652
5114 2652
3280 2652
1 2652
4359 2653
4032 2653
1 2653
7309 2654
4107 2654
1 2654
7539 2655
1 2655
6833 2656
4880 2656
1 2656
5166 2657
1 2657
6849 2658
4338 2658
1 2658
1 2659
5891 2660
5381 2660
5493 2660
5468 2660
1 2660
6341 2661
5468 2661
4723 2661
1 2661
4591 2662
1 2662
7922 2663
6971 2663
1 2663
5663 2664
1 2664
5771 2665
4510 2665
1 2665
7173 2666
1 2666
5985 2667
1 2667
6605 2668
1 2668
6168 2669
131 2669
1 2669
4084 2670
1 2670
1 2671
3132 2672
1 2672
7825 2673
5340 2673
4484 2673
1 2673
6383 2674
1 2674
7971 2675
7533 2675
6768 2675
5048 2675
5171 2675
4353 2675
1 2675
1 2676
1 2677
2744 2678
1 2678
5278 2679
1 2679
7564 2680
5885 2680
4087 2680
1 2680
5754 2681
4061 2681
1 2681
7741 2682
1 2682
7767 2683
1 2683
5044 2684
1213 2684
1 2684
7331 2685
5666 2685
5189 2685
4877 2685
1 2685
5280 2686
1 2686
5587 2687
5115 2687
4207 2687
1 2687
4863 2688
1 2688
7971 2689
7499 2689
7400 2689
5568 2689
1 2689
6448 2690
1 2690
6029 2691
1 2691
7205 2692
4678 2692
1485 2692
1 2692
5583 2693
1 2693
1 2694
6258 2695
2486 2695
1 2695
6871 2696
4500 2696
1 2696
7982 2697
6007 2697
1 2697
6460 2698
1 2698
5469 2699
1 2699
1 2700
6848 2701
1 2701
6425 2702
4258 2702
1 2702
7735 2703
1 2703
7300 2704
1 2704
7967 2705
7426 2705
4128 2705
1 2705
1 2706
7581 2707
7421 2707
1 2707
1 2708
1 2709
5056 2710
1 2710
5008 2711
4425 2711
1 2711
5465 2712
1 2712
6725 2713
1 2713
2028 2714
1 2714
7611 2715
1 2715
6715 2716
1 2716
7155 2717
6217 2717
4445 2717
1 2717
7247 2718
5182 2718
4390 2718
1 2718
4934 2719
4407 2719
1 2719
5035 2720
1 2720
6126 2721
5562 2721
4540 2721
1 2721
6749 2722
6312 2722
4370 2722
2651 2722
1 2722
7947 2723
6446 2723
4758 2723
4441 2723
1 2723
7237 2724
5599 2724
1 2724
1 2725
1 2726
7635 2727
5922 2727
1 2727
7158 2728
6399 2728
1 2728
7115 2729
871 2729
1 2729
6286 2730
5633 2730
4212 2730
1 2730
7330 2731
3206 2731
1 2731
5126 2732
1 2732
5945 2733
5252 2733
1 2733
4548 2734
2701 2734
1 2734
1 2735
6721 2736
1 2736
453 2737
1 2737
5846 2738
4872 2738
4340 2738
1 2738
1 2739
7311 2740
6459 2740
6107 2740
5827 2740
1 2740
7674 2741
5907 2741
1 2741
6897 2742
6552 2742
5446 2742
1 2742
7563 2743
6936 2743
1 2743
8007 2744
6451 2744
6234 2744
5075 2744
1 2744
1 2745
6983 2746
4937 2746
1 2746
7881 2747
6035 2747
4176 2747
4292 2747
1 2747
6790 2748
4970 2748
1 2748
6264 2749
4911 2749
1 2749
7907 2750
1 2750
5843 2751
1 2751
1 2752
4770 2753
1 2753
5552 2754
1 2754
5503 2755
5122 2755
1 2755
1 2756
7786 2757
7152 2757
6557 2757
4927 2757
1 2757
7917 2758
1 2758
7509 2759
1 2759
5002 2760
4325 2760
3419 2760
1 2760
5377 2761
5218 2761
1 2761
5659 2762
1 2762
6557 2763
4045 2763
2630 2763
1 2763
6269 2764
5930 2764
5749 2764
4513 2764
1 2764
5859 2765
2397 2765
1 2765
7576 2766
6917 2766
4825 2766
1 2766
4557 2767
2110 2767
1 2767
1 2768
1 2769
7580 2770
7540 2770
7270 2770
6808 2770
1 2770
7404 2771
4060 2771
1 2771
6612 2772
1 2772
4383 2773
4278 2773
1 2773
7100 2774
1 2774
6409 2775
6195 2775
5347 2775
4024 2775
1 2775
7933 2776
6543 2776
4368 2776
1 2776
7839 2777
4330 2777
1 2777
7429 2778
287 2778
1 2778
7556 2779
5704 2779
3475 2779
1 2779
5049 2780
1 2780
7271 2781
5341 2781
5168 2781
1 2781
7566 2782
6141 2782
5282 2782
5041 2782
4721 2782
1 2782
5850 2783
1 2783
2217 2784
1 2784
1 2785
4440 2786
4260 2786
1 2786
7847 2787
5223 2787
1 2787
1 2788
1 2789
6945 2790
5757 2790
4124 2790
1 2790
5828 2791
5147 2791
3250 2791
1 2791
7935 2792
7586 2792
1 2792
6569 2793
5467 2793
364 2793
1 2793
7529 2794
5328 2794
5251 2794
1 2794
6208 2795
1 2795
1 2796
5131 2797
1 2797
1 2798
7406 2799
1 2799
3796 2800
1 2800
6893 2801
5093 2801
1 2801
1 2802
1 2803
7255 2804
1 2804
1 2805
4518 2806
785 2806
1 2806
5638 2807
1 2807
7968 2808
6300 2808
1 2808
1 2809
6474 2810
5581 2810
5878 2810
5460 2810
1 2810
7373 2811
1 2811
1 2812
1 2813
5593 2814
1 2814
1 2815
6721 2816
1 2816
4622 2817
1 2817
5060 2818
4317 2818
1 2818
7201 2819
5712 2819
1 2819
1 2820
7978 2821
6004 2821
1 2821
6390 2822
5871 2822
5358 2822
1 2822
1575 2823
1 2823
7009 2824
6796 2824
4829 2824
1 2824
1 2825
4509 2826
1 2826
1 2827
7254 2828
6005 2828
4139 2828
1 2828
1 2829
7005 2830
5986 2830
5604 2830
1 2830
7968 2831
7638 2831
6657 2831
6009 2831
5064 2831
1 2831
1875 2832
1 2832
7476 2833
5897 2833
5502 2833
1 2833
5992 2834
4567 2834
1 2834
1 2835
1 2836
6903 2837
6139 2837
1 2837
4244 2838
1 2838
5661 2839
4361 2839
1 2839
7285 2840
1 2840
1 2841
5979 2842
694 2842
1 2842
6000 2843
4194 2843
1 2843
4431 2844
1 2844
4120 2845
1 2845
6241 2846
5430 2846
4741 2846
1 2846
6598 2847
1 2847
4634 2848
4256 2848
1 2848
1 2849
6264 2850
1 2850
7433 2851
1 2851
7262 2852
1 2852
5534 2853
1 2853
4339 2854
1 2854
7989 2855
7769 2855
6563 2855
1 2855
4217 2856
1 2856
6014 2857
1 2857
1 2858
6576 2859
1 2859
5303 2860
1 2860
7894 2861
4906 2861
4042 2861
1 2861
7234 2862
4077 2862
1 2862
7187 2863
802 2863
1 2863
7528 2864
5605 2864
5138 2864
1 2864
1 2865
4882 2866
4371 2866
1 2866
7495 2867
6993 2867
6306 2867
6545 2867
1 2867
6956 2868
5794 2868
1 2868
7462 2869
7156 2869
6338 2869
4861 2869
1 2869
1 2870
7946 2871
2249 2871
1 2871
4865 2872
1 2872
5072 2873
2679 2873
1 2873
6892 2874
4272 2874
1 2874
6465 2875
4715 2875
1 2875
7486 2876
7503 2876
7471 2876
5724 2876
1 2876
4937 2877
3796 2877
1 2877
1 2878
6909 2879
1 2879
5888 2880
4603 2880
1 2880
1 2881
4862 2882
4578 2882
1 2882
7977 2883
1 2883
4394 2884
1 2884
1 2885
6223 2886
4351 2886
1 2886
4481 2887
1611 2887
1 2887
6874 2888
6301 2888
4195 2888
1 2888
7641 2889
1 2889
6807 2890
5476 2890
126 2890
1 2890
7195 2891
5894 2891
4300 2891
1 2891
1 2892
7443 2893
5690 2893
1 2893
6887 2894
5534 2894
4190 2894
1 2894
7597 2895
5878 2895
1 2895
6997 2896
5546 2896
4439 2896
1 2896
7056 2897
1 2897
6528 2898
4767 2898
2646 2898
1 2898
5968 2899
1 2899
6789 2900
4951 2900
1 2900
7883 2901
7552 2901
4244 2901
1 2901
6546 2902
5573 2902
4352 2902
1 2902
4670 2903
1 2903
7998 2904
7319 2904
1 2904
1 2905
7545 2906
5892 2906
5573 2906
5339 2906
2349 2906
1 2906
1 2907
6988 2908
1 2908
5684 2909
1 2909
6565 2910
4683 2910
1 2910
6846 2911
1 2911
7209 2912
4448 2912
1 2912
7907 2913
4844 2913
1 2913
6219 2914
4531 2914
138 2914
1 2914
7845 2915
6038 2915
5237 2915
4207 2915
1 2915
6595 2916
6842 2916
5274 2916
1 2916
7939 2917
7076 2917
5294 2917
4501 2917
1 2917
1 2918
6292 2919
4101 2919
1 2919
6654 2920
1 2920
7584 2921
1 2921
1 2922
1 2923
7991 2924
7180 2924
5774 2924
1 2924
1 2925
1 2926
5699 2927
5089 2927
4162 2927
1 2927
5552 2928
1353 2928
1 2928
6579 2929
1 2929
7530 2930
1 2930
1 2931
7660 2932
6784 2932
6701 2932
6224 2932
1 2932
1 2933
5805 2934
1 2934
6216 2935
1 2935
7826 2936
5337 2936
1 2936
1 2937
6870 2938
1 2938
6872 2939
4835 2939
4627 2939
1 2939
5269 2940
4925 2940
1 2940
7990 2941
1 2941
1 2942
1 2943
7514 2944
5734 2944
1438 2944
1 2944
7557 2945
1 2945
7586 2946
4624 2946
1 2946
7144 2947
6652 2947
4497 2947
1 2947
5969 2948
1 2948
5756 2949
1 2949
7581 2950
1 2950
7799 2951
4799 2951
4374 2951
1 2951
7645 2952
7369 2952
1 2952
6404 2953
4840 2953
1 2953
5044 2954
4806 2954
1 2954
5331 2955
5320 2955
4679 2955
1 2955
4480 2956
1 2956
1 2957
6752 2958
6213 2958
1 2958
4400 2959
1 2959
1 2960
6243 2961
5296 2961
4548 2961
1 2961
1 2962
5509 2963
1 2963
1 2964
4840 2965
1 2965
7032 2966
3666 2966
1 2966
4802 2967
1 2967
6176 2968
1 2968
5169 2969
4192 2969
2627 2969
1 2969
7022 2970
6405 2970
1 2970
7822 2971
7620 2971
6194 2971
5171 2971
4114 2971
1 2971
7808 2972
6486 2972
1 2972
1 2973
1 2974
1951 2975
1 2975
1 2976
5900 2977
1 2977
6696 2978
1 2978
7260 2979
6777 2979
4853 2979
1 2979
7883 2980
1 2980
6929 2981
4775 2981
4050 2981
1 2981
4857 2982
4170 2982
1 2982
6735 2983
4332 2983
4101 2983
1 2983
7878 2984
5475 2984
1 2984
5119 2985
1 2985
7786 2986
1 2986
4475 2987
4081 2987
1 2987
5445 2988
1 2988
7940 2989
7442 2989
5123 2989
4017 2989
1 2989
7731 2990
6340 2990
5804 2990
1 2990
7415 2991
1 2991
4471 2992
1 2992
4993 2993
1 2993
4866 2994
1 2994
7839 2995
7407 2995
5155 2995
1 2995
6143 2996
5191 2996
4043 2996
1 2996
6071 2997
4254 2997
1 2997
5652 2998
5895 2998
1 2998
7569 2999
5277 2999
5339 2999
4664 2999
1 2999
7235 3000
6239 3000
1 3000
6560 3001
4688 3001
1 3001
1 3002
5613 3003
1 3003
7605 3004
7771 3004
5369 3004
1 3004
1 3005
1 3006
7614 3007
1 3007
7338 3008
6391 3008
6397 3008
4563 3008
2351 3008
1000 3008
1 3008
7741 3009
1 3009
5981 3010
5429 3010
1 3010
5967 3011
1 3011
4770 3012
1 3012
7870 3013
4550 3013
1 3013
5223 3014
4539 3014
1 3014
5762 3015
1 3015
1 3016
5881 3017
1 3017
7339 3018
7346 3018
5664 3018
4859 3018
1 3018
7483 3019
1 3019
1245 3020
1 3020
1 3021
7362 3022
1 3022
6818 3023
1 3023
1 3024
5669 3025
4666 3025
1 3025
7741 3026
4845 3026
4456 3026
1 3026
7687 3027
6360 3027
4379 3027
2052 3027
1 3027
7986 3028
5157 3028
1 3028
6905 3029
6279 3029
5585 3029
4528 3029
1 3029
7594 3030
7267 3030
6597 3030
4900 3030
1 3030
5377 3031
1 3031
7782 3032
7464 3032
4346 3032
1 3032
7378 3033
1 3033
6547 3034
6497 3034
4645 3034
4707 3034
1 3034
6723 3035
6561 3035
5369 3035
1 3035
6016 3036
4764 3036
1 3036
1 3037
7853 3038
4314 3038
1898 3038
1 3038
6605 3039
4951 3039
1 3039
5959 3040
1 3040
6647 3041
1868 3041
1 3041
6887 3042
1 3042
4774 3043
1 3043
4892 3044
1 3044
5367 3045
4041 3045
1 3045
6671 3046
5906 3046
1 3046
4399 3047
1 3047
1 3048
1 3049
7733 3050
1 3050
7737 3051
6821 3051
6295 3051
1 3051
1 3052
7673 3053
7585 3053
6181 3053
5871 3053
1 3053
7855 3054
5019 3054
4313 3054
1 3054
5953 3055
1 3055
7284 3056
5706 3056
1 3056
6502 3057
1 3057
7752 3058
6603 3058
4790 3058
1 3058
4910 3059
1 3059
7336 3060
6885 3060
5490 3060
1 3060
6717 3061
4659 3061
1 3061
1 3062
6007 3063
1 3063
6788 3064
4568 3064
1 3064
12005 3065
6777 3065
1 3065
6013 3066
5398 3066
1 3066
6373 3067
6200 3067
4263 3067
1 3067
6473 3068
1 3068
5260 3069
4439 3069
1 3069
8008 3070
4415 3070
1 3070
6782 3071
6222 3071
5573 3071
4982 3071
1 3071
7649 3072
7771 3072
7035 3072
1 3072
7578 3073
6070 3073
1 3073
7501 3074
1 3074
7388 3075
1 3075
6503 3076
6094 3076
5701 3076
5844 3076
1 3076
4444 3077
1 3077
7359 3078
7248 3078
5096 3078
5010 3078
2106 3078
1 3078
7007 3079
6683 3079
6659 3079
5355 3079
5104 3079
1 3079
7635 3080
5915 3080
4633 3080
4044 3080
1 3080
6600 3081
1 3081
5071 3082
31 3082
1 3082
5745 3083
5436 3083
1 3083
6621 3084
1 3084
7753 3085
7062 3085
1 3085
4596 3086
1 3086
7240 3087
5880 3087
1 3087
5828 3088
1 3088
5932 3089
4991 3089
4543 3089
4103 3089
1 3089
7784 3090
1 3090
5361 3091
4356 3091
1 3091
1 3092
6797 3093
1 3093
1 3094
4672 3095
4188 3095
1 3095
6886 3096
6346 3096
1 3096
1 3097
7126 3098
1 3098
6870 3099
5223 3099
4260 3099
1 3099
7813 3100
1 3100
7064 3101
5243 3101
1 3101
1 3102
7176 3103
4394 3103
1 3103
5822 3104
4811 3104
4216 3104
1 3104
4493 3105
1 3105
1 3106
1 3107
7267 3108
7050 3108
6441 3108
6416 3108
6044 3108
5759 3108
4461 3108
1 3108
5970 3109
1 3109
1 3110
1 3111
6258 3112
1 3112
7969 3113
7779 3113
7198 3113
1 3113
4855 3114
1 3114
6976 3115
6259 3115
1 3115
1 3116
5074 3117
4155 3117
1 3117
7108 3118
5253 3118
1 3118
7147 3119
6029 3119
1 3119
1 3120
7829 3121
7554 3121
6086 3121
1 3121
1 3122
1 3123
5552 3124
3333 3124
1 3124
1 3125
7092 3126
6968 3126
5551 3126
1 3126
5850 3127
4178 3127
1373 3127
1 3127
1 3128
7872 3129
7232 3129
6632 3129
1 3129
6123 3130
5156 3130
3418 3130
1 3130
801 3131
1 3131
3527 3132
1 3132
7209 3133
1 3133
1 3134
6640 3135
6213 3135
4038 3135
1 3135
6646 3136
5827 3136
4809 3136
1 3136
7827 3137
1 3137
5576 3138
5309 3138
1 3138
7658 3139
7616 3139
5480 3139
1 3139
7967 3140
1 3140
6918 3141
1 3141
1 3142
6398 3143
6042 3143
5149 3143
1 3143
4279 3144
1 3144
6392 3145
1 3145
6941 3146
5921 3146
5261 3146
1 3146
5870 3147
5283 3147
4752 3147
1 3147
1 3148
1 3149
7695 3150
7426 3150
4413 3150
1 3150
5710 3151
5225 3151
1 3151
7626 3152
7408 3152
7414 3152
6134 3152
1 3152
1 3153
1 3154
4620 3155
1 3155
1 3156
7539 3157
1 3157
6407 3158
4138 3158
1 3158
7417 3159
5998 3159
5401 3159
1 3159
7215 3160
5951 3160
1 3160
1 3161
7901 3162
5589 3162
5561 3162
1 3162
1 3163
7962 3164
1239 3164
1 3164
1 3165
1 3166
1 3167
5342 3168
4881 3168
4594 3168
1 3168
7145 3169
1 3169
7595 3170
1 3170
6619 3171
1 3171
6498 3172
4360 3172
1 3172
1 3173
7024 3174
1 3174
7733 3175
5582 3175
1 3175
7388 3176
4795 3176
1 3176
5213 3177
4852 3177
1 3177
6043 3178
5033 3178
1 3178
5296 3179
1 3179
7709 3180
7451 3180
6650 3180
6297 3180
1 3180
5887 3181
1413 3181
1 3181
5576 3182
5570 3182
1 3182
8008 3183
6613 3183
1 3183
1 3184
1 3185
602 3186
1 3186
4465 3187
4475 3187
1 3187
5164 3188
1 3188
6849 3189
1 3189
4344 3190
1 3190
7964 3191
5387 3191
5047 3191
4024 3191
1 3191
1 3192
4817 3193
4618 3193
4153 3193
1 3193
7268 3194
6977 3194
5901 3194
3819 3194
1 3194
7450 3195
1 3195
1 3196
6557 3197
1 3197
7495 3198
1 3198
7783 3199
6004 3199
1 3199
4137 3200
1 3200
7001 3201
1 3201
6507 3202
5754 3202
4704 3202
4416 3202
3956 3202
1 3202
6825 3203
6124 3203
5912 3203
1 3203
5344 3204
1 3204
7598 3205
1 3205
7259 3206
6232 3206
4115 3206
1 3206
4885 3207
1 3207
4245 3208
1 3208
3487 3209
1 3209
7156 3210
5051 3210
1 3210
5905 3211
1 3211
7483 3212
3952 3212
1 3212
6640 3213
6510 3213
5464 3213
4625 3213
1142 3213
1 3213
6796 3214
1 3214
5950 3215
5674 3215
5113 3215
1 3215
6963 3216
1 3216
7327 3217
4536 3217
1 3217
6655 3218
4732 3218
4255 3218
1 3218
5888 3219
4620 3219
1 3219
7336 3220
1 3220
6094 3221
5614 3221
1 3221
7239 3222
1 3222
7373 3223
6429 3223
4980 3223
1 3223
7093 3224
5927 3224
4142 3224
1 3224
4501 3225
4477 3225
4445 3225
1 3225
6403 3226
4826 3226
4934 3226
1 3226
7205 3227
6980 3227
6306 3227
1 3227
1 3228
1 3229
6807 3230
5430 3230
1 3230
7364 3231
1 3231
1 3232
7787 3233
6922 3233
6599 3233
5536 3233
1 3233
4348 3234
1 3234
4764 3235
1 3235
7245 3236
1 3236
7559 3237
5594 3237
5517 3237
4374 3237
1 3237
4288 3238
1 3238
7338 3239
5349 3239
5064 3239
1 3239
5949 3240
5081 3240
390 3240
1 3240
7065 3241
1 3241
4168 3242
1 3242
7681 3243
5366 3243
1 3243
7055 3244
1 3244
1 3245
6697 3246
5386 3246
1 3246
1 3247
6525 3248
4728 3248
1 3248
4412 3249
1 3249
6326 3250
5566 3250
1 3250
1 3251
7817 3252
6255 3252
5792 3252
1 3252
6338 3253
1 3253
7602 3254
7656 3254
4871 3254
1 3254
1 3255
7944 3256
4185 3256
1 3256
4200 3257
1 3257
6297 3258
4175 3258
125 3258
1 3258
1 3259
1 3260
4803 3261
1 3261
7194 3262
5351 3262
4053 3262
1 3262
7223 3263
5296 3263
4876 3263
1 3263
7848 3264
7796 3264
5786 3264
4852 3264
1 3264
4325 3265
1 3265
7461 3266
5945 3266
1 3266
6512 3267
382 3267
1 3267
5582 3268
1 3268
6252 3269
4734 3269
4553 3269
1 3269
1 3270
4713 3271
1 3271
6735 3272
6021 3272
1 3272
1 3273
7140 3274
7067 3274
6113 3274
4608 3274
1 3274
1 3275
2091 3276
1 3276
7948 3277
5857 3277
1 3277
5035 3278
4357 3278
1 3278
4273 3279
4257 3279
1 3279
4047 3280
1 3280
7790 3281
6858 3281
6282 3281
4205 3281
1 3281
1 3282
7274 3283
6272 3283
1 3283
6974 3284
1 3284
7880 3285
6782 3285
6186 3285
5665 3285
1 3285
4596 3286
1 3286
5284 3287
1 3287
7473 3288
7139 3288
5154 3288
1 3288
4662 3289
1 3289
7669 3290
4858 3290
1 3290
7393 3291
4551 3291
1 3291
7969 3292
1 3292
4190 3293
1 3293
6713 3294
6160 3294
5543 3294
1 3294
4234 3295
1 3295
5701 3296
5499 3296
4983 3296
3704 3296
1 3296
7746 3297
5249 3297
4900 3297
1 3297
6386 3298
4522 3298
1 3298
5663 3299
5108 3299
1 3299
6113 3300
1 3300
7534 3301
5510 3301
1 3301
7985 3302
7537 3302
7402 3302
4671 3302
1 3302
7895 3303
6642 3303
1 3303
1 3304
5622 3305
5185 3305
4475 3305
1 3305
1 3306
6831 3307
5154 3307
1 3307
1 3308
6284 3309
5491 3309
5545 3309
4767 3309
1 3309
4129 3310
1 3310
6941 3311
4850 3311
1 3311
6388 3312
4588 3312
4260 3312
1 3312
1 3313
1 3314
7253 3315
1 3315
7709 3316
6702 3316
6025 3316
5112 3316
4116 3316
1 3316
5414 3317
1 3317
7102 3318
1 3318
5977 3319
5625 3319
1 3319
7165 3320
4978 3320
4832 3320
1 3320
1 3321
7601 3322
7354 3322
6845 3322
4025 3322
1 3322
4739 3323
1 3323
6934 3324
5447 3324
1 3324
7428 3325
5492 3325
2010 3325
1 3325
6246 3326
1 3326
4376 3327
4077 3327
1 3327
4923 3328
1 3328
6927 3329
6614 3329
1 3329
7086 3330
5989 3330
5826 3330
5125 3330
1 3330
1 3331
6500 3332
5104 3332
1 3332
7602 3333
1 3333
6598 3334
6475 3334
2972 3334
1 3334
6564 3335
1 3335
6622 3336
6505 3336
5897 3336
4762 3336
4175 3336
1 3336
7737 3337
4587 3337
1 3337
1 3338
5618 3339
1 3339
1 3340
6434 3341
5456 3341
3493 3341
1 3341
4584 3342
1 3342
6886 3343
6477 3343
1 3343
5848 3344
1 3344
4757 3345
1 3345
1 3346
1 3347
6937 3348
5957 3348
4494 3348
1 3348
7283 3349
4491 3349
1 3349
1 3350
7914 3351
5769 3351
4954 3351
1 3351
7258 3352
5221 3352
1 3352
7402 3353
1 3353
1 3354
6390 3355
1 3355
6541 3356
5257 3356
4733 3356
1 3356
4811 3357
1 3357
6917 3358
5461 3358
5347 3358
1 3358
7383 3359
1 3359
1 3360
7226 3361
6413 3361
4653 3361
1 3361
4136 3362
1 3362
5245 3363
4189 3363
1 3363
7503 3364
5583 3364
5733 3364
1 3364
4932 3365
1 3365
7467 3366
1 3366
4788 3367
1 3367
6301 3368
1 3368
6222 3369
1 3369
1 3370
6624 3371
6861 3371
4671 3371
4872 3371
1 3371
7976 3372
7143 3372
6617 3372
1 3372
7673 3373
1 3373
7053 3374
5699 3374
4418 3374
1 3374
4181 3375
1 3375
5764 3376
4413 3376
1 3376
6516 3377
5215 3377
1 3377
1 3378
4996 3379
4622 3379
4647 3379
4907 3379
1 3379
5739 3380
1 3380
1 3381
7030 3382
6651 3382
4743 3382
1 3382
7399 3383
5272 3383
4336 3383
1 3383
1 3384
5362 3385
4968 3385
4624 3385
1 3385
7928 3386
1 3386
1 3387
1 3388
7871 3389
6867 3389
6213 3389
4642 3389
1 3389
7632 3390
6372 3390
5663 3390
5706 3390
5725 3390
1 3390
7607 3391
1 3391
7985 3392
4789 3392
1 3392
6758 3393
1 3393
7953 3394
7167 3394
4352 3394
1 3394
4536 3395
1 3395
5611 3396
1 3396
7675 3397
7784 3397
6601 3397
694 3397
1 3397
841 3398
1 3398
7349 3399
4143 3399
1 3399
7466 3400
7210 3400
5265 3400
1 3400
1 3401
5761 3402
5547 3402
1 3402
7028 3403
5098 3403
1 3403
4060 3404
1 3404
7357 3405
5567 3405
1 3405
1 3406
7135 3407
4943 3407
1 3407
1 3408
4687 3409
3624 3409
1 3409
6958 3410
5935 3410
4704 3410
1 3410
7862 3411
4838 3411
1 3411
7507 3412
1 3412
5684 3413
5054 3413
5181 3413
4431 3413
1 3413
4911 3414
1 3414
7541 3415
6909 3415
4743 3415
1 3415
6927 3416
1 3416
4538 3417
1 3417
1427 3418
1 3418
5335 3419
1 3419
7780 3420
7151 3420
6316 3420
6179 3420
4791 3420
4219 3420
1676 3420
1 3420
1 3421
5081 3422
1470 3422
1 3422
6318 3423
219 3423
1 3423
6860 3424
1 3424
6415 3425
1 3425
2007 3426
1 3426
7169 3427
1 3427
6653 3428
5348 3428
1 3428
1 3429
7032 3430
1 3430
7491 3431
5136 3431
4709 3431
1 3431
5947 3432
1 3432
6291 3433
1 3433
6493 3434
6106 3434
5302 3434
5016 3434
1 3434
1 3435
6538 3436
6004 3436
1 3436
7300 3437
6234 3437
1 3437
4405 3438
1 3438
5783 3439
4387 3439
1 3439
7138 3440
1 3440
1 3441
5982 3442
1 3442
1 3443
1 3444
6744 3445
5438 3445
1 3445
6070 3446
4383 3446
1 3446
6669 3447
1 3447
4988 3448
4924 3448
1 3448
1 3449
1 3450
7251 3451
1 3451
5051 3452
1 3452
7641 3453
7166 3453
4860 3453
1 3453
1 3454
7660 3455
1 3455
5421 3456
1 3456
6210 3457
5579 3457
1 3457
6790 3458
1 3458
1 3459
7750 3460
5887 3460
1 3460
6236 3461
4755 3461
4140 3461
1 3461
1 3462
7483 3463
7536 3463
6612 3463
1 3463
5622 3464
1 3464
7792 3465
5187 3465
5036 3465
1 3465
1 3466
1 3467
7684 3468
1 3468
7476 3469
5173 3469
1 3469
5268 3470
4152 3470
1 3470
1 3471
7450 3472
5277 3472
1 3472
5380 3473
5161 3473
1 3473
1 3474
7818 3475
6841 3475
6116 3475
1 3475
7348 3476
4182 3476
1 3476
7999 3477
6663 3477
4720 3477
1 3477
6946 3478
5092 3478
3134 3478
1 3478
6018 3479
5921 3479
1 3479
7823 3480
1 3480
3396 3481
1 3481
7437 3482
7558 3482
1 3482
6977 3483
2101 3483
1 3483
7604 3484
4353 3484
1 3484
1 3485
4581 3486
2822 3486
1 3486
7347 3487
1 3487
7940 3488
6368 3488
1 3488
7064 3489
4737 3489
1 3489
7404 3490
7115 3490
5424 3490
4827 3490
1 3490
1 3491
7893 3492
1 3492
7681 3493
7522 3493
5403 3493
4119 3493
4152 3493
1 3493
5895 3494
5805 3494
1 3494
5500 3495
1 3495
4064 3496
1 3496
7453 3497
6567 3497
6407 3497
1 3497
7192 3498
1 3498
5616 3499
1 3499
4933 3500
1 3500
4280 3501
1 3501
6836 3502
1 3502
4795 3503
1 3503
7712 3504
6803 3504
1 3504
4429 3505
1 3505
1 3506
7078 3507
6570 3507
5085 3507
4842 3507
4491 3507
1 3507
6302 3508
4285 3508
1 3508
7065 3509
5506 3509
1 3509
6932 3510
4350 3510
1 3510
5618 3511
4353 3511
1 3511
6423 3512
6038 3512
6077 3512
1 3512
6908 3513
5819 3513
5329 3513
1 3513
4874 3514
4872 3514
1 3514
1 3515
4938 3516
4366 3516
1 3516
7788 3517
7551 3517
6817 3517
1 3517
6823 3518
4287 3518
1 3518
7376 3519
1 3519
3544 3520
1 3520
7143 3521
7003 3521
1 3521
4226 3522
1 3522
4345 3523
1 3523
7185 3524
1 3524
1 3525
1 3526
1 3527
1 3528
4031 3529
1996 3529
1 3529
7839 3530
5148 3530
4575 3530
1 3530
7683 3531
6792 3531
1 3531
7937 3532
7805 3532
1 3532
7208 3533
1 3533
5953 3534
5353 3534
1 3534
7231 3535
4617 3535
4757 3535
1 3535
5655 3536
1 3536
7676 3537
4733 3537
1 3537
5289 3538
5532 3538
4548 3538
1 3538
6585 3539
1 3539
6416 3540
5821 3540
1 3540
6308 3541
6068 3541
6078 3541
1 3541
1 3542
7921 3543
7167 3543
6178 3543
6024 3543
5257 3543
4345 3543
4520 3543
1 3543
4713 3544
1 3544
1 3545
7733 3546
6228 3546
6010 3546
5785 3546
1 3546
7856 3547
7606 3547
1 3547
1 3548
6648 3549
6816 3549
5725 3549
4599 3549
4511 3549
4062 3549
1 3549
4424 3550
4436 3550
1 3550
7714 3551
7479 3551
6905 3551
1 3551
6149 3552
5549 3552
5050 3552
4176 3552
1 3552
7635 3553
5778 3553
4697 3553
1 3553
7871 3554
7406 3554
1 3554
5555 3555
1 3555
6755 3556
1 3556
7265 3557
4649 3557
1 3557
7322 3558
1 3558
7580 3559
7479 3559
1 3559
7829 3560
7881 3560
6884 3560
5480 3560
4424 3560
1 3560
1 3561
6360 3562
1 3562
1 3563
5053 3564
4027 3564
1 3564
1 3565
7573 3566
6644 3566
4565 3566
424 3566
1 3566
7376 3567
7070 3567
6318 3567
4965 3567
1 3567
7687 3568
5680 3568
1 3568
4239 3569
1 3569
7305 3570
5312 3570
1 3570
6568 3571
4651 3571
1 3571
6643 3572
1 3572
7542 3573
1 3573
1 3574
7108 3575
4891 3575
1161 3575
1 3575
7319 3576
6342 3576
5303 3576
1 3576
1226 3577
1 3577
7227 3578
5530 3578
1007 3578
1 3578
5027 3579
1642 3579
1 3579
1 3580
4670 3581
1 3581
6217 3582
4341 3582
1 3582
4293 3583
1 3583
7782 3584
6696 3584
5093 3584
4967 3584
829 3584
1 3584
4621 3585
1 3585
1 3586
1 3587
1 3588
6985 3589
4050 3589
1 3589
6779 3590
1 3590
6010 3591
1 3591
6912 3592
1 3592
7760 3593
5652 3593
1 3593
7847 3594
5157 3594
4159 3594
1 3594
1 3595
6145 3596
5465 3596
5102 3596
1 3596
6600 3597
6462 3597
4282 3597
1 3597
5225 3598
1629 3598
1 3598
7227 3599
1 3599
6413 3600
1 3600
6443 3601
5886 3601
1 3601
6988 3602
4289 3602
1 3602
5177 3603
1 3603
7350 3604
1 3604
5989 3605
5361 3605
1 3605
1 3606
1 3607
7956 3608
7850 3608
4780 3608
4428 3608
1 3608
1 3609
1 3610
4891 3611
1 3611
1 3612
1 3613
1 3614
6575 3615
6363 3615
1 3615
6583 3616
6670 3616
4067 3616
2452 3616
1 3616
5287 3617
5205 3617
1 3617
7702 3618
1 3618
7914 3619
7196 3619
4390 3619
2263 3619
1 3619
7727 3620
4614 3620
1 3620
5153 3621
1 3621
4087 3622
1 3622
1 3623
1 3624
7893 3625
7275 3625
1 3625
7747 3626
7125 3626
4271 3626
1 3626
6564 3627
3620 3627
1 3627
7578 3628
1 3628
1 3629
1 3630
1 3631
6855 3632
1 3632
7275 3633
2607 3633
1 3633
7296 3634
5116 3634
1 3634
5415 3635
1 3635
7690 3636
5537 3636
1 3636
1 3637
1 3638
5990 3639
4804 3639
1 3639
1 3640
1 3641
6086 3642
1 3642
6834 3643
1 3643
5518 3644
1 3644
1 3645
6860 3646
4915 3646
1 3646
6132 3647
1 3647
7196 3648
4207 3648
1 3648
7057 3649
1 3649
5733 3650
5337 3650
1 3650
6953 3651
1 3651
6945 3652
1 3652
4320 3653
1 3653
7120 3654
1 3654
6741 3655
6501 3655
4211 3655
1 3655
1 3656
5541 3657
1 3657
6861 3658
5300 3658
3366 3658
509 3658
1 3658
1 3659
6998 3660
4751 3660
1 3660
5763 3661
1 3661
6519 3662
5782 3662
1 3662
7006 3663
6803 3663
6333 3663
4479 3663
1 3663
1 3664
6808 3665
5418 3665
5400 3665
1 3665
1 3666
7713 3667
7566 3667
5532 3667
832 3667
1 3667
7805 3668
4467 3668
1 3668
6179 3669
5394 3669
626 3669
1 3669
7901 3670
7497 3670
6309 3670
5614 3670
5045 3670
1 3670
1 3671
4619 3672
1 3672
7005 3673
1 3673
7039 3674
6008 3674
5155 3674
1 3674
7085 3675
4846 3675
1 3675
6300 3676
4950 3676
5253 3676
1 3676
7194 3677
5142 3677
4778 3677
1 3677
4909 3678
4569 3678
1 3678
5965 3679
4352 3679
1386 3679
1 3679
7791 3680
4298 3680
1 3680
7838 3681
5739 3681
1 3681
5229 3682
1 3682
4717 3683
4484 3683
4466 3683
1 3683
5892 3684
4416 3684
1 3684
1 3685
5227 3686
528 3686
1 3686
6744 3687
5884 3687
5592 3687
2782 3687
1 3687
7887 3688
5504 3688
5042 3688
4683 3688
1 3688
1 3689
6993 3690
5741 3690
5418 3690
4350 3690
1 3690
7337 3691
2608 3691
1 3691
5547 3692
5176 3692
1 3692
6502 3693
4917 3693
4228 3693
1 3693
1 3694
5430 3695
1 3695
4298 3696
1 3696
7441 3697
1 3697
6052 3698
1 3698
6262 3699
5452 3699
1 3699
4364 3700
1 3700
1 3701
7611 3702
2607 3702
1 3702
7097 3703
1 3703
6392 3704
1 3704
7188 3705
6259 3705
5271 3705
1 3705
7374 3706
7071 3706
7199 3706
5782 3706
5294 3706
1 3706
1 3707
6467 3708
4813 3708
1 3708
1 3709
7439 3710
6500 3710
1879 3710
1 3710
1 3711
1 3712
4863 3713
1 3713
7617 3714
5050 3714
1 3714
7581 3715
4052 3715
1 3715
6604 3716
5791 3716
4584 3716
1 3716
7863 3717
5672 3717
5821 3717
4929 3717
1 3717
1 3718
1 3719
7249 3720
5789 3720
5122 3720
1 3720
5946 3721
5605 3721
1 3721
7618 3722
4198 3722
1 3722
6090 3723
5620 3723
1 3723
5620 3724
1 3724
7834 3725
5382 3725
1 3725
7167 3726
5616 3726
4948 3726
2274 3726
1 3726
1 3727
6334 3728
5944 3728
5366 3728
4195 3728
1 3728
5151 3729
4297 3729
1 3729
7506 3730
6936 3730
6558 3730
1 3730
6046 3731
1 3731
6686 3732
4513 3732
4346 3732
1 3732
7937 3733
1 3733
7482 3734
1 3734
5482 3735
1 3735
6850 3736
4324 3736
1 3736
4785 3737
1 3737
6828 3738
4310 3738
1 3738
4541 3739
1 3739
7008 3740
5150 3740
1 3740
1 3741
7418 3742
7105 3742
1 3742
6055 3743
5991 3743
3845 3743
1 3743
7776 3744
1 3744
1 3745
5808 3746
1 3746
4211 3747
4078 3747
3827 3747
1 3747
5002 3748
4344 3748
1 3748
6555 3749
1 3749
6842 3750
1 3750
1 3751
6741 3752
5265 3752
1 3752
7704 3753
1 3753
5931 3754
1 3754
5780 3755
1 3755
5124 3756
1 3756
4627 3757
1921 3757
1 3757
6313 3758
6054 3758
1 3758
6533 3759
4355 3759
1 3759
1 3760
1 3761
6186 3762
1 3762
4101 3763
1 3763
1 3764
7411 3765
7040 3765
5343 3765
1 3765
7728 3766
1 3766
4584 3767
230 3767
1 3767
6402 3768
5283 3768
1 3768
5346 3769
4874 3769
4532 3769
1 3769
6743 3770
1 3770
6831 3771
5761 3771
4088 3771
1 3771
7590 3772
4998 3772
1 3772
7511 3773
6479 3773
1 3773
6668 3774
5960 3774
5791 3774
4467 3774
1 3774
7213 3775
5374 3775
1 3775
1 3776
6162 3777
1 3777
1 3778
6066 3779
4724 3779
1 3779
7284 3780
4760 3780
4104 3780
1 3780
1 3781
6016 3782
1 3782
4822 3783
1 3783
7510 3784
1 3784
7734 3785
6412 3785
1 3785
6759 3786
1 3786
7359 3787
7030 3787
1 3787
4709 3788
1 3788
6299 3789
5152 3789
1 3789
7187 3790
6653 3790
5343 3790
1 3790
7529 3791
6692 3791
1 3791
6462 3792
6202 3792
1 3792
1 3793
7225 3794
5065 3794
1 3794
4809 3795
1 3795
1 3796
7391 3797
5036 3797
1 3797
6345 3798
6223 3798
4495 3798
4166 3798
1 3798
5359 3799
1 3799
7607 3800
5466 3800
5124 3800
1 3800
7419 3801
6965 3801
4854 3801
1 3801
6687 3802
1 3802
7249 3803
1 3803
6473 3804
6438 3804
1 3804
1 3805
1 3806
6888 3807
4452 3807
1 3807
7918 3808
7263 3808
5175 3808
4113 3808
1 3808
5156 3809
1 3809
7648 3810
1 3810
7749 3811
1 3811
4606 3812
1 3812
1 3813
6748 3814
6687 3814
6260 3814
5274 3814
1 3814
1 3815
6994 3816
6659 3816
1 3816
5380 3817
4277 3817
1 3817
4191 3818
1 3818
7918 3819
5930 3819
5842 3819
5451 3819
4627 3819
4320 3819
1 3819
6046 3820
4048 3820
1 3820
6304 3821
4993 3821
1 3821
6934 3822
6426 3822
5323 3822
1 3822
1 3823
1 3824
4275 3825
1 3825
7543 3826
1 3826
4037 3827
1 3827
6968 3828
4942 3828
3252 3828
1 3828
1 3829
6968 3830
4095 3830
1 3830
5252 3831
1 3831
1 3832
7480 3833
4398 3833
249 3833
1 3833
5748 3834
4678 3834
1 3834
7605 3835
1 3835
1 3836
4166 3837
1 3837
5852 3838
1 3838
5903 3839
4930 3839
4756 3839
1 3839
6782 3840
6575 3840
1 3840
7100 3841
5716 3841
1 3841
7762 3842
5192 3842
1 3842
7947 3843
6039 3843
5407 3843
4931 3843
1 3843
7705 3844
7137 3844
1 3844
6983 3845
4639 3845
4647 3845
1 3845
6362 3846
6367 3846
4252 3846
1 3846
6378 3847
4064 3847
1 3847
6253 3848
5420 3848
1 3848
7012 3849
6346 3849
1 3849
7221 3850
4729 3850
1 3850
6415 3851
1 3851
1 3852
7947 3853
5033 3853
1 3853
5163 3854
4028 3854
1724 3854
1 3854
7129 3855
6205 3855
1 3855
1 3856
6696 3857
5906 3857
1 3857
1 3858
7833 3859
6874 3859
5136 3859
5167 3859
5077 3859
4987 3859
1 3859
5634 3860
1225 3860
1 3860
1 3861
1 3862
7486 3863
6279 3863
6156 3863
4782 3863
4838 3863
1 3863
4351 3864
1 3864
5100 3865
1 3865
8007 3866
7532 3866
6664 3866
6351 3866
5187 3866
5031 3866
4744 3866
1 3866
7434 3867
4011 3867
297 3867
1 3867
1 3868
6866 3869
5966 3869
1 3869
6544 3870
1 3870
5038 3871
4258 3871
1 3871
4786 3872
1 3872
1 3873
6580 3874
5864 3874
4402 3874
1 3874
5332 3875
5230 3875
1 3875
6433 3876
5068 3876
4223 3876
1 3876
7003 3877
3466 3877
1 3877
7010 3878
6015 3878
5550 3878
4411 3878
1 3878
1 3879
1 3880
4694 3881
1 3881
7841 3882
6414 3882
4863 3882
1 3882
6953 3883
4878 3883
3649 3883
1 3883
4444 3884
1 3884
6490 3885
4643 3885
1 3885
4308 3886
1 3886
1 3887
5734 3888
5127 3888
1 3888
6624 3889
1 3889
6953 3890
1 3890
1 3891
5943 3892
1 3892
1 3893
1 3894
6455 3895
5089 3895
5123 3895
4138 3895
1 3895
7656 3896
6467 3896
6018 3896
5359 3896
1 3896
4210 3897
1 3897
7138 3898
5382 3898
1 3898
5064 3899
1 3899
5971 3900
4525 3900
4555 3900
1 3900
1 3901
7648 3902
6821 3902
1 3902
5515 3903
4825 3903
1 3903
7683 3904
1 3904
4665 3905
1 3905
6837 3906
5488 3906
1 3906
1 3907
5710 3908
5298 3908
4833 3908
1 3908
7312 3909
6212 3909
5561 3909
4858 3909
1 3909
7911 3910
5874 3910
1 3910
1 3911
4847 3912
1 3912
1 3913
5303 3914
1 3914
6804 3915
5531 3915
1 3915
1 3916
1 3917
7151 3918
1 3918
4929 3919
2404 3919
1 3919
6803 3920
6478 3920
6027 3920
1 3920
5191 3921
1 3921
7697 3922
1602 3922
1 3922
1 3923
5315 3924
4476 3924
1 3924
5323 3925
4161 3925
1 3925
5095 3926
1 3926
6522 3927
1 3927
5180 3928
1 3928
4479 3929
4336 3929
1 3929
6382 3930
1 3930
1 3931
5560 3932
1 3932
5192 3933
1151 3933
1 3933
6627 3934
6496 3934
1 3934
6247 3935
5092 3935
4496 3935
1 3935
5148 3936
1 3936
5607 3937
1 3937
1 3938
1 3939
7085 3940
6977 3940
1 3940
1 3941
6388 3942
4100 3942
1 3942
6011 3943
5450 3943
4129 3943
1 3943
6951 3944
4120 3944
1 3944
6099 3945
4396 3945
1 3945
7254 3946
5485 3946
1 3946
6770 3947
6525 3947
5798 3947
1 3947
7690 3948
7577 3948
6881 3948
6145 3948
4846 3948
1 3948
7265 3949
7139 3949
4417 3949
4406 3949
1 3949
1 3950
5200 3951
4136 3951
4019 3951
1 3951
7393 3952
6228 3952
1 3952
7319 3953
1 3953
7309 3954
6496 3954
4458 3954
1 3954
6848 3955
1 3955
6922 3956
2533 3956
1 3956
1 3957
6799 3958
5785 3958
4424 3958
1 3958
5633 3959
5338 3959
4895 3959
4723 3959
1 3959
7535 3960
6954 3960
1 3960
4819 3961
4296 3961
1 3961
1 3962
6954 3963
5003 3963
1 3963
5593 3964
5376 3964
1 3964
5910 3965
5627 3965
1 3965
7643 3966
5474 3966
4280 3966
1 3966
7900 3967
7891 3967
7192 3967
1 3967
7262 3968
1 3968
1 3969
7172 3970
1 3970
1 3971
8001 3972
6744 3972
1 3972
1 3973
6946 3974
5599 3974
1 3974
7999 3975
1 3975
6258 3976
1 3976
1 3977
1 3978
6536 3979
1 3979
6198 3980
5173 3980
4284 3980
4266 3980
1 3980
7178 3981
4054 3981
1 3981
6270 3982
5071 3982
927 3982
1 3982
1 3983
7138 3984
6923 3984
6092 3984
4527 3984
4318 3984
1 3984
7533 3985
1 3985
6871 3986
4625 3986
4552 3986
4286 3986
3224 3986
1 3986
6735 3987
1 3987
7348 3988
6031 3988
1 3988
7664 3989
6013 3989
1 3989
7623 3990
7558 3990
5373 3990
1 3990
7408 3991
5284 3991
1 3991
6554 3992
1 3992
6320 3993
1 3993
6176 3994
4891 3994
1 3994
6866 3995
6638 3995
5941 3995
4882 3995
2655 3995
1 3995
7035 3996
6159 3996
1 3996
7435 3997
1 3997
7360 3998
7026 3998
6314 3998
1062 3998
3836 3998
1 3998
7983 3999
4862 3999
1 3999
7745 4000
6645 4000
6339 4000
1 4000
1 4001
6337 4002
5806 4002
4063 4002
1 4002
6166 4003
5196 4003
4616 4003
1 4003
7345 4004
6592 4004
5102 4004
1 4004
1 4005
7754 4006
5442 4006
5338 4006
1 4006
6804 4007
2988 4007
1 4007
7560 4008
1 4008
7729 4009
7257 4009
1 4009
4 4010
3 4010
10135 4011
11794 4011
10664 4011
10654 4011
8642 4011
9647 4011
11602 4011
10224 4011
8557 4011
8921 4011
8408 4011
2 4011
11216 4012
11018 4012
10707 4012
8097 4012
9690 4012
2 4012
9798 4013
9914 4013
8416 4013
9349 4013
11314 4013
2 4013
11715 4014
10899 4014
9682 4014
10231 4014
8437 4014
8531 4014
9335 4014
2 4014
10244 4015
9599 4015
10263 4015
11037 4015
9399 4015
9296 4015
10358 4015
10952 4015
2 4015
11845 4016
10083 4016
8958 4016
8067 4016
10414 4016
2 4016
1912 4017
26 4017
375 4017
3073 4017
569 4017
8138 4017
9917 4017
10571 4017
9816 4017
9433 4017
8281 4017
2 4017
11585 4018
8665 4018
9256 4018
11711 4018
10058 4018
8369 4018
2 4018
9357 4019
11464 4019
8951 4019
8027 4019
11698 4019
11856 4019
10138 4019
8633 4019
10054 4019
10570 4019
2 4019
9486 4020
9155 4020
8642 4020
11621 4020
2 4020
8756 4021
8155 4021
9377 4021
10090 4021
8589 4021
8764 4021
10763 4021
2 4021
10125 4022
8975 4022
9267 4022
8239 4022
11195 4022
10082 4022
2 4022
9667 4023
10289 4023
8254 4023
9501 4023
8915 4023
9293 4023
8106 4023
8922 4023
11434 4023
10640 4023
2 4023
8799 4024
11214 4024
8945 4024
8570 4024
11108 4024
8916 4024
9096 4024
9112 4024
10934 4024
8054 4024
2 4024
8130 4025
11725 4025
8529 4025
10480 4025
11802 4025
10287 4025
2 4025
8969 4026
8431 4026
11171 4026
10610 4026
11582 4026
9333 4026
11084 4026
2 4026
9442 4027
10579 4027
11880 4027
11936 4027
9387 4027
9298 4027
10632 4027
11219 4027
2 4027
8511 4028
9958 4028
10405 4028
8910 4028
9509 4028
8842 4028
10384 4028
8038 4028
9487 4028
8105 4028
2 4028
8962 4029
10881 4029
8391 4029
10238 4029
10723 4029
11759 4029
10487 4029
11423 4029
2 4029
11398 4030
10415 4030
11680 4030
11744 4030
9963 4030
9832 4030
8444 4030
2 4030
11277 4031
9147 4031
9318 4031
10468 4031
9635 4031
8515 4031
9983 4031
8901 4031
11283 4031
2 4031
10488 4032
10629 4032
11134 4032
9196 4032
10319 4032
10997 4032
8605 4032
2 4032
10280 4033
9179 4033
11616 4033
10710 4033
10261 4033
11423 4033
11497 4033
2 4033
9677 4034
9200 4034
9481 4034
10985 4034
11951 4034
11636 4034
9212 4034
11956 4034
11924 4034
11382 4034
11161 4034
2 4034
11174 4035
9726 4035
10072 4035
10651 4035
2 4035
10566 4036
11165 4036
8615 4036
8901 4036
10989 4036
10032 4036
2 4036
8395 4037
8858 4037
10914 4037
9636 4037
8053 4037
9335 4037
10993 4037
9465 4037
2 4037
8755 4038
10593 4038
8898 4038
11181 4038
2 4038
11364 4039
10103 4039
8848 4039
10686 4039
8951 4039
10420 4039
2 4039
10965 4040
10477 4040
11374 4040
10975 4040
11397 4040
9021 4040
9908 4040
2 4040
8052 4041
8224 4041
8943 4041
11869 4041
9731 4041
9536 4041
11759 4041
9930 4041
11609 4041
10463 4041
8752 4041
2 4041
10027 4042
8631 4042
11789 4042
10823 4042
11280 4042
8192 4042
9659 4042
8934 4042
9628 4042
8016 4042
9106 4042
2 4042
11590 4043
11075 4043
11277 4043
8711 4043
9674 4043
8580 4043
11255 4043
10568 4043
8837 4043
8220 4043
2 4043
9315 4044
9813 4044
11498 4044
10695 4044
2 4044
11017 4045
8866 4045
8493 4045
10921 4045
11824 4045
8102 4045
10693 4045
2 4045
10524 4046
10242 4046
8976 4046
8972 4046
8360 4046
10006 4046
10531 4046
2 4046
8958 4047
9254 4047
10276 4047
9047 4047
10986 4047
11754 4047
8297 4047
9923 4047
11129 4047
11542 4047
9381 4047
2 4047
8799 4048
11289 4048
10495 4048
10151 4048
8606 4048
2 4048
10071 4049
11933 4049
10225 4049
8579 4049
9073 4049
2 4049
8824 4050
10074 4050
8713 4050
11486 4050
10895 4050
2 4050
8986 4051
8303 4051
10306 4051
9238 4051
11473 4051
2 4051
11494 4052
10043 4052
11526 4052
10249 4052
11783 4052
2 4052
9939 4053
8814 4053
10869 4053
10475 4053
8756 4053
8388 4053
8218 4053
11466 4053
11901 4053
10992 4053
8888 4053
2 4053
8543 4054
8243 4054
11042 4054
9448 4054
10842 4054
11460 4054
10079 4054
2 4054
3437 4055
652 4055
2506 4055
3126 4055
495 4055
3702 4055
10366 4055
9059 4055
9391 4055
11104 4055
9416 4055
11914 4055
2 4055
8110 4056
11321 4056
10769 4056
8225 4056
10486 4056
8477 4056
9453 4056
11835 4056
2 4056
11163 4057
10414 4057
11339 4057
9870 4057
8618 4057
10174 4057
10156 4057
11272 4057
9539 4057
11467 4057
2 4057
10887 4058
9203 4058
12004 4058
11076 4058
8535 4058
2 4058
8948 4059
11197 4059
8523 4059
11815 4059
8242 4059
11489 4059
10319 4059
9622 4059
8200 4059
10426 4059
8095 4059
2 4059
9468 4060
10308 4060
8209 4060
10132 4060
11689 4060
10933 4060
11536 4060
10777 4060
11915 4060
2 4060
9708 4061
9044 4061
11787 4061
8275 4061
10576 4061
8050 4061
10375 4061
10025 4061
8615 4061
8746 4061
2 4061
8746 4062
8687 4062
10294 4062
8447 4062
10384 4062
10115 4062
11708 4062
9089 4062
9758 4062
11599 4062
11868 4062
2 4062
9667 4063
8424 4063
10357 4063
10198 4063
2 4063
8247 4064
10563 4064
10288 4064
10378 4064
11632 4064
8137 4064
9833 4064
11312 4064
10135 4064
8432 4064
2 4064
11691 4065
9221 4065
9855 4065
11812 4065
9241 4065
9064 4065
8523 4065
10705 4065
9297 4065
8502 4065
9087 4065
2 4065
9301 4066
9281 4066
9644 4066
10570 4066
10544 4066
10332 4066
10021 4066
8174 4066
9786 4066
2 4066
9220 4067
11687 4067
11870 4067
9812 4067
8593 4067
10301 4067
10745 4067
2 4067
10091 4068
8957 4068
11779 4068
10989 4068
9799 4068
2 4068
9489 4069
11559 4069
8863 4069
11591 4069
2 4069
9024 4070
10206 4070
11883 4070
10998 4070
8583 4070
9365 4070
8532 4070
9219 4070
2 4070
11447 4071
9896 4071
9700 4071
10518 4071
2 4071
8364 4072
11369 4072
11421 4072
9269 4072
11813 4072
2 4072
10275 4073
8975 4073
11694 4073
10568 4073
10702 4073
8968 4073
8546 4073
2 4073
11979 4074
11977 4074
8262 4074
11474 4074
10578 4074
11688 4074
8582 4074
8283 4074
11973 4074
8186 4074
10787 4074
2 4074
8667 4075
10196 4075
11708 4075
9202 4075
8772 4075
10294 4075
10625 4075
10961 4075
10897 4075
10321 4075
2 4075
9701 4076
8904 4076
10252 4076
10053 4076
10186 4076
9014 4076
2 4076
10677 4077
11524 4077
11604 4077
11627 4077
8353 4077
8876 4077
9187 4077
2 4077
8565 4078
9260 4078
11314 4078
10026 4078
9455 4078
2 4078
11916 4079
9710 4079
10861 4079
11462 4079
9744 4079
8516 4079
11233 4079
11414 4079
8630 4079
2 4079
11452 4080
9985 4080
9932 4080
10623 4080
10225 4080
11002 4080
11708 4080
9902 4080
10270 4080
10035 4080
10032 4080
2 4080
8495 4081
11953 4081
9990 4081
10188 4081
11792 4081
2 4081
11640 4082
8550 4082
9439 4082
8336 4082
9995 4082
9175 4082
10842 4082
11449 4082
11918 4082
8316 4082
9359 4082
2 4082
2041 4083
3535 4083
986 4083
616 4083
8692 4083
11804 4083
10571 4083
9741 4083
10646 4083
2 4083
8453 4084
10623 4084
10964 4084
11226 4084
9603 4084
9152 4084
10907 4084
10762 4084
9089 4084
9685 4084
2 4084
10031 4085
10722 4085
8058 4085
9463 4085
8525 4085
2 4085
10288 4086
11221 4086
11324 4086
9878 4086
9233 4086
10359 4086
10664 4086
2 4086
8358 4087
11116 4087
9599 4087
10191 4087
10069 4087
8904 4087
9510 4087
2 4087
715 4088
3303 4088
2219 4088
9742 4088
9391 4088
11306 4088
9745 4088
10050 4088
8817 4088
9955 4088
8163 4088
9655 4088
0 4088
2 4088
8031 4089
9764 4089
10678 4089
9083 4089
8928 4089
8442 4089
8601 4089
11816 4089
11860 4089
11556 4089
2 4089
11743 4090
8287 4090
9273 4090
8947 4090
2 4090
11966 4091
10637 4091
10789 4091
10596 4091
9662 4091
2 4091
11027 4092
9262 4092
8319 4092
9998 4092
10667 4092
11168 4092
8165 4092
10979 4092
11235 4092
2 4092
10626 4093
10239 4093
10132 4093
11831 4093
11980 4093
11657 4093
9711 4093
8158 4093
9965 4093
8331 4093
2 4093
10882 4094
9788 4094
8292 4094
11868 4094
2 4094
8349 4095
8291 4095
8011 4095
10492 4095
11100 4095
9547 4095
2 4095
10133 4096
9318 4096
11098 4096
9694 4096
2 4096
11276 4097
11507 4097
9672 4097
9078 4097
11126 4097
11393 4097
2 4097
10879 4098
11590 4098
9620 4098
8162 4098
2 4098
10008 4099
9099 4099
10432 4099
9622 4099
10203 4099
10222 4099
11743 4099
2 4099
11165 4100
10182 4100
8792 4100
10529 4100
9662 4100
9340 4100
10044 4100
2 4100
10788 4101
9606 4101
9785 4101
8286 4101
11729 4101
8864 4101
10720 4101
10536 4101
10465 4101
8373 4101
2 4101
11350 4102
10577 4102
9329 4102
10159 4102
9050 4102
2 4102
9372 4103
8599 4103
8887 4103
10384 4103
10009 4103
11848 4103
10630 4103
9143 4103
9740 4103
9373 4103
11552 4103
2 4103
10785 4104
8581 4104
9438 4104
10725 4104
10098 4104
2 4104
8073 4105
11313 4105
9497 4105
8447 4105
10034 4105
8023 4105
2 4105
10349 4106
10362 4106
8687 4106
11001 4106
9513 4106
8694 4106
9105 4106
2 4106
8111 4107
9052 4107
9580 4107
11195 4107
8729 4107
9588 4107
11849 4107
2 4107
10259 4108
10251 4108
9348 4108
9680 4108
11626 4108
2 4108
10031 4109
8611 4109
9089 4109
10907 4109
11655 4109
10945 4109
11954 4109
11222 4109
2 4109
8153 4110
11620 4110
8298 4110
8132 4110
9735 4110
11005 4110
8166 4110
11175 4110
11930 4110
9998 4110
2 4110
8235 4111
9072 4111
11612 4111
11099 4111
9381 4111
10159 4111
11244 4111
10937 4111
2 4111
10620 4112
9303 4112
10134 4112
10846 4112
9993 4112
2 4112
898 4113
1375 4113
116 4113
2270 4113
11104 4113
0 4113
9960 4113
10808 4113
9717 4113
9693 4113
10195 4113
9128 4113
9811 4113
2 4113
11488 4114
11679 4114
9606 4114
8491 4114
9501 4114
11750 4114
10691 4114
2 4114
8493 4115
9370 4115
11680 4115
8463 4115
11210 4115
9400 4115
2 4115
8744 4116
11557 4116
9373 4116
11750 4116
2 4116
8777 4117
10672 4117
10664 4117
11824 4117
8932 4117
11395 4117
11692 4117
8337 4117
8667 4117
2 4117
9961 4118
9893 4118
8142 4118
10543 4118
10899 4118
2 4118
9659 4119
8838 4119
10052 4119
11318 4119
10106 4119
10739 4119
9577 4119
10412 4119
11107 4119
2 4119
8204 4120
11116 4120
11120 4120
10023 4120
11671 4120
11238 4120
9885 4120
9618 4120
11978 4120
2 4120
10568 4121
10025 4121
10341 4121
8548 4121
8834 4121
8368 4121
10855 4121
11704 4121
10324 4121
8613 4121
8828 4121
2 4121
11822 4122
10282 4122
8721 4122
10106 4122
9796 4122
9644 4122
10766 4122
2 4122
11467 4123
9843 4123
8992 4123
10739 4123
8627 4123
10843 4123
8326 4123
9074 4123
10611 4123
10008 4123
8944 4123
2 4123
10337 4124
8549 4124
11251 4124
9807 4124
11434 4124
2 4124
10840 4125
10264 4125
8543 4125
10174 4125
8884 4125
9199 4125
10151 4125
11040 4125
10008 4125
2 4125
10776 4126
10938 4126
11868 4126
11067 4126
9030 4126
11113 4126
9104 4126
10111 4126
9834 4126
2 4126
8287 4127
8309 4127
11904 4127
9093 4127
9953 4127
8059 4127
8371 4127
9011 4127
2 4127
11628 4128
11792 4128
10211 4128
9879 4128
9924 4128
8656 4128
11267 4128
8017 4128
11821 4128
2 4128
11208 4129
8012 4129
8443 4129
10111 4129
9506 4129
11426 4129
2 4129
10024 4130
9783 4130
8049 4130
8702 4130
11904 4130
2 4130
8282 4131
11126 4131
10047 4131
9481 4131
10212 4131
11680 4131
10179 4131
9277 4131
8306 4131
11996 4131
2 4131
9727 4132
8445 4132
11826 4132
10217 4132
8117 4132
11163 4132
11958 4132
2 4132
9843 4133
10041 4133
8044 4133
11391 4133
9108 4133
10038 4133
11850 4133
2 4133
8907 4134
10729 4134
8342 4134
10439 4134
11714 4134
10146 4134
2 4134
11770 4135
8937 4135
11814 4135
9694 4135
11655 4135
9758 4135
8583 4135
11353 4135
2 4135
10076 4136
11459 4136
11845 4136
9075 4136
10233 4136
8876 4136
9093 4136
8570 4136
10686 4136
2 4136
9859 4137
10978 4137
8125 4137
11064 4137
11116 4137
11301 4137
2 4137
11550 4138
9278 4138
10500 4138
10034 4138
11615 4138
9457 4138
2 4138
9094 4139
8558 4139
9104 4139
11392 4139
11111 4139
9092 4139
9477 4139
2 4139
11445 4140
11854 4140
10291 4140
10326 4140
9303 4140
2 4140
10264 4141
10917 4141
10582 4141
8359 4141
9190 4141
10352 4141
10577 4141
9646 4141
11462 4141
2 4141
10556 4142
11525 4142
9658 4142
9541 4142
2 4142
8915 4143
11312 4143
8352 4143
9570 4143
11615 4143
8932 4143
8925 4143
11505 4143
9954 4143
9756 4143
9203 4143
2 4143
10557 4144
8867 4144
11494 4144
9508 4144
9720 4144
10864 4144
11388 4144
10094 4144
11894 4144
2 4144
9248 4145
8535 4145
9902 4145
11332 4145
8671 4145
8055 4145
10192 4145
2 4145
11370 4146
11231 4146
10094 4146
8140 4146
2 4146
9535 4147
9594 4147
10986 4147
9093 4147
10644 4147
10208 4147
9465 4147
10747 4147
9796 4147
2 4147
9170 4148
10677 4148
9648 4148
11254 4148
11317 4148
11368 4148
10285 4148
9369 4148
2 4148
8880 4149
9994 4149
11607 4149
8349 4149
10063 4149
10053 4149
9968 4149
2 4149
10525 4150
11841 4150
8949 4150
11864 4150
11969 4150
10517 4150
9004 4150
11693 4150
9412 4150
11477 4150
10619 4150
2 4150
8298 4151
8695 4151
9993 4151
11063 4151
9726 4151
2 4151
9047 4152
9718 4152
11879 4152
11197 4152
11073 4152
11551 4152
2 4152
9037 4153
9632 4153
11136 4153
9180 4153
2 4153
10583 4154
11002 4154
10033 4154
10907 4154
9750 4154
10272 4154
8090 4154
11276 4154
2 4154
8123 4155
10181 4155
11221 4155
9799 4155
10265 4155
10026 4155
9481 4155
9233 4155
8062 4155
9340 4155
2 4155
8321 4156
9715 4156
9673 4156
11015 4156
2 4156
8500 4157
9636 4157
10570 4157
8273 4157
8808 4157
9610 4157
11781 4157
10861 4157
2 4157
10493 4158
8629 4158
8174 4158
8597 4158
10354 4158
9594 4158
11206 4158
8218 4158
9207 4158
11352 4158
2 4158
11992 4159
9028 4159
9674 4159
8809 4159
11269 4159
9943 4159
9962 4159
10552 4159
11237 4159
8545 4159
10793 4159
2 4159
8089 4160
11070 4160
11949 4160
11393 4160
9165 4160
9723 4160
10082 4160
10838 4160
9529 4160
8490 4160
2 4160
10864 4161
11459 4161
8795 4161
11128 4161
8445 4161
9354 4161
2 4161
11994 4162
11988 4162
10734 4162
10069 4162
10782 4162
9548 4162
11349 4162
8392 4162
8541 4162
2 4162
11850 4163
10717 4163
8618 4163
9643 4163
2 4163
8142 4164
8386 4164
10276 4164
9883 4164
9864 4164
9822 4164
11832 4164
11822 4164
11466 4164
10925 4164
2 4164
10932 4165
9347 4165
8886 4165
8178 4165
10510 4165
2 4165
3940 4166
2147 4166
1054 4166
1352 4166
2301 4166
2550 4166
2867 4166
10001 4166
8390 4166
11797 4166
11285 4166
8115 4166
8652 4166
10614 4166
11683 4166
9955 4166
0 4166
8807 4166
2 4166
9258 4167
11935 4167
9928 4167
8927 4167
8010 4167
8096 4167
2 4167
10668 4168
11510 4168
10288 4168
10855 4168
11165 4168
10057 4168
2 4168
11369 4169
8108 4169
11143 4169
10974 4169
11774 4169
9523 4169
2 4169
9894 4170
8110 4170
11367 4170
8440 4170
10063 4170
9867 4170
2 4170
10278 4171
11732 4171
9789 4171
10444 4171
9459 4171
8167 4171
10846 4171
2 4171
9480 4172
8694 4172
10576 4172
9849 4172
11341 4172
2 4172
9328 4173
8539 4173
9354 4173
9429 4173
11878 4173
9351 4173
9813 4173
11560 4173
9025 4173
8597 4173
2 4173
8910 4174
8286 4174
10720 4174
9898 4174
2 4174
11621 4175
11255 4175
10637 4175
8308 4175
8025 4175
2 4175
10100 4176
9859 4176
11311 4176
11298 4176
11160 4176
9968 4176
8403 4176
10114 4176
2 4176
9983 4177
10796 4177
10393 4177
9582 4177
9238 4177
9614 4177
11275 4177
10877 4177
9092 4177
12004 4177
11799 4177
2 4177
8468 4178
11828 4178
8261 4178
8270 4178
11628 4178
11049 4178
11646 4178
9337 4178
8078 4178
8479 4178
8442 4178
2 4178
11231 4179
9075 4179
8267 4179
11604 4179
9268 4179
10107 4179
10414 4179
9310 4179
8332 4179
2 4179
10942 4180
9030 4180
9402 4180
8557 4180
9782 4180
2 4180
8899 4181
8375 4181
10703 4181
10977 4181
10364 4181
11814 4181
2 4181
8334 4182
11177 4182
10794 4182
9871 4182
8504 4182
2 4182
11265 4183
11269 4183
11883 4183
9765 4183
9614 4183
8746 4183
2 4183
8253 4184
10903 4184
8384 4184
10057 4184
9111 4184
2 4184
11413 4185
10999 4185
9555 4185
8916 4185
2 4185
8693 4186
9840 4186
8127 4186
11036 4186
9136 4186
8193 4186
10987 4186
2 4186
8990 4187
11959 4187
10363 4187
9515 4187
10401 4187
10769 4187
2 4187
11918 4188
11908 4188
11280 4188
11400 4188
11568 4188
8395 4188
2 4188
10856 4189
8329 4189
8070 4189
9000 4189
2 4189
11705 4190
10251 4190
10321 4190
11529 4190
10437 4190
8900 4190
9086 4190
10044 4190
2 4190
8184 4191
11577 4191
11352 4191
9093 4191
10304 4191
10912 4191
9465 4191
10381 4191
2 4191
10849 4192
9749 4192
9277 4192
8796 4192
9028 4192
11308 4192
11631 4192
11051 4192
8779 4192
11752 4192
9466 4192
2 4192
11009 4193
9360 4193
10199 4193
10098 4193
8052 4193
8850 4193
2 4193
10793 4194
8453 4194
10910 4194
10637 4194
9560 4194
9041 4194
10402 4194
8922 4194
9825 4194
2 4194
9631 4195
8590 4195
10031 4195
8953 4195
10496 4195
11429 4195
10529 4195
10836 4195
9188 4195
8844 4195
10552 4195
2 4195
9042 4196
9743 4196
8070 4196
8826 4196
2 4196
11485 4197
9808 4197
11659 4197
11189 4197
2 4197
9921 4198
8326 4198
11440 4198
9354 4198
11944 4198
10312 4198
2 4198
8052 4199
9895 4199
11431 4199
11556 4199
9360 4199
8804 4199
9778 4199
11646 4199
8564 4199
2 4199
10121 4200
9572 4200
8467 4200
10009 4200
10778 4200
10145 4200
9958 4200
11636 4200
9518 4200
10212 4200
10882 4200
2 4200
11873 4201
10992 4201
11343 4201
10840 4201
8951 4201
11754 4201
9781 4201
9953 4201
8448 4201
2 4201
1353 4202
551 4202
9505 4202
11034 4202
10051 4202
8849 4202
10046 4202
9464 4202
8768 4202
9461 4202
0 4202
2 4202
11069 4203
11371 4203
11234 4203
8135 4203
11363 4203
9211 4203
9471 4203
10672 4203
11655 4203
9486 4203
11450 4203
2 4203
8016 4204
8191 4204
9792 4204
9796 4204
10160 4204
9650 4204
10426 4204
10891 4204
9006 4204
11239 4204
2 4204
10389 4205
11427 4205
9058 4205
10213 4205
8360 4205
9251 4205
10040 4205
9243 4205
11710 4205
2 4205
8822 4206
8732 4206
8347 4206
10858 4206
9354 4206
10572 4206
11317 4206
10602 4206
2 4206
9494 4207
10947 4207
11066 4207
11798 4207
9230 4207
2 4207
8420 4208
9029 4208
9308 4208
8696 4208
8606 4208
11187 4208
11061 4208
2 4208
11519 4209
11718 4209
9377 4209
8272 4209
9390 4209
9183 4209
11461 4209
9224 4209
11368 4209
10479 4209
2 4209
8705 4210
11085 4210
9051 4210
11066 4210
8018 4210
11732 4210
9023 4210
11188 4210
8066 4210
8402 4210
11870 4210
2 4210
9430 4211
9637 4211
11265 4211
11595 4211
8874 4211
9914 4211
10064 4211
10709 4211
11966 4211
9028 4211
2 4211
10704 4212
8773 4212
9364 4212
9067 4212
2 4212
9110 4213
9240 4213
11428 4213
10900 4213
8312 4213
11577 4213
8848 4213
8537 4213
10216 4213
10420 4213
2 4213
8102 4214
11557 4214
8841 4214
9728 4214
10181 4214
9460 4214
2 4214
8170 4215
8507 4215
10319 4215
8214 4215
9240 4215
11381 4215
9828 4215
9241 4215
9112 4215
2 4215
9620 4216
10391 4216
8725 4216
11093 4216
9572 4216
11661 4216
11416 4216
11127 4216
11422 4216
8337 4216
2 4216
11443 4217
10288 4217
9938 4217
9088 4217
10882 4217
8650 4217
2 4217
8142 4218
8481 4218
9747 4218
10156 4218
11091 4218
9109 4218
8304 4218
8083 4218
11406 4218
2 4218
11357 4219
11959 4219
11688 4219
10898 4219
9341 4219
2 4219
10595 4220
9604 4220
9586 4220
9974 4220
10816 4220
8037 4220
11311 4220
8370 4220
11928 4220
11441 4220
2 4220
8793 4221
9862 4221
9189 4221
11685 4221
11513 4221
11676 4221
10142 4221
10716 4221
11875 4221
2 4221
8572 4222
10500 4222
8221 4222
11848 4222
10026 4222
8154 4222
11580 4222
11884 4222
11094 4222
2 4222
8169 4223
8256 4223
10726 4223
11955 4223
11622 4223
8673 4223
8338 4223
8644 4223
9062 4223
10088 4223
9266 4223
2 4223
1370 4224
2318 4224
3481 4224
1196 4224
3971 4224
10797 4224
10120 4224
9060 4224
11948 4224
10234 4224
8345 4224
10874 4224
8724 4224
10427 4224
9323 4224
2 4224
8473 4225
9145 4225
10101 4225
9731 4225
10893 4225
10329 4225
10419 4225
9392 4225
2 4225
10805 4226
8311 4226
11981 4226
11756 4226
11633 4226
9799 4226
9758 4226
9452 4226
11636 4226
10122 4226
2 4226
10722 4227
8521 4227
8090 4227
11219 4227
9094 4227
11680 4227
2 4227
9104 4228
11051 4228
9056 4228
8107 4228
8211 4228
2 4228
10947 4229
11771 4229
8673 4229
9230 4229
2 4229
11491 4230
9961 4230
8618 4230
10054 4230
9004 4230
9090 4230
11239 4230
8316 4230
9792 4230
2 4230
2136 4231
405 4231
10292 4231
8351 4231
8159 4231
8446 4231
10226 4231
8646 4231
10180 4231
11104 4231
11889 4231
8724 4231
2 4231
8134 4232
9258 4232
10745 4232
11674 4232
2 4232
10875 4233
8195 4233
8932 4233
10378 4233
10954 4233
9662 4233
10009 4233
2 4233
9477 4234
10193 4234
9725 4234
11374 4234
11221 4234
11717 4234
11581 4234
10596 4234
2 4234
10181 4235
10424 4235
10298 4235
10789 4235
10989 4235
8649 4235
9649 4235
11481 4235
11933 4235
10455 4235
8829 4235
2 4235
11984 4236
10709 4236
8716 4236
11002 4236
9155 4236
9225 4236
9385 4236
8098 4236
8650 4236
10265 4236
11265 4236
2 4236
11819 4237
9590 4237
10175 4237
8061 4237
2 4237
8983 4238
10981 4238
8370 4238
9929 4238
8479 4238
8632 4238
10562 4238
11639 4238
10059 4238
10117 4238
2 4238
8932 4239
11251 4239
10749 4239
9750 4239
11507 4239
9239 4239
11138 4239
11923 4239
10839 4239
2 4239
10346 4240
11105 4240
9203 4240
8915 4240
10210 4240
2 4240
8863 4241
8091 4241
11151 4241
8890 4241
10211 4241
8632 4241
10240 4241
10613 4241
10280 4241
11367 4241
8526 4241
2 4241
10732 4242
8098 4242
9785 4242
10011 4242
11882 4242
10750 4242
2 4242
10458 4243
11978 4243
8310 4243
11988 4243
11379 4243
10978 4243
11976 4243
11032 4243
10097 4243
10328 4243
2 4243
10788 4244
11660 4244
9873 4244
9336 4244
9771 4244
8549 4244
9019 4244
8315 4244
8837 4244
11593 4244
9954 4244
2 4244
9541 4245
11062 4245
10730 4245
8550 4245
10823 4245
2 4245
11027 4246
11458 4246
9815 4246
10683 4246
11245 4246
11710 4246
9523 4246
2 4246
11109 4247
8445 4247
8323 4247
8999 4247
8637 4247
9598 4247
8924 4247
8942 4247
2 4247
10883 4248
10989 4248
8915 4248
10854 4248
2 4248
10982 4249
10876 4249
10639 4249
8718 4249
2 4249
11345 4250
10756 4250
11909 4250
10644 4250
10792 4250
9440 4250
9988 4250
9691 4250
8645 4250
11030 4250
2 4250
11237 4251
9588 4251
9694 4251
11219 4251
10959 4251
8815 4251
11276 4251
2 4251
10951 4252
8156 4252
8040 4252
9135 4252
2 4252
11080 4253
11500 4253
11681 4253
8988 4253
8937 4253
10560 4253
11371 4253
8212 4253
11215 4253
11313 4253
8424 4253
2 4253
9554 4254
10703 4254
8642 4254
9078 4254
8843 4254
8373 4254
9562 4254
9370 4254
10102 4254
9009 4254
8528 4254
2 4254
10408 4255
8447 4255
8572 4255
8771 4255
8778 4255
10975 4255
9233 4255
9963 4255
10961 4255
2 4255
11927 4256
10590 4256
9044 4256
8180 4256
10622 4256
8271 4256
10393 4256
8506 4256
9475 4256
9466 4256
2 4256
9199 4257
10105 4257
10176 4257
9539 4257
8399 4257
2 4257
8564 4258
9139 4258
8582 4258
8473 4258
9919 4258
11928 4258
8728 4258
8130 4258
11985 4258
2 4258
10999 4259
11722 4259
9671 4259
10757 4259
2 4259
11557 4260
9372 4260
9358 4260
9299 4260
10836 4260
9756 4260
10243 4260
9292 4260
2 4260
8629 4261
11498 4261
10580 4261
8849 4261
9989 4261
2 4261
8015 4262
8046 4262
8101 4262
8405 4262
11493 4262
10372 4262
11073 4262
9500 4262
2 4262
11674 4263
8591 4263
8179 4263
9141 4263
11689 4263
11955 4263
9531 4263
10765 4263
2 4263
10129 4264
10300 4264
9453 4264
11367 4264
9146 4264
2 4264
11222 4265
9725 4265
10110 4265
8760 4265
11912 4265
8073 4265
2 4265
8449 4266
8644 4266
8976 4266
8010 4266
9734 4266
8802 4266
9450 4266
11066 4266
2 4266
8242 4267
8359 4267
10409 4267
10686 4267
11879 4267
10696 4267
11010 4267
9406 4267
8707 4267
8708 4267
2 4267
9627 4268
11345 4268
9936 4268
11206 4268
2 4268
8020 4269
10863 4269
11166 4269
8566 4269
11404 4269
9856 4269
10968 4269
2 4269
3765 4270
3578 4270
3688 4270
865 4270
3863 4270
2293 4270
10180 4270
11483 4270
11013 4270
11285 4270
10077 4270
10482 4270
11804 4270
9699 4270
8138 4270
8426 4270
2 4270
10817 4271
11704 4271
9905 4271
8774 4271
10198 4271
2 4271
8774 4272
8467 4272
10294 4272
9587 4272
9637 4272
9165 4272
8864 4272
11534 4272
10722 4272
11923 4272
2 4272
9315 4273
10799 4273
8838 4273
11410 4273
8297 4273
10982 4273
11619 4273
9359 4273
10302 4273
11468 4273
10209 4273
2 4273
8592 4274
8469 4274
8800 4274
10016 4274
9652 4274
2 4274
8386 4275
9412 4275
11715 4275
10508 4275
11284 4275
9500 4275
2 4275
2062 4276
3839 4276
740 4276
255 4276
8279 4276
10157 4276
10489 4276
8607 4276
9741 4276
9411 4276
10234 4276
2 4276
11191 4277
9563 4277
11143 4277
9251 4277
11926 4277
11509 4277
11154 4277
11292 4277
11930 4277
11186 4277
10271 4277
2 4277
10643 4278
10882 4278
10536 4278
9311 4278
11857 4278
8794 4278
8694 4278
9151 4278
9204 4278
11082 4278
11249 4278
2 4278
8148 4279
9710 4279
9845 4279
9925 4279
2 4279
10351 4280
8962 4280
10816 4280
10296 4280
9122 4280
9802 4280
10463 4280
11833 4280
9558 4280
2 4280
9297 4281
11541 4281
11010 4281
9309 4281
2 4281
10420 4282
10385 4282
10184 4282
10350 4282
8215 4282
9883 4282
11541 4282
2 4282
8628 4283
10259 4283
8866 4283
9931 4283
8521 4283
2 4283
8605 4284
8015 4284
11785 4284
11132 4284
8719 4284
8963 4284
8816 4284
9132 4284
10992 4284
11107 4284
11343 4284
2 4284
11296 4285
10220 4285
9496 4285
10932 4285
2 4285
10144 4286
11281 4286
8664 4286
10940 4286
2 4286
8408 4287
11277 4287
8654 4287
8464 4287
2 4287
11210 4288
11681 4288
11165 4288
9963 4288
9980 4288
11981 4288
2 4288
9151 4289
10315 4289
9684 4289
8282 4289
10500 4289
11283 4289
11704 4289
8842 4289
10140 4289
2 4289
9408 4290
10565 4290
9504 4290
8386 4290
9135 4290
9327 4290
2 4290
9327 4291
11904 4291
11728 4291
11676 4291
2 4291
11293 4292
11111 4292
11071 4292
9592 4292
8025 4292
10738 4292
9212 4292
2 4292
11266 4293
10532 4293
10645 4293
11609 4293
2 4293
10117 4294
11556 4294
9895 4294
9129 4294
2 4294
8534 4295
10633 4295
10009 4295
9470 4295
10066 4295
8940 4295
8900 4295
2 4295
9750 4296
9723 4296
11954 4296
11473 4296
2 4296
11206 4297
9953 4297
9208 4297
11479 4297
10319 4297
8482 4297
2 4297
11146 4298
9966 4298
11647 4298
8896 4298
10811 4298
11722 4298
9369 4298
8570 4298
10899 4298
8884 4298
8966 4298
2 4298
10678 4299
11089 4299
9218 4299
11982 4299
10416 4299
2 4299
9935 4300
10736 4300
11777 4300
9162 4300
11115 4300
10584 4300
2 4300
10935 4301
10513 4301
11596 4301
9425 4301
2 4301
10397 4302
11511 4302
11845 4302
11040 4302
8909 4302
2 4302
8959 4303
9116 4303
9760 4303
11699 4303
8278 4303
10649 4303
10595 4303
10833 4303
9383 4303
9326 4303
10898 4303
2 4303
8430 4304
11665 4304
10810 4304
10662 4304
11420 4304
9326 4304
10370 4304
11119 4304
10697 4304
9558 4304
9489 4304
2 4304
2689 4305
10017 4305
10504 4305
8956 4305
8452 4305
11022 4305
2 4305
9257 4306
9339 4306
8228 4306
11261 4306
10043 4306
10586 4306
9465 4306
11983 4306
10390 4306
9682 4306
2 4306
11077 4307
10770 4307
9466 4307
8678 4307
11392 4307
2 4307
11056 4308
8981 4308
10004 4308
8558 4308
11709 4308
2 4308
9716 4309
9379 4309
10278 4309
10626 4309
11842 4309
2 4309
10970 4310
8490 4310
8780 4310
11417 4310
2 4310
8031 4311
9042 4311
10510 4311
9084 4311
9341 4311
10617 4311
9496 4311
11497 4311
10881 4311
11420 4311
8442 4311
2 4311
9026 4312
8120 4312
9042 4312
11032 4312
2 4312
8883 4313
10865 4313
11828 4313
9438 4313
11425 4313
11869 4313
8383 4313
11985 4313
10481 4313
11009 4313
2 4313
3775 4314
1846 4314
3163 4314
2363 4314
11765 4314
9991 4314
10482 4314
9274 4314
8159 4314
9363 4314
9294 4314
9043 4314
8854 4314
9214 4314
2 4314
9695 4315
9765 4315
9019 4315
9077 4315
11122 4315
8207 4315
10615 4315
10408 4315
2 4315
9024 4316
8501 4316
9349 4316
11550 4316
2 4316
10042 4317
11238 4317
11665 4317
9701 4317
10494 4317
11902 4317
8522 4317
10831 4317
2 4317
8781 4318
8633 4318
8232 4318
10354 4318
11493 4318
8144 4318
9589 4318
10724 4318
2 4318
9115 4319
10214 4319
10524 4319
8972 4319
10878 4319
9949 4319
2 4319
11496 4320
9153 4320
9930 4320
8928 4320
11009 4320
8564 4320
11835 4320
8456 4320
10636 4320
11423 4320
2 4320
10804 4321
8583 4321
11396 4321
10150 4321
10251 4321
9982 4321
10398 4321
2 4321
11327 4322
9187 4322
9671 4322
11879 4322
11701 4322
8945 4322
11300 4322
11528 4322
11584 4322
9126 4322
2 4322
10198 4323
10011 4323
11080 4323
10095 4323
8583 4323
11653 4323
10175 4323
9342 4323
8590 4323
10243 4323
9492 4323
2 4323
11055 4324
10170 4324
10415 4324
10228 4324
9201 4324
8025 4324
10272 4324
8286 4324
2 4324
8323 4325
11542 4325
8999 4325
10747 4325
11053 4325
11133 4325
10690 4325
11494 4325
8035 4325
10912 4325
2 4325
9248 4326
8703 4326
11995 4326
8435 4326
10587 4326
9918 4326
10243 4326
2 4326
8135 4327
11017 4327
8275 4327
11837 4327
9470 4327
9830 4327
9506 4327
9559 4327
11291 4327
9588 4327
8199 4327
2 4327
8583 4328
10576 4328
11954 4328
10740 4328
9375 4328
11809 4328
8515 4328
2 4328
8791 4329
10683 4329
11068 4329
9458 4329
8914 4329
9280 4329
8256 4329
9838 4329
9415 4329
10308 4329
11926 4329
2 4329
11110 4330
9766 4330
10700 4330
11094 4330
9580 4330
9203 4330
11377 4330
2 4330
10545 4331
10386 4331
10996 4331
8481 4331
9863 4331
9440 4331
8963 4331
10249 4331
2 4331
11465 4332
8487 4332
9972 4332
9609 4332
10016 4332
10832 4332
9652 4332
9234 4332
8290 4332
11360 4332
2 4332
9339 4333
11231 4333
10464 4333
9313 4333
10747 4333
2 4333
11388 4334
8561 4334
9922 4334
11028 4334
8707 4334
9567 4334
8173 4334
9246 4334
9870 4334
8916 4334
2 4334
11821 4335
10382 4335
9435 4335
8755 4335
10569 4335
10642 4335
11749 4335
10857 4335
11614 4335
11862 4335
2 4335
9401 4336
11548 4336
8045 4336
9941 4336
8542 4336
11591 4336
9137 4336
9912 4336
11057 4336
9129 4336
11823 4336
2 4336
10429 4337
9761 4337
9872 4337
10596 4337
9765 4337
11927 4337
11887 4337
9996 4337
10838 4337
8079 4337
2 4337
11207 4338
8137 4338
11148 4338
11048 4338
9954 4338
10014 4338
11645 4338
11642 4338
8585 4338
10657 4338
2 4338
9339 4339
9229 4339
9182 4339
9557 4339
9194 4339
10257 4339
8191 4339
11542 4339
11696 4339
2 4339
8675 4340
10791 4340
8263 4340
11945 4340
9055 4340
8699 4340
11372 4340
9057 4340
8020 4340
10301 4340
9005 4340
2 4340
10792 4341
11847 4341
8369 4341
9327 4341
10908 4341
8810 4341
2 4341
8928 4342
10981 4342
10588 4342
9259 4342
8571 4342
11367 4342
8413 4342
11439 4342
8656 4342
9731 4342
2 4342
10543 4343
9268 4343
11413 4343
10707 4343
10870 4343
10794 4343
2 4343
10945 4344
9942 4344
9290 4344
11906 4344
10654 4344
11121 4344
9588 4344
11641 4344
2 4344
11196 4345
8218 4345
9786 4345
9598 4345
10834 4345
8228 4345
9242 4345
2 4345
11216 4346
10151 4346
11696 4346
11400 4346
11619 4346
2 4346
9766 4347
11377 4347
11269 4347
9641 4347
10424 4347
10378 4347
8252 4347
2 4347
10152 4348
11907 4348
8713 4348
10956 4348
11546 4348
11074 4348
11710 4348
9162 4348
8020 4348
9490 4348
2 4348
11511 4349
8480 4349
9257 4349
11227 4349
10525 4349
8395 4349
2 4349
3530 4350
778 4350
11492 4350
11914 4350
10688 4350
9615 4350
8987 4350
2 4350
11341 4351
9250 4351
10839 4351
8337 4351
2 4351
10864 4352
11726 4352
9530 4352
9564 4352
9195 4352
8503 4352
9671 4352
9002 4352
11272 4352
11601 4352
2 4352
3176 4353
562 4353
81 4353
3384 4353
1819 4353
1766 4353
10335 4353
8987 4353
9611 4353
11948 4353
8956 4353
2 4353
11010 4354
10024 4354
10951 4354
10029 4354
9956 4354
2 4354
8423 4355
9841 4355
8140 4355
11476 4355
2 4355
9749 4356
10702 4356
10673 4356
12001 4356
11275 4356
8368 4356
8444 4356
8832 4356
8866 4356
10630 4356
2 4356
9825 4357
9647 4357
10128 4357
9350 4357
8275 4357
9901 4357
8476 4357
9333 4357
2 4357
10274 4358
10088 4358
8165 4358
10310 4358
2 4358
8733 4359
11578 4359
9802 4359
10935 4359
10293 4359
9046 4359
10944 4359
9857 4359
8223 4359
11928 4359
8091 4359
2 4359
11896 4360
11854 4360
11946 4360
10526 4360
10166 4360
11213 4360
9838 4360
9398 4360
2 4360
8084 4361
10055 4361
9135 4361
9300 4361
8068 4361
9316 4361
9813 4361
2 4361
10834 4362
10043 4362
11447 4362
9718 4362
2 4362
11064 4363
8204 4363
9347 4363
10904 4363
11890 4363
8943 4363
10697 4363
8626 4363
2 4363
8472 4364
10521 4364
11676 4364
8242 4364
10925 4364
10015 4364
11873 4364
9428 4364
2 4364
9472 4365
8996 4365
10004 4365
10875 4365
11113 4365
11127 4365
8780 4365
11650 4365
8131 4365
10770 4365
2 4365
8343 4366
8620 4366
9046 4366
11518 4366
11331 4366
11033 4366
8078 4366
2 4366
10478 4367
8471 4367
11778 4367
9688 4367
10855 4367
10720 4367
8694 4367
2 4367
11150 4368
9201 4368
8970 4368
10709 4368
8642 4368
10118 4368
9937 4368
10294 4368
11314 4368
8833 4368
9003 4368
2 4368
9389 4369
11567 4369
8992 4369
9465 4369
11418 4369
11356 4369
11647 4369
2 4369
8068 4370
9194 4370
10475 4370
11380 4370
9989 4370
2 4370
652 4371
628 4371
3366 4371
8034 4371
8586 4371
9405 4371
9306 4371
11506 4371
11104 4371
10104 4371
8115 4371
9416 4371
8869 4371
10286 4371
2 4371
9498 4372
9531 4372
9519 4372
10134 4372
9023 4372
2 4372
10174 4373
8445 4373
11938 4373
10464 4373
9610 4373
11845 4373
11046 4373
11415 4373
9167 4373
2 4373
8964 4374
9096 4374
10939 4374
9863 4374
11214 4374
11368 4374
10250 4374
8862 4374
8523 4374
11179 4374
2 4374
10904 4375
9601 4375
11646 4375
11738 4375
11225 4375
11087 4375
11990 4375
10697 4375
10063 4375
2 4375
9750 4376
8122 4376
9086 4376
9407 4376
11966 4376
8510 4376
11582 4376
2 4376
10065 4377
8725 4377
10092 4377
8251 4377
11966 4377
9585 4377
8406 4377
2 4377
9080 4378
10217 4378
8949 4378
10209 4378
10925 4378
8512 4378
11432 4378
2 4378
10810 4379
9164 4379
11533 4379
8403 4379
9307 4379
2 4379
11818 4380
8017 4380
10485 4380
10787 4380
2 4380
8019 4381
9524 4381
9684 4381
9698 4381
10519 4381
9203 4381
11127 4381
10596 4381
8986 4381
2 4381
9562 4382
10032 4382
11540 4382
10988 4382
9506 4382
2 4382
11580 4383
8041 4383
11744 4383
11814 4383
10945 4383
11387 4383
2 4383
8459 4384
8647 4384
9144 4384
11124 4384
10912 4384
11969 4384
9257 4384
11470 4384
10021 4384
2 4384
10841 4385
8759 4385
8062 4385
9608 4385
10288 4385
10887 4385
8105 4385
11082 4385
10424 4385
2 4385
10629 4386
8795 4386
9986 4386
10607 4386
10158 4386
10078 4386
10876 4386
10154 4386
2 4386
8648 4387
8398 4387
9076 4387
10575 4387
8685 4387
8430 4387
8100 4387
10491 4387
2 4387
10753 4388
8482 4388
10383 4388
11917 4388
9757 4388
8625 4388
11459 4388
11180 4388
10600 4388
8084 4388
8734 4388
2 4388
8954 4389
10488 4389
9889 4389
10200 4389
10766 4389
2 4389
11897 4390
8156 4390
10411 4390
11383 4390
8488 4390
11851 4390
11702 4390
2 4390
285 4391
2199 4391
3533 4391
3077 4391
2414 4391
11285 4391
10050 4391
11022 4391
9063 4391
8159 4391
10356 4391
11919 4391
11078 4391
10292 4391
11942 4391
2 4391
9959 4392
8860 4392
11546 4392
9969 4392
10152 4392
10827 4392
9607 4392
8402 4392
11774 4392
8663 4392
9066 4392
2 4392
3936 4393
2325 4393
3829 4393
11535 4393
10286 4393
8646 4393
10305 4393
8198 4393
10941 4393
8563 4393
10366 4393
9736 4393
10663 4393
9900 4393
2 4393
10643 4394
11848 4394
10225 4394
10714 4394
11534 4394
11050 4394
11626 4394
8845 4394
2 4394
10572 4395
9786 4395
8054 4395
9002 4395
8997 4395
8651 4395
9526 4395
10870 4395
2 4395
10426 4396
9939 4396
10508 4396
10604 4396
2 4396
11425 4397
8821 4397
8425 4397
11973 4397
11367 4397
8310 4397
11250 4397
2 4397
9885 4398
9548 4398
9626 4398
9899 4398
9707 4398
10523 4398
11182 4398
11367 4398
2 4398
8611 4399
9248 4399
10273 4399
9370 4399
10030 4399
11275 4399
8677 4399
9528 4399
11921 4399
8333 4399
2 4399
11176 4400
11904 4400
9187 4400
8376 4400
10885 4400
10371 4400
10565 4400
2 4400
10500 4401
8206 4401
10014 4401
11481 4401
11096 4401
11920 4401
10126 4401
9794 4401
11082 4401
11947 4401
2 4401
8886 4402
9574 4402
9737 4402
10678 4402
11049 4402
11342 4402
9808 4402
2 4402
8752 4403
11262 4403
10428 4403
10199 4403
8653 4403
8907 4403
10820 4403
10653 4403
2 4403
8482 4404
11682 4404
11187 4404
11858 4404
8810 4404
11124 4404
8718 4404
11803 4404
11318 4404
8630 4404
9037 4404
2 4404
8214 4405
10892 4405
8867 4405
11294 4405
9029 4405
2 4405
8806 4406
10645 4406
9053 4406
11431 4406
9164 4406
10168 4406
2 4406
11214 4407
10518 4407
11493 4407
9313 4407
10164 4407
10108 4407
11873 4407
8376 4407
10572 4407
2 4407
8770 4408
8917 4408
8487 4408
10932 4408
8806 4408
11671 4408
10969 4408
8861 4408
10045 4408
2 4408
8532 4409
11313 4409
11265 4409
10014 4409
8253 4409
10128 4409
8558 4409
2 4409
8576 4410
8120 4410
9602 4410
9435 4410
2 4410
11435 4411
8941 4411
10717 4411
11302 4411
9161 4411
8605 4411
9648 4411
11400 4411
2 4411
10152 4412
10310 4412
10741 4412
8014 4412
11771 4412
2 4412
10783 4413
10170 4413
11246 4413
9524 4413
10228 4413
8666 4413
9761 4413
2 4413
8406 4414
8676 4414
10519 4414
9971 4414
11880 4414
10415 4414
2 4414
10411 4415
10534 4415
8196 4415
9594 4415
11118 4415
11825 4415
11447 4415
8715 4415
10257 4415
2 4415
10473 4416
11066 4416
8920 4416
11043 4416
9287 4416
8803 4416
2 4416
1830 4417
3311 4417
116 4417
198 4417
1575 4417
37 4417
10407 4417
8889 4417
9897 4417
9345 4417
0 4417
11359 4417
9444 4417
10504 4417
11683 4417
8517 4417
2 4417
8748 4418
9855 4418
8481 4418
8735 4418
9120 4418
9984 4418
8954 4418
11435 4418
2 4418
11482 4419
8522 4419
9578 4419
11740 4419
8877 4419
2 4419
10035 4420
10989 4420
10092 4420
11941 4420
11750 4420
9202 4420
2 4420
10919 4421
8919 4421
11792 4421
8355 4421
10146 4421
2 4421
11722 4422
8503 4422
8246 4422
10183 4422
10570 4422
9454 4422
11832 4422
8537 4422
11793 4422
11176 4422
8992 4422
2 4422
11156 4423
9036 4423
8501 4423
9038 4423
2 4423
10901 4424
8307 4424
9566 4424
8566 4424
8066 4424
2 4424
9827 4425
8210 4425
10098 4425
9912 4425
8226 4425
11320 4425
8598 4425
11178 4425
2 4425
9387 4426
9409 4426
10433 4426
11434 4426
9830 4426
9368 4426
8834 4426
8575 4426
9480 4426
9298 4426
2 4426
11041 4427
8560 4427
8658 4427
9321 4427
8989 4427
10014 4427
11084 4427
2 4427
9093 4428
9249 4428
11187 4428
8758 4428
10885 4428
2 4428
11332 4429
8989 4429
9165 4429
11756 4429
8055 4429
9471 4429
9759 4429
8187 4429
9210 4429
8012 4429
2 4429
9164 4430
11089 4430
9261 4430
10645 4430
2 4430
8436 4431
10785 4431
11959 4431
10561 4431
11436 4431
11654 4431
11288 4431
8800 4431
2 4431
10378 4432
10853 4432
9647 4432
8464 4432
11002 4432
11416 4432
10091 4432
11794 4432
2 4432
11267 4433
10454 4433
8762 4433
10232 4433
9033 4433
8461 4433
11591 4433
8620 4433
8125 4433
9827 4433
10100 4433
2 4433
8288 4434
10668 4434
11056 4434
11096 4434
10502 4434
11967 4434
8613 4434
10519 4434
2 4434
11973 4435
8946 4435
8355 4435
11772 4435
9510 4435
2 4435
9327 4436
9106 4436
9813 4436
9719 4436
11399 4436
8144 4436
8934 4436
9461 4436
2 4436
11281 4437
10147 4437
12003 4437
8808 4437
2 4437
9934 4438
9454 4438
9377 4438
8830 4438
10648 4438
9757 4438
9621 4438
9067 4438
9981 4438
9843 4438
2 4438
8317 4439
11736 4439
8321 4439
11625 4439
11037 4439
11751 4439
11296 4439
8912 4439
10494 4439
9122 4439
11740 4439
2 4439
10502 4440
8698 4440
8981 4440
9292 4440
8154 4440
11992 4440
10327 4440
11354 4440
10702 4440
11385 4440
2 4440
9089 4441
11809 4441
10817 4441
9738 4441
2 4441
11109 4442
9144 4442
9989 4442
8715 4442
2 4442
8583 4443
10423 4443
10064 4443
8462 4443
11660 4443
2 4443
11985 4444
11502 4444
8317 4444
8224 4444
8541 4444
2 4444
8600 4445
8570 4445
11158 4445
11805 4445
8141 4445
11795 4445
11344 4445
10353 4445
8977 4445
9491 4445
8353 4445
2 4445
10610 4446
11564 4446
9694 4446
11883 4446
10450 4446
11279 4446
2 4446
11042 4447
10900 4447
10577 4447
9132 4447
8524 4447
10823 4447
8781 4447
2 4447
10006 4448
10524 4448
9498 4448
9140 4448
8322 4448
8927 4448
8341 4448
10361 4448
9979 4448
10581 4448
11703 4448
2 4448
11477 4449
10545 4449
9189 4449
11217 4449
10582 4449
2 4449
9047 4450
9988 4450
9327 4450
9718 4450
11344 4450
11825 4450
9169 4450
8359 4450
11334 4450
11109 4450
2 4450
8598 4451
10952 4451
11548 4451
11164 4451
9395 4451
8936 4451
10725 4451
10813 4451
8939 4451
2 4451
10019 4452
10567 4452
10181 4452
9437 4452
10392 4452
10709 4452
11055 4452
10018 4452
8551 4452
8111 4452
2 4452
10524 4453
8307 4453
10901 4453
11964 4453
8108 4453
9563 4453
10744 4453
10007 4453
11228 4453
10791 4453
2 4453
8456 4454
10097 4454
11663 4454
10915 4454
8609 4454
9990 4454
8250 4454
2 4454
8088 4455
8495 4455
11639 4455
9137 4455
11431 4455
8653 4455
11816 4455
10771 4455
2 4455
9556 4456
10501 4456
10496 4456
11396 4456
9010 4456
2 4456
103 4457
1321 4457
9853 4457
9777 4457
10923 4457
11306 4457
9473 4457
8662 4457
2 4457
10421 4458
8837 4458
9592 4458
10391 4458
10871 4458
2 4458
8514 4459
10134 4459
9502 4459
10947 4459
9969 4459
8791 4459
2 4459
10167 4460
9131 4460
11113 4460
11529 4460
9092 4460
11195 4460
9017 4460
8658 4460
11471 4460
9656 4460
11429 4460
2 4460
11507 4461
8658 4461
10141 4461
9455 4461
10796 4461
10314 4461
9278 4461
10654 4461
10333 4461
10871 4461
11787 4461
2 4461
11877 4462
11337 4462
8750 4462
9911 4462
10522 4462
9913 4462
9398 4462
9432 4462
10526 4462
10443 4462
11102 4462
2 4462
8057 4463
9798 4463
9400 4463
10434 4463
8465 4463
11534 4463
9248 4463
9758 4463
8772 4463
10445 4463
2 4463
8178 4464
9835 4464
11928 4464
10782 4464
11465 4464
10486 4464
8529 4464
9549 4464
10575 4464
2 4464
9149 4465
10781 4465
11544 4465
10069 4465
10906 4465
2 4465
8771 4466
11014 4466
11884 4466
11111 4466
9009 4466
11636 4466
11621 4466
2 4466
10766 4467
11617 4467
8554 4467
8973 4467
8497 4467
2 4467
2028 4468
1280 4468
2554 4468
1360 4468
8672 4468
8452 4468
8426 4468
8636 4468
11000 4468
10687 4468
9128 4468
9433 4468
11039 4468
8284 4468
2 4468
9701 4469
11155 4469
10002 4469
11697 4469
8100 4469
9551 4469
9000 4469
9817 4469
2 4469
11075 4470
8777 4470
9373 4470
10959 4470
11271 4470
8784 4470
9267 4470
9212 4470
9672 4470
8532 4470
10121 4470
2 4470
11392 4471
8716 4471
8658 4471
9680 4471
10546 4471
10633 4471
11312 4471
2 4471
9649 4472
8055 4472
8251 4472
11067 4472
8025 4472
9333 4472
9771 4472
2 4472
11441 4473
8248 4473
8811 4473
9764 4473
9772 4473
10845 4473
10085 4473
12002 4473
2 4473
10163 4474
8803 4474
9949 4474
11457 4474
9458 4474
11235 4474
2 4474
8045 4475
10685 4475
11320 4475
10238 4475
10710 4475
9929 4475
2 4475
10019 4476
9647 4476
8611 4476
9529 4476
2 4476
10597 4477
8962 4477
8112 4477
9127 4477
8403 4477
9990 4477
9138 4477
2 4477
8489 4478
9322 4478
9984 4478
8647 4478
10916 4478
10422 4478
10201 4478
9408 4478
8353 4478
2 4478
10576 4479
10633 4479
8175 4479
9528 4479
2 4479
8199 4480
11923 4480
8416 4480
9950 4480
11473 4480
10182 4480
10140 4480
8642 4480
10634 4480
10985 4480
8899 4480
2 4480
9468 4481
11611 4481
9993 4481
8852 4481
11245 4481
10863 4481
9062 4481
11579 4481
2 4481
11185 4482
11920 4482
10455 4482
9443 4482
9886 4482
11326 4482
9480 4482
8406 4482
2 4482
11010 4483
8761 4483
8527 4483
10763 4483
10377 4483
2 4483
9299 4484
9759 4484
8575 4484
10971 4484
9614 4484
8666 4484
2 4484
9358 4485
9560 4485
9019 4485
8476 4485
11752 4485
8505 4485
9730 4485
11981 4485
2 4485
10580 4486
8966 4486
9871 4486
9594 4486
9242 4486
2 4486
11471 4487
8584 4487
11377 4487
11694 4487
2 4487
10683 4488
10524 4488
10901 4488
9523 4488
2 4488
9695 4489
9427 4489
11602 4489
8123 4489
8478 4489
8464 4489
11448 4489
9785 4489
2 4489
11954 4490
9834 4490
9367 4490
9668 4490
8387 4490
8490 4490
10536 4490
9311 4490
8777 4490
11031 4490
10014 4490
2 4490
10402 4491
11377 4491
10245 4491
10964 4491
9231 4491
8107 4491
10643 4491
10910 4491
9518 4491
2 4491
11595 4492
10854 4492
10341 4492
11516 4492
2 4492
9195 4493
9893 4493
8273 4493
8200 4493
11176 4493
8531 4493
10241 4493
2 4493
10028 4494
10770 4494
9497 4494
8356 4494
9635 4494
11050 4494
8921 4494
10170 4494
9582 4494
9431 4494
2 4494
11423 4495
10564 4495
11238 4495
10759 4495
10436 4495
8598 4495
2 4495
9427 4496
8106 4496
8286 4496
9950 4496
2 4496
2698 4497
2599 4497
3472 4497
520 4497
340 4497
10286 4497
8607 4497
12000 4497
8426 4497
2 4497
10336 4498
11915 4498
9523 4498
9819 4498
9762 4498
9458 4498
10242 4498
9303 4498
2 4498
11935 4499
10214 4499
11027 4499
9266 4499
9579 4499
11258 4499
10976 4499
9523 4499
8802 4499
2 4499
10683 4500
9881 4500
9540 4500
9716 4500
8974 4500
8965 4500
8704 4500
10741 4500
2 4500
11032 4501
8177 4501
9760 4501
9399 4501
10828 4501
11751 4501
2 4501
11245 4502
11188 4502
10584 4502
10852 4502
9502 4502
8258 4502
8950 4502
11458 4502
9847 4502
8791 4502
11955 4502
2 4502
3580 4503
1165 4503
567 4503
1921 4503
2424 4503
3387 4503
3539 4503
2129 4503
711 4503
8163 4503
10797 4503
8563 4503
9780 4503
10113 4503
9405 4503
9816 4503
2 4503
8862 4504
10644 4504
11400 4504
11177 4504
8543 4504
11315 4504
8853 4504
2 4504
9234 4505
8091 4505
8031 4505
11697 4505
8895 4505
2 4505
11628 4506
8656 4506
9778 4506
10953 4506
9122 4506
11298 4506
8037 4506
9817 4506
8403 4506
9071 4506
2 4506
8539 4507
8502 4507
8316 4507
9284 4507
2 4507
10750 4508
10477 4508
9213 4508
9442 4508
8842 4508
9201 4508
10948 4508
10030 4508
9368 4508
10235 4508
9695 4508
2 4508
9803 4509
9207 4509
9394 4509
9866 4509
8015 4509
8214 4509
8764 4509
10748 4509
8799 4509
10876 4509
9831 4509
2 4509
9210 4510
10913 4510
8726 4510
8661 4510
9832 4510
8337 4510
8765 4510
11645 4510
10230 4510
2 4510
11031 4511
11387 4511
10849 4511
8254 4511
11392 4511
11363 4511
8771 4511
10364 4511
10265 4511
9814 4511
2 4511
11538 4512
11123 4512
9490 4512
9031 4512
11634 4512
9565 4512
10431 4512
11896 4512
8341 4512
8397 4512
2 4512
9265 4513
10711 4513
9782 4513
9188 4513
9542 4513
9152 4513
9463 4513
9647 4513
8995 4513
10125 4513
2 4513
8145 4514
10869 4514
10506 4514
10619 4514
10381 4514
8127 4514
9889 4514
10892 4514
9653 4514
8973 4514
2 4514
8780 4515
11082 4515
11913 4515
9905 4515
10887 4515
8069 4515
11408 4515
11147 4515
9698 4515
11207 4515
2 4515
9199 4516
8596 4516
10197 4516
10249 4516
2 4516
11167 4517
11451 4517
8044 4517
8938 4517
8867 4517
11128 4517
2 4517
9299 4518
11142 4518
8424 4518
11514 4518
8642 4518
11312 4518
11111 4518
9367 4518
10657 4518
10592 4518
2 4518
11786 4519
9300 4519
9630 4519
8888 4519
11328 4519
10794 4519
11388 4519
11364 4519
11036 4519
10276 4519
10457 4519
2 4519
9883 4520
8881 4520
9374 4520
8707 4520
9658 4520
8589 4520
9310 4520
2 4520
116 4521
2604 4521
2607 4521
3943 4521
24 4521
11329 4521
8736 4521
9345 4521
8257 4521
8636 4521
2 4521
9269 4522
11213 4522
11157 4522
11097 4522
9057 4522
11358 4522
2 4522
11113 4523
10125 4523
10289 4523
10318 4523
8404 4523
9472 4523
11565 4523
10082 4523
8239 4523
8809 4523
9396 4523
2 4523
8148 4524
10304 4524
9896 4524
8412 4524
10201 4524
10353 4524
10508 4524
9018 4524
10316 4524
9926 4524
2 4524
8358 4525
11137 4525
10499 4525
10616 4525
9291 4525
11482 4525
2 4525
10605 4526
10370 4526
8850 4526
11993 4526
9084 4526
2 4526
9730 4527
10954 4527
10270 4527
8428 4527
10579 4527
10770 4527
10694 4527
8744 4527
10825 4527
9569 4527
2 4527
9199 4528
9390 4528
8756 4528
9646 4528
8719 4528
11768 4528
2 4528
2544 4529
884 4529
1503 4529
2953 4529
10113 4529
10124 4529
10812 4529
9576 4529
11483 4529
10923 4529
9516 4529
11683 4529
11719 4529
9304 4529
10440 4529
2 4529
11793 4530
8481 4530
8313 4530
10543 4530
10412 4530
8202 4530
9564 4530
10698 4530
11983 4530
2 4530
11238 4531
10463 4531
11223 4531
8438 4531
10492 4531
8385 4531
11502 4531
10485 4531
11733 4531
8342 4531
2 4531
8726 4532
11237 4532
8833 4532
8394 4532
2 4532
10479 4533
8086 4533
11405 4533
8334 4533
9381 4533
8201 4533
2 4533
10704 4534
10696 4534
11339 4534
9526 4534
8756 4534
9648 4534
8313 4534
9406 4534
2 4534
10885 4535
8114 4535
10236 4535
8884 4535
8488 4535
11676 4535
8016 4535
11858 4535
9769 4535
8148 4535
8596 4535
2 4535
11757 4536
11555 4536
9054 4536
11087 4536
10569 4536
8177 4536
11502 4536
11671 4536
11190 4536
2 4536
11918 4537
10612 4537
8273 4537
11707 4537
9619 4537
10665 4537
9939 4537
10984 4537
10582 4537
2 4537
8700 4538
10484 4538
11734 4538
10933 4538
11286 4538
2 4538
11462 4539
9315 4539
8892 4539
11136 4539
9462 4539
9297 4539
11856 4539
11925 4539
11766 4539
11179 4539
8894 4539
2 4539
10715 4540
8209 4540
9933 4540
11911 4540
8367 4540
8700 4540
2 4540
9640 4541
10005 4541
9176 4541
10242 4541
8136 4541
10933 4541
9226 4541
8927 4541
10310 4541
2 4541
8402 4542
10827 4542
10526 4542
10745 4542
9065 4542
10131 4542
11687 4542
9235 4542
10449 4542
11404 4542
2 4542
9487 4543
8197 4543
10327 4543
10959 4543
2 4543
11052 4544
11486 4544
11935 4544
8562 4544
10505 4544
8775 4544
9498 4544
9001 4544
8566 4544
11859 4544
8699 4544
2 4544
11388 4545
9322 4545
8054 4545
9910 4545
2 4545
11170 4546
11840 4546
9729 4546
11266 4546
11403 4546
9946 4546
8469 4546
11735 4546
9527 4546
8039 4546
2 4546
11345 4547
9809 4547
10541 4547
8524 4547
8340 4547
9571 4547
9240 4547
8768 4547
8181 4547
10892 4547
10041 4547
2 4547
9704 4548
10473 4548
9494 4548
9388 4548
8574 4548
9398 4548
9815 4548
8331 4548
10161 4548
11813 4548
2 4548
11121 4549
9902 4549
10349 4549
9387 4549
10664 4549
11505 4549
8506 4549
11561 4549
10039 4549
9342 4549
10115 4549
2 4549
8227 4550
9312 4550
11792 4550
9425 4550
9499 4550
8116 4550
11990 4550
11833 4550
2 4550
9234 4551
10645 4551
10613 4551
10382 4551
9071 4551
2 4551
8567 4552
10243 4552
11857 4552
8103 4552
10096 4552
2 4552
102 4553
1243 4553
1759 4553
3789 4553
498 4553
11078 4553
9768 4553
9034 4553
10356 4553
8987 4553
9805 4553
8610 4553
9745 4553
2 4553
9089 4554
8532 4554
8122 4554
11138 4554
10871 4554
11082 4554
9542 4554
8905 4554
2 4554
9908 4555
8055 4555
9019 4555
11681 4555
9583 4555
10637 4555
9620 4555
10071 4555
9765 4555
9758 4555
2 4555
9718 4556
11904 4556
10257 4556
8015 4556
11881 4556
11917 4556
10264 4556
9050 4556
10786 4556
8795 4556
11118 4556
2 4556
10436 4557
10189 4557
9000 4557
10086 4557
2 4557
8476 4558
9292 4558
10451 4558
8162 4558
9580 4558
9561 4558
8058 4558
10714 4558
11581 4558
11819 4558
2 4558
9996 4559
10694 4559
9131 4559
9908 4559
10315 4559
8511 4559
9481 4559
10732 4559
8373 4559
10778 4559
2 4559
9452 4560
8658 4560
10141 4560
10749 4560
10210 4560
8676 4560
11809 4560
11088 4560
11883 4560
9722 4560
2 4560
11203 4561
8932 4561
9487 4561
9524 4561
9253 4561
9503 4561
2 4561
8893 4562
10752 4562
8368 4562
11393 4562
10877 4562
8478 4562
8189 4562
2 4562
10214 4563
10336 4563
10930 4563
9856 4563
10511 4563
9494 4563
8158 4563
9252 4563
2 4563
11730 4564
8664 4564
8513 4564
9199 4564
11231 4564
2 4564
11353 4565
11393 4565
8428 4565
8841 4565
10702 4565
11234 4565
11395 4565
10145 4565
2 4565
365 4566
2789 4566
1238 4566
3134 4566
3640 4566
2068 4566
718 4566
10427 4566
8807 4566
8854 4566
11483 4566
2 4566
11245 4567
9432 4567
9511 4567
11358 4567
11937 4567
10911 4567
10628 4567
9998 4567
2 4567
9007 4568
8895 4568
9478 4568
9890 4568
2 4568
9434 4569
8858 4569
10386 4569
8148 4569
11216 4569
10107 4569
11334 4569
10905 4569
11526 4569
11479 4569
2 4569
8635 4570
10502 4570
11794 4570
9443 4570
8450 4570
11094 4570
2 4570
10766 4571
10748 4571
8334 4571
11872 4571
10426 4571
2 4571
8444 4572
10921 4572
11001 4572
11443 4572
8042 4572
10442 4572
2 4572
11617 4573
9080 4573
9843 4573
10618 4573
9011 4573
2 4573
11473 4574
11989 4574
8759 4574
11660 4574
8801 4574
2 4574
3245 4575
195 4575
801 4575
671 4575
71 4575
8441 4575
11469 4575
10234 4575
9805 4575
8956 4575
8595 4575
11348 4575
8446 4575
11492 4575
2 4575
255 4576
439 4576
50 4576
2517 4576
1880 4576
8366 4576
10598 4576
11348 4576
10335 4576
10260 4576
8264 4576
10859 4576
10440 4576
10286 4576
2 4576
8767 4577
8072 4577
8171 4577
10737 4577
10978 4577
8873 4577
10100 4577
11238 4577
12002 4577
2 4577
2818 4578
4004 4578
353 4578
3666 4578
2244 4578
218 4578
9178 4578
10124 4578
8817 4578
9655 4578
2 4578
9014 4579
9827 4579
10331 4579
10255 4579
8959 4579
10498 4579
2 4579
11566 4580
11751 4580
10857 4580
10439 4580
9046 4580
11671 4580
2 4580
11414 4581
9952 4581
8196 4581
10036 4581
8201 4581
9144 4581
8092 4581
8117 4581
2 4581
11195 4582
8623 4582
10938 4582
8333 4582
9983 4582
9631 4582
8545 4582
2 4582
10691 4583
9967 4583
10579 4583
8953 4583
10177 4583
2 4583
9972 4584
9514 4584
8522 4584
8259 4584
10759 4584
11988 4584
11977 4584
8321 4584
2 4584
8584 4585
11076 4585
10445 4585
10294 4585
8408 4585
9052 4585
11002 4585
10942 4585
10752 4585
8658 4585
2 4585
9283 4586
11192 4586
10048 4586
9728 4586
11547 4586
9982 4586
2 4586
10983 4587
11854 4587
8859 4587
10581 4587
9993 4587
2 4587
10733 4588
10069 4588
11439 4588
8112 4588
2 4588
9551 4589
8045 4589
10418 4589
11164 4589
10569 4589
10831 4589
11950 4589
8821 4589
9882 4589
11764 4589
9181 4589
2 4589
11520 4590
11945 4590
8241 4590
11027 4590
2 4590
11819 4591
11623 4591
9213 4591
10922 4591
2 4591
11750 4592
8251 4592
9431 4592
11234 4592
11308 4592
8154 4592
10529 4592
11169 4592
2 4592
11495 4593
9546 4593
11764 4593
10435 4593
11830 4593
10733 4593
11064 4593
9146 4593
8398 4593
9987 4593
2 4593
9282 4594
10006 4594
9752 4594
9979 4594
2 4594
8836 4595
9972 4595
8178 4595
11288 4595
2 4595
8521 4596
9765 4596
11221 4596
9985 4596
10360 4596
9503 4596
11681 4596
10988 4596
11621 4596
11138 4596
9041 4596
2 4596
8486 4597
11865 4597
9943 4597
11156 4597
8012 4597
10099 4597
2 4597
9977 4598
8693 4598
10704 4598
10835 4598
8260 4598
2 4598
10419 4599
8125 4599
10463 4599
10761 4599
8064 4599
10328 4599
11663 4599
11566 4599
8255 4599
9536 4599
9731 4599
2 4599
9154 4600
10487 4600
11499 4600
11931 4600
10244 4600
11736 4600
9879 4600
10595 4600
8622 4600
9150 4600
9683 4600
2 4600
9486 4601
10445 4601
11377 4601
8864 4601
11071 4601
10641 4601
11080 4601
9606 4601
9603 4601
10711 4601
9278 4601
2 4601
10103 4602
8170 4602
10962 4602
11918 4602
2 4602
10145 4603
10121 4603
8887 4603
10225 4603
8915 4603
8794 4603
9331 4603
9501 4603
11723 4603
10610 4603
10290 4603
2 4603
11351 4604
9002 4604
10992 4604
11905 4604
11754 4604
10936 4604
10661 4604
8605 4604
2 4604
9012 4605
11621 4605
10290 4605
9570 4605
10672 4605
2 4605
11527 4606
11263 4606
10932 4606
9479 4606
2 4606
8806 4607
8847 4607
11331 4607
11441 4607
8456 4607
11772 4607
2 4607
9571 4608
11755 4608
8316 4608
11925 4608
2 4608
10727 4609
8906 4609
11689 4609
9552 4609
10531 4609
8577 4609
10895 4609
9579 4609
8158 4609
2 4609
10660 4610
9401 4610
10781 4610
11278 4610
11714 4610
8626 4610
11862 4610
2 4610
8822 4611
9793 4611
10089 4611
11206 4611
8388 4611
10767 4611
8027 4611
9327 4611
8764 4611
9557 4611
2 4611
9165 4612
11215 4612
10118 4612
8180 4612
11293 4612
9263 4612
10965 4612
8771 4612
8549 4612
9247 4612
2 4612
8064 4613
8270 4613
11181 4613
11665 4613
10558 4613
10547 4613
8904 4613
11424 4613
2 4613
9982 4614
11142 4614
10342 4614
8515 4614
11222 4614
10693 4614
10732 4614
8211 4614
2 4614
9136 4615
11594 4615
10385 4615
11619 4615
9627 4615
8822 4615
8184 4615
9196 4615
9820 4615
9170 4615
11519 4615
2 4615
10999 4616
11943 4616
8858 4616
10834 4616
11021 4616
10533 4616
11118 4616
2 4616
8177 4617
8112 4617
10774 4617
8850 4617
11862 4617
11784 4617
8276 4617
9578 4617
9347 4617
9042 4617
8436 4617
2 4617
11768 4618
8194 4618
9783 4618
11109 4618
10383 4618
11391 4618
9926 4618
10790 4618
8448 4618
2 4618
10549 4619
10561 4619
10896 4619
10813 4619
11900 4619
8436 4619
9296 4619
10042 4619
11155 4619
2 4619
8322 4620
11081 4620
10626 4620
11960 4620
2 4620
10877 4621
11409 4621
9932 4621
8937 4621
9311 4621
11408 4621
9732 4621
9830 4621
8834 4621
9165 4621
10634 4621
2 4621
9167 4622
10038 4622
10508 4622
9335 4622
2 4622
10265 4623
8551 4623
9561 4623
9052 4623
9314 4623
10091 4623
8106 4623
8019 4623
9785 4623
11429 4623
2 4623
11405 4624
8754 4624
8758 4624
10174 4624
10038 4624
9461 4624
11619 4624
9228 4624
8537 4624
2 4624
8605 4625
10227 4625
11722 4625
9679 4625
8164 4625
2 4625
8544 4626
11264 4626
9168 4626
9945 4626
11892 4626
10700 4626
2 4626
10337 4627
10417 4627
11966 4627
10985 4627
11853 4627
8654 4627
10536 4627
2 4627
9084 4628
11259 4628
9835 4628
11735 4628
10323 4628
8897 4628
10300 4628
8403 4628
8321 4628
8183 4628
2 4628
10638 4629
8529 4629
11556 4629
8890 4629
11979 4629
8479 4629
8125 4629
11570 4629
2 4629
10717 4630
10987 4630
11656 4630
8647 4630
8520 4630
9166 4630
11197 4630
10924 4630
9848 4630
9428 4630
8266 4630
2 4630
9220 4631
8010 4631
8096 4631
11703 4631
9734 4631
11152 4631
11376 4631
8859 4631
8950 4631
2 4631
10728 4632
10447 4632
10027 4632
10870 4632
8660 4632
2 4632
8221 4633
10738 4633
11933 4633
11936 4633
2 4633
8989 4634
11552 4634
8933 4634
9371 4634
11924 4634
8308 4634
11314 4634
11270 4634
10347 4634
2 4634
11724 4635
11745 4635
9868 4635
10858 4635
11730 4635
10462 4635
9747 4635
9315 4635
11850 4635
11878 4635
2 4635
11640 4636
8475 4636
8148 4636
8710 4636
8627 4636
10681 4636
10385 4636
11061 4636
9636 4636
2 4636
11820 4637
11037 4637
11117 4637
11979 4637
11431 4637
8598 4637
11628 4637
10100 4637
9721 4637
8248 4637
8898 4637
2 4637
11002 4638
9079 4638
10610 4638
10478 4638
9350 4638
11148 4638
9165 4638
9238 4638
8509 4638
2 4638
11634 4639
9285 4639
10239 4639
8320 4639
8820 4639
11025 4639
11052 4639
9640 4639
10878 4639
2 4639
8754 4640
8810 4640
8696 4640
11856 4640
2 4640
11124 4641
10247 4641
9359 4641
8971 4641
10647 4641
8556 4641
8145 4641
10905 4641
8420 4641
8437 4641
11091 4641
2 4641
3037 4642
3871 4642
2743 4642
3094 4642
572 4642
10407 4642
8047 4642
10017 4642
10157 4642
10950 4642
10873 4642
9444 4642
9294 4642
2 4642
10058 4643
10413 4643
9195 4643
8347 4643
9484 4643
2 4643
8064 4644
11403 4644
11888 4644
11578 4644
8928 4644
9192 4644
10697 4644
11721 4644
2 4644
9267 4645
9012 4645
8378 4645
10145 4645
10779 4645
11392 4645
9950 4645
11848 4645
2 4645
8099 4646
8851 4646
11640 4646
8867 4646
11587 4646
11686 4646
2 4646
9009 4647
11801 4647
8421 4647
9375 4647
9430 4647
2 4647
10011 4648
9982 4648
10393 4648
8506 4648
8421 4648
8172 4648
10398 4648
8518 4648
9263 4648
8711 4648
10755 4648
2 4648
10044 4649
11788 4649
8716 4649
10170 4649
9028 4649
9213 4649
2 4649
8443 4650
11912 4650
11131 4650
9970 4650
8292 4650
11510 4650
8135 4650
9937 4650
2 4650
10573 4651
9338 4651
10034 4651
9119 4651
10918 4651
10091 4651
10502 4651
9233 4651
2 4651
11771 4652
10526 4652
9295 4652
8913 4652
8414 4652
9458 4652
11926 4652
11421 4652
9275 4652
10651 4652
2 4652
9431 4653
9667 4653
8292 4653
8751 4653
8428 4653
10721 4653
11056 4653
10608 4653
8841 4653
11140 4653
2 4653
8500 4654
10866 4654
8573 4654
8044 4654
9281 4654
8273 4654
10996 4654
11647 4654
11627 4654
10860 4654
2 4654
10000 4655
10107 4655
10106 4655
9180 4655
2 4655
11268 4656
11496 4656
9968 4656
8226 4656
8541 4656
11384 4656
10549 4656
2 4656
2758 4657
3048 4657
1040 4657
1257 4657
2866 4657
10355 4657
10471 4657
9655 4657
11576 4657
11469 4657
10335 4657
11329 4657
2 4657
11690 4658
10730 4658
8269 4658
8757 4658
9828 4658
10078 4658
9956 4658
11598 4658
11897 4658
2 4658
11714 4659
8798 4659
10061 4659
11311 4659
8440 4659
11144 4659
11736 4659
2 4659
8225 4660
8763 4660
8762 4660
8540 4660
8456 4660
11379 4660
9014 4660
2 4660
10100 4661
8240 4661
8473 4661
8470 4661
11015 4661
8826 4661
11741 4661
8052 4661
11713 4661
11616 4661
2 4661
9147 4662
11898 4662
9620 4662
11086 4662
9634 4662
2 4662
9566 4663
9220 4663
11358 4663
11520 4663
11530 4663
8139 4663
9262 4663
2 4663
10273 4664
10679 4664
8650 4664
11293 4664
10615 4664
2 4664
9759 4665
8362 4665
11924 4665
10643 4665
9471 4665
11773 4665
9849 4665
8467 4665
10938 4665
10879 4665
10625 4665
2 4665
9013 4666
9665 4666
10768 4666
10495 4666
9500 4666
10533 4666
2 4666
8764 4667
9947 4667
10695 4667
9302 4667
11676 4667
11352 4667
11060 4667
8437 4667
9440 4667
9598 4667
2 4667
9250 4668
11371 4668
8995 4668
9092 4668
11705 4668
11067 4668
11681 4668
2 4668
8474 4669
11734 4669
11316 4669
8136 4669
9102 4669
11687 4669
11404 4669
8655 4669
8982 4669
2 4669
9281 4670
8884 4670
10818 4670
10766 4670
10753 4670
10814 4670
8376 4670
2 4670
9266 4671
11703 4671
10927 4671
9065 4671
8813 4671
10667 4671
9023 4671
9607 4671
10310 4671
11732 4671
11579 4671
2 4671
9603 4672
9336 4672
11241 4672
8407 4672
8352 4672
8548 4672
9131 4672
10182 4672
10230 4672
2 4672
9555 4673
10559 4673
10885 4673
9064 4673
10054 4673
9875 4673
8359 4673
2 4673
10924 4674
9467 4674
8448 4674
9744 4674
9183 4674
8117 4674
9011 4674
9047 4674
8867 4674
10202 4674
8099 4674
2 4674
9115 4675
11986 4675
11240 4675
10484 4675
2 4675
10367 4676
9300 4676
9374 4676
10178 4676
10151 4676
9751 4676
11693 4676
11847 4676
8026 4676
11338 4676
2 4676
10287 4677
11425 4677
11990 4677
8393 4677
10569 4677
9930 4677
11340 4677
10734 4677
2 4677
8694 4678
10065 4678
9807 4678
11361 4678
11195 4678
10062 4678
8478 4678
2 4678
3830 4679
1882 4679
1162 4679
3081 4679
1179 4679
948 4679
1443 4679
11535 4679
10950 4679
9897 4679
11112 4679
9411 4679
8987 4679
8563 4679
10388 4679
10614 4679
8956 4679
2 4679
9527 4680
11456 4680
8223 4680
8861 4680
10428 4680
9488 4680
2 4680
2803 4681
817 4681
2204 4681
11531 4681
11765 4681
10663 4681
10812 4681
10195 4681
2 4681
8952 4682
10774 4682
10888 4682
11903 4682
9296 4682
11160 4682
8276 4682
2 4682
11507 4683
10970 4683
8671 4683
11392 4683
11412 4683
9239 4683
9656 4683
2 4683
11334 4684
8721 4684
10316 4684
8217 4684
8488 4684
9257 4684
10553 4684
2 4684
8474 4685
11427 4685
9531 4685
11522 4685
8663 4685
9810 4685
2 4685
9170 4686
9966 4686
10276 4686
8618 4686
8507 4686
10106 4686
11058 4686
11666 4686
8190 4686
8524 4686
2 4686
10273 4687
10212 4687
8650 4687
11208 4687
8980 4687
9681 4687
12004 4687
10177 4687
9832 4687
8774 4687
2 4687
9327 4688
9242 4688
11254 4688
11435 4688
8876 4688
11132 4688
11491 4688
9190 4688
2 4688
10018 4689
9387 4689
11114 4689
8711 4689
11271 4689
2 4689
8626 4690
8294 4690
11738 4690
10452 4690
11117 4690
10307 4690
8752 4690
11360 4690
9876 4690
12002 4690
11953 4690
2 4690
9179 4691
9341 4691
8495 4691
11518 4691
8029 4691
9181 4691
10317 4691
10263 4691
8836 4691
8112 4691
2 4691
9689 4692
11311 4692
11985 4692
8861 4692
8634 4692
11665 4692
9602 4692
2 4692
8295 4693
11755 4693
8721 4693
8371 4693
10202 4693
9332 4693
9035 4693
8961 4693
8032 4693
8053 4693
2 4693
11810 4694
11980 4694
10735 4694
11097 4694
10765 4694
9640 4694
2 4694
10211 4695
10485 4695
11939 4695
9150 4695
11193 4695
8632 4695
9395 4695
2 4695
11712 4696
10373 4696
8949 4696
10686 4696
2 4696
8835 4697
9324 4697
9598 4697
11554 4697
8028 4697
10534 4697
8242 4697
2 4697
10867 4698
9153 4698
11639 4698
10492 4698
11950 4698
11495 4698
8877 4698
2 4698
9262 4699
9058 4699
11635 4699
8569 4699
9935 4699
10134 4699
10166 4699
2 4699
8336 4700
11528 4700
9229 4700
11712 4700
8117 4700
9823 4700
10037 4700
2 4700
10081 4701
11216 4701
9500 4701
10008 4701
2 4701
10277 4702
8544 4702
9492 4702
8741 4702
8613 4702
9469 4702
10712 4702
2 4702
8169 4703
11166 4703
11877 4703
11005 4703
11589 4703
8166 4703
10005 4703
10406 4703
11929 4703
10311 4703
2 4703
11017 4704
9722 4704
10539 4704
10587 4704
9788 4704
8303 4704
2 4704
11495 4705
9320 4705
10293 4705
9686 4705
9496 4705
10119 4705
10896 4705
8929 4705
10100 4705
11839 4705
2 4705
10695 4706
11163 4706
10397 4706
10794 4706
9195 4706
8963 4706
10353 4706
9976 4706
11686 4706
9484 4706
9157 4706
2 4706
11877 4707
9951 4707
8663 4707
10878 4707
2 4707
10455 4708
9463 4708
11898 4708
8432 4708
11103 4708
9562 4708
10692 4708
10347 4708
9472 4708
10841 4708
11438 4708
2 4708
8395 4709
11537 4709
9087 4709
8481 4709
2 4709
11375 4710
9044 4710
8765 4710
9253 4710
10776 4710
10196 4710
10033 4710
9814 4710
10362 4710
9202 4710
9914 4710
2 4710
11979 4711
10884 4711
10401 4711
11268 4711
8224 4711
8203 4711
11320 4711
8116 4711
2 4711
9275 4712
8048 4712
10444 4712
8982 4712
11997 4712
9800 4712
9266 4712
11362 4712
10267 4712
10075 4712
2 4712
10300 4713
10491 4713
11962 4713
10146 4713
11518 4713
10263 4713
10002 4713
9551 4713
10810 4713
2 4713
11335 4714
11108 4714
8405 4714
11568 4714
10574 4714
2 4714
10508 4715
11667 4715
11370 4715
10848 4715
9824 4715
10350 4715
10229 4715
11675 4715
2 4715
9466 4716
8090 4716
8551 4716
11949 4716
10126 4716
11695 4716
9202 4716
8528 4716
8424 4716
2 4716
8754 4717
8945 4717
8853 4717
9671 4717
11916 4717
8101 4717
11864 4717
10164 4717
2 4717
10090 4718
8916 4718
9744 4718
11568 4718
10386 4718
11284 4718
10013 4718
10020 4718
9530 4718
9875 4718
2 4718
11477 4719
10708 4719
9539 4719
9110 4719
8068 4719
11400 4719
11515 4719
8126 4719
9679 4719
11766 4719
2 4719
11925 4720
9534 4720
8605 4720
9610 4720
9177 4720
10396 4720
9161 4720
2 4720
9497 4721
10065 4721
8195 4721
10254 4721
2 4721
224 4722
1943 4722
8198 4722
10687 4722
9060 4722
8869 4722
8151 4722
2 4722
9250 4723
10633 4723
10140 4723
10445 4723
10903 4723
11290 4723
10321 4723
9775 4723
2 4723
11057 4724
9366 4724
10185 4724
8895 4724
11738 4724
2 4724
8704 4725
9552 4725
11907 4725
10361 4725
2 4725
16 4726
2502 4726
2403 4726
1662 4726
596 4726
646 4726
8441 4726
11683 4726
8684 4726
9576 4726
9888 4726
2 4726
11450 4727
9211 4727
11354 4727
11996 4727
8844 4727
9385 4727
10500 4727
11729 4727
11655 4727
2 4727
11968 4728
8842 4728
10167 4728
10320 4728
9009 4728
9402 4728
8515 4728
11849 4728
8676 4728
2 4728
11996 4729
10091 4729
10743 4729
10248 4729
11582 4729
10346 4729
10330 4729
10587 4729
10092 4729
2 4729
9643 4730
11491 4730
11179 4730
11172 4730
8781 4730
10029 4730
10201 4730
10543 4730
8174 4730
9651 4730
2 4730
8483 4731
9673 4731
8870 4731
11862 4731
8171 4731
8898 4731
2 4731
9631 4732
9506 4732
8396 4732
8219 4732
9370 4732
11849 4732
8416 4732
8195 4732
9142 4732
2 4732
395 4733
461 4733
4001 4733
2830 4733
1861 4733
2476 4733
11737 4733
9687 4733
8188 4733
9975 4733
11039 4733
8222 4733
11790 4733
2 4733
9838 4734
10626 4734
10601 4734
10131 4734
2 4734
9883 4735
11196 4735
8570 4735
10803 4735
11598 4735
11179 4735
8867 4735
9956 4735
10937 4735
11872 4735
9484 4735
2 4735
9769 4736
11244 4736
10940 4736
8848 4736
9136 4736
11461 4736
2 4736
8375 4737
9677 4737
10408 4737
11374 4737
2 4737
10896 4738
8468 4738
8870 4738
10101 4738
2 4738
8876 4739
8339 4739
10936 4739
11815 4739
10395 4739
9354 4739
11368 4739
8359 4739
11400 4739
9871 4739
10925 4739
2 4739
9979 4740
11870 4740
11831 4740
10974 4740
9198 4740
8360 4740
8644 4740
2 4740
9025 4741
11618 4741
8756 4741
8894 4741
11897 4741
8647 4741
10236 4741
10257 4741
2 4741
9791 4742
9723 4742
8107 4742
9872 4742
2 4742
8232 4743
9748 4743
8645 4743
8371 4743
2 4743
8461 4744
9721 4744
10297 4744
9857 4744
11699 4744
8632 4744
11697 4744
11648 4744
2 4744
8546 4745
8993 4745
11110 4745
10536 4745
10731 4745
8254 4745
11961 4745
10528 4745
2 4745
9574 4746
10016 4746
11373 4746
9884 4746
9521 4746
9129 4746
9022 4746
2 4746
3722 4747
3883 4747
2505 4747
54 4747
2374 4747
9991 4747
8672 4747
10955 4747
11719 4747
8390 4747
8991 4747
11948 4747
9034 4747
11664 4747
11919 4747
11039 4747
2 4747
11356 4748
10106 4748
11047 4748
8647 4748
9594 4748
9284 4748
10348 4748
11459 4748
2 4748
8977 4749
9037 4749
11494 4749
10760 4749
11575 4749
11315 4749
10908 4749
2 4749
8066 4750
11674 4750
11987 4750
10459 4750
9275 4750
2 4750
10691 4751
9449 4751
8666 4751
9455 4751
9277 4751
2 4751
9443 4752
11949 4752
8694 4752
9661 4752
9592 4752
2 4752
12003 4753
10739 4753
11571 4753
8660 4753
8099 4753
2 4753
10624 4754
8118 4754
9518 4754
10882 4754
11933 4754
2 4754
10449 4755
8237 4755
8608 4755
9969 4755
9459 4755
10736 4755
10584 4755
9779 4755
11687 4755
2 4755
10021 4756
10197 4756
11940 4756
11526 4756
8235 4756
8448 4756
8217 4756
9650 4756
11352 4756
8481 4756
8665 4756
2 4756
9457 4757
8075 4757
9267 4757
10985 4757
11865 4757
9385 4757
8855 4757
10519 4757
2 4757
9925 4758
8916 4758
8523 4758
9845 4758
2 4758
11159 4759
11477 4759
8077 4759
9630 4759
9187 4759
9013 4759
10178 4759
11303 4759
2 4759
8792 4760
11729 4760
9358 4760
10125 4760
8834 4760
8772 4760
8548 4760
8677 4760
8443 4760
10362 4760
8691 4760
2 4760
9870 4761
11432 4761
9484 4761
10866 4761
9454 4761
11815 4761
9642 4761
2 4761
8598 4762
8377 4762
9558 4762
8358 4762
11874 4762
11117 4762
8403 4762
2 4762
3027 4763
3162 4763
1232 4763
394 4763
10837 4763
8607 4763
10950 4763
9027 4763
10598 4763
11683 4763
9717 4763
2 4763
11616 4764
8470 4764
9107 4764
8670 4764
8171 4764
8100 4764
10215 4764
11639 4764
10832 4764
2 4764
8173 4765
11856 4765
11517 4765
10753 4765
10780 4765
11467 4765
9187 4765
11129 4765
8795 4765
9369 4765
2 4765
9503 4766
9962 4766
10798 4766
10664 4766
11947 4766
8471 4766
2 4766
11872 4767
9310 4767
10987 4767
10312 4767
8336 4767
10208 4767
11350 4767
8979 4767
8814 4767
10768 4767
2 4767
9463 4768
11631 4768
9920 4768
9105 4768
10921 4768
9996 4768
8623 4768
8471 4768
10701 4768
10035 4768
2 4768
11077 4769
9623 4769
8293 4769
9695 4769
11075 4769
2 4769
9598 4770
8881 4770
8289 4770
8395 4770
11368 4770
11356 4770
10801 4770
8561 4770
9249 4770
2 4770
8528 4771
9041 4771
10752 4771
9079 4771
2 4771
11752 4772
8012 4772
10393 4772
11101 4772
8832 4772
9937 4772
8509 4772
10988 4772
2 4772
11358 4773
9319 4773
8820 4773
11005 4773
9176 4773
8574 4773
8022 4773
11333 4773
9388 4773
2 4773
10458 4774
8261 4774
10418 4774
10323 4774
8498 4774
10952 4774
10674 4774
10436 4774
2 4774
11809 4775
11756 4775
9165 4775
8915 4775
8995 4775
11247 4775
2 4775
8046 4776
10917 4776
8876 4776
9406 4776
10997 4776
2 4776
865 4777
1564 4777
9516 4777
10017 4777
8991 4777
9411 4777
11889 4777
8681 4777
10923 4777
9391 4777
2 4777
9233 4778
9472 4778
11279 4778
11954 4778
9722 4778
11203 4778
9045 4778
10528 4778
11742 4778
8443 4778
10225 4778
2 4778
10576 4779
8501 4779
11927 4779
9471 4779
10938 4779
11473 4779
8528 4779
2 4779
10705 4780
11231 4780
11158 4780
10671 4780
10747 4780
10462 4780
2 4780
9968 4781
12002 4781
9192 4781
9581 4781
11570 4781
2 4781
11621 4782
11070 4782
8746 4782
11629 4782
10762 4782
2 4782
10604 4783
9718 4783
10380 4783
8816 4783
9564 4783
11940 4783
8092 4783
10600 4783
9605 4783
2 4783
10372 4784
11214 4784
8082 4784
11010 4784
8067 4784
8624 4784
11163 4784
11523 4784
9868 4784
2 4784
11214 4785
9228 4785
10905 4785
8480 4785
10695 4785
2 4785
9166 4786
8243 4786
9679 4786
11099 4786
11542 4786
11129 4786
2 4786
11655 4787
11582 4787
8525 4787
9887 4787
12001 4787
9685 4787
8825 4787
11505 4787
9914 4787
2 4787
9052 4788
10975 4788
9009 4788
10327 4788
10360 4788
8079 4788
2 4788
10934 4789
11303 4789
11658 4789
11062 4789
11464 4789
2 4789
11345 4790
9240 4790
11072 4790
9189 4790
11825 4790
11206 4790
2 4790
9469 4791
9524 4791
9697 4791
8511 4791
11966 4791
8572 4791
11680 4791
9470 4791
2 4791
8860 4792
11068 4792
8296 4792
8536 4792
10956 4792
11007 4792
2 4792
10430 4793
10842 4793
9185 4793
10851 4793
9004 4793
2 4793
10952 4794
11182 4794
11559 4794
9083 4794
8100 4794
11425 4794
9835 4794
9307 4794
8529 4794
8581 4794
8898 4794
2 4794
11116 4795
10638 4795
8850 4795
10820 4795
10060 4795
2 4795
11561 4796
9807 4796
10423 4796
8572 4796
11282 4796
11760 4796
8107 4796
2 4796
11498 4797
9410 4797
9848 4797
11128 4797
2 4797
11228 4798
11810 4798
10072 4798
11184 4798
8014 4798
8230 4798
2 4798
10221 4799
10075 4799
10459 4799
8139 4799
11922 4799
11509 4799
2 4799
9498 4800
9398 4800
8108 4800
11687 4800
11530 4800
10751 4800
11005 4800
9217 4800
9607 4800
2 4800
11289 4801
9984 4801
8246 4801
10142 4801
10151 4801
8768 4801
10589 4801
11649 4801
8347 4801
2 4801
11025 4802
9612 4802
9847 4802
11043 4802
11168 4802
11235 4802
9998 4802
2 4802
10151 4803
11418 4803
9495 4803
11963 4803
10052 4803
2 4803
9329 4804
8721 4804
8500 4804
9484 4804
8340 4804
8145 4804
10811 4804
2 4804
11537 4805
8074 4805
11327 4805
9925 4805
9408 4805
11440 4805
11526 4805
8026 4805
10013 4805
9177 4805
10264 4805
2 4805
9145 4806
9987 4806
11876 4806
10189 4806
2 4806
11545 4807
10296 4807
11425 4807
11267 4807
8641 4807
11665 4807
11802 4807
9488 4807
11663 4807
8183 4807
2 4807
8884 4808
10430 4808
11940 4808
8353 4808
11834 4808
10707 4808
9806 4808
8668 4808
8067 4808
11523 4808
2 4808
8141 4809
11918 4809
9781 4809
10139 4809
10924 4809
2 4809
11235 4810
10620 4810
8701 4810
11316 4810
9184 4810
9266 4810
2 4810
9556 4811
10610 4811
10035 4811
10014 4811
10500 4811
9247 4811
11550 4811
11593 4811
8975 4811
10145 4811
2 4811
8463 4812
9331 4812
10478 4812
8375 4812
8476 4812
9832 4812
8189 4812
2 4812
9726 4813
8982 4813
9519 4813
9752 4813
10214 4813
11842 4813
9051 4813
9531 4813
11038 4813
8209 4813
2 4813
10467 4814
11101 4814
10668 4814
9082 4814
2 4814
11077 4815
10128 4815
9442 4815
9958 4815
10784 4815
11299 4815
8834 4815
11319 4815
9211 4815
8521 4815
2 4815
10566 4816
11105 4816
11644 4816
8314 4816
11103 4816
8073 4816
11310 4816
2 4816
10138 4817
10106 4817
10716 4817
11690 4817
10029 4817
8619 4817
8520 4817
2 4817
8599 4818
11941 4818
8061 4818
9559 4818
2 4818
11402 4819
10653 4819
11888 4819
9525 4819
9890 4819
9597 4819
11990 4819
8755 4819
2 4819
10454 4820
10063 4820
8427 4820
9091 4820
8541 4820
2 4820
8739 4821
11701 4821
11083 4821
9099 4821
10644 4821
9240 4821
2 4821
411 4822
552 4822
651 4822
1922 4822
1119 4822
1262 4822
9950 4822
9331 4822
9775 4822
8833 4822
0 4822
2 4822
10006 4823
11157 4823
10863 4823
8341 4823
11333 4823
10735 4823
8179 4823
8400 4823
2 4823
11896 4824
11258 4824
8081 4824
11678 4824
10336 4824
11218 4824
10313 4824
9935 4824
9640 4824
9779 4824
2 4824
2035 4825
3008 4825
728 4825
3073 4825
8141 4825
10565 4825
10870 4825
8196 4825
0 4825
2 4825
11623 4826
10520 4826
8311 4826
8282 4826
10477 4826
11633 4826
8778 4826
10664 4826
2 4826
10403 4827
10313 4827
8341 4827
9162 4827
8331 4827
10826 4827
8096 4827
11007 4827
10795 4827
9458 4827
2 4827
592 4828
1032 4828
8150 4828
9975 4828
8159 4828
11576 4828
11504 4828
9816 4828
2 4828
3550 4829
3162 4829
3565 4829
515 4829
43 4829
2128 4829
9433 4829
9118 4829
10077 4829
8991 4829
10859 4829
9777 4829
11039 4829
8138 4829
0 4829
9345 4829
11201 4829
2 4829
10851 4830
9642 4830
9868 4830
10635 4830
10400 4830
10151 4830
9013 4830
8964 4830
9822 4830
2 4830
11213 4831
11157 4831
10313 4831
11052 4831
11143 4831
11854 4831
10930 4831
2 4831
8402 4832
9468 4832
8381 4832
11038 4832
11937 4832
9282 4832
9262 4832
11043 4832
11771 4832
2 4832
9040 4833
9002 4833
9916 4833
11406 4833
10046 4833
2 4833
11144 4834
10953 4834
11583 4834
11100 4834
11262 4834
10287 4834
11189 4834
11499 4834
2 4834
1553 4835
3798 4835
3823 4835
432 4835
8869 4835
10050 4835
9101 4835
10440 4835
8840 4835
8109 4835
9095 4835
9611 4835
9745 4835
10538 4835
2 4835
8450 4836
11353 4836
11257 4836
9342 4836
8712 4836
2 4836
10490 4837
11376 4837
8331 4837
9001 4837
10550 4837
8750 4837
10374 4837
2 4837
8258 4838
11907 4838
8860 4838
10267 4838
11911 4838
9735 4838
11052 4838
10132 4838
11362 4838
2 4838
8032 4839
9922 4839
8027 4839
11943 4839
11159 4839
8480 4839
11526 4839
2 4839
11871 4840
10740 4840
11149 4840
9471 4840
11920 4840
2 4840
2490 4841
1137 4841
315 4841
1945 4841
991 4841
11201 4841
9960 4841
8024 4841
10873 4841
9391 4841
10180 4841
11145 4841
2 4841
11777 4842
10806 4842
11703 4842
8803 4842
2 4842
10138 4843
11847 4843
10600 4843
10908 4843
10753 4843
9522 4843
10493 4843
2 4843
9109 4844
10834 4844
8945 4844
11894 4844
11619 4844
10929 4844
11177 4844
11470 4844
9671 4844
10371 4844
9934 4844
2 4844
11610 4845
8237 4845
8914 4845
10974 4845
8439 4845
11589 4845
9141 4845
10056 4845
9965 4845
10901 4845
9262 4845
2 4845
11601 4846
9332 4846
10767 4846
11541 4846
11917 4846
9491 4846
9813 4846
10094 4846
11146 4846
2 4846
10726 4847
8965 4847
8256 4847
9001 4847
11043 4847
11911 4847
11074 4847
10311 4847
8913 4847
2 4847
11449 4848
10106 4848
11662 4848
8830 4848
2 4848
10987 4849
10350 4849
9332 4849
8773 4849
2 4849
8095 4850
8114 4850
9412 4850
11702 4850
10926 4850
10144 4850
8269 4850
11682 4850
11569 4850
2 4850
8187 4851
11354 4851
8236 4851
11448 4851
8780 4851
8899 4851
8553 4851
9865 4851
11075 4851
2 4851
11214 4852
9575 4852
11805 4852
9195 4852
8707 4852
2 4852
11276 4853
11219 4853
11947 4853
9633 4853
9561 4853
8837 4853
2 4853
11701 4854
8059 4854
10469 4854
8127 4854
9180 4854
8754 4854
8795 4854
2 4854
8709 4855
11435 4855
8524 4855
8961 4855
11649 4855
2 4855
9276 4856
8259 4856
8983 4856
9129 4856
8641 4856
8093 4856
9510 4856
8576 4856
10252 4856
10146 4856
10023 4856
2 4856
10622 4857
8774 4857
8471 4857
11989 4857
10364 4857
10064 4857
10136 4857
11581 4857
10594 4857
2 4857
9163 4858
8175 4858
10501 4858
9685 4858
2 4858
11499 4859
8731 4859
10297 4859
10317 4859
8203 4859
2 4859
11301 4860
9378 4860
11616 4860
10884 4860
11772 4860
10069 4860
10516 4860
8609 4860
10003 4860
9737 4860
2 4860
9810 4861
8514 4861
10551 4861
10473 4861
2 4861
10177 4862
10259 4862
8882 4862
11668 4862
11426 4862
9877 4862
10890 4862
8935 4862
10333 4862
10568 4862
9015 4862
2 4862
8683 4863
8258 4863
10827 4863
11687 4863
8972 4863
11672 4863
11777 4863
10599 4863
9531 4863
10389 4863
11175 4863
2 4863
8691 4864
9967 4864
9709 4864
9920 4864
9271 4864
8882 4864
9263 4864
8855 4864
8447 4864
10347 4864
8463 4864
2 4864
8724 4865
8610 4865
9128 4865
11205 4865
10356 4865
8692 4865
9101 4865
10489 4865
2 4865
8405 4866
9658 4866
10997 4866
10249 4866
9598 4866
10619 4866
11459 4866
10365 4866
11807 4866
0 4866
2 4866
9492 4867
10970 4867
9849 4867
8900 4867
8476 4867
10784 4867
9931 4867
11397 4867
9606 4867
2 4867
8012 4868
9920 4868
9263 4868
11086 4868
2 4868
8244 4869
11701 4869
8326 4869
8147 4869
11666 4869
8891 4869
10682 4869
9315 4869
9268 4869
11608 4869
2 4869
9437 4870
9253 4870
8778 4870
11429 4870
9677 4870
8650 4870
8677 4870
10477 4870
9231 4870
9089 4870
2 4870
10790 4871
11851 4871
9096 4871
9074 4871
11944 4871
9622 4871
2 4871
11935 4872
11986 4872
8820 4872
10846 4872
11135 4872
8675 4872
9565 4872
2 4872
8847 4873
11474 4873
9192 4873
11990 4873
8943 4873
8318 4873
11630 4873
11544 4873
11643 4873
9836 4873
9393 4873
2 4873
11432 4874
8624 4874
11062 4874
8454 4874
9493 4874
2 4874
3965 4875
1358 4875
3551 4875
2532 4875
2913 4875
3207 4875
2107 4875
90 4875
3589 4875
10958 4875
10482 4875
9306 4875
8659 4875
9059 4875
2 4875
9976 4876
9904 4876
11612 4876
10209 4876
8097 4876
8101 4876
10557 4876
8846 4876
9692 4876
2 4876
10649 4877
9153 4877
10045 4877
8931 4877
9138 4877
10418 4877
10718 4877
9601 4877
10419 4877
8943 4877
2 4877
11036 4878
11754 4878
9636 4878
9678 4878
8114 4878
10046 4878
11601 4878
10730 4878
10412 4878
8947 4878
8126 4878
2 4878
8407 4879
11991 4879
11602 4879
8688 4879
8315 4879
11779 4879
10566 4879
10789 4879
10749 4879
10245 4879
2 4879
10915 4880
10807 4880
9760 4880
11583 4880
9546 4880
2 4880
9254 4881
8808 4881
11476 4881
8894 4881
9973 4881
10848 4881
8714 4881
10116 4881
9795 4881
8071 4881
10094 4881
2 4881
9154 4882
11988 4882
8461 4882
9418 4882
8952 4882
11403 4882
2 4882
9086 4883
8308 4883
8613 4883
10110 4883
8447 4883
9238 4883
8815 4883
9061 4883
8922 4883
11641 4883
2 4883
10606 4884
10364 4884
10779 4884
9318 4884
10306 4884
2 4884
11946 4885
8014 4885
9055 4885
10522 4885
8455 4885
9812 4885
2 4885
10705 4886
9144 4886
8696 4886
10021 4886
9229 4886
10373 4886
8916 4886
10283 4886
8977 4886
8313 4886
2 4886
11990 4887
8850 4887
10725 4887
8804 4887
11032 4887
9879 4887
8468 4887
8398 4887
8806 4887
8601 4887
10114 4887
2 4887
10639 4888
9915 4888
10885 4888
9467 4888
10708 4888
8831 4888
10420 4888
10811 4888
11146 4888
11289 4888
10084 4888
2 4888
3406 4889
2530 4889
289 4889
10050 4889
8737 4889
9917 4889
10366 4889
8441 4889
8198 4889
8817 4889
0 4889
8109 4889
10226 4889
2 4889
11020 4890
9514 4890
8487 4890
9890 4890
8473 4890
9419 4890
9337 4890
10597 4890
8522 4890
2 4890
8550 4891
9555 4891
11300 4891
10764 4891
11399 4891
11553 4891
8074 4891
11696 4891
9824 4891
2 4891
9683 4892
11037 4892
11555 4892
10085 4892
8657 4892
8072 4892
9091 4892
10244 4892
2 4892
8599 4893
9409 4893
10608 4893
8435 4893
10555 4893
9649 4893
8548 4893
9544 4893
10034 4893
11319 4893
2 4893
11443 4894
8613 4894
9749 4894
10073 4894
10546 4894
2 4894
10849 4895
11512 4895
10789 4895
10121 4895
10196 4895
10033 4895
9172 4895
11706 4895
11297 4895
2 4895
8597 4896
11748 4896
10257 4896
11829 4896
9986 4896
11338 4896
8835 4896
8603 4896
10586 4896
2 4896
8768 4897
11047 4897
9966 4897
11159 4897
10200 4897
9910 4897
2 4897
3223 4898
1696 4898
3886 4898
2613 4898
10453 4898
9745 4898
9853 4898
8692 4898
8279 4898
8280 4898
8222 4898
9854 4898
10859 4898
2 4898
11300 4899
9773 4899
8665 4899
11825 4899
2 4899
10539 4900
10975 4900
11838 4900
10004 4900
10566 4900
10657 4900
2 4900
9934 4901
10495 4901
9783 4901
11272 4901
11873 4901
11682 4901
8309 4901
9002 4901
8619 4901
8799 4901
2 4901
10583 4902
10566 4902
11429 4902
9560 4902
10011 4902
8361 4902
9635 4902
9163 4902
2 4902
8176 4903
10172 4903
8630 4903
11768 4903
10457 4903
10708 4903
11618 4903
2 4903
8171 4904
11860 4904
9326 4904
11688 4904
10627 4904
8483 4904
11436 4904
2 4904
10710 4905
11749 4905
8039 4905
10820 4905
2 4905
955 4906
370 4906
890 4906
416 4906
3887 4906
10688 4906
11791 4906
11683 4906
11914 4906
11039 4906
10958 4906
2 4906
8439 4907
11372 4907
11932 4907
9675 4907
10540 4907
9176 4907
8121 4907
11404 4907
2 4907
11863 4908
10702 4908
8292 4908
9512 4908
10135 4908
9100 4908
11597 4908
10875 4908
2 4908
11933 4909
9260 4909
8111 4909
9587 4909
10998 4909
11471 4909
11149 4909
9886 4909
11226 4909
2 4909
9590 4910
9165 4910
9695 4910
10703 4910
9470 4910
8379 4910
10658 4910
9877 4910
9784 4910
8532 4910
2 4910
9691 4911
9813 4911
11016 4911
8054 4911
10037 4911
10925 4911
10079 4911
11389 4911
2 4911
11960 4912
8568 4912
10956 4912
9881 4912
8414 4912
2 4912
11834 4913
8420 4913
10052 4913
11317 4913
8629 4913
8891 4913
11881 4913
2 4913
8380 4914
9119 4914
8406 4914
9672 4914
8778 4914
11472 4914
9358 4914
9283 4914
9501 4914
10467 4914
2 4914
10437 4915
9582 4915
9094 4915
10093 4915
2 4915
10219 4916
11474 4916
10884 4916
11544 4916
9536 4916
2 4916
10733 4917
10969 4917
8469 4917
8349 4917
9479 4917
8374 4917
2 4917
9470 4918
8778 4918
9247 4918
11947 4918
10429 4918
9592 4918
11590 4918
11326 4918
8980 4918
11641 4918
2 4918
8461 4919
8110 4919
11556 4919
9145 4919
11869 4919
11759 4919
9033 4919
11563 4919
11764 4919
8438 4919
2 4919
10817 4920
11242 4920
11655 4920
11949 4920
2 4920
8035 4921
8503 4921
9910 4921
10811 4921
8504 4921
10973 4921
2 4921
9767 4922
8364 4922
11188 4922
9928 4922
10683 4922
2 4922
8558 4923
8098 4923
9077 4923
9908 4923
11173 4923
2 4923
8623 4924
9104 4924
8058 4924
11581 4924
10321 4924
11565 4924
8253 4924
2 4924
11190 4925
10317 4925
9776 4925
10685 4925
10932 4925
9395 4925
8582 4925
2 4925
11090 4926
9119 4926
9356 4926
11708 4926
10206 4926
8996 4926
11438 4926
8447 4926
8726 4926
2 4926
11979 4927
11015 4927
9604 4927
10595 4927
2 4927
10620 4928
11337 4928
8439 4928
9287 4928
9734 4928
9049 4928
8700 4928
2 4928
8091 4929
9347 4929
10969 4929
11772 4929
10562 4929
10446 4929
8427 4929
11823 4929
8519 4929
10616 4929
2 4929
10227 4930
11743 4930
9310 4930
10012 4930
10534 4930
11389 4930
11958 4930
2 4930
11634 4931
11404 4931
11896 4931
11486 4931
2 4931
10782 4932
9192 4932
11009 4932
10329 4932
11015 4932
2 4932
11340 4933
11628 4933
11199 4933
8653 4933
11497 4933
9076 4933
9846 4933
9032 4933
11499 4933
10252 4933
2 4933
3271 4934
1659 4934
962 4934
267 4934
2411 4934
10417 4934
11692 4934
10502 4934
8089 4934
9142 4934
11582 4934
11375 4934
0 4934
2 4934
8974 4935
10310 4935
8574 4935
11637 4935
10889 4935
10968 4935
9654 4935
8307 4935
9141 4935
2 4935
8716 4936
8356 4936
11279 4936
8467 4936
11981 4936
8900 4936
11094 4936
10879 4936
8447 4936
9113 4936
9292 4936
2 4936
10042 4937
10322 4937
10932 4937
10454 4937
8749 4937
11527 4937
10185 4937
11616 4937
11465 4937
11738 4937
10549 4937
2 4937
10730 4938
9863 4938
9310 4938
10029 4938
8881 4938
2 4938
9138 4939
10652 4939
10146 4939
10263 4939
8626 4939
8442 4939
9574 4939
8259 4939
9000 4939
11654 4939
2 4939
11409 4940
11044 4940
8744 4940
8845 4940
2 4940
9889 4941
8819 4941
10629 4941
8348 4941
11146 4941
2 4941
9731 4942
8442 4942
11736 4942
11817 4942
11425 4942
10824 4942
2 4942
10080 4943
10110 4943
8809 4943
8694 4943
11758 4943
2 4943
9659 4944
9617 4944
10144 4944
9136 4944
11569 4944
2 4944
8544 4945
10913 4945
9213 4945
9361 4945
11582 4945
11291 4945
9982 4945
10230 4945
10033 4945
11204 4945
2 4945
8467 4946
11641 4946
10871 4946
10875 4946
2 4946
9032 4947
10723 4947
8994 4947
10446 4947
11764 4947
11436 4947
8931 4947
10943 4947
8203 4947
2 4947
10933 4948
8574 4948
10088 4948
8322 4948
9115 4948
10585 4948
10301 4948
11378 4948
2 4948
9061 4949
11752 4949
8535 4949
8023 4949
11645 4949
11848 4949
2 4949
9089 4950
9694 4950
9069 4950
8429 4950
10364 4950
2 4950
9685 4951
9492 4951
9873 4951
8275 4951
11852 4951
11965 4951
2 4951
9037 4952
9310 4952
10690 4952
11521 4952
8871 4952
11656 4952
9190 4952
2 4952
11702 4953
9820 4953
11021 4953
9710 4953
8668 4953
2 4953
11429 4954
10011 4954
9151 4954
9476 4954
9914 4954
9480 4954
8642 4954
8900 4954
2 4954
8410 4955
8997 4955
8156 4955
9727 4955
9952 4955
10332 4955
2 4955
10957 4956
11288 4956
9972 4956
8877 4956
9164 4956
9599 4956
8052 4956
10419 4956
11902 4956
10697 4956
8519 4956
2 4956
9956 4957
9412 4957
9718 4957
9369 4957
9500 4957
9553 4957
8395 4957
8619 4957
2 4957
10834 4958
9952 4958
8524 4958
10799 4958
9414 4958
11585 4958
9428 4958
9325 4958
11879 4958
10430 4958
2 4958
9119 4959
10825 4959
8837 4959
9151 4959
8915 4959
9367 4959
9292 4959
11142 4959
8245 4959
9052 4959
2 4959
8927 4960
8621 4960
11870 4960
9287 4960
11068 4960
11562 4960
8153 4960
8852 4960
8972 4960
11774 4960
2 4960
9424 4961
8622 4961
10729 4961
9673 4961
2 4961
9237 4962
11823 4962
11119 4962
11320 4962
11288 4962
11248 4962
8377 4962
10499 4962
11274 4962
2 4962
11437 4963
9437 4963
11906 4963
11661 4963
10393 4963
11543 4963
11075 4963
9370 4963
10694 4963
11323 4963
2 4963
10754 4964
8400 4964
11907 4964
11579 4964
2 4964
10500 4965
9168 4965
8378 4965
10714 4965
9662 4965
11314 4965
2 4965
8058 4966
9396 4966
8635 4966
10546 4966
2 4966
10766 4967
9302 4967
8244 4967
8334 4967
2 4967
10132 4968
11152 4968
9928 4968
10474 4968
11063 4968
11774 4968
9838 4968
8256 4968
10056 4968
9162 4968
11135 4968
2 4968
10849 4969
8510 4969
8560 4969
9633 4969
2 4969
8903 4970
8395 4970
8147 4970
9757 4970
10704 4970
8941 4970
9666 4970
11480 4970
8334 4970
10083 4970
11700 4970
2 4970
1875 4971
595 4971
1554 4971
648 4971
778 4971
885 4971
2730 4971
10355 4971
9768 4971
9655 4971
11765 4971
11125 4971
8274 4971
2 4971
9696 4972
11457 4972
10667 4972
9115 4972
10431 4972
11997 4972
11964 4972
9049 4972
2 4972
8434 4973
9809 4973
9664 4973
8964 4973
2 4973
11970 4974
10185 4974
11753 4974
10674 4974
11089 4974
11869 4974
9859 4974
11495 4974
10002 4974
2 4974
1159 4975
1349 4975
643 4975
2317 4975
3000 4975
11078 4975
8724 4975
9433 4975
8300 4975
0 4975
2 4975
8714 4976
8126 4976
9448 4976
9964 4976
10786 4976
9744 4976
2 4976
9028 4977
9073 4977
10437 4977
11014 4977
9723 4977
9344 4977
10948 4977
2 4977
8156 4978
11748 4978
9254 4978
9883 4978
2 4978
8827 4979
11717 4979
10093 4979
10306 4979
8548 4979
11550 4979
10405 4979
8654 4979
11590 4979
8628 4979
11077 4979
2 4979
11512 4980
10844 4980
10587 4980
9349 4980
10566 4980
2 4980
9237 4981
11544 4981
9764 4981
8850 4981
11325 4981
9906 4981
10486 4981
8752 4981
8962 4981
2 4981
8848 4982
9504 4982
11864 4982
9377 4982
11528 4982
9719 4982
11584 4982
10174 4982
8554 4982
10262 4982
9595 4982
2 4982
11886 4983
9867 4983
8064 4983
8720 4983
11643 4983
10085 4983
11223 4983
10769 4983
8727 4983
8045 4983
2 4983
8668 4984
11739 4984
10380 4984
11239 4984
10147 4984
11904 4984
2 4984
338 4985
2254 4985
81 4985
2454 4985
1415 4985
3414 4985
8451 4985
11556 4985
8800 4985
11420 4985
10564 4985
0 4985
2 4985
10299 4986
10654 4986
10246 4986
11540 4986
11416 4986
8154 4986
8744 4986
10111 4986
9497 4986
9886 4986
2 4986
10975 4987
10470 4987
9233 4987
8212 4987
9614 4987
2 4987
9835 4988
8011 4988
8070 4988
9107 4988
11767 4988
11830 4988
10293 4988
2 4988
11803 4989
9441 4989
8336 4989
8789 4989
11099 4989
11129 4989
2 4989
10701 4990
10357 4990
8815 4990
9708 4990
9030 4990
11947 4990
2 4990
10642 4991
10086 4991
9532 4991
10919 4991
8564 4991
8335 4991
8733 4991
8479 4991
11456 4991
2 4991
9179 4992
9014 4992
10833 4992
10660 4992
11671 4992
11223 4992
11225 4992
8398 4992
2 4992
1069 4993
2029 4993
937 4993
8878 4993
10388 4993
11948 4993
10859 4993
9289 4993
2 4993
10701 4994
8558 4994
8546 4994
11623 4994
10270 4994
11242 4994
11082 4994
2 4994
9316 4995
9462 4995
8875 4995
10851 4995
10705 4995
8603 4995
8433 4995
9925 4995
2 4995
11744 4996
9645 4996
10070 4996
10415 4996
10450 4996
8444 4996
2 4996
10709 4997
8635 4997
11211 4997
10477 4997
11409 4997
8288 4997
10879 4997
11794 4997
8623 4997
9384 4997
8842 4997
2 4997
3715 4998
2229 4998
2862 4998
392 4998
11588 4998
11535 4998
8610 4998
9615 4998
8840 4998
2 4998
11453 4999
8044 4999
10041 4999
10142 4999
10036 4999
10208 4999
8637 4999
9135 4999
9861 4999
11467 4999
2 4999
10856 5000
8383 5000
9264 5000
9392 5000
2 5000
10087 5001
10718 5001
11784 5001
8440 5001
2 5001
2118 5002
3087 5002
8725 5002
8030 5002
11615 5002
9253 5002
10849 5002
10691 5002
8649 5002
8777 5002
0 5002
2 5002
9209 5003
11019 5003
8360 5003
10827 5003
9903 5003
11935 5003
2 5003
11873 5004
8036 5004
10249 5004
10621 5004
9189 5004
10848 5004
8604 5004
9174 5004
11317 5004
9702 5004
10894 5004
2 5004
8794 5005
8996 5005
10057 5005
8975 5005
10948 5005
10066 5005
10429 5005
2 5005
10225 5006
9443 5006
11277 5006
10672 5006
8649 5006
9943 5006
9501 5006
8089 5006
11806 5006
2 5006
11859 5007
11372 5007
11123 5007
11005 5007
8360 5007
10522 5007
2 5007
9647 5008
9684 5008
9019 5008
10583 5008
11113 5008
8462 5008
9111 5008
2 5008
9047 5009
10541 5009
10350 5009
8664 5009
2 5009
9493 5010
11355 5010
10929 5010
10316 5010
10724 5010
2 5010
10886 5011
11151 5011
11800 5011
10186 5011
11298 5011
9909 5011
11533 5011
10252 5011
10042 5011
11606 5011
2 5011
10723 5012
11665 5012
10932 5012
9521 5012
10499 5012
11844 5012
10578 5012
11817 5012
2 5012
10125 5013
11729 5013
11968 5013
9449 5013
2 5013
10653 5014
11296 5014
11502 5014
11639 5014
9033 5014
2 5014
3821 5015
1828 5015
1897 5015
8662 5015
10049 5015
8401 5015
9927 5015
10966 5015
9780 5015
2 5015
8183 5016
11990 5016
8598 5016
9393 5016
10578 5016
2 5016
11917 5017
9679 5017
10227 5017
8516 5017
10475 5017
10928 5017
8026 5017
11179 5017
8287 5017
2 5017
9584 5018
11325 5018
8861 5018
10003 5018
10492 5018
11928 5018
8270 5018
9604 5018
8302 5018
9689 5018
2 5018
10307 5019
8479 5019
9724 5019
11527 5019
10296 5019
8487 5019
10491 5019
2 5019
11974 5020
10140 5020
10770 5020
10712 5020
9148 5020
11529 5020
10844 5020
11704 5020
10424 5020
10177 5020
2 5020
11958 5021
9964 5021
10899 5021
11728 5021
11805 5021
11136 5021
8831 5021
11405 5021
2 5021
10657 5022
8221 5022
11853 5022
9825 5022
2 5022
8134 5023
8256 5023
10983 5023
11703 5023
9600 5023
9800 5023
9949 5023
2 5023
11299 5024
11572 5024
9238 5024
10961 5024
8580 5024
11512 5024
11595 5024
9592 5024
9892 5024
11363 5024
8741 5024
2 5024
3247 5025
481 5025
9405 5025
9741 5025
9128 5025
8889 5025
8109 5025
11446 5025
11797 5025
2 5025
10183 5026
11845 5026
11478 5026
9029 5026
11825 5026
11904 5026
11390 5026
2 5026
11259 5027
10699 5027
11559 5027
8498 5027
8634 5027
9392 5027
9548 5027
10953 5027
2 5027
10506 5028
8181 5028
10217 5028
10154 5028
10717 5028
10794 5028
10872 5028
2 5028
11259 5029
9808 5029
9683 5029
9014 5029
8290 5029
11431 5029
9153 5029
11456 5029
2 5029
10679 5030
11558 5030
9587 5030
9784 5030
10223 5030
9554 5030
9983 5030
11778 5030
8471 5030
11773 5030
2 5030
11023 5031
10529 5031
11210 5031
11644 5031
11138 5031
8478 5031
8525 5031
2 5031
11688 5032
11735 5032
10119 5032
11559 5032
9527 5032
10428 5032
11556 5032
8582 5032
11141 5032
10199 5032
2 5032
11209 5033
10974 5033
9993 5033
8965 5033
8813 5033
11670 5033
10474 5033
9704 5033
9262 5033
2 5033
10037 5034
8376 5034
10350 5034
11585 5034
11624 5034
9465 5034
11028 5034
10469 5034
9483 5034
8095 5034
9135 5034
2 5034
11071 5035
11965 5035
11966 5035
11547 5035
10429 5035
8594 5035
11417 5035
2 5035
8476 5036
9367 5036
10167 5036
11088 5036
10496 5036
11580 5036
11055 5036
2 5036
10704 5037
9301 5037
9781 5037
9474 5037
11344 5037
10000 5037
11107 5037
8124 5037
2 5037
8759 5038
10096 5038
8510 5038
9238 5038
2 5038
11552 5039
8887 5039
9649 5039
11954 5039
11275 5039
9073 5039
9330 5039
9709 5039
11093 5039
2 5039
8884 5040
8596 5040
9643 5040
11239 5040
8710 5040
2 5040
9487 5041
9265 5041
9765 5041
11750 5041
8384 5041
2 5041
8735 5042
10767 5042
10518 5042
11702 5042
11603 5042
2 5042
8079 5043
8149 5043
8089 5043
8535 5043
11463 5043
9338 5043
8471 5043
2 5043
9107 5044
11278 5044
8037 5044
9042 5044
10881 5044
8620 5044
10833 5044
9912 5044
9426 5044
8456 5044
9496 5044
2 5044
10641 5045
10143 5045
9446 5045
11310 5045
10701 5045
8089 5045
8373 5045
9082 5045
2 5045
8728 5046
11137 5046
11311 5046
11527 5046
9974 5046
9850 5046
2 5046
10168 5047
8483 5047
11835 5047
10498 5047
10280 5047
9673 5047
8093 5047
11267 5047
10416 5047
2 5047
11114 5048
8828 5048
8373 5048
10318 5048
9278 5048
2 5048
10136 5049
8033 5049
11681 5049
8796 5049
9501 5049
2 5049
3674 5050
550 5050
3837 5050
2409 5050
2616 5050
1339 5050
10950 5050
8547 5050
9777 5050
10850 5050
11484 5050
9991 5050
8163 5050
2 5050
8488 5051
9286 5051
8067 5051
8942 5051
10413 5051
11334 5051
8312 5051
10164 5051
2 5051
9067 5052
11380 5052
11675 5052
9595 5052
11910 5052
8395 5052
2 5052
9134 5053
8192 5053
8145 5053
11010 5053
10527 5053
10940 5053
8312 5053
10525 5053
8647 5053
10802 5053
2 5053
9775 5054
9825 5054
8333 5054
11913 5054
9036 5054
8686 5054
2 5054
9009 5055
10290 5055
11989 5055
9580 5055
8911 5055
11653 5055
2 5055
9608 5056
8432 5056
11354 5056
10668 5056
2 5056
11030 5057
9090 5057
9464 5057
9229 5057
10728 5057
9161 5057
9664 5057
10760 5057
2 5057
9382 5058
11991 5058
10938 5058
10615 5058
10064 5058
2 5058
9024 5059
10347 5059
9759 5059
11626 5059
11653 5059
9021 5059
10044 5059
2 5059
9032 5060
9076 5060
9808 5060
9525 5060
10127 5060
10820 5060
2 5060
11811 5061
9311 5061
10964 5061
9330 5061
9382 5061
11920 5061
9215 5061
2 5061
10587 5062
9529 5062
8760 5062
9898 5062
11382 5062
10375 5062
8197 5062
10266 5062
11974 5062
2 5062
9546 5063
10494 5063
11833 5063
9026 5063
11993 5063
11855 5063
9586 5063
11999 5063
8377 5063
11433 5063
2 5063
11109 5064
9773 5064
9440 5064
8301 5064
11016 5064
11206 5064
10350 5064
10171 5064
11698 5064
2 5064
11290 5065
11655 5065
11641 5065
9738 5065
9695 5065
9299 5065
10637 5065
10187 5065
9794 5065
2 5065
11365 5066
8540 5066
11499 5066
10191 5066
8470 5066
2 5066
10589 5067
10661 5067
11128 5067
9161 5067
10677 5067
8606 5067
8630 5067
8082 5067
9047 5067
2 5067
9619 5068
9999 5068
9628 5068
11722 5068
10756 5068
9863 5068
2 5068
9228 5069
10353 5069
10183 5069
11339 5069
8973 5069
8786 5069
8326 5069
8482 5069
2 5069
10585 5070
9979 5070
9612 5070
8166 5070
11761 5070
9398 5070
2 5070
10410 5071
11167 5071
9961 5071
8475 5071
8316 5071
2 5071
10390 5072
10116 5072
8896 5072
10041 5072
9090 5072
8881 5072
8190 5072
2 5072
10755 5073
11354 5073
9908 5073
10118 5073
10838 5073
10368 5073
9396 5073
2 5073
10745 5074
10990 5074
8621 5074
11228 5074
10524 5074
8593 5074
9696 5074
2 5074
2219 5075
974 5075
11782 5075
9289 5075
10571 5075
9975 5075
10923 5075
12000 5075
9060 5075
8812 5075
9897 5075
2 5075
10563 5076
9771 5076
11593 5076
11088 5076
9794 5076
11906 5076
9814 5076
8585 5076
10844 5076
11500 5076
8205 5076
2 5076
10558 5077
10867 5077
8130 5077
9186 5077
10485 5077
11988 5077
9053 5077
8436 5077
8856 5077
9426 5077
9602 5077
2 5077
11002 5078
9155 5078
10587 5078
9457 5078
10467 5078
11257 5078
11572 5078
10345 5078
8615 5078
9570 5078
2 5078
8084 5079
8071 5079
8556 5079
8735 5079
8814 5079
9224 5079
11339 5079
2 5079
9140 5080
10530 5080
11362 5080
9810 5080
8663 5080
11191 5080
9959 5080
11166 5080
8562 5080
9856 5080
2 5080
11109 5081
11739 5081
8243 5081
8625 5081
10103 5081
2 5081
10775 5082
8045 5082
11792 5082
11020 5082
11759 5082
11298 5082
2 5082
8258 5083
11911 5083
11674 5083
8859 5083
10956 5083
10599 5083
8950 5083
11579 5083
10620 5083
9815 5083
11637 5083
2 5083
894 5084
3457 5084
322 5084
3832 5084
1993 5084
236 5084
9416 5084
9473 5084
11039 5084
9991 5084
10489 5084
9323 5084
8446 5084
11673 5084
2 5084
11999 5085
8460 5085
9527 5085
11037 5085
10678 5085
8519 5085
8370 5085
9867 5085
8398 5085
11250 5085
11902 5085
2 5085
8585 5086
9943 5086
9695 5086
8746 5086
9293 5086
8759 5086
10700 5086
10594 5086
8899 5086
2 5086
10197 5087
11239 5087
8941 5087
11477 5087
8472 5087
10757 5087
8539 5087
2 5087
10530 5088
11333 5088
10006 5088
11538 5088
8485 5088
10512 5088
11068 5088
11019 5088
11376 5088
2 5088
10114 5089
11238 5089
10915 5089
8936 5089
8374 5089
10561 5089
8728 5089
9127 5089
2 5089
10799 5090
8420 5090
11477 5090
10869 5090
2 5090
10982 5091
9571 5091
10936 5091
8472 5091
9964 5091
10746 5091
8174 5091
9622 5091
9957 5091
8297 5091
9505 5091
2 5091
9977 5092
11158 5092
8693 5092
9205 5092
2 5092
4006 5093
765 5093
3658 5093
3159 5093
10204 5093
9717 5093
9411 5093
9027 5093
8024 5093
10195 5093
11201 5093
8300 5093
11791 5093
2 5093
8895 5094
8224 5094
11902 5094
11342 5094
9014 5094
2 5094
9793 5095
11197 5095
10262 5095
11553 5095
10319 5095
8624 5095
8853 5095
11850 5095
10153 5095
9678 5095
2 5095
11040 5096
11957 5096
11718 5096
10078 5096
11327 5096
8570 5096
11091 5096
9720 5096
2 5096
10635 5097
10285 5097
8481 5097
11825 5097
2 5097
10737 5098
8078 5098
9776 5098
8461 5098
9307 5098
11482 5098
8656 5098
2 5098
10430 5099
8140 5099
11284 5099
10891 5099
8958 5099
9182 5099
11684 5099
2 5099
8148 5100
8596 5100
8074 5100
10926 5100
9474 5100
10020 5100
8602 5100
2 5100
9238 5101
11762 5101
9200 5101
11374 5101
10110 5101
10776 5101
2 5101
10377 5102
9538 5102
9317 5102
8570 5102
9390 5102
8346 5102
11568 5102
9926 5102
2 5102
9432 5103
11926 5103
10983 5103
9847 5103
11670 5103
9523 5103
8913 5103
10006 5103
11174 5103
9607 5103
10308 5103
2 5103
11581 5104
10048 5104
9271 5104
8457 5104
10225 5104
8932 5104
9449 5104
10347 5104
9430 5104
11275 5104
2 5104
9130 5105
9150 5105
8425 5105
11441 5105
2 5105
9828 5106
8799 5106
11783 5106
9500 5106
8269 5106
9339 5106
11878 5106
11553 5106
10544 5106
10184 5106
2 5106
2744 5107
3874 5107
758 5107
11780 5107
9473 5107
10335 5107
10941 5107
10260 5107
9214 5107
8854 5107
2 5107
10783 5108
9830 5108
10299 5108
11695 5108
11487 5108
8980 5108
10839 5108
11149 5108
11088 5108
11219 5108
9497 5108
2 5108
9440 5109
11525 5109
9757 5109
9037 5109
10758 5109
2 5109
9740 5110
11974 5110
8778 5110
11429 5110
9100 5110
10347 5110
8387 5110
2 5110
10942 5111
9082 5111
11026 5111
9932 5111
10783 5111
9028 5111
9722 5111
2 5111
8801 5112
8012 5112
8251 5112
11444 5112
11661 5112
2 5112
11715 5113
11875 5113
8475 5113
10533 5113
8966 5113
11850 5113
11917 5113
10202 5113
10572 5113
11786 5113
2 5113
9295 5114
10155 5114
8663 5114
9252 5114
9206 5114
10406 5114
8132 5114
2 5114
10754 5115
10974 5115
11245 5115
10684 5115
10540 5115
9935 5115
9552 5115
8914 5115
2 5115
9295 5116
10511 5116
9752 5116
11960 5116
10983 5116
10751 5116
11258 5116
9498 5116
8972 5116
11859 5116
2 5116
11703 5117
9198 5117
9654 5117
8674 5117
9379 5117
11421 5117
9754 5117
2 5117
2003 5118
3650 5118
11329 5118
8344 5118
9060 5118
10124 5118
2 5118
9487 5119
11169 5119
11505 5119
9068 5119
2 5119
10378 5120
11912 5120
10977 5120
11887 5120
11597 5120
2 5120
9608 5121
10970 5121
10345 5121
8953 5121
11947 5121
11055 5121
9492 5121
8407 5121
2 5121
8898 5122
11714 5122
11876 5122
8112 5122
10564 5122
8223 5122
8177 5122
2 5122
9714 5123
10432 5123
9170 5123
8822 5123
10344 5123
8941 5123
11428 5123
2 5123
9602 5124
9974 5124
9496 5124
11485 5124
8632 5124
10446 5124
10023 5124
8223 5124
2 5124
8675 5125
10274 5125
9696 5125
11174 5125
8018 5125
8166 5125
11445 5125
10374 5125
11068 5125
2 5125
11622 5126
11893 5126
8730 5126
10291 5126
11245 5126
8364 5126
8298 5126
10683 5126
8136 5126
2 5126
11243 5127
8768 5127
10172 5127
8831 5127
10089 5127
2 5127
10932 5128
11928 5128
10689 5128
10436 5128
2 5128
8071 5129
10414 5129
8482 5129
8618 5129
9246 5129
2 5129
11871 5130
8832 5130
11171 5130
9832 5130
11161 5130
11071 5130
10266 5130
10658 5130
9572 5130
9775 5130
9945 5130
2 5130
9844 5131
8696 5131
9773 5131
11677 5131
8709 5131
8348 5131
11901 5131
9804 5131
2 5131
8199 5132
11290 5132
9204 5132
9469 5132
11050 5132
10590 5132
11996 5132
9814 5132
8613 5132
10817 5132
2 5132
8265 5133
9920 5133
10755 5133
11023 5133
2 5133
10668 5134
8375 5134
8837 5134
11599 5134
8292 5134
9529 5134
9069 5134
2 5134
8892 5135
10029 5135
9753 5135
8316 5135
8958 5135
10495 5135
8715 5135
10208 5135
10412 5135
9493 5135
2 5135
11326 5136
8787 5136
8407 5136
9336 5136
8841 5136
8180 5136
2 5136
9837 5137
9139 5137
10761 5137
11843 5137
10237 5137
10613 5137
9729 5137
8100 5137
11939 5137
9270 5137
9418 5137
2 5137
10291 5138
8965 5138
11135 5138
8704 5138
11637 5138
2 5138
10168 5139
11033 5139
9618 5139
11425 5139
8178 5139
11499 5139
8836 5139
2 5139
9685 5140
10496 5140
8282 5140
11412 5140
2 5140
9338 5141
10288 5141
8978 5141
9740 5141
10039 5141
8825 5141
2 5141
10681 5142
10768 5142
10078 5142
8954 5142
2 5142
9232 5143
10236 5143
11073 5143
8174 5143
8550 5143
10760 5143
9302 5143
10647 5143
8497 5143
2 5143
9303 5144
9734 5144
9770 5144
8574 5144
2 5144
9903 5145
10983 5145
8319 5145
10990 5145
8950 5145
8087 5145
11509 5145
10626 5145
8296 5145
8322 5145
9262 5145
2 5145
10791 5146
11810 5146
9540 5146
9790 5146
10550 5146
2 5146
9802 5147
8943 5147
9591 5147
10256 5147
2 5147
11551 5148
11287 5148
11239 5148
11159 5148
11728 5148
11010 5148
9956 5148
9781 5148
10506 5148
8823 5148
10984 5148
2 5148
10854 5149
10501 5149
8887 5149
8421 5149
10839 5149
11819 5149
9210 5149
10738 5149
11429 5149
10004 5149
2 5149
8385 5150
8540 5150
10458 5150
10723 5150
10300 5150
9818 5150
2 5150
8649 5151
11075 5151
10224 5151
8432 5151
9512 5151
10700 5151
8106 5151
2 5151
8152 5152
11686 5152
9037 5152
11006 5152
10993 5152
9868 5152
11451 5152
8140 5152
8539 5152
2 5152
11327 5153
9495 5153
11206 5153
8376 5153
11302 5153
11328 5153
11658 5153
8719 5153
10870 5153
10176 5153
2 5153
9716 5154
10403 5154
9388 5154
9550 5154
10474 5154
9979 5154
9706 5154
8705 5154
11074 5154
9266 5154
10278 5154
2 5154
11976 5155
8540 5155
10307 5155
9778 5155
8856 5155
10523 5155
8259 5155
10636 5155
10188 5155
2 5155
10092 5156
9045 5156
9446 5156
8493 5156
10853 5156
9509 5156
2 5156
11438 5157
11695 5157
9402 5157
11185 5157
8642 5157
10548 5157
2 5157
10012 5158
11339 5158
10864 5158
8550 5158
11847 5158
11462 5158
10815 5158
2 5158
11180 5159
11224 5159
8326 5159
11344 5159
8194 5159
11132 5159
10604 5159
10376 5159
8246 5159
9671 5159
9224 5159
2 5159
9776 5160
10881 5160
10718 5160
9968 5160
2 5160
11416 5161
9253 5161
10170 5161
9204 5161
11363 5161
8825 5161
9250 5161
8467 5161
8271 5161
11471 5161
10018 5161
2 5161
8669 5162
9218 5162
8484 5162
9000 5162
2 5162
9556 5163
8930 5163
8408 5163
8585 5163
2 5163
8730 5164
11915 5164
8566 5164
11174 5164
2 5164
8879 5165
8104 5165
11515 5165
10217 5165
11338 5165
2 5165
1957 5166
378 5166
1549 5166
1875 5166
1463 5166
2917 5166
2035 5166
11359 5166
8409 5166
8817 5166
10859 5166
10504 5166
11205 5166
2 5166
1316 5167
3412 5167
1071 5167
8409 5167
8345 5167
9274 5167
9805 5167
10113 5167
8869 5167
2 5167
10719 5168
8103 5168
8915 5168
8239 5168
10477 5168
11974 5168
9463 5168
2 5168
9758 5169
9892 5169
9971 5169
11532 5169
2 5169
8604 5170
10051 5170
10924 5170
9440 5170
10233 5170
9751 5170
2 5170
2712 5171
2322 5171
602 5171
8300 5171
10504 5171
9391 5171
0 5171
8684 5171
2 5171
9523 5172
9993 5172
10131 5172
11092 5172
11184 5172
8920 5172
9779 5172
11486 5172
9997 5172
8593 5172
2 5172
11642 5173
8122 5173
10965 5173
8787 5173
9400 5173
11111 5173
2 5173
9160 5174
8896 5174
10916 5174
10648 5174
11957 5174
2 5174
9718 5175
10054 5175
10696 5175
10917 5175
10506 5175
11766 5175
8299 5175
2 5175
8541 5176
11931 5176
9000 5176
11591 5176
8183 5176
9149 5176
8983 5176
10816 5176
2 5176
11224 5177
10022 5177
11850 5177
11957 5177
2 5177
9297 5178
8555 5178
8244 5178
8944 5178
9845 5178
9925 5178
10565 5178
8600 5178
2 5178
11213 5179
11536 5179
9552 5179
9913 5179
11209 5179
9282 5179
2 5179
11657 5180
9220 5180
9055 5180
9258 5180
8381 5180
10585 5180
9711 5180
11520 5180
2 5180
11627 5181
11575 5181
8059 5181
11118 5181
9806 5181
10165 5181
2 5181
11475 5182
10428 5182
10351 5182
11268 5182
10481 5182
2 5182
8677 5183
11270 5183
10466 5183
9585 5183
8447 5183
9914 5183
10641 5183
9901 5183
8265 5183
8421 5183
2 5183
8272 5184
10344 5184
9096 5184
9619 5184
11133 5184
8719 5184
11073 5184
2 5184
11616 5185
10605 5185
8186 5185
9264 5185
9270 5185
10969 5185
8638 5185
10562 5185
10428 5185
8752 5185
9007 5185
2 5185
9229 5186
9257 5186
8835 5186
8260 5186
2 5186
10127 5187
9731 5187
10831 5187
11545 5187
10561 5187
8143 5187
2 5187
11001 5188
8741 5188
11393 5188
9331 5188
11488 5188
11219 5188
2 5188
11770 5189
8090 5189
11642 5189
8060 5189
2 5189
10917 5190
9302 5190
9658 5190
11493 5190
9803 5190
11711 5190
8999 5190
10108 5190
8182 5190
9180 5190
2 5190
8310 5191
10252 5191
10146 5191
10636 5191
10807 5191
8598 5191
9076 5191
8804 5191
11064 5191
2 5191
8593 5192
10956 5192
9236 5192
8813 5192
9563 5192
9415 5192
8360 5192
8134 5192
11019 5192
8700 5192
10313 5192
2 5192
197 5193
3332 5193
2872 5193
3643 5193
8043 5193
10646 5193
11348 5193
9027 5193
11078 5193
10281 5193
11791 5193
8662 5193
9173 5193
8640 5193
9576 5193
2 5193
11262 5194
8343 5194
10293 5194
8185 5194
10042 5194
9525 5194
10781 5194
8335 5194
11972 5194
8276 5194
2 5194
9360 5195
10888 5195
9419 5195
11721 5195
9392 5195
11578 5195
11792 5195
8990 5195
11267 5195
2 5195
9688 5196
10337 5196
10594 5196
9477 5196
11746 5196
10136 5196
9873 5196
11395 5196
10375 5196
8587 5196
10714 5196
2 5196
9512 5197
9430 5197
10938 5197
11543 5197
10624 5197
11799 5197
11633 5197
9163 5197
9460 5197
2 5197
11233 5198
11159 5198
9300 5198
10527 5198
10083 5198
9820 5198
8718 5198
9541 5198
9664 5198
9390 5198
2 5198
11897 5199
11129 5199
8113 5199
10227 5199
8157 5199
8412 5199
10373 5199
10611 5199
2 5199
9013 5200
10792 5200
9093 5200
9874 5200
11511 5200
8173 5200
9719 5200
10447 5200
9087 5200
2 5200
11050 5201
10509 5201
8902 5201
9569 5201
11924 5201
10658 5201
10125 5201
10028 5201
10637 5201
9077 5201
2 5201
9153 5202
10446 5202
9597 5202
11424 5202
9395 5202
9016 5202
10339 5202
9341 5202
11331 5202
2 5202
2121 5203
1492 5203
3363 5203
1891 5203
9805 5203
11492 5203
11919 5203
10663 5203
8681 5203
10049 5203
9117 5203
11673 5203
9391 5203
11483 5203
2 5203
9447 5204
11372 5204
10863 5204
10399 5204
10976 5204
9600 5204
10155 5204
2 5204
8530 5205
10144 5205
8714 5205
11243 5205
8951 5205
11730 5205
9410 5205
9828 5205
9189 5205
8346 5205
10079 5205
2 5205
8695 5206
8750 5206
11731 5206
11637 5206
10512 5206
10745 5206
10005 5206
2 5206
9202 5207
8490 5207
9231 5207
10143 5207
9661 5207
11111 5207
2 5207
8742 5208
11353 5208
10251 5208
9009 5208
9172 5208
9469 5208
11557 5208
2 5208
9074 5209
10094 5209
10015 5209
8193 5209
9989 5209
8531 5209
11432 5209
10285 5209
2 5209
10702 5210
10254 5210
8933 5210
8352 5210
11481 5210
9069 5210
8199 5210
2 5210
10556 5211
8267 5211
9855 5211
11825 5211
2 5211
8801 5212
11681 5212
10179 5212
10118 5212
9481 5212
11912 5212
10342 5212
8282 5212
9722 5212
10567 5212
10404 5212
2 5212
10047 5213
10977 5213
8925 5213
8510 5213
9580 5213
2 5213
8909 5214
8201 5214
8182 5214
11715 5214
9984 5214
2 5214
8964 5215
11592 5215
11696 5215
9412 5215
10621 5215
10264 5215
11677 5215
11730 5215
9977 5215
8948 5215
2 5215
11720 5216
9268 5216
9327 5216
8472 5216
8992 5216
8238 5216
8068 5216
8216 5216
2 5216
8876 5217
8126 5217
8619 5217
10202 5217
9048 5217
11003 5217
9072 5217
9922 5217
11722 5217
10144 5217
2 5217
1032 5218
2764 5218
2981 5218
520 5218
10837 5218
10995 5218
11804 5218
8401 5218
8817 5218
11791 5218
11737 5218
10286 5218
10427 5218
2 5218
8611 5219
10750 5219
8953 5219
9759 5219
8678 5219
8251 5219
11895 5219
9077 5219
9649 5219
2 5219
11672 5220
9287 5220
11657 5220
11258 5220
8704 5220
11245 5220
8161 5220
2 5220
9325 5221
10413 5221
10753 5221
11493 5221
11864 5221
2 5221
11674 5222
11734 5222
11333 5222
8153 5222
11068 5222
10667 5222
9940 5222
2 5222
8911 5223
11237 5223
10709 5223
10743 5223
11623 5223
2 5223
11602 5224
10290 5224
11429 5224
11408 5224
8623 5224
9477 5224
2 5224
323 5225
8659 5225
8807 5225
10366 5225
9576 5225
2 5225
10030 5226
10608 5226
11473 5226
11602 5226
2 5226
10096 5227
10259 5227
10509 5227
11788 5227
10890 5227
9147 5227
8465 5227
2 5227
11255 5228
9124 5228
10942 5228
8585 5228
9849 5228
9070 5228
9670 5228
8515 5228
9528 5228
11920 5228
2 5228
8734 5229
8214 5229
8140 5229
9410 5229
10037 5229
10276 5229
10924 5229
10872 5229
9123 5229
8945 5229
10609 5229
2 5229
10365 5230
9535 5230
9268 5230
10043 5230
10201 5230
9029 5230
9610 5230
10380 5230
10015 5230
9757 5230
2 5230
2984 5231
1194 5231
2344 5231
2541 5231
168 5231
9214 5231
10538 5231
11205 5231
11504 5231
10407 5231
10366 5231
8517 5231
10812 5231
10049 5231
10286 5231
2 5231
10579 5232
9656 5232
10230 5232
11050 5232
11241 5232
10897 5232
11048 5232
11633 5232
10673 5232
10560 5232
9506 5232
2 5232
10917 5233
11812 5233
8938 5233
11016 5233
11004 5233
9189 5233
10602 5233
2 5233
9124 5234
11947 5234
11762 5234
11849 5234
11276 5234
11277 5234
8023 5234
11341 5234
10770 5234
2 5234
8934 5235
11684 5235
11521 5235
11447 5235
8888 5235
11476 5235
11769 5235
9671 5235
11925 5235
2 5235
10265 5236
8314 5236
8902 5236
11549 5236
10121 5236
2 5236
11128 5237
8354 5237
9828 5237
8651 5237
10269 5237
8309 5237
2 5237
10276 5238
9629 5238
9123 5238
8539 5238
9813 5238
9866 5238
10818 5238
2 5238
8992 5239
9090 5239
8513 5239
10089 5239
11786 5239
8916 5239
8597 5239
11281 5239
8949 5239
2 5239
11871 5240
11852 5240
9151 5240
11510 5240
11101 5240
9788 5240
10615 5240
9833 5240
9073 5240
9592 5240
2 5240
11695 5241
9985 5241
11668 5241
8780 5241
10391 5241
10345 5241
9225 5241
11392 5241
2 5241
11770 5242
10071 5242
8251 5242
8828 5242
8594 5242
9503 5242
9486 5242
8787 5242
8899 5242
2 5242
11722 5243
11571 5243
9075 5243
11815 5243
2 5243
10490 5244
8010 5244
8976 5244
11074 5244
11085 5244
2 5244
9004 5245
10980 5245
10814 5245
11872 5245
9896 5245
8152 5245
10386 5245
10372 5245
10580 5245
9921 5245
9308 5245
2 5245
9004 5246
10639 5246
10580 5246
8830 5246
8892 5246
9622 5246
2 5246
10432 5247
9491 5247
8524 5247
9841 5247
10506 5247
10559 5247
9109 5247
10730 5247
8938 5247
2 5247
8996 5248
11264 5248
10357 5248
9638 5248
10520 5248
8827 5248
9077 5248
8098 5248
10548 5248
10198 5248
9938 5248
2 5248
11812 5249
9134 5249
8395 5249
9956 5249
10106 5249
11754 5249
11451 5249
11910 5249
10517 5249
10514 5249
8191 5249
2 5249
10862 5250
9940 5250
11854 5250
8536 5250
2 5250
11159 5251
10746 5251
11867 5251
9664 5251
2 5251
11388 5252
8269 5252
8365 5252
8272 5252
11187 5252
11724 5252
9841 5252
9132 5252
11003 5252
10475 5252
2 5252
9305 5253
11908 5253
8888 5253
9467 5253
8748 5253
11411 5253
9316 5253
2 5253
10845 5254
11596 5254
8929 5254
11193 5254
10787 5254
10097 5254
9181 5254
2 5254
10500 5255
10938 5255
10706 5255
9081 5255
2 5255
2739 5256
9039 5256
11588 5256
10598 5256
11386 5256
8672 5256
8652 5256
10195 5256
10286 5256
11506 5256
9780 5256
2 5256
11350 5257
10928 5257
11289 5257
8059 5257
8182 5257
8618 5257
9648 5257
11943 5257
9875 5257
10799 5257
8114 5257
2 5257
9751 5258
10041 5258
8376 5258
11897 5258
8238 5258
2 5258
8837 5259
8642 5259
8478 5259
8654 5259
10423 5259
10404 5259
10633 5259
2 5259
9475 5260
11644 5260
10182 5260
10819 5260
9830 5260
2 5260
11335 5261
10038 5261
11047 5261
8769 5261
9483 5261
2 5261
11033 5262
11817 5262
11325 5262
10978 5262
8826 5262
9885 5262
8451 5262
10416 5262
9181 5262
9008 5262
2 5262
10523 5263
11855 5263
9876 5263
8581 5263
9083 5263
11759 5263
10787 5263
11900 5263
8821 5263
8374 5263
2 5263
11421 5264
11672 5264
10601 5264
9933 5264
9266 5264
8048 5264
10715 5264
11445 5264
11687 5264
9550 5264
2 5264
8539 5265
10083 5265
10747 5265
8196 5265
11553 5265
11845 5265
10158 5265
9682 5265
8556 5265
2 5265
11678 5266
8820 5266
9236 5266
11025 5266
2 5266
8997 5267
10869 5267
9617 5267
9844 5267
11515 5267
11227 5267
11232 5267
10717 5267
2 5267
8983 5268
10919 5268
11738 5268
8130 5268
2 5268
8075 5269
11434 5269
11149 5269
11031 5269
10011 5269
11991 5269
10125 5269
9892 5269
2 5269
11575 5270
10385 5270
10353 5270
10939 5270
2 5270
8635 5271
9898 5271
10536 5271
9667 5271
10841 5271
2 5271
10506 5272
9048 5272
9755 5272
10507 5272
8668 5272
8539 5272
2 5272
11421 5273
11115 5273
10927 5273
8439 5273
8617 5273
11372 5273
8132 5273
8168 5273
9230 5273
2 5273
202 5274
3550 5274
3319 5274
11104 5274
8697 5274
8159 5274
9178 5274
9274 5274
8409 5274
9020 5274
8257 5274
10149 5274
8869 5274
2 5274
11177 5275
8359 5275
10202 5275
10302 5275
11351 5275
9642 5275
2 5275
11943 5276
11690 5276
10559 5276
11206 5276
11352 5276
11963 5276
9493 5276
8600 5276
2 5276
11821 5277
9851 5277
11496 5277
8328 5277
2 5277
8649 5278
9437 5278
8042 5278
11727 5278
8837 5278
10854 5278
10855 5278
8882 5278
9375 5278
0 5278
2 5278
10296 5279
11533 5279
11591 5279
9186 5279
2 5279
8016 5280
9862 5280
9773 5280
11227 5280
8126 5280
2 5280
9912 5281
10652 5281
8268 5281
10558 5281
8620 5281
8171 5281
9137 5281
9760 5281
8898 5281
11979 5281
2 5281
8440 5282
11970 5282
10523 5282
11648 5282
11573 5282
8011 5282
11855 5282
10881 5282
10263 5282
11978 5282
11699 5282
2 5282
11195 5283
8910 5283
11779 5283
11756 5283
10398 5283
2 5283
11310 5284
10206 5284
9708 5284
8921 5284
11758 5284
11992 5284
11326 5284
8464 5284
8079 5284
8533 5284
2 5284
11028 5285
9110 5285
8668 5285
11327 5285
11940 5285
10312 5285
8819 5285
9748 5285
11793 5285
8793 5285
10262 5285
2 5285
10980 5286
11180 5286
9441 5286
9120 5286
10015 5286
9183 5286
8761 5286
10319 5286
9174 5286
11594 5286
8619 5286
2 5286
9644 5287
9495 5287
11196 5287
11083 5287
11698 5287
10029 5287
2 5287
11498 5288
8334 5288
9241 5288
11016 5288
10773 5288
11364 5288
8606 5288
11006 5288
9621 5288
8336 5288
2 5288
11904 5289
8412 5289
11028 5289
9804 5289
11805 5289
9753 5289
2 5289
8439 5290
10744 5290
11761 5290
8132 5290
9243 5290
9675 5290
10221 5290
9498 5290
11935 5290
9965 5290
10863 5290
2 5290
10708 5291
9691 5291
8871 5291
11447 5291
9751 5291
8872 5291
10247 5291
8781 5291
11904 5291
9864 5291
2 5291
9934 5292
9403 5292
11459 5292
9541 5292
2 5292
10315 5293
11572 5293
8271 5293
8286 5293
10465 5293
11679 5293
11912 5293
10537 5293
2 5293
11640 5294
11720 5294
10885 5294
8756 5294
8605 5294
11925 5294
8735 5294
10661 5294
10385 5294
11707 5294
9359 5294
2 5294
10400 5295
9679 5295
11829 5295
9288 5295
8735 5295
10834 5295
2 5295
11126 5296
11572 5296
11336 5296
11275 5296
11122 5296
8759 5296
8137 5296
10630 5296
10668 5296
2 5296
11997 5297
10581 5297
8791 5297
9754 5297
11589 5297
9388 5297
8048 5297
2 5297
11943 5298
11451 5298
9622 5298
9629 5298
10058 5298
10371 5298
11649 5298
2 5298
9996 5299
9801 5299
11409 5299
10566 5299
8583 5299
9524 5299
9061 5299
10243 5299
8128 5299
11103 5299
2 5299
11690 5300
10354 5300
10728 5300
10183 5300
8693 5300
9803 5300
11476 5300
2 5300
11347 5301
8667 5301
11965 5301
9980 5301
10643 5301
11310 5301
2 5301
3106 5302
3413 5302
1138 5302
11455 5302
8351 5302
10049 5302
11469 5302
2 5302
8392 5303
10063 5303
9435 5303
11020 5303
11767 5303
8037 5303
9276 5303
8731 5303
11738 5303
10189 5303
12002 5303
2 5303
9188 5304
11086 5304
9708 5304
8572 5304
11256 5304
10254 5304
10722 5304
10034 5304
9148 5304
9094 5304
8787 5304
2 5304
9684 5305
8794 5305
10740 5305
8546 5305
8518 5305
9832 5305
9125 5305
11653 5305
9661 5305
2 5305
9598 5306
11232 5306
10926 5306
11018 5306
10869 5306
8637 5306
2 5306
11235 5307
9198 5307
11174 5307
10131 5307
11870 5307
10626 5307
9565 5307
10132 5307
10983 5307
2 5307
11241 5308
9375 5308
9482 5308
11632 5308
10566 5308
10143 5308
9506 5308
11438 5308
9368 5308
9293 5308
2 5308
11837 5309
10587 5309
8373 5309
8845 5309
11653 5309
2 5309
9704 5310
8018 5310
10744 5310
8663 5310
9523 5310
9705 5310
8298 5310
10308 5310
10459 5310
11536 5310
10343 5310
2 5310
3780 5311
2346 5311
3593 5311
8586 5311
10538 5311
9405 5311
0 5311
10958 5311
8452 5311
11484 5311
12000 5311
8188 5311
9615 5311
2 5311
8603 5312
11861 5312
8481 5312
9169 5312
11053 5312
10376 5312
11124 5312
11356 5312
10760 5312
10432 5312
2 5312
8242 5313
10172 5313
8301 5313
8489 5313
9893 5313
9610 5313
2 5313
11526 5314
11739 5314
11803 5314
11769 5314
10801 5314
2 5314
9014 5315
8335 5315
10435 5315
10880 5315
10237 5315
9533 5315
11823 5315
8895 5315
2 5315
9911 5316
10005 5316
9552 5316
10531 5316
9566 5316
9468 5316
11922 5316
8569 5316
10311 5316
9156 5316
9251 5316
2 5316
9359 5317
8174 5317
11638 5317
9871 5317
10822 5317
8181 5317
11667 5317
8176 5317
2 5317
11166 5318
10795 5318
9303 5318
10974 5318
2 5318
10502 5319
9092 5319
10272 5319
8783 5319
10071 5319
10030 5319
10187 5319
2 5319
10004 5320
10606 5320
9356 5320
8061 5320
9070 5320
9529 5320
9506 5320
2 5320
11959 5321
8223 5321
8210 5321
10659 5321
11596 5321
10097 5321
11029 5321
11020 5321
2 5321
10760 5322
10799 5322
8702 5322
10650 5322
10602 5322
10353 5322
9530 5322
2 5322
8438 5323
8469 5323
9326 5323
9130 5323
10491 5323
8877 5323
10042 5323
11533 5323
8374 5323
2 5323
1097 5324
969 5324
118 5324
9768 5324
10687 5324
10646 5324
11942 5324
11455 5324
10440 5324
9274 5324
10149 5324
8817 5324
8047 5324
2 5324
11213 5325
10334 5325
10683 5325
8168 5325
10274 5325
11066 5325
11955 5325
8673 5325
2 5325
10704 5326
10677 5326
9530 5326
11861 5326
8708 5326
9205 5326
8214 5326
10669 5326
11763 5326
2 5326
10886 5327
11578 5327
10734 5327
8425 5327
2 5327
3847 5328
1705 5328
1983 5328
2032 5328
4001 5328
2838 5328
1830 5328
9736 5328
9655 5328
8426 5328
8586 5328
9117 5328
8133 5328
10482 5328
2 5328
10353 5329
9575 5329
11364 5329
9658 5329
9158 5329
10241 5329
10607 5329
8719 5329
8589 5329
10012 5329
2 5329
11180 5330
9952 5330
10565 5330
11701 5330
10200 5330
10600 5330
8418 5330
9099 5330
8702 5330
2 5330
10763 5331
11289 5331
11079 5331
8036 5331
8793 5331
2 5331
11491 5332
11261 5332
9080 5332
10917 5332
11677 5332
8846 5332
8196 5332
10618 5332
8977 5332
2 5332
8478 5333
11055 5333
8212 5333
10073 5333
10349 5333
9155 5333
10922 5333
11708 5333
11629 5333
2 5333
10470 5334
11787 5334
8119 5334
10590 5334
11762 5334
9633 5334
10721 5334
11574 5334
2 5334
10719 5335
8361 5335
11122 5335
10501 5335
8106 5335
11452 5335
11279 5335
10796 5335
8373 5335
10770 5335
11069 5335
2 5335
8689 5336
10992 5336
10760 5336
8217 5336
8715 5336
9727 5336
8482 5336
11476 5336
8140 5336
9644 5336
2 5336
10699 5337
9899 5337
10729 5337
9418 5337
11009 5337
9994 5337
2 5337
11033 5338
11888 5338
11373 5338
8770 5338
9613 5338
9291 5338
11900 5338
9046 5338
9022 5338
8116 5338
10191 5338
2 5338
9723 5339
8996 5339
8532 5339
11219 5339
8493 5339
2 5339
10625 5340
11084 5340
11471 5340
11729 5340
8794 5340
8327 5340
10573 5340
11481 5340
2 5340
2823 5341
651 5341
8579 5341
11122 5341
8378 5341
10115 5341
8501 5341
9492 5341
10594 5341
11202 5341
8221 5341
0 5341
2 5341
8156 5342
10038 5342
11447 5342
8503 5342
9744 5342
8184 5342
2 5342
10576 5343
10450 5343
8311 5343
8548 5343
11865 5343
10321 5343
11269 5343
9449 5343
9348 5343
8784 5343
11434 5343
2 5343
10721 5344
11747 5344
8923 5344
8930 5344
8119 5344
9918 5344
2 5344
11233 5345
9157 5345
9273 5345
8781 5345
8146 5345
8074 5345
11846 5345
11239 5345
2 5345
8141 5346
9921 5346
10426 5346
8445 5346
9866 5346
8795 5346
10422 5346
2 5346
11896 5347
10242 5347
11672 5347
8319 5347
11870 5347
2 5347
10348 5348
11368 5348
10851 5348
9310 5348
2 5348
9288 5349
9755 5349
11826 5349
10840 5349
9144 5349
11604 5349
8418 5349
2 5349
11787 5350
11448 5350
8033 5350
11161 5350
9672 5350
10656 5350
9830 5350
10877 5350
2 5350
8883 5351
9435 5351
9591 5351
10737 5351
8798 5351
8877 5351
9764 5351
11556 5351
2 5351
11427 5352
10826 5352
10745 5352
10505 5352
9767 5352
8132 5352
10088 5352
11620 5352
10524 5352
2 5352
9867 5353
10638 5353
9451 5353
8984 5353
2 5353
11970 5354
9712 5354
11465 5354
11934 5354
8800 5354
8929 5354
2 5354
9026 5355
9546 5355
10932 5355
9014 5355
11117 5355
8826 5355
11320 5355
2 5355
10558 5356
11555 5356
9291 5356
11654 5356
8929 5356
2 5356
10006 5357
9948 5357
9058 5357
10524 5357
2 5357
8538 5358
11182 5358
11366 5358
10510 5358
11238 5358
9347 5358
9602 5358
2 5358
11315 5359
11897 5359
8696 5359
11468 5359
11763 5359
10767 5359
10618 5359
9354 5359
8892 5359
9224 5359
10043 5359
2 5359
11731 5360
11184 5360
9049 5360
10846 5360
9969 5360
10490 5360
8474 5360
10006 5360
2 5360
10750 5361
10093 5361
11488 5361
11590 5361
9452 5361
10701 5361
11210 5361
9219 5361
9878 5361
10788 5361
2 5361
11584 5362
8035 5362
11785 5362
10939 5362
11825 5362
11724 5362
10767 5362
2 5362
8305 5363
10993 5363
8233 5363
9229 5363
2 5363
12004 5364
8149 5364
9119 5364
11291 5364
2 5364
10758 5365
11476 5365
11952 5365
9598 5365
11328 5365
9035 5365
11460 5365
10488 5365
2 5365
8406 5366
8128 5366
11717 5366
9009 5366
11590 5366
10658 5366
11138 5366
11310 5366
11762 5366
10963 5366
9971 5366
2 5366
9053 5367
9894 5367
10935 5367
11970 5367
10774 5367
10865 5367
2 5367
11669 5368
9899 5368
8342 5368
9836 5368
11155 5368
10597 5368
2 5368
8323 5369
9665 5369
8190 5369
10430 5369
10084 5369
11677 5369
9868 5369
11460 5369
10814 5369
2 5369
11103 5370
11779 5370
11444 5370
11836 5370
9277 5370
11161 5370
2 5370
11482 5371
11792 5371
11616 5371
11725 5371
8939 5371
10734 5371
10880 5371
2 5371
8337 5372
10778 5372
9740 5372
10719 5372
8805 5372
2 5372
10798 5373
11580 5373
8058 5373
9024 5373
8129 5373
9878 5373
8220 5373
2 5373
9085 5374
10183 5374
9823 5374
10094 5374
8053 5374
9317 5374
11072 5374
8233 5374
11179 5374
11707 5374
10107 5374
2 5374
8978 5375
10288 5375
10798 5375
10877 5375
9667 5375
11597 5375
2 5375
815 5376
327 5376
3597 5376
8198 5376
11576 5376
11804 5376
9699 5376
2 5376
10106 5377
9858 5377
11861 5377
10681 5377
11677 5377
11901 5377
2 5377
11775 5378
10245 5378
10755 5378
10102 5378
2 5378
11628 5379
8806 5379
9395 5379
10662 5379
11267 5379
11583 5379
8403 5379
8225 5379
9255 5379
8442 5379
2 5379
1540 5380
1901 5380
2955 5380
2050 5380
10036 5380
8059 5380
11619 5380
9845 5380
0 5380
2 5380
8443 5381
10369 5381
11202 5381
8787 5381
10959 5381
10433 5381
9202 5381
11323 5381
10902 5381
8486 5381
2 5381
1295 5382
2019 5382
295 5382
9927 5382
10598 5382
9960 5382
8697 5382
8281 5382
8840 5382
9991 5382
11285 5382
11359 5382
10995 5382
2 5382
9771 5383
9238 5383
9763 5383
9834 5383
9400 5383
9437 5383
11941 5383
2 5383
10703 5384
10762 5384
8293 5384
8533 5384
11398 5384
10181 5384
9486 5384
8557 5384
11557 5384
10424 5384
10509 5384
2 5384
8613 5385
9056 5385
10275 5385
8995 5385
9865 5385
9834 5385
9009 5385
11290 5385
2 5385
8895 5386
9764 5386
8680 5386
8952 5386
11973 5386
9320 5386
8890 5386
9946 5386
2 5386
8552 5387
10346 5387
8131 5387
9556 5387
9661 5387
11323 5387
8671 5387
10793 5387
11148 5387
10347 5387
9787 5387
2 5387
8209 5388
11710 5388
8397 5388
9005 5388
10490 5388
8683 5388
8906 5388
2 5388
8397 5389
8087 5389
9579 5389
11732 5389
9280 5389
10530 5389
2 5389
9007 5390
10119 5390
10416 5390
8270 5390
10847 5390
2 5390
8201 5391
11720 5391
9999 5391
9161 5391
2 5391
10390 5392
9577 5392
9702 5392
10420 5392
8513 5392
10934 5392
2 5392
11970 5393
9613 5393
8261 5393
9837 5393
10494 5393
8638 5393
11170 5393
2 5393
8075 5394
8457 5394
8612 5394
11056 5394
2 5394
9789 5395
9023 5395
9102 5395
8791 5395
10956 5395
11168 5395
8397 5395
9498 5395
9531 5395
11457 5395
10374 5395
2 5395
10746 5396
9123 5396
9702 5396
8948 5396
8386 5396
9874 5396
10089 5396
9642 5396
9957 5396
9861 5396
2 5396
8536 5397
8169 5397
9734 5397
11589 5397
10311 5397
8568 5397
8782 5397
8750 5397
9459 5397
9450 5397
11610 5397
2 5397
8913 5398
11520 5398
8820 5398
9275 5398
11286 5398
2 5398
9831 5399
9984 5399
9232 5399
9013 5399
10786 5399
11754 5399
8602 5399
11045 5399
10422 5399
2 5399
9062 5400
10715 5400
11152 5400
10683 5400
11059 5400
8367 5400
8132 5400
10132 5400
9494 5400
10680 5400
9057 5400
2 5400
8082 5401
11018 5401
9669 5401
11280 5401
8722 5401
2 5401
11892 5402
11110 5402
9045 5402
8829 5402
11291 5402
10853 5402
10913 5402
2 5402
10054 5403
9491 5403
9947 5403
8973 5403
9976 5403
9099 5403
8056 5403
11466 5403
10247 5403
11894 5403
10217 5403
2 5403
11246 5404
11397 5404
11989 5404
10882 5404
2 5404
8978 5405
8501 5405
8368 5405
11051 5405
8189 5405
11857 5405
10318 5405
8206 5405
11778 5405
10198 5405
2 5405
8113 5406
8543 5406
8068 5406
10217 5406
11406 5406
10316 5406
10764 5406
8892 5406
11476 5406
2 5406
11645 5407
10789 5407
9487 5407
11162 5407
10298 5407
9081 5407
11597 5407
2 5407
10704 5408
8664 5408
11525 5408
10916 5408
10557 5408
9956 5408
2 5408
10665 5409
10545 5409
11700 5409
11537 5409
10107 5409
9359 5409
10635 5409
9966 5409
11878 5409
10209 5409
11829 5409
2 5409
8479 5410
10595 5410
8460 5410
11725 5410
8601 5410
9164 5410
11749 5410
11934 5410
9624 5410
8917 5410
8508 5410
2 5410
11845 5411
8502 5411
11158 5411
9526 5411
10794 5411
2 5411
8074 5412
11159 5412
10076 5412
9167 5412
8371 5412
11858 5412
2 5412
11690 5413
8822 5413
8145 5413
9193 5413
2 5413
9325 5414
10992 5414
10094 5414
10655 5414
9714 5414
9541 5414
8814 5414
11916 5414
10866 5414
10834 5414
2 5414
8919 5415
9536 5415
11015 5415
10085 5415
9383 5415
11950 5415
10597 5415
9772 5415
9701 5415
2 5415
11179 5416
9085 5416
8735 5416
8092 5416
11400 5416
2 5416
10307 5417
8526 5417
8847 5417
10059 5417
8468 5417
9122 5417
11533 5417
11566 5417
11164 5417
2 5417
9194 5418
10506 5418
9170 5418
8142 5418
8415 5418
10094 5418
11047 5418
9744 5418
11519 5418
8492 5418
2 5418
9957 5419
8516 5419
9096 5419
10381 5419
10763 5419
9246 5419
8273 5419
11158 5419
11624 5419
2 5419
8599 5420
8315 5420
11314 5420
11416 5420
11965 5420
10245 5420
9697 5420
8796 5420
9635 5420
10223 5420
2 5420
8882 5421
11226 5421
9891 5421
8197 5421
11162 5421
11920 5421
8443 5421
11276 5421
11256 5421
10196 5421
2 5421
11144 5422
8581 5422
11566 5422
9548 5422
8283 5422
11900 5422
8183 5422
11089 5422
11596 5422
8609 5422
2 5422
8353 5423
8346 5423
11060 5423
9240 5423
11428 5423
10376 5423
8941 5423
11897 5423
8892 5423
8156 5423
11053 5423
2 5423
8892 5424
10159 5424
11132 5424
11107 5424
9029 5424
9644 5424
2 5424
11153 5425
8666 5425
8687 5425
8717 5425
10657 5425
8760 5425
9759 5425
10110 5425
8515 5425
9528 5425
11055 5425
2 5425
9803 5426
10929 5426
9406 5426
11807 5426
9394 5426
8629 5426
2 5426
9817 5427
11817 5427
10775 5427
8349 5427
8442 5427
8483 5427
11441 5427
11950 5427
9393 5427
11117 5427
2 5427
10240 5428
8571 5428
8268 5428
11902 5428
11379 5428
11482 5428
10775 5428
11860 5428
2 5428
10865 5429
11100 5429
9091 5429
8990 5429
10605 5429
10207 5429
10487 5429
9234 5429
2 5429
11993 5430
10575 5430
8495 5430
11263 5430
8582 5430
2 5430
11314 5431
10509 5431
10776 5431
10091 5431
10519 5431
9219 5431
11787 5431
9872 5431
8957 5431
2 5431
10057 5432
10133 5432
9333 5432
9215 5432
8922 5432
11001 5432
9833 5432
9480 5432
8532 5432
10502 5432
8694 5432
2 5432
9603 5433
9932 5433
8251 5433
11076 5433
10064 5433
8162 5433
11374 5433
10770 5433
9143 5433
11148 5433
2 5433
10725 5434
9399 5434
9968 5434
9857 5434
8895 5434
10689 5434
9380 5434
11089 5434
10967 5434
9395 5434
2 5434
3352 5435
3399 5435
2409 5435
10234 5435
8159 5435
9816 5435
10809 5435
11022 5435
0 5435
2 5435
11081 5436
8319 5436
11337 5436
8683 5436
2 5436
11568 5437
11128 5437
8961 5437
8347 5437
2 5437
10929 5438
10036 5438
9809 5438
8217 5438
8040 5438
2 5438
9372 5439
9614 5439
11093 5439
8292 5439
11140 5439
10793 5439
9537 5439
10500 5439
9003 5439
10224 5439
8780 5439
2 5439
10885 5440
10137 5440
10171 5440
11666 5440
11952 5440
9339 5440
8743 5440
9322 5440
8758 5440
8101 5440
8359 5440
2 5440
10928 5441
10937 5441
11053 5441
11958 5441
10396 5441
2 5441
10341 5442
9740 5442
9681 5442
9290 5442
11709 5442
9082 5442
11933 5442
11895 5442
11599 5442
2 5442
10733 5443
10232 5443
10307 5443
9343 5443
8385 5443
8877 5443
10240 5443
11555 5443
9808 5443
2 5443
8038 5444
9634 5444
10788 5444
10445 5444
8711 5444
9950 5444
8051 5444
8716 5444
9556 5444
11991 5444
8123 5444
2 5444
1525 5445
412 5445
3730 5445
1330 5445
635 5445
1119 5445
10124 5445
8159 5445
8024 5445
11125 5445
9039 5445
11145 5445
8109 5445
8188 5445
9323 5445
2 5445
8356 5446
9878 5446
11487 5446
11631 5446
2 5446
11473 5447
9685 5447
11913 5447
10338 5447
10192 5447
11681 5447
8837 5447
2 5447
8321 5448
10287 5448
10485 5448
11357 5448
10659 5448
9733 5448
8261 5448
10800 5448
10510 5448
2 5448
10426 5449
10285 5449
11289 5449
8504 5449
2 5449
10403 5450
9640 5450
11622 5450
10343 5450
11670 5450
10620 5450
2 5450
9750 5451
11778 5451
11093 5451
9775 5451
10788 5451
11500 5451
9012 5451
8583 5451
8055 5451
2 5451
9665 5452
11608 5452
11302 5452
8512 5452
2 5452
8937 5453
9105 5453
10461 5453
8493 5453
8980 5453
11927 5453
8548 5453
10567 5453
8490 5453
2 5453
10849 5454
8623 5454
9728 5454
9233 5454
2 5454
9720 5455
11356 5455
10479 5455
9984 5455
10094 5455
2 5455
1349 5456
2500 5456
3036 5456
1874 5456
881 5456
2263 5456
10001 5456
9391 5456
8198 5456
11000 5456
9060 5456
2 5456
2073 5457
213 5457
3251 5457
8737 5457
9444 5457
8692 5457
8274 5457
9411 5457
9397 5457
11386 5457
11506 5457
2 5457
9835 5458
9380 5458
8897 5458
9149 5458
9307 5458
9712 5458
8928 5458
10906 5458
11527 5458
10340 5458
2 5458
10658 5459
11974 5459
11237 5459
9069 5459
8251 5459
2 5459
3239 5460
3988 5460
2628 5460
1658 5460
10892 5460
10939 5460
9093 5460
8555 5460
0 5460
2 5460
10123 5461
9494 5461
11419 5461
8700 5461
10334 5461
8230 5461
2 5461
11756 5462
10133 5462
10788 5462
8061 5462
8834 5462
2 5462
9858 5463
8046 5463
8773 5463
11477 5463
9915 5463
9822 5463
2 5463
8776 5464
8893 5464
11920 5464
11219 5464
10349 5464
8900 5464
11680 5464
10844 5464
10039 5464
8089 5464
8406 5464
2 5464
10266 5465
8058 5465
9078 5465
9661 5465
10535 5465
10630 5465
11122 5465
2 5465
11991 5466
11514 5466
9570 5466
8135 5466
8075 5466
11150 5466
2 5466
9056 5467
9623 5467
10576 5467
10470 5467
10740 5467
2 5467
10861 5468
11317 5468
8472 5468
8113 5468
10036 5468
8998 5468
9744 5468
10013 5468
9679 5468
10997 5468
9922 5468
2 5468
10986 5469
11130 5469
9936 5469
10716 5469
8242 5469
9167 5469
9160 5469
9714 5469
10629 5469
11957 5469
9403 5469
2 5469
11286 5470
8782 5470
11813 5470
8813 5470
9243 5470
8791 5470
2 5470
9401 5471
10280 5471
10737 5471
11248 5471
11830 5471
2 5471
489 5472
1664 5472
254 5472
714 5472
10670 5472
8878 5472
9178 5472
8150 5472
10874 5472
11306 5472
9059 5472
8640 5472
9304 5472
9853 5472
2 5472
10588 5473
9507 5473
8487 5473
9876 5473
9181 5473
10215 5473
2 5473
11066 5474
8179 5474
10163 5474
9490 5474
8014 5474
10889 5474
11987 5474
8397 5474
11831 5474
11926 5474
2 5474
9313 5475
10233 5475
8773 5475
9339 5475
9671 5475
10686 5475
10794 5475
11952 5475
11477 5475
11541 5475
9840 5475
2 5475
8631 5476
11454 5476
10764 5476
9182 5476
10612 5476
10041 5476
10247 5476
11662 5476
8903 5476
11243 5476
9682 5476
2 5476
8967 5477
10690 5477
9720 5477
10682 5477
9099 5477
10386 5477
2 5477
9013 5478
10094 5478
9072 5478
11568 5478
11766 5478
2 5478
8429 5479
9070 5479
8551 5479
11382 5479
9635 5479
10254 5479
2 5479
11572 5480
9342 5480
8933 5480
12004 5480
8288 5480
11558 5480
2 5480
10480 5481
10884 5481
8093 5481
9276 5481
9894 5481
9154 5481
10759 5481
8542 5481
11903 5481
2 5481
9129 5482
10435 5482
8185 5482
11199 5482
8355 5482
11170 5482
11340 5482
9546 5482
11164 5482
2 5482
9151 5483
8447 5483
9299 5483
8688 5483
8780 5483
10434 5483
2 5483
8966 5484
10557 5484
9120 5484
11693 5484
11916 5484
8651 5484
2 5484
9398 5485
9579 5485
9184 5485
8298 5485
10777 5485
9734 5485
9993 5485
9550 5485
8673 5485
9959 5485
2 5485
10479 5486
11521 5486
10184 5486
8140 5486
10681 5486
8831 5486
2 5486
10162 5487
11196 5487
9803 5487
11711 5487
2 5487
10645 5488
10906 5488
11465 5488
11759 5488
8931 5488
8731 5488
11503 5488
10575 5488
11499 5488
2 5488
9004 5489
9229 5489
8524 5489
10184 5489
9803 5489
2 5489
8873 5490
11120 5490
9091 5490
9307 5490
2 5490
8017 5491
10087 5491
10100 5491
9593 5491
9827 5491
10492 5491
8226 5491
11820 5491
8983 5491
10674 5491
2 5491
11866 5492
11527 5492
9218 5492
11482 5492
10063 5492
11844 5492
8931 5492
8255 5492
2 5492
8729 5493
8978 5493
10327 5493
9019 5493
8544 5493
8450 5493
9225 5493
2 5493
9308 5494
10400 5494
9813 5494
8723 5494
9189 5494
10705 5494
11132 5494
2 5494
10590 5495
9370 5495
11308 5495
9723 5495
8506 5495
10476 5495
10115 5495
2 5495
8211 5496
10364 5496
10970 5496
9131 5496
8544 5496
11313 5496
9367 5496
9606 5496
2 5496
9017 5497
10587 5497
12004 5497
8476 5497
8478 5497
9352 5497
8444 5497
10225 5497
10019 5497
9330 5497
9908 5497
2 5497
9138 5498
11238 5498
8185 5498
11792 5498
10146 5498
10499 5498
10807 5498
11578 5498
10865 5498
11263 5498
9347 5498
2 5498
10271 5499
9206 5499
9490 5499
11520 5499
10163 5499
10221 5499
10326 5499
2 5499
11629 5500
9442 5500
8137 5500
9197 5500
8387 5500
9730 5500
11397 5500
2 5500
10147 5501
10842 5501
11389 5501
8963 5501
10607 5501
2 5501
2460 5502
697 5502
351 5502
783 5502
2249 5502
1714 5502
1563 5502
523 5502
2754 5502
2176 5502
11782 5502
10797 5502
11022 5502
8159 5502
9128 5502
10234 5502
8409 5502
9888 5502
10113 5502
11737 5502
8692 5502
2 5502
8924 5503
9440 5503
8216 5503
8193 5503
9228 5503
10951 5503
8814 5503
10671 5503
11345 5503
10840 5503
11789 5503
2 5503
10877 5504
8841 5504
8532 5504
9470 5504
9358 5504
2 5504
12001 5505
8076 5505
11717 5505
9219 5505
8429 5505
9402 5505
10676 5505
8229 5505
8042 5505
9590 5505
2 5505
9116 5506
8863 5506
9478 5506
9245 5506
11057 5506
8487 5506
10785 5506
8850 5506
10323 5506
9707 5506
9715 5506
2 5506
10935 5507
10847 5507
11182 5507
10240 5507
10323 5507
9548 5507
10652 5507
9276 5507
8442 5507
2 5507
9219 5508
10871 5508
9318 5508
8809 5508
11799 5508
2 5508
11308 5509
8058 5509
11775 5509
9082 5509
10187 5509
8834 5509
11347 5509
2 5509
9052 5510
9688 5510
8893 5510
8688 5510
2 5510
10476 5511
10583 5511
10592 5511
11954 5511
10624 5511
10732 5511
8384 5511
11026 5511
8567 5511
2 5511
9606 5512
8137 5512
9197 5512
11717 5512
10206 5512
9069 5512
11138 5512
9088 5512
8833 5512
10423 5512
2 5512
10317 5513
9392 5513
8120 5513
10185 5513
9139 5513
8907 5513
11367 5513
8885 5513
11625 5513
2 5513
10236 5514
8924 5514
8142 5514
11718 5514
9522 5514
2 5514
3538 5515
205 5515
3527 5515
8198 5515
8257 5515
10482 5515
11483 5515
10281 5515
2 5515
10315 5516
8311 5516
11438 5516
8251 5516
9667 5516
8855 5516
11252 5516
10095 5516
11863 5516
10829 5516
2 5516
9040 5517
10164 5517
8848 5517
10939 5517
8555 5517
2 5517
10707 5518
11062 5518
10648 5518
11339 5518
11711 5518
11187 5518
11018 5518
10866 5518
10834 5518
10924 5518
10373 5518
2 5518
9335 5519
8625 5519
9961 5519
10937 5519
2 5519
10782 5520
9663 5520
10603 5520
9514 5520
2 5520
11650 5521
10044 5521
9749 5521
10897 5521
8785 5521
10004 5521
9623 5521
8980 5521
9560 5521
9801 5521
9263 5521
2 5521
9738 5522
10126 5522
10429 5522
11147 5522
8534 5522
2 5522
10152 5523
8673 5523
10554 5523
8813 5523
11427 5523
11183 5523
8132 5523
8906 5523
9657 5523
2 5523
8538 5524
11424 5524
11953 5524
10499 5524
11309 5524
11886 5524
9255 5524
11441 5524
11225 5524
8634 5524
8248 5524
2 5524
9804 5525
11619 5525
9120 5525
9410 5525
11350 5525
11231 5525
11107 5525
11676 5525
9284 5525
2 5525
10103 5526
8016 5526
8339 5526
10202 5526
11858 5526
2 5526
11960 5527
11376 5527
10974 5527
11059 5527
11166 5527
9706 5527
11245 5527
10511 5527
8913 5527
2 5527
11106 5528
10074 5528
9458 5528
11258 5528
2 5528
9530 5529
8348 5529
9284 5529
11815 5529
11413 5529
8637 5529
8896 5529
9177 5529
8710 5529
2 5529
11856 5530
9610 5530
10178 5530
8924 5530
10960 5530
8769 5530
8554 5530
10936 5530
8793 5530
10400 5530
2 5530
11397 5531
8923 5531
8676 5531
10206 5531
9373 5531
11849 5531
2 5531
9949 5532
10074 5532
10585 5532
8439 5532
11063 5532
9227 5532
8820 5532
2 5532
10159 5533
11910 5533
10264 5533
9773 5533
10106 5533
8152 5533
9464 5533
9161 5533
9539 5533
9199 5533
8916 5533
2 5533
8649 5534
8572 5534
9197 5534
11412 5534
11636 5534
11681 5534
8162 5534
11140 5534
2 5534
9894 5535
10828 5535
10595 5535
8120 5535
8496 5535
9347 5535
9990 5535
9772 5535
8116 5535
2 5535
10200 5536
9915 5536
10422 5536
9246 5536
10767 5536
10469 5536
11136 5536
8875 5536
10580 5536
2 5536
10512 5537
8168 5537
11135 5537
9607 5537
8166 5537
8673 5537
2 5537
9285 5538
8655 5538
8066 5538
9001 5538
11102 5538
10745 5538
2 5538
11169 5539
11645 5539
9152 5539
11920 5539
8742 5539
8245 5539
10961 5539
2 5539
9762 5540
9209 5540
10074 5540
10990 5540
11235 5540
8341 5540
8566 5540
11678 5540
2 5540
11049 5541
11982 5541
8302 5541
8064 5541
9584 5541
9731 5541
2 5541
9471 5542
9476 5542
11488 5542
9384 5542
8834 5542
11742 5542
11600 5542
8493 5542
10654 5542
11655 5542
8703 5542
2 5542
11701 5543
11470 5543
10858 5543
8418 5543
11132 5543
11815 5543
10708 5543
9966 5543
9440 5543
2 5543
11923 5544
9963 5544
10594 5544
9365 5544
9318 5544
11947 5544
2 5544
9714 5545
11908 5545
8202 5545
9205 5545
2 5545
9477 5546
9070 5546
9761 5546
8940 5546
9677 5546
9631 5546
9038 5546
9649 5546
8865 5546
10337 5546
8105 5546
2 5546
11279 5547
9012 5547
11811 5547
8105 5547
10118 5547
10393 5547
8567 5547
9878 5547
11550 5547
2 5547
8170 5548
10158 5548
10900 5548
11551 5548
8026 5548
11158 5548
2 5548
9371 5549
11237 5549
9938 5549
9079 5549
11140 5549
2 5549
10712 5550
10032 5550
11048 5550
8957 5550
9231 5550
2 5550
11214 5551
11528 5551
10381 5551
8233 5551
10589 5551
11822 5551
11969 5551
8756 5551
11541 5551
11006 5551
2 5551
8110 5552
8983 5552
10952 5552
11155 5552
10613 5552
2 5552
11368 5553
10078 5553
8888 5553
11073 5553
10493 5553
10172 5553
8867 5553
9977 5553
9377 5553
2 5553
9650 5554
9158 5554
9795 5554
10993 5554
10413 5554
9571 5554
2 5554
8560 5555
9038 5555
11887 5555
9052 5555
11599 5555
8960 5555
10133 5555
2 5555
8182 5556
8934 5556
8046 5556
11881 5556
10488 5556
11406 5556
10931 5556
2 5556
9875 5557
9170 5557
10992 5557
12003 5557
11722 5557
8287 5557
8193 5557
11711 5557
10422 5557
9671 5557
2 5557
11865 5558
11471 5558
8528 5558
8137 5558
10299 5558
2 5558
8252 5559
11626 5559
8855 5559
11332 5559
2 5559
10059 5560
8385 5560
9478 5560
8213 5560
8634 5560
10339 5560
9924 5560
9341 5560
11977 5560
11697 5560
2 5560
9157 5561
10103 5561
9286 5561
11418 5561
11829 5561
10648 5561
9874 5561
10834 5561
10411 5561
2 5561
10433 5562
8654 5562
11332 5562
10922 5562
10721 5562
11758 5562
9572 5562
9482 5562
10109 5562
9340 5562
8901 5562
2 5562
8696 5563
11594 5563
9577 5563
9691 5563
8997 5563
11554 5563
2 5563
8332 5564
8481 5564
10972 5564
11786 5564
11640 5564
8056 5564
9256 5564
10036 5564
2 5564
8649 5565
9708 5565
11395 5565
8103 5565
11310 5565
10632 5565
10719 5565
11887 5565
11681 5565
9188 5565
2 5565
9729 5566
10523 5566
11301 5566
10146 5566
10782 5566
8291 5566
9479 5566
2 5566
10554 5567
9566 5567
8673 5567
11732 5567
9565 5567
9969 5567
10403 5567
8230 5567
11610 5567
8134 5567
8775 5567
2 5567
11347 5568
9449 5568
9517 5568
8337 5568
8628 5568
9725 5568
8968 5568
11452 5568
11096 5568
9633 5568
2 5568
8097 5569
8665 5569
9669 5569
9627 5569
8892 5569
11584 5569
10557 5569
8354 5569
8619 5569
8795 5569
2 5569
10932 5570
11725 5570
8685 5570
8483 5570
11866 5570
11605 5570
11065 5570
11749 5570
10659 5570
10952 5570
2 5570
11829 5571
8445 5571
9085 5571
9861 5571
11649 5571
9167 5571
11905 5571
10681 5571
8046 5571
11335 5571
2 5571
11703 5572
9319 5572
10239 5572
11937 5572
11218 5572
8713 5572
2 5572
10199 5573
11087 5573
8382 5573
9733 5573
8461 5573
9259 5573
8321 5573
10059 5573
9343 5573
2 5573
9269 5574
8730 5574
11678 5574
8132 5574
10309 5574
11059 5574
11457 5574
10515 5574
11657 5574
2 5574
11778 5575
9872 5575
8189 5575
8079 5575
9045 5575
9873 5575
9446 5575
8832 5575
9938 5575
9497 5575
10742 5575
2 5575
8310 5576
11563 5576
11301 5576
10932 5576
2 5576
11690 5577
11908 5577
9783 5577
11766 5577
8386 5577
10681 5577
9436 5577
8862 5577
10495 5577
2 5577
8970 5578
9487 5578
11729 5578
10033 5578
10082 5578
8038 5578
2 5578
8823 5579
11873 5579
9193 5579
10851 5579
2 5579
9922 5580
8232 5580
10602 5580
11133 5580
11243 5580
2 5580
10132 5581
11419 5581
10005 5581
9706 5581
9675 5581
10072 5581
2 5581
9567 5582
10982 5582
9177 5582
10835 5582
11466 5582
10937 5582
10611 5582
10730 5582
11197 5582
9074 5582
11220 5582
2 5582
1890 5583
516 5583
2774 5583
3929 5583
1861 5583
8050 5583
8833 5583
8725 5583
10722 5583
11650 5583
10615 5583
0 5583
2 5583
11591 5584
10295 5584
11037 5584
8039 5584
11407 5584
11267 5584
10915 5584
9846 5584
9383 5584
10787 5584
8294 5584
2 5584
9993 5585
10584 5585
9494 5585
9222 5585
9066 5585
10343 5585
11458 5585
11184 5585
10131 5585
10628 5585
2 5585
9103 5586
9137 5586
11669 5586
9496 5586
2 5586
8685 5587
10828 5587
10896 5587
8994 5587
10915 5587
9994 5587
11223 5587
10800 5587
10129 5587
2 5587
10089 5588
9441 5588
10015 5588
8702 5588
10377 5588
10517 5588
10565 5588
8795 5588
2 5588
10094 5589
8651 5589
11958 5589
11244 5589
9377 5589
10312 5589
10493 5589
10022 5589
2 5589
11714 5590
10867 5590
10220 5590
9116 5590
8317 5590
2 5590
8911 5591
8760 5591
11727 5591
9570 5591
11941 5591
2 5591
1968 5592
3226 5592
1818 5592
2074 5592
3475 5592
826 5592
10670 5592
9059 5592
9020 5592
11104 5592
11348 5592
10958 5592
10663 5592
10453 5592
8034 5592
2 5592
9248 5593
10825 5593
10991 5593
11076 5593
9342 5593
8149 5593
2 5593
9985 5594
10206 5594
8986 5594
8933 5594
9830 5594
11251 5594
9056 5594
9898 5594
2 5594
11394 5595
11342 5595
9420 5595
9602 5595
2 5595
10965 5596
10025 5596
8827 5596
8060 5596
8546 5596
8057 5596
9472 5596
9430 5596
8254 5596
11149 5596
2 5596
10645 5597
11236 5597
11606 5597
10828 5597
2 5597
8306 5598
11086 5598
10321 5598
8833 5598
11265 5598
2 5598
8153 5599
8663 5599
10072 5599
9287 5599
9450 5599
8820 5599
11520 5599
8655 5599
10751 5599
8381 5599
11911 5599
2 5599
9109 5600
8761 5600
9916 5600
8417 5600
11128 5600
8888 5600
8606 5600
8371 5600
8028 5600
8710 5600
8958 5600
2 5600
9740 5601
8901 5601
10289 5601
9561 5601
2 5601
11115 5602
11143 5602
9815 5602
10684 5602
9230 5602
9102 5602
10088 5602
2 5602
8287 5603
10842 5603
10858 5603
8173 5603
9440 5603
9840 5603
11696 5603
8301 5603
10644 5603
10600 5603
2 5603
11088 5604
11727 5604
8834 5604
9914 5604
10503 5604
11787 5604
10477 5604
10437 5604
2 5604
9332 5605
11388 5605
8354 5605
10227 5605
8148 5605
11525 5605
2 5605
8356 5606
11799 5606
9645 5606
11779 5606
9662 5606
8915 5606
9688 5606
2 5606
10570 5607
10716 5607
11592 5607
8520 5607
11411 5607
10493 5607
10052 5607
8269 5607
9189 5607
8046 5607
2 5607
10970 5608
10709 5608
9041 5608
11505 5608
8827 5608
10346 5608
8252 5608
8882 5608
2 5608
8136 5609
8048 5609
10683 5609
9065 5609
8701 5609
11960 5609
10735 5609
8906 5609
10974 5609
10284 5609
10524 5609
2 5609
11495 5610
11962 5610
9395 5610
11496 5610
10616 5610
11296 5610
11751 5610
2 5610
3069 5611
2839 5611
8586 5611
10797 5611
9717 5611
9816 5611
11348 5611
9173 5611
9975 5611
2 5611
11644 5612
10740 5612
11727 5612
8384 5612
9073 5612
2 5612
10011 5613
11887 5613
11293 5613
11416 5613
10783 5613
9759 5613
9569 5613
10985 5613
11341 5613
2 5613
9372 5614
9443 5614
9661 5614
11192 5614
10731 5614
11936 5614
8457 5614
11898 5614
11131 5614
2 5614
9303 5615
11286 5615
10403 5615
10343 5615
10301 5615
9779 5615
10474 5615
2 5615
10608 5616
9873 5616
8061 5616
9475 5616
11590 5616
10776 5616
9688 5616
11082 5616
2 5616
8098 5617
11565 5617
8678 5617
9787 5617
10640 5617
9213 5617
8089 5617
10703 5617
2 5617
11821 5618
9987 5618
8657 5618
9179 5618
9418 5618
2 5618
8382 5619
10419 5619
10734 5619
10831 5619
10127 5619
11953 5619
8358 5619
9399 5619
2 5619
2474 5620
1164 5620
0 5620
8188 5620
8956 5620
9345 5620
9416 5620
11201 5620
10955 5620
9034 5620
2 5620
9271 5621
8306 5621
9340 5621
8431 5621
11293 5621
10014 5621
11927 5621
9865 5621
11595 5621
10535 5621
10563 5621
2 5621
8602 5622
11136 5622
11132 5622
9636 5622
2 5622
11239 5623
11619 5623
11916 5623
9622 5623
11560 5623
8059 5623
2 5623
3928 5624
641 5624
3856 5624
8595 5624
10471 5624
11212 5624
8024 5624
10453 5624
10812 5624
2 5624
10153 5625
8520 5625
10604 5625
10377 5625
2 5625
9772 5626
8763 5626
9707 5626
8374 5626
9597 5626
8616 5626
8885 5626
11267 5626
11298 5626
10480 5626
2 5626
9166 5627
9002 5627
9702 5627
11850 5627
11983 5627
10350 5627
11577 5627
8412 5627
2 5627
9609 5628
11741 5628
8863 5628
11738 5628
9419 5628
10919 5628
9244 5628
9857 5628
8917 5628
9525 5628
2 5628
10057 5629
11257 5629
8356 5629
10742 5629
8716 5629
10364 5629
2 5629
9972 5630
11475 5630
9941 5630
9551 5630
10523 5630
11474 5630
11482 5630
10186 5630
8670 5630
2 5630
8050 5631
9544 5631
11041 5631
8187 5631
10091 5631
2 5631
10973 5632
11108 5632
10728 5632
10156 5632
11317 5632
2 5632
9536 5633
9341 5633
11423 5633
9392 5633
8403 5633
9880 5633
9424 5633
9724 5633
9138 5633
8385 5633
2 5633
805 5634
3323 5634
2028 5634
187 5634
8264 5634
11885 5634
8163 5634
10388 5634
8547 5634
8452 5634
8151 5634
2 5634
11002 5635
9554 5635
8794 5635
9409 5635
9942 5635
2 5635
8669 5636
9894 5636
11972 5636
11890 5636
2 5636
10359 5637
9681 5637
9832 5637
9070 5637
8729 5637
11450 5637
10065 5637
10719 5637
2 5637
8949 5638
11617 5638
8979 5638
8947 5638
10972 5638
9915 5638
2 5638
11340 5639
11671 5639
10733 5639
8427 5639
9114 5639
8440 5639
2 5639
11519 5640
9246 5640
10556 5640
10376 5640
11851 5640
2 5640
9038 5641
11203 5641
10299 5641
11557 5641
2 5641
10424 5642
11775 5642
10711 5642
8025 5642
11326 5642
11082 5642
8023 5642
9996 5642
2 5642
10029 5643
8127 5643
11677 5643
11963 5643
8046 5643
9848 5643
11383 5643
2 5643
11041 5644
11332 5644
9588 5644
9248 5644
11913 5644
9918 5644
2 5644
10189 5645
8203 5645
8770 5645
10957 5645
8382 5645
11485 5645
9859 5645
2 5645
11917 5646
9786 5646
10559 5646
11338 5646
8068 5646
10647 5646
8418 5646
9300 5646
10631 5646
9910 5646
2 5646
10947 5647
10474 5647
8485 5647
9031 5647
9266 5647
10826 5647
2 5647
8342 5648
11573 5648
9420 5648
8592 5648
9885 5648
9818 5648
8403 5648
11278 5648
11899 5648
2 5648
8245 5649
10102 5649
8760 5649
11011 5649
9980 5649
9352 5649
2 5649
9812 5650
11710 5650
10267 5650
9819 5650
11012 5650
2 5650
9501 5651
10755 5651
10254 5651
10392 5651
11242 5651
11762 5651
10318 5651
10829 5651
2 5651
1432 5652
2058 5652
2291 5652
2628 5652
3501 5652
9391 5652
9676 5652
8345 5652
9223 5652
8869 5652
11145 5652
8198 5652
8257 5652
10538 5652
2 5652
10449 5653
9051 5653
9531 5653
8158 5653
2 5653
10189 5654
10678 5654
10603 5654
10893 5654
10653 5654
8227 5654
10935 5654
11772 5654
11266 5654
2 5654
10424 5655
9506 5655
8686 5655
8510 5655
9709 5655
10450 5655
9344 5655
2 5655
8445 5656
9653 5656
9795 5656
11908 5656
11696 5656
9205 5656
11528 5656
9190 5656
10447 5656
2 5656
11898 5657
9477 5657
8464 5657
10118 5657
9470 5657
11602 5657
9708 5657
8023 5657
10691 5657
11600 5657
11884 5657
2 5657
1373 5658
3764 5658
2827 5658
484 5658
389 5658
269 5658
10113 5658
9768 5658
11022 5658
10859 5658
11386 5658
9975 5658
8390 5658
2 5658
8196 5659
10385 5659
11891 5659
10556 5659
11724 5659
11479 5659
2 5659
10769 5660
8745 5660
9244 5660
10831 5660
11309 5660
9296 5660
9536 5660
11643 5660
11573 5660
11999 5660
2 5660
10122 5661
8688 5661
8229 5661
11282 5661
8642 5661
11438 5661
11014 5661
9204 5661
2 5661
9003 5662
9791 5662
10887 5662
9677 5662
2 5662
8079 5663
9073 5663
9373 5663
8292 5663
9787 5663
10772 5663
8658 5663
11299 5663
2 5663
9328 5664
10696 5664
9984 5664
11686 5664
9889 5664
9175 5664
9313 5664
8979 5664
2 5664
11224 5665
11894 5665
11021 5665
10780 5665
10067 5665
11651 5665
9622 5665
11401 5665
9643 5665
2 5665
11565 5666
9587 5666
10421 5666
8315 5666
8796 5666
8887 5666
2 5666
9831 5667
11302 5667
9702 5667
9013 5667
10655 5667
9973 5667
8600 5667
8816 5667
8437 5667
9085 5667
8645 5667
2 5667
10655 5668
9617 5668
9135 5668
10106 5668
11440 5668
11916 5668
10872 5668
10518 5668
9448 5668
8365 5668
10412 5668
2 5668
10441 5669
8649 5669
11549 5669
9645 5669
11547 5669
9172 5669
11017 5669
8741 5669
11195 5669
10825 5669
2 5669
10119 5670
11559 5670
10097 5670
9488 5670
8183 5670
11100 5670
9179 5670
10613 5670
8952 5670
2 5670
10367 5671
10928 5671
11244 5671
11521 5671
10068 5671
10390 5671
2 5671
11046 5672
8152 5672
11909 5672
9863 5672
9666 5672
11575 5672
9751 5672
8174 5672
8500 5672
11244 5672
9896 5672
2 5672
9873 5673
11961 5673
9263 5673
8910 5673
2 5673
9820 5674
10869 5674
11447 5674
11091 5674
8084 5674
8531 5674
10999 5674
8846 5674
2 5674
10733 5675
11198 5675
10659 5675
11527 5675
8290 5675
11420 5675
11199 5675
9320 5675
11407 5675
11978 5675
2 5675
11832 5676
8065 5676
10052 5676
9829 5676
11460 5676
10934 5676
11554 5676
11072 5676
2 5676
9302 5677
8754 5677
11686 5677
9866 5677
8272 5677
8371 5677
8605 5677
8503 5677
8071 5677
9121 5677
11083 5677
2 5677
10472 5678
9441 5678
9428 5678
11938 5678
9622 5678
11553 5678
8323 5678
10422 5678
10661 5678
11124 5678
10432 5678
2 5678
10704 5679
11711 5679
8044 5679
9690 5679
10799 5679
10022 5679
11909 5679
9067 5679
8831 5679
2 5679
11476 5680
9973 5680
8665 5680
11200 5680
11355 5680
10993 5680
8602 5680
8015 5680
2 5680
9298 5681
11319 5681
10362 5681
8435 5681
2 5681
9977 5682
8202 5682
10780 5682
10142 5682
8875 5682
8036 5682
2 5682
2702 5683
1272 5683
2702 5683
910 5683
3268 5683
149 5683
8345 5683
9039 5683
8115 5683
10292 5683
10850 5683
8681 5683
10149 5683
9433 5683
10797 5683
9323 5683
10001 5683
2 5683
8647 5684
11289 5684
9783 5684
10639 5684
8949 5684
2 5684
10748 5685
11028 5685
11925 5685
10648 5685
10447 5685
10249 5685
10929 5685
11356 5685
11667 5685
2 5685
11431 5686
10042 5686
8609 5686
10097 5686
11928 5686
10627 5686
8250 5686
11433 5686
10969 5686
2 5686
10155 5687
10399 5687
8972 5687
10134 5687
8824 5687
9979 5687
8536 5687
10680 5687
10169 5687
11183 5687
10131 5687
2 5687
8942 5688
10695 5688
10544 5688
8152 5688
11498 5688
2 5688
11610 5689
9565 5689
11530 5689
10169 5689
11258 5689
9523 5689
11027 5689
8449 5689
11106 5689
9657 5689
2 5689
11167 5690
10557 5690
9134 5690
11415 5690
2 5690
8371 5691
11658 5691
10926 5691
11300 5691
2 5691
10532 5692
11751 5692
10659 5692
8657 5692
9546 5692
10085 5692
11288 5692
11407 5692
11189 5692
2 5692
9321 5693
8123 5693
11543 5693
10528 5693
9470 5693
9009 5693
9104 5693
2 5693
8748 5694
8405 5694
9167 5694
8761 5694
8420 5694
8524 5694
9064 5694
2 5694
11404 5695
10983 5695
10976 5695
10744 5695
9654 5695
10930 5695
8014 5695
11063 5695
9762 5695
2 5695
8862 5696
10390 5696
8164 5696
10695 5696
11864 5696
8480 5696
8365 5696
10756 5696
9110 5696
9774 5696
11763 5696
2 5696
10464 5697
8044 5697
10367 5697
9390 5697
2 5697
11146 5698
9167 5698
10891 5698
9461 5698
10514 5698
10763 5698
11592 5698
11453 5698
11030 5698
10835 5698
9567 5698
2 5698
9358 5699
10977 5699
11995 5699
8900 5699
8450 5699
2 5699
9032 5700
9601 5700
9033 5700
8826 5700
11614 5700
10807 5700
8904 5700
2 5700
11746 5701
10193 5701
8678 5701
9759 5701
8478 5701
9684 5701
8553 5701
10070 5701
8833 5701
11770 5701
2 5701
8237 5702
10343 5702
8179 5702
11798 5702
10727 5702
11546 5702
8134 5702
2 5702
10480 5703
11402 5703
8990 5703
9244 5703
10063 5703
11566 5703
10329 5703
9924 5703
10893 5703
2 5703
8247 5704
9761 5704
10776 5704
11275 5704
9497 5704
8841 5704
11149 5704
9476 5704
2 5704
9969 5705
10626 5705
11430 5705
10161 5705
9346 5705
11166 5705
2 5705
9476 5706
10907 5706
9352 5706
9932 5706
9455 5706
10965 5706
9562 5706
10133 5706
2 5706
10217 5707
9863 5707
9781 5707
10681 5707
10068 5707
9642 5707
11905 5707
9621 5707
8346 5707
9664 5707
2 5707
8322 5708
9913 5708
9057 5708
8621 5708
8591 5708
11678 5708
9102 5708
8705 5708
9838 5708
9563 5708
2 5708
11930 5709
8066 5709
10979 5709
9266 5709
11258 5709
11097 5709
9251 5709
2 5709
10460 5710
9338 5710
10903 5710
11323 5710
11149 5710
11998 5710
11770 5710
10246 5710
2 5710
9730 5711
11310 5711
9348 5711
8379 5711
10299 5711
10546 5711
8989 5711
9349 5711
8247 5711
2 5711
9883 5712
8101 5712
11568 5712
9691 5712
11128 5712
2 5712
10365 5713
9067 5713
10940 5713
10602 5713
10233 5713
8735 5713
9644 5713
11685 5713
9121 5713
8527 5713
2 5713
8286 5714
9765 5714
11001 5714
11323 5714
10421 5714
2 5714
9680 5715
10315 5715
10048 5715
9758 5715
9271 5715
2 5715
9986 5716
11280 5716
9936 5716
9126 5716
8148 5716
11231 5716
8152 5716
2 5716
10008 5717
11726 5717
11315 5717
8164 5717
8550 5717
2 5717
8574 5718
9502 5718
8782 5718
11980 5718
8230 5718
2 5718
10261 5719
10480 5719
9026 5719
11862 5719
10438 5719
11962 5719
2 5719
9792 5720
10021 5720
8095 5720
10899 5720
9325 5720
9273 5720
8722 5720
11952 5720
2 5720
10211 5721
11699 5721
8634 5721
10237 5721
10645 5721
10591 5721
9808 5721
11818 5721
10547 5721
2 5721
3536 5722
3489 5722
129 5722
1391 5722
2036 5722
2502 5722
252 5722
9117 5722
11035 5722
11285 5722
8344 5722
8024 5722
9991 5722
11535 5722
8257 5722
2 5722
9425 5723
8571 5723
10800 5723
9218 5723
11818 5723
10652 5723
10847 5723
11977 5723
11267 5723
10510 5723
2 5723
8608 5724
8644 5724
10161 5724
8803 5724
11174 5724
10334 5724
9540 5724
8132 5724
10852 5724
9262 5724
9600 5724
2 5724
10569 5725
11931 5725
10340 5725
8826 5725
9686 5725
8413 5725
11263 5725
8620 5725
8770 5725
8430 5725
2 5725
8808 5726
11468 5726
11638 5726
9429 5726
11815 5726
2 5726
195 5727
3111 5727
2053 5727
11664 5727
9034 5727
9294 5727
11039 5727
8586 5727
10646 5727
9611 5727
10812 5727
9059 5727
2 5727
10443 5728
11509 5728
9949 5728
10863 5728
8179 5728
2 5728
10758 5729
11380 5729
8160 5729
10609 5729
10931 5729
11755 5729
11350 5729
2 5729
11559 5730
11990 5730
10569 5730
8317 5730
11309 5730
2 5730
10884 5731
11545 5731
11605 5731
8329 5731
8728 5731
11262 5731
2 5731
9907 5732
9809 5732
8948 5732
11004 5732
10154 5732
2 5732
9326 5733
8116 5733
9899 5733
10293 5733
2 5733
9269 5734
10911 5734
9031 5734
9066 5734
11333 5734
9184 5734
11235 5734
11213 5734
9770 5734
2 5734
9555 5735
11435 5735
10217 5735
10183 5735
11658 5735
9322 5735
10802 5735
2 5735
9684 5736
10675 5736
10121 5736
11991 5736
8123 5736
9672 5736
2 5736
2282 5737
3488 5737
2661 5737
121 5737
9745 5737
8034 5737
8249 5737
10226 5737
11588 5737
10355 5737
2 5737
10105 5738
8831 5738
10937 5738
11604 5738
9284 5738
10801 5738
9491 5738
8194 5738
9530 5738
8086 5738
8789 5738
2 5738
2703 5739
392 5739
9235 5739
11404 5739
8256 5739
8683 5739
10683 5739
11066 5739
11610 5739
9447 5739
11689 5739
8802 5739
0 5739
2 5739
11738 5740
9514 5740
10185 5740
11962 5740
10190 5740
10603 5740
9507 5740
2 5740
11522 5741
10074 5741
11732 5741
9566 5741
2 5741
11347 5742
9834 5742
10398 5742
10093 5742
10025 5742
11090 5742
8989 5742
2 5742
11688 5743
8886 5743
9764 5743
8374 5743
10146 5743
9489 5743
10418 5743
10969 5743
11384 5743
9880 5743
2 5743
8098 5744
8515 5744
8162 5744
10314 5744
11600 5744
11750 5744
9019 5744
10030 5744
8189 5744
10711 5744
2 5744
10294 5745
11076 5745
11572 5745
8774 5745
2 5745
3475 5746
2195 5746
50 5746
1734 5746
1551 5746
2827 5746
3500 5746
2054 5746
10808 5746
9615 5746
9178 5746
10124 5746
8274 5746
2 5746
9776 5747
8100 5747
11431 5747
8461 5747
2 5747
8505 5748
8254 5748
10963 5748
10913 5748
11923 5748
8833 5748
10018 5748
2 5748
11924 5749
10743 5749
9476 5749
9901 5749
9213 5749
2 5749
8316 5750
8748 5750
11334 5750
11542 5750
12003 5750
2 5750
10337 5751
8375 5751
9056 5751
9068 5751
11113 5751
8937 5751
2 5751
9562 5752
9825 5752
9901 5752
8212 5752
11291 5752
11140 5752
9311 5752
11695 5752
11429 5752
2 5752
10608 5753
9045 5753
9901 5753
11443 5753
11408 5753
2 5753
10915 5754
10280 5754
11320 5754
10219 5754
2 5754
11636 5755
11194 5755
10338 5755
10476 5755
8650 5755
2 5755
10840 5756
9359 5756
10724 5756
10184 5756
11909 5756
9364 5756
9208 5756
10162 5756
8323 5756
9862 5756
2 5756
11945 5757
10599 5757
9860 5757
10878 5757
11670 5757
9266 5757
8208 5757
9789 5757
8813 5757
10221 5757
2 5757
8913 5758
8066 5758
9432 5758
11672 5758
9903 5758
8256 5758
8514 5758
10194 5758
2 5758
9224 5759
10543 5759
10200 5759
8871 5759
2 5759
9477 5760
11444 5760
11375 5760
9791 5760
8970 5760
11704 5760
11096 5760
8050 5760
10989 5760
10115 5760
2 5760
8497 5761
9099 5761
8600 5761
11832 5761
8523 5761
8948 5761
8420 5761
8799 5761
10724 5761
11805 5761
2 5761
11542 5762
8228 5762
11129 5762
8690 5762
8997 5762
8793 5762
9158 5762
11414 5762
8114 5762
2 5762
10139 5763
10521 5763
10164 5763
8156 5763
9719 5763
10079 5763
8945 5763
2 5763
11582 5764
10441 5764
9971 5764
10320 5764
8845 5764
8650 5764
8271 5764
11050 5764
10468 5764
8464 5764
10501 5764
2 5764
3091 5765
2637 5765
2321 5765
2965 5765
8681 5765
9433 5765
8426 5765
9473 5765
9736 5765
8163 5765
11307 5765
8640 5765
11765 5765
2 5765
11452 5766
8384 5766
11996 5766
9330 5766
11898 5766
10030 5766
10122 5766
10971 5766
11219 5766
10563 5766
2 5766
10250 5767
10262 5767
11894 5767
8830 5767
8334 5767
11179 5767
10866 5767
11281 5767
10909 5767
11410 5767
2 5767
9599 5768
9307 5768
10215 5768
9114 5768
9859 5768
10127 5768
8904 5768
11465 5768
2 5768
10039 5769
10212 5769
11717 5769
11161 5769
10738 5769
8019 5769
11165 5769
9971 5769
11836 5769
2 5769
8639 5770
10940 5770
8339 5770
10257 5770
10024 5770
8531 5770
8835 5770
8434 5770
2 5770
11073 5771
11666 5771
8099 5771
9642 5771
8768 5771
8822 5771
10951 5771
11046 5771
11217 5771
2 5771
8897 5772
10244 5772
9514 5772
9399 5772
2 5772
8577 5773
11228 5773
10505 5773
9498 5773
11932 5773
11175 5773
9432 5773
11186 5773
9458 5773
10056 5773
2 5773
11974 5774
8741 5774
9709 5774
9472 5774
9201 5774
9592 5774
11050 5774
8864 5774
2 5774
9889 5775
11428 5775
10864 5775
8768 5775
8651 5775
2 5775
8601 5776
8100 5776
9014 5776
11495 5776
11009 5776
8582 5776
9264 5776
2 5776
10883 5777
11602 5777
9449 5777
10922 5777
11396 5777
11203 5777
9372 5777
2 5777
8440 5778
10418 5778
9912 5778
8037 5778
2 5778
11867 5779
9324 5779
8816 5779
10609 5779
11675 5779
9096 5779
8848 5779
9795 5779
2 5779
10045 5780
10323 5780
9652 5780
10146 5780
2 5780
8706 5781
8908 5781
10751 5781
10927 5781
8165 5781
10526 5781
9379 5781
10284 5781
11168 5781
8574 5781
2 5781
8696 5782
10147 5782
10079 5782
11280 5782
10078 5782
9120 5782
9461 5782
10929 5782
11390 5782
2 5782
10123 5783
10795 5783
11184 5783
9552 5783
2 5783
10536 5784
10125 5784
8041 5784
10429 5784
2 5784
9541 5785
11515 5785
8871 5785
8099 5785
11585 5785
10908 5785
9986 5785
2 5785
8451 5786
8601 5786
10617 5786
8403 5786
9733 5786
8745 5786
9548 5786
11821 5786
11843 5786
2 5786
8644 5787
11106 5787
9800 5787
8402 5787
2 5787
10620 5788
11457 5788
9711 5788
9654 5788
2 5788
9349 5789
10128 5789
10503 5789
11681 5789
9958 5789
2 5789
11947 5790
10251 5790
10266 5790
11041 5790
10938 5790
10243 5790
11147 5790
9088 5790
9667 5790
11680 5790
2 5790
10846 5791
9235 5791
8319 5791
11980 5791
8096 5791
2 5791
11567 5792
10000 5792
10325 5792
9185 5792
11467 5792
8423 5792
9650 5792
8773 5792
8164 5792
2 5792
9078 5793
10341 5793
8587 5793
10537 5793
8509 5793
8394 5793
9455 5793
11857 5793
10855 5793
10817 5793
2 5793
10727 5794
11097 5794
10075 5794
11946 5794
8258 5794
9235 5794
9734 5794
2 5794
2952 5795
1416 5795
2693 5795
622 5795
11039 5795
10666 5795
9306 5795
9117 5795
8812 5795
9345 5795
8300 5795
2 5795
10399 5796
11536 5796
8241 5796
9176 5796
8705 5796
11063 5796
10530 5796
9388 5796
10169 5796
10431 5796
2 5796
10985 5797
8422 5797
10871 5797
10796 5797
10460 5797
10404 5797
10421 5797
11044 5797
2 5797
11023 5798
10140 5798
11011 5798
8686 5798
8515 5798
8937 5798
10035 5798
10500 5798
8579 5798
2 5798
9833 5799
11105 5799
10246 5799
8815 5799
2 5799
10900 5800
11598 5800
10414 5800
8858 5800
8437 5800
11216 5800
9389 5800
10986 5800
2 5800
10324 5801
10897 5801
8429 5801
9771 5801
10369 5801
10039 5801
10503 5801
8394 5801
2 5801
9531 5802
8569 5802
9275 5802
9523 5802
11458 5802
9705 5802
8166 5802
2 5802
9752 5803
10166 5803
8018 5803
10006 5803
2 5803
11159 5804
10773 5804
9136 5804
10996 5804
11585 5804
9410 5804
11873 5804
10159 5804
9434 5804
10227 5804
8269 5804
2 5804
10214 5805
9490 5805
11672 5805
11859 5805
10336 5805
11530 5805
2 5805
9366 5806
8203 5806
9909 5806
8994 5806
2 5806
11174 5807
9133 5807
8168 5807
8381 5807
2 5807
9684 5808
11947 5808
11626 5808
9456 5808
8825 5808
9142 5808
8025 5808
11069 5808
8585 5808
8195 5808
2 5808
11909 5809
8516 5809
11028 5809
9334 5809
8858 5809
2 5809
11733 5810
10617 5810
8620 5810
11360 5810
2 5810
11347 5811
10552 5811
9165 5811
11412 5811
10798 5811
9503 5811
11750 5811
2 5811
11298 5812
11501 5812
11288 5812
8727 5812
9181 5812
9424 5812
2 5812
9373 5813
10528 5813
11615 5813
8453 5813
8387 5813
10004 5813
8494 5813
11001 5813
11989 5813
2 5813
10744 5814
8577 5814
11734 5814
9600 5814
10990 5814
11218 5814
9705 5814
11672 5814
11337 5814
2 5814
9935 5815
10484 5815
9423 5815
9156 5815
9860 5815
9735 5815
11168 5815
11687 5815
8474 5815
8022 5815
2 5815
8656 5816
8720 5816
11802 5816
11570 5816
10240 5816
2 5816
8761 5817
10544 5817
11091 5817
11099 5817
8242 5817
8434 5817
10089 5817
9646 5817
8472 5817
2 5817
9697 5818
9021 5818
10047 5818
9709 5818
11898 5818
8012 5818
11249 5818
9200 5818
8105 5818
10145 5818
10014 5818
2 5818
10323 5819
11298 5819
8011 5819
9393 5819
10287 5819
10297 5819
11311 5819
8283 5819
8898 5819
9255 5819
8728 5819
2 5819
10247 5820
11638 5820
10818 5820
11061 5820
8097 5820
2 5820
10324 5821
9265 5821
10783 5821
10709 5821
10455 5821
10028 5821
2 5821
9532 5822
9276 5822
8268 5822
8800 5822
11767 5822
11855 5822
8495 5822
8806 5822
2 5822
9795 5823
10365 5823
8359 5823
10936 5823
9335 5823
8814 5823
9170 5823
9228 5823
8707 5823
8722 5823
8709 5823
2 5823
8316 5824
8758 5824
9691 5824
10665 5824
8690 5824
11711 5824
11187 5824
10488 5824
8068 5824
2 5824
11932 5825
10947 5825
11854 5825
8322 5825
8562 5825
11915 5825
11445 5825
9563 5825
2 5825
11644 5826
11067 5826
10879 5826
8407 5826
8038 5826
2 5826
441 5827
1550 5827
11664 5827
10850 5827
11914 5827
11506 5827
9821 5827
8681 5827
0 5827
10966 5827
2 5827
11065 5828
11262 5828
8045 5828
10452 5828
9974 5828
8276 5828
11057 5828
9599 5828
2 5828
10206 5829
8923 5829
9200 5829
8315 5829
10882 5829
10883 5829
2 5829
8386 5830
10354 5830
8027 5830
10891 5830
11612 5830
11091 5830
8924 5830
11541 5830
11133 5830
11786 5830
9957 5830
2 5830
9632 5831
10022 5831
11133 5831
10600 5831
11832 5831
8267 5831
2 5831
10415 5832
8494 5832
11582 5832
11290 5832
2 5832
8014 5833
11870 5833
10274 5833
10889 5833
11007 5833
9415 5833
2 5833
8013 5834
10768 5834
10521 5834
10493 5834
8497 5834
11432 5834
8182 5834
10365 5834
8117 5834
8942 5834
2 5834
8124 5835
8951 5835
9121 5835
11468 5835
10250 5835
2 5835
11475 5836
11816 5836
11181 5836
8442 5836
11544 5836
9255 5836
11342 5836
2 5836
8012 5837
8910 5837
11661 5837
10902 5837
11246 5837
11210 5837
10026 5837
11463 5837
9052 5837
9481 5837
2 5837
8663 5838
11442 5838
10628 5838
11213 5838
9398 5838
8298 5838
9346 5838
2 5838
11670 5839
8166 5839
9734 5839
8341 5839
9176 5839
8381 5839
9206 5839
8169 5839
11893 5839
2 5839
11004 5840
10570 5840
9659 5840
9636 5840
9564 5840
9288 5840
9281 5840
2 5840
9008 5841
9946 5841
8669 5841
9261 5841
11496 5841
9884 5841
8391 5841
2 5841
9042 5842
9836 5842
8762 5842
11630 5842
9599 5842
9760 5842
10401 5842
10919 5842
9392 5842
2 5842
9887 5843
9931 5843
8396 5843
11582 5843
11704 5843
8932 5843
9560 5843
8558 5843
2 5843
8247 5844
10442 5844
9036 5844
8271 5844
10429 5844
11291 5844
8565 5844
8464 5844
9104 5844
8642 5844
11543 5844
2 5844
8468 5845
10616 5845
8800 5845
8385 5845
8990 5845
11373 5845
2 5845
9887 5846
8535 5846
10742 5846
8580 5846
11991 5846
8533 5846
10212 5846
10026 5846
10206 5846
2 5846
11360 5847
9941 5847
10816 5847
10807 5847
9899 5847
11665 5847
8250 5847
2 5847
11834 5848
8235 5848
10802 5848
9329 5848
11698 5848
9984 5848
11053 5848
2 5848
9150 5849
11193 5849
11721 5849
9574 5849
8310 5849
11646 5849
11753 5849
8928 5849
11325 5849
9894 5849
2 5849
10564 5850
9164 5850
9291 5850
8939 5850
10725 5850
9894 5850
9547 5850
9846 5850
10759 5850
9549 5850
11120 5850
2 5850
10943 5851
11840 5851
10886 5851
10438 5851
11064 5851
9360 5851
9625 5851
2 5851
11466 5852
9643 5852
11345 5852
8992 5852
10078 5852
8423 5852
10160 5852
2 5852
11375 5853
9992 5853
8832 5853
8834 5853
9105 5853
9698 5853
11323 5853
8229 5853
10587 5853
2 5853
9177 5854
11344 5854
8181 5854
9842 5854
8761 5854
8340 5854
2 5854
11271 5855
8988 5855
10345 5855
10133 5855
2 5855
10370 5856
11784 5856
11365 5856
8355 5856
2 5856
10443 5857
8536 5857
10846 5857
11081 5857
11955 5857
2 5857
9846 5858
9418 5858
10981 5858
8931 5858
11402 5858
9994 5858
2 5858
8577 5859
9940 5859
10444 5859
8087 5859
8397 5859
9236 5859
2 5859
8978 5860
8277 5860
10610 5860
11992 5860
9356 5860
9512 5860
9344 5860
2 5860
11289 5861
9939 5861
10201 5861
8269 5861
8743 5861
8739 5861
8339 5861
8184 5861
9964 5861
2 5861
9722 5862
10673 5862
11295 5862
9384 5862
10071 5862
8493 5862
11992 5862
2 5862
3959 5863
2721 5863
1691 5863
250 5863
3639 5863
655 5863
10614 5863
11780 5863
9391 5863
10001 5863
8446 5863
8034 5863
11885 5863
8345 5863
9975 5863
2 5863
11082 5864
10692 5864
8379 5864
8486 5864
11857 5864
8057 5864
11668 5864
8747 5864
11067 5864
2 5864
8179 5865
10765 5865
8593 5865
10361 5865
11964 5865
8674 5865
8230 5865
10791 5865
2 5865
8204 5866
8755 5866
9146 5866
8100 5866
10010 5866
2 5866
8295 5867
9870 5867
9273 5867
9915 5867
2 5867
9730 5868
10536 5868
8717 5868
11760 5868
11023 5868
2 5868
10595 5869
10232 5869
10915 5869
10978 5869
10497 5869
9341 5869
2 5869
10667 5870
9754 5870
8782 5870
8298 5870
10821 5870
10680 5870
10956 5870
11674 5870
2 5870
11480 5871
9300 5871
9621 5871
10264 5871
9159 5871
8126 5871
9332 5871
8938 5871
10015 5871
11083 5871
2 5871
10558 5872
10023 5872
11037 5872
8839 5872
8186 5872
2 5872
8416 5873
8207 5873
10423 5873
10640 5873
9785 5873
2 5873
9151 5874
11076 5874
11256 5874
8528 5874
10314 5874
10408 5874
10784 5874
11582 5874
10423 5874
10817 5874
2 5874
8704 5875
8578 5875
8860 5875
10505 5875
10406 5875
2 5875
11693 5876
11658 5876
11551 5876
9650 5876
9144 5876
9714 5876
8309 5876
10851 5876
8924 5876
10835 5876
9539 5876
2 5876
8176 5877
11827 5877
10869 5877
11317 5877
8201 5877
10639 5877
8992 5877
9429 5877
9160 5877
9995 5877
2 5877
10444 5878
10074 5878
9031 5878
9523 5878
2 5878
11834 5879
10397 5879
10008 5879
10671 5879
9934 5879
8665 5879
9598 5879
10544 5879
8305 5879
9936 5879
2 5879
11645 5880
11140 5880
8623 5880
10345 5880
8741 5880
2 5880
9248 5881
11371 5881
9942 5881
10405 5881
8515 5881
10320 5881
11529 5881
2 5881
10695 5882
9190 5882
8289 5882
10669 5882
9324 5882
9018 5882
9870 5882
11401 5882
11432 5882
8049 5882
2 5882
11275 5883
11237 5883
10592 5883
10907 5883
9082 5883
2 5883
10883 5884
9024 5884
11392 5884
11593 5884
9009 5884
10875 5884
10853 5884
11561 5884
8271 5884
10567 5884
2 5884
9161 5885
11905 5885
11568 5885
8948 5885
11748 5885
11381 5885
2 5885
10506 5886
8267 5886
9871 5886
9313 5886
11370 5886
11832 5886
10078 5886
11196 5886
2 5886
10665 5887
11901 5887
10158 5887
8951 5887
2 5887
9051 5888
8307 5888
8449 5888
9230 5888
10309 5888
9217 5888
2 5888
9549 5889
9729 5889
8110 5889
10833 5889
9116 5889
10351 5889
11349 5889
8283 5889
10813 5889
11669 5889
9772 5889
2 5889
10396 5890
10799 5890
10367 5890
8412 5890
9093 5890
9305 5890
11004 5890
11983 5890
10650 5890
10377 5890
2 5890
10519 5891
11921 5891
11299 5891
8579 5891
11308 5891
10441 5891
9740 5891
9886 5891
9775 5891
9263 5891
2 5891
10075 5892
9227 5892
8158 5892
11657 5892
10727 5892
8010 5892
8166 5892
10862 5892
10291 5892
10524 5892
9696 5892
2 5892
11238 5893
10295 5893
11578 5893
8529 5893
11357 5893
8767 5893
11518 5893
11792 5893
2 5893
8123 5894
10035 5894
8658 5894
8580 5894
8717 5894
9698 5894
10841 5894
8611 5894
8779 5894
2 5894
8885 5895
9426 5895
8880 5895
10454 5895
11663 5895
10678 5895
9772 5895
2 5895
10916 5896
8848 5896
9161 5896
11724 5896
10312 5896
9160 5896
10937 5896
9048 5896
11179 5896
10068 5896
10508 5896
2 5896
9860 5897
9447 5897
10827 5897
11935 5897
8400 5897
2 5897
9303 5898
10846 5898
9049 5898
11005 5898
8577 5898
10490 5898
2 5898
2130 5899
3739 5899
51 5899
1620 5899
858 5899
2514 5899
1914 5899
1274 5899
9615 5899
9118 5899
9516 5899
9391 5899
9676 5899
0 5899
2 5899
9948 5900
9176 5900
11419 5900
8701 5900
9998 5900
11059 5900
10791 5900
11987 5900
2 5900
11358 5901
8683 5901
11771 5901
11218 5901
10715 5901
11710 5901
8860 5901
9141 5901
8230 5901
9935 5901
2 5901
10869 5902
8555 5902
9440 5902
10542 5902
9957 5902
9700 5902
11571 5902
8141 5902
9783 5902
10472 5902
8543 5902
2 5902
9225 5903
11077 5903
8930 5903
10579 5903
9111 5903
2 5903
10502 5904
9443 5904
10907 5904
8923 5904
11077 5904
10368 5904
8396 5904
11708 5904
2 5904
9298 5905
11222 5905
10369 5905
8154 5905
10357 5905
11564 5905
11276 5905
9680 5905
9344 5905
9442 5905
2 5905
11666 5906
9484 5906
8015 5906
10739 5906
8433 5906
8184 5906
8948 5906
11079 5906
10803 5906
9160 5906
11763 5906
2 5906
11361 5907
9368 5907
10630 5907
11084 5907
9442 5907
9201 5907
10675 5907
10273 5907
8286 5907
10378 5907
2 5907
9197 5908
10959 5908
8058 5908
8102 5908
9457 5908
9688 5908
8751 5908
11632 5908
10019 5908
9131 5908
2 5908
9485 5909
8714 5909
8339 5909
10900 5909
11553 5909
11136 5909
11284 5909
11878 5909
2 5909
11847 5910
9823 5910
11829 5910
10269 5910
8597 5910
10542 5910
10160 5910
9658 5910
11491 5910
10316 5910
2 5910
9623 5911
10694 5911
11892 5911
9340 5911
11775 5911
2 5911
11240 5912
11442 5912
8018 5912
9531 5912
8364 5912
10530 5912
11859 5912
9209 5912
8644 5912
11019 5912
2 5912
10697 5913
9689 5913
8657 5913
10188 5913
10782 5913
11236 5913
11548 5913
2 5913
8990 5914
9802 5914
10117 5914
9146 5914
11578 5914
11605 5914
8936 5914
2 5914
11685 5915
10885 5915
10534 5915
11462 5915
10105 5915
10843 5915
8756 5915
2 5915
10207 5916
11238 5916
11268 5916
8798 5916
11844 5916
2 5916
8810 5917
10348 5917
10144 5917
11730 5917
11856 5917
9543 5917
2 5917
10516 5918
11407 5918
11064 5918
9701 5918
10494 5918
2 5918
11876 5919
9546 5919
11331 5919
8904 5919
8425 5919
9946 5919
2 5919
9750 5920
11565 5920
8729 5920
11185 5920
2 5920
8231 5921
11365 5921
10097 5921
9764 5921
8962 5921
10499 5921
8039 5921
11725 5921
2 5921
8932 5922
9077 5922
11299 5922
10615 5922
2 5922
8997 5923
11715 5923
8781 5923
10410 5923
9636 5923
11716 5923
8228 5923
2 5923
8407 5924
11760 5924
8025 5924
11599 5924
10839 5924
2 5924
10612 5925
9193 5925
10848 5925
9964 5925
9564 5925
11418 5925
2 5925
8522 5926
10759 5926
11116 5926
9895 5926
10293 5926
10416 5926
11248 5926
9827 5926
10016 5926
10593 5926
2 5926
11848 5927
8552 5927
8925 5927
11882 5927
9544 5927
10871 5927
8021 5927
11472 5927
8712 5927
10568 5927
9277 5927
2 5927
9044 5928
9148 5928
8792 5928
11680 5928
8557 5928
9038 5928
10959 5928
8435 5928
11770 5928
11744 5928
8212 5928
2 5928
11920 5929
8306 5929
9077 5929
9569 5929
9791 5929
11549 5929
11113 5929
2 5929
9825 5930
11593 5930
10235 5930
8277 5930
8583 5930
9954 5930
11044 5930
9738 5930
8866 5930
2 5930
10823 5931
10068 5931
11459 5931
10209 5931
11432 5931
9718 5931
10986 5931
10020 5931
11498 5931
9440 5931
9132 5931
2 5931
10336 5932
8644 5932
9226 5932
9459 5932
9640 5932
10726 5932
11854 5932
8713 5932
9251 5932
2 5932
10949 5933
11630 5933
11855 5933
9574 5933
11170 5933
10454 5933
11274 5933
2 5933
10392 5934
11706 5934
11002 5934
8476 5934
8236 5934
10654 5934
9271 5934
10778 5934
11255 5934
9992 5934
2 5934
8706 5935
11106 5935
10827 5935
8048 5935
10326 5935
11810 5935
9432 5935
8713 5935
10878 5935
11635 5935
2 5935
8826 5936
8738 5936
10733 5936
8626 5936
9946 5936
9974 5936
9818 5936
9383 5936
8883 5936
2 5936
8690 5937
8637 5937
10197 5937
8732 5937
11603 5937
8036 5937
8299 5937
8437 5937
8246 5937
8862 5937
2 5937
8368 5938
10509 5938
8549 5938
9331 5938
9311 5938
9213 5938
10181 5938
11215 5938
10610 5938
11746 5938
2 5938
9192 5939
8240 5939
8529 5939
9054 5939
9270 5939
11288 5939
10549 5939
11792 5939
11475 5939
8329 5939
2 5939
9727 5940
11381 5940
9029 5940
9659 5940
9410 5940
9786 5940
8964 5940
11451 5940
8369 5940
2 5940
10953 5941
9138 5941
11953 5941
11309 5941
11089 5941
2 5941
8104 5942
10076 5942
11124 5942
8909 5942
9106 5942
9753 5942
8961 5942
9072 5942
2 5942
8559 5943
11620 5943
8320 5943
11530 5943
8241 5943
2 5943
11993 5944
9929 5944
10847 5944
11818 5944
11900 5944
10652 5944
9602 5944
8738 5944
9499 5944
8863 5944
2 5944
9152 5945
8058 5945
10375 5945
10503 5945
9688 5945
8921 5945
11101 5945
10714 5945
8180 5945
2 5945
9533 5946
11583 5946
9733 5946
10558 5946
9521 5946
10261 5946
11902 5946
8227 5946
10129 5946
11119 5946
8616 5946
2 5946
9568 5947
11571 5947
8973 5947
11233 5947
9981 5947
10055 5947
9254 5947
8997 5947
8099 5947
10174 5947
11197 5947
2 5947
9036 5948
11708 5948
9697 5948
9756 5948
8252 5948
11203 5948
2 5948
11042 5949
11594 5949
8781 5949
10412 5949
10858 5949
10158 5949
11720 5949
9870 5949
8604 5949
11196 5949
2 5949
8434 5950
10582 5950
8721 5950
9934 5950
11220 5950
9180 5950
2 5950
9460 5951
11408 5951
9021 5951
8131 5951
8118 5951
11048 5951
10375 5951
2 5951
11473 5952
8801 5952
11599 5952
11631 5952
9311 5952
8893 5952
10592 5952
8079 5952
8726 5952
2 5952
11298 5953
8329 5953
8045 5953
9743 5953
11360 5953
2 5953
10393 5954
8599 5954
10711 5954
9477 5954
10836 5954
9556 5954
8494 5954
9481 5954
2 5954
873 5955
3993 5955
1478 5955
1169 5955
10687 5955
10104 5955
10966 5955
11506 5955
11942 5955
2 5955
11224 5956
9249 5956
10939 5956
9199 5956
8181 5956
2 5956
9194 5957
9357 5957
9364 5957
11021 5957
9841 5957
8365 5957
11829 5957
2 5957
8096 5958
8449 5958
9279 5958
11184 5958
2 5958
10020 5959
10534 5959
8512 5959
8668 5959
2 5959
9509 5960
11623 5960
8832 5960
8057 5960
9633 5960
8687 5960
2 5960
9966 5961
10707 5961
10869 5961
9180 5961
8629 5961
8480 5961
8734 5961
8507 5961
9332 5961
2 5961
11976 5962
11874 5962
9127 5962
9835 5962
10114 5962
9008 5962
9496 5962
8398 5962
9007 5962
9083 5962
2 5962
10539 5963
11126 5963
11241 5963
10788 5963
9202 5963
2 5963
8273 5964
9302 5964
10669 5964
10106 5964
2 5964
10780 5965
9196 5965
10495 5965
9441 5965
8964 5965
8660 5965
8999 5965
8190 5965
9870 5965
8126 5965
2 5965
9414 5966
8170 5966
8707 5966
9658 5966
8386 5966
9254 5966
8819 5966
11028 5966
8668 5966
10464 5966
2 5966
9600 5967
8562 5967
8322 5967
11859 5967
10444 5967
10088 5967
8673 5967
8341 5967
11188 5967
9928 5967
9184 5967
2 5967
2170 5968
2512 5968
3356 5968
1330 5968
9741 5968
10663 5968
8351 5968
10195 5968
10489 5968
11359 5968
2 5968
9776 5969
11900 5969
8442 5969
9366 5969
10810 5969
10881 5969
2 5969
11399 5970
10176 5970
11243 5970
9747 5970
10262 5970
11046 5970
10147 5970
2 5970
10823 5971
8193 5971
9302 5971
9871 5971
8309 5971
10380 5971
10142 5971
10493 5971
11685 5971
9064 5971
11231 5971
2 5971
10456 5972
11890 5972
9578 5972
11544 5972
9296 5972
10481 5972
2 5972
9820 5973
8095 5973
8411 5973
11390 5973
11766 5973
8739 5973
10154 5973
9682 5973
9995 5973
10159 5973
8556 5973
2 5973
9386 5974
9068 5974
10587 5974
10378 5974
11002 5974
10290 5974
2 5974
10187 5975
11655 5975
11965 5975
9902 5975
8981 5975
9030 5975
8525 5975
9201 5975
9271 5975
2 5975
9408 5976
8418 5976
8822 5976
10525 5976
9157 5976
2 5976
11376 5977
9285 5977
11731 5977
8485 5977
10901 5977
11854 5977
11012 5977
2 5977
11682 5978
11034 5978
8924 5978
11786 5978
11061 5978
11845 5978
9824 5978
2 5978
11650 5979
9641 5979
9580 5979
8038 5979
8229 5979
10692 5979
11247 5979
2 5979
10654 5980
11906 5980
8463 5980
11788 5980
2 5980
11882 5981
8667 5981
8932 5981
10853 5981
10583 5981
11271 5981
2 5981
793 5982
301 5982
3440 5982
11666 5982
11878 5982
9085 5982
11957 5982
9158 5982
11519 5982
8074 5982
9354 5982
0 5982
2 5982
3803 5983
1670 5983
1953 5983
1350 5983
3199 5983
10614 5983
9444 5983
9975 5983
8681 5983
9655 5983
9117 5983
9272 5983
10923 5983
11804 5983
10366 5983
8737 5983
2 5983
10708 5984
8500 5984
8065 5984
8077 5984
10570 5984
8181 5984
2 5984
10042 5985
9424 5985
10485 5985
10881 5985
10454 5985
8223 5985
11903 5985
2 5985
11579 5986
11404 5986
8439 5986
11025 5986
11915 5986
10361 5986
11316 5986
8577 5986
2 5986
11619 5987
11604 5987
8095 5987
11454 5987
8768 5987
10020 5987
9957 5987
8027 5987
9530 5987
2 5987
9523 5988
10889 5988
9423 5988
9162 5988
9216 5988
11960 5988
8237 5988
11611 5988
2 5988
10246 5989
8206 5989
9471 5989
9482 5989
11882 5989
8407 5989
8435 5989
2 5989
9503 5990
9886 5990
11417 5990
10784 5990
9517 5990
10703 5990
8501 5990
10460 5990
9834 5990
11264 5990
2 5990
11541 5991
10108 5991
11822 5991
11405 5991
10773 5991
10469 5991
8156 5991
9690 5991
2 5991
8392 5992
9234 5992
10190 5992
8770 5992
8130 5992
11057 5992
8648 5992
10561 5992
12002 5992
11840 5992
2 5992
9402 5993
8404 5993
8777 5993
9290 5993
11422 5993
10065 5993
10961 5993
2 5993
8506 5994
11927 5994
9443 5994
11014 5994
9152 5994
8271 5994
9148 5994
2 5994
10325 5995
8944 5995
9316 5995
11640 5995
8026 5995
10876 5995
10908 5995
2 5995
10601 5996
11097 5996
11292 5996
9913 5996
9447 5996
9838 5996
11986 5996
2 5996
9715 5997
10591 5997
8601 5997
8752 5997
11721 5997
8064 5997
8542 5997
10761 5997
8907 5997
11248 5997
2 5997
9594 5998
8289 5998
9194 5998
8410 5998
11651 5998
2 5998
10131 5999
9206 5999
11157 5999
8536 5999
8663 5999
2 5999
11781 6000
8176 6000
9108 6000
8036 6000
2 6000
11865 6001
8882 6001
8373 6001
9400 6001
11234 6001
10675 6001
11933 6001
10425 6001
2 6001
11211 6002
8677 6002
8981 6002
11082 6002
10080 6002
10702 6002
10338 6002
8594 6002
2 6002
9281 6003
10068 6003
10142 6003
10302 6003
2 6003
10345 6004
11921 6004
11723 6004
11126 6004
8356 6004
10778 6004
8778 6004
11644 6004
11084 6004
2 6004
10340 6005
10725 6005
10532 6005
9259 6005
11189 6005
11527 6005
11199 6005
8904 6005
2 6005
10317 6006
10446 6006
8895 6006
11643 6006
8185 6006
9244 6006
8620 6006
11862 6006
2 6006
9061 6007
8785 6007
11961 6007
8220 6007
11954 6007
2 6007
8472 6008
8894 6008
10027 6008
8963 6008
11206 6008
11243 6008
9651 6008
8084 6008
9126 6008
9196 6008
10316 6008
2 6008
8342 6009
8183 6009
10060 6009
8130 6009
10252 6009
9420 6009
9974 6009
11738 6009
2 6009
8569 6010
9458 6010
10554 6010
11166 6010
10431 6010
9819 6010
10132 6010
10512 6010
9236 6010
10976 6010
2 6010
9394 6011
8357 6011
11118 6011
10905 6011
10376 6011
8454 6011
11598 6011
11491 6011
2 6011
8623 6012
9891 6012
10994 6012
11314 6012
2 6012
8768 6013
10183 6013
11477 6013
10414 6013
11541 6013
11498 6013
8721 6013
10756 6013
9085 6013
9093 6013
2 6013
11103 6014
9980 6014
11532 6014
11251 6014
10902 6014
10251 6014
11801 6014
9931 6014
2 6014
9362 6015
11800 6015
9116 6015
11733 6015
11578 6015
8496 6015
9489 6015
2 6015
10849 6016
11173 6016
11742 6016
8818 6016
9662 6016
10004 6016
10026 6016
11222 6016
8729 6016
11750 6016
2 6016
11540 6017
9384 6017
8444 6017
9958 6017
8590 6017
2 6017
10914 6018
10013 6018
10924 6018
11754 6018
11343 6018
10928 6018
11459 6018
11845 6018
2 6018
664 6019
2691 6019
3991 6019
3686 6019
2657 6019
11565 6019
10770 6019
10624 6019
10796 6019
9554 6019
9608 6019
8021 6019
0 6019
2 6019
11841 6020
10151 6020
9048 6020
8127 6020
8336 6020
9461 6020
11411 6020
9650 6020
8472 6020
2 6020
11640 6021
10834 6021
8083 6021
11410 6021
9257 6021
10892 6021
11136 6021
9984 6021
9575 6021
8527 6021
2 6021
10110 6022
11203 6022
11927 6022
8245 6022
9376 6022
8864 6022
8135 6022
8766 6022
9283 6022
10918 6022
9104 6022
2 6022
11623 6023
9041 6023
11941 6023
9466 6023
10954 6023
10133 6023
11323 6023
10327 6023
8131 6023
2 6023
11086 6024
9210 6024
11595 6024
10128 6024
10844 6024
11472 6024
2 6024
8306 6025
11661 6025
11275 6025
10793 6025
9905 6025
11347 6025
9931 6025
8428 6025
9168 6025
10548 6025
10994 6025
2 6025
9369 6026
10925 6026
8630 6026
8459 6026
11477 6026
11464 6026
10973 6026
10472 6026
2 6026
9640 6027
10726 6027
8663 6027
10974 6027
10715 6027
8341 6027
9779 6027
9767 6027
2 6027
8461 6028
10978 6028
9496 6028
9879 6028
10287 6028
9103 6028
9941 6028
8895 6028
11268 6028
2 6028
9568 6029
10247 6029
8879 6029
9112 6029
10916 6029
11551 6029
9006 6029
8867 6029
8369 6029
11728 6029
10928 6029
2 6029
9778 6030
8223 6030
11830 6030
10547 6030
11792 6030
2 6030
1370 6031
3337 6031
11175 6031
8307 6031
8367 6031
9023 6031
10310 6031
8704 6031
11975 6031
11183 6031
9726 6031
10326 6031
0 6031
2 6031
11286 6032
9222 6032
8621 6032
9217 6032
10459 6032
8906 6032
8813 6032
11081 6032
9959 6032
2 6032
11971 6033
10947 6033
8568 6033
10301 6033
11027 6033
11635 6033
8569 6033
11932 6033
9519 6033
2 6033
8923 6034
9633 6034
9470 6034
11581 6034
9750 6034
8635 6034
9385 6034
2 6034
11901 6035
9302 6035
8603 6035
8637 6035
10202 6035
2 6035
10224 6036
11631 6036
10181 6036
10501 6036
11996 6036
10776 6036
9738 6036
9497 6036
8432 6036
2 6036
11979 6037
8225 6037
9906 6037
10322 6037
11298 6037
11994 6037
10190 6037
9808 6037
8484 6037
11384 6037
2 6037
11501 6038
10232 6038
11089 6038
10653 6038
2 6038
11135 6039
8338 6039
8982 6039
8695 6039
8820 6039
9762 6039
9055 6039
8319 6039
11292 6039
11687 6039
11945 6039
2 6039
9869 6040
9938 6040
11041 6040
8711 6040
2 6040
10324 6041
11011 6041
11762 6041
8765 6041
8612 6041
8379 6041
2 6041
8742 6042
10187 6042
9061 6042
10026 6042
10624 6042
8825 6042
10520 6042
11920 6042
9501 6042
2 6042
10354 6043
8371 6043
11083 6043
8966 6043
11343 6043
8148 6043
9357 6043
9098 6043
2 6043
1111 6044
1395 6044
10771 6044
10086 6044
11496 6044
11733 6044
11193 6044
9533 6044
10452 6044
0 6044
2 6044
10604 6045
9989 6045
10008 6045
9257 6045
8998 6045
8260 6045
11453 6045
2 6045
9120 6046
8155 6046
9564 6046
9534 6046
2 6046
10422 6047
11528 6047
8399 6047
8095 6047
2 6047
8900 6048
9082 6048
8828 6048
11529 6048
9044 6048
9298 6048
10796 6048
10712 6048
2 6048
2141 6049
1597 6049
3492 6049
8610 6049
9304 6049
9363 6049
11078 6049
0 6049
11469 6049
10149 6049
9768 6049
12000 6049
10453 6049
11780 6049
2 6049
10116 6050
9313 6050
10319 6050
8693 6050
8488 6050
8543 6050
9538 6050
8181 6050
2 6050
8874 6051
9340 6051
11271 6051
11865 6051
8486 6051
11161 6051
2 6051
8187 6052
8306 6052
10783 6052
10552 6052
9212 6052
8975 6052
2 6052
9586 6053
11425 6053
11238 6053
10816 6053
10237 6053
2 6053
10466 6054
8205 6054
9197 6054
11024 6054
8509 6054
10421 6054
10212 6054
10465 6054
2 6054
10879 6055
9759 6055
10126 6055
9143 6055
2 6055
11988 6056
11953 6056
10059 6056
9366 6056
9426 6056
9312 6056
10775 6056
11900 6056
8912 6056
8440 6056
11349 6056
2 6056
9127 6057
8383 6057
10053 6057
8538 6057
11033 6057
10867 6057
11556 6057
10435 6057
9778 6057
11962 6057
8598 6057
2 6057
8297 6058
11129 6058
10380 6058
9748 6058
8645 6058
10231 6058
10580 6058
2 6058
11501 6059
8638 6059
10401 6059
8519 6059
8469 6059
8262 6059
8294 6059
9689 6059
8897 6059
2 6059
8838 6060
10960 6060
9074 6060
10525 6060
10410 6060
9966 6060
2 6060
11474 6061
11869 6061
8752 6061
10114 6061
9906 6061
10428 6061
10820 6061
11198 6061
9489 6061
8469 6061
11433 6061
2 6061
9579 6062
9222 6062
10979 6062
11522 6062
9262 6062
8256 6062
11333 6062
11997 6062
10911 6062
2 6062
2901 6063
1779 6063
1686 6063
3959 6063
10571 6063
9975 6063
8274 6063
10614 6063
8409 6063
8740 6063
9214 6063
9411 6063
8458 6063
2 6063
9819 6064
10374 6064
9767 6064
10806 6064
8256 6064
11369 6064
9230 6064
2 6064
11852 6065
10770 6065
10011 6065
9382 6065
10796 6065
8551 6065
11023 6065
10398 6065
2 6065
10342 6066
10712 6066
10417 6066
11505 6066
10819 6066
2 6066
11454 6067
9831 6067
10728 6067
10586 6067
11477 6067
10332 6067
11908 6067
8164 6067
2 6067
11529 6068
11412 6068
10212 6068
10789 6068
9982 6068
9958 6068
11111 6068
11801 6068
2 6068
9867 6069
9479 6069
11830 6069
11199 6069
8029 6069
10847 6069
9818 6069
10944 6069
10086 6069
2 6069
9899 6070
10435 6070
8017 6070
9270 6070
10603 6070
10845 6070
10710 6070
2 6070
10360 6071
10315 6071
10019 6071
8725 6071
11277 6071
8753 6071
8219 6071
10044 6071
8587 6071
9688 6071
2 6071
8952 6072
10237 6072
8226 6072
8622 6072
8609 6072
9547 6072
2 6072
11888 6073
11089 6073
9145 6073
9713 6073
11499 6073
10339 6073
8959 6073
9885 6073
8468 6073
9772 6073
9618 6073
2 6073
2454 6074
1260 6074
3098 6074
552 6074
2203 6074
3630 6074
9611 6074
10407 6074
9433 6074
8109 6074
10049 6074
10148 6074
11664 6074
8547 6074
9917 6074
2 6074
11776 6075
10006 6075
10473 6075
9057 6075
11930 6075
10490 6075
11611 6075
11038 6075
2 6075
10175 6076
11409 6076
10122 6076
11593 6076
9787 6076
11203 6076
2 6076
8349 6077
11833 6077
11250 6077
11976 6077
8227 6077
10653 6077
9739 6077
10564 6077
9234 6077
9380 6077
2 6077
9123 6078
8145 6078
8215 6078
11894 6078
10262 6078
8637 6078
8114 6078
11647 6078
9322 6078
10746 6078
9692 6078
2 6078
11510 6079
8583 6079
10150 6079
10218 6079
8818 6079
2 6079
10706 6080
10122 6080
9068 6080
11794 6080
8236 6080
9801 6080
8590 6080
2 6080
8555 6081
11146 6081
11060 6081
9786 6081
11494 6081
11118 6081
10648 6081
11716 6081
2 6081
9216 6082
10827 6082
11458 6082
11930 6082
11059 6082
2 6082
9578 6083
8917 6083
11820 6083
11340 6083
9551 6083
10452 6083
2 6083
8015 6084
9981 6084
8531 6084
10937 6084
9171 6084
8520 6084
2 6084
11952 6085
8244 6085
10116 6085
10262 6085
9719 6085
11370 6085
11243 6085
9939 6085
9953 6085
2 6085
422 6086
2274 6086
3961 6086
1306 6086
69 6086
3255 6086
782 6086
8234 6086
9289 6086
11201 6086
8636 6086
10489 6086
8366 6086
2 6086
8242 6087
8301 6087
11829 6087
11091 6087
8754 6087
10176 6087
9048 6087
10960 6087
11400 6087
2 6087
10435 6088
10729 6088
8430 6088
9360 6088
8763 6088
10915 6088
9084 6088
9261 6088
10769 6088
10127 6088
2 6088
8923 6089
11103 6089
11234 6089
9518 6089
11416 6089
10637 6089
2 6089
11086 6090
8128 6090
11941 6090
8510 6090
8614 6090
11709 6090
9370 6090
10560 6090
2 6090
11726 6091
8660 6091
10037 6091
10604 6091
11943 6091
8056 6091
2 6091
11106 6092
11427 6092
11798 6092
11634 6092
2 6092
8709 6093
10869 6093
8104 6093
11864 6093
8145 6093
10108 6093
11243 6093
2 6093
8091 6094
11616 6094
11903 6094
11800 6094
9007 6094
11646 6094
9733 6094
11741 6094
10287 6094
11820 6094
2 6094
11391 6095
11006 6095
11521 6095
11418 6095
11658 6095
9096 6095
8077 6095
11294 6095
11612 6095
2 6095
8722 6096
8459 6096
10227 6096
9185 6096
11328 6096
8201 6096
2 6096
11304 6097
11347 6097
9041 6097
9349 6097
9092 6097
9333 6097
10210 6097
11251 6097
8090 6097
2 6097
11920 6098
11416 6098
10853 6098
11729 6098
9503 6098
10111 6098
9633 6098
10938 6098
10817 6098
10991 6098
8932 6098
2 6098
11121 6099
8677 6099
9021 6099
8783 6099
9684 6099
10732 6099
2 6099
8510 6100
9918 6100
8778 6100
11041 6100
10218 6100
11202 6100
8546 6100
11599 6100
8587 6100
2 6100
10987 6101
10760 6101
11825 6101
8295 6101
9493 6101
2 6101
9798 6102
11921 6102
11534 6102
11256 6102
11385 6102
2 6102
10982 6103
8049 6103
11231 6103
10107 6103
8164 6103
11523 6103
9268 6103
8454 6103
9822 6103
10262 6103
10618 6103
2 6103
11663 6104
10733 6104
11009 6104
11625 6104
2 6104
9973 6105
10739 6105
10618 6105
8539 6105
9650 6105
10020 6105
8068 6105
11666 6105
2 6105
3155 6106
318 6106
1893 6106
9917 6106
11808 6106
9699 6106
8740 6106
2 6106
10899 6107
10236 6107
10103 6107
11227 6107
8365 6107
2 6107
10239 6108
9417 6108
10449 6108
10374 6108
2 6108
8990 6109
10436 6109
8093 6109
9972 6109
9673 6109
2 6109
8951 6110
9961 6110
10013 6110
11176 6110
11603 6110
2 6110
10378 6111
11412 6111
11169 6111
8548 6111
10568 6111
9019 6111
9761 6111
8933 6111
2 6111
8927 6112
9227 6112
11734 6112
9005 6112
11986 6112
2 6112
9720 6113
8630 6113
11108 6113
8722 6113
12003 6113
10756 6113
8513 6113
8721 6113
2 6113
8485 6114
9251 6114
8621 6114
10651 6114
9767 6114
9156 6114
11562 6114
2 6114
9299 6115
10630 6115
9590 6115
8303 6115
11809 6115
10552 6115
10466 6115
9592 6115
2 6115
11265 6116
10743 6116
10703 6116
10327 6116
8325 6116
10115 6116
9293 6116
9094 6116
9070 6116
11623 6116
2 6116
9585 6117
12004 6117
8131 6117
9833 6117
9524 6117
2 6117
8775 6118
10399 6118
11358 6118
11097 6118
9815 6118
2 6118
11486 6119
10040 6119
11184 6119
10930 6119
9847 6119
11043 6119
11358 6119
8439 6119
10795 6119
2 6119
9041 6120
11093 6120
9202 6120
11809 6120
11426 6120
2 6120
9673 6121
9837 6121
10287 6121
10867 6121
10759 6121
10547 6121
10328 6121
10219 6121
11697 6121
11616 6121
9880 6121
2 6121
11915 6122
9767 6122
10512 6122
8982 6122
11486 6122
11522 6122
11926 6122
8402 6122
2 6122
10353 6123
8924 6123
9889 6123
8876 6123
10412 6123
11825 6123
10020 6123
8963 6123
9577 6123
2 6123
10967 6124
10884 6124
8598 6124
10101 6124
11178 6124
2 6124
10936 6125
9246 6125
11476 6125
11451 6125
11515 6125
2 6125
10740 6126
8333 6126
11621 6126
8772 6126
8842 6126
9021 6126
2 6126
8746 6127
8337 6127
8837 6127
9730 6127
2 6127
8648 6128
11999 6128
8749 6128
10114 6128
8622 6128
11032 6128
8223 6128
9660 6128
11820 6128
11736 6128
10016 6128
2 6128
11096 6129
9253 6129
10875 6129
10460 6129
11122 6129
11655 6129
9556 6129
10592 6129
2 6129
9430 6130
8308 6130
11398 6130
11532 6130
11226 6130
10026 6130
2 6130
11330 6131
9990 6131
10329 6131
10944 6131
2 6131
9829 6132
8603 6132
8339 6132
11938 6132
10811 6132
8849 6132
9907 6132
11099 6132
11460 6132
11608 6132
2 6132
9843 6133
9820 6133
8556 6133
11958 6133
10602 6133
10872 6133
2 6133
11089 6134
8204 6134
9084 6134
8321 6134
8171 6134
10898 6134
11037 6134
11360 6134
9624 6134
2 6134
2943 6135
9768 6135
8889 6135
9095 6135
9693 6135
8636 6135
10471 6135
10809 6135
2 6135
8376 6136
9310 6136
11938 6136
11130 6136
10999 6136
11638 6136
9075 6136
2 6136
8645 6137
11851 6137
8600 6137
10892 6137
2 6137
8755 6138
11384 6138
11321 6138
8268 6138
9014 6138
2 6138
9944 6139
9515 6139
8270 6139
10436 6139
9602 6139
2 6139
8973 6140
11177 6140
11464 6140
10165 6140
8272 6140
11083 6140
11163 6140
8709 6140
2 6140
3743 6141
2439 6141
2249 6141
3150 6141
1071 6141
3202 6141
9416 6141
8646 6141
11104 6141
9059 6141
11504 6141
8636 6141
9034 6141
2 6141
8562 6142
10155 6142
10895 6142
11870 6142
8906 6142
11980 6142
10927 6142
11620 6142
10194 6142
9422 6142
11859 6142
2 6142
11174 6143
10827 6143
9903 6143
8161 6143
8241 6143
2 6143
9087 6144
9085 6144
11666 6144
11400 6144
9171 6144
9166 6144
8942 6144
10130 6144
8217 6144
11827 6144
2 6144
11517 6145
8754 6145
11432 6145
8065 6145
2 6145
9602 6146
8564 6146
8255 6146
10287 6146
10733 6146
2 6146
10491 6147
11982 6147
11652 6147
11999 6147
11037 6147
8143 6147
10775 6147
2 6147
10078 6148
9339 6148
11179 6148
11287 6148
11305 6148
10803 6148
9753 6148
9246 6148
10521 6148
10951 6148
2 6148
11842 6149
9266 6149
10983 6149
8577 6149
11458 6149
11657 6149
11486 6149
8166 6149
8320 6149
9640 6149
8020 6149
2 6149
9869 6150
11848 6150
10476 6150
11297 6150
11114 6150
11984 6150
11237 6150
9331 6150
2 6150
11069 6151
11219 6151
11256 6151
9188 6151
10882 6151
10028 6151
9010 6151
2 6151
10386 6152
9936 6152
8708 6152
9175 6152
10262 6152
10493 6152
11952 6152
9508 6152
2 6152
1560 6153
404 6153
1912 6153
2857 6153
1585 6153
2843 6153
10850 6153
10955 6153
8737 6153
9306 6153
10260 6153
11889 6153
8458 6153
11535 6153
2 6153
11656 6154
10962 6154
9774 6154
11491 6154
2 6154
11541 6155
9839 6155
8754 6155
9325 6155
11460 6155
10038 6155
11748 6155
8743 6155
11272 6155
10279 6155
10202 6155
2 6155
10435 6156
11495 6156
8393 6156
8733 6156
10045 6156
8620 6156
10513 6156
8936 6156
8850 6156
2 6156
11161 6157
10657 6157
8623 6157
8923 6157
8251 6157
2 6157
3643 6158
1191 6158
2236 6158
3236 6158
2933 6158
11948 6158
11078 6158
10281 6158
11112 6158
10688 6158
2 6158
10847 6159
11816 6159
10949 6159
8983 6159
2 6159
8482 6160
8894 6160
8192 6160
8896 6160
11722 6160
10869 6160
9651 6160
9004 6160
11239 6160
2 6160
9946 6161
10510 6161
8763 6161
9479 6161
2 6161
10836 6162
11661 6162
8587 6162
8911 6162
10501 6162
8525 6162
9623 6162
2 6162
11312 6163
8207 6163
11602 6163
10654 6163
9077 6163
10121 6163
9088 6163
11991 6163
11941 6163
8509 6163
2 6163
10792 6164
9864 6164
10629 6164
11167 6164
8082 6164
9568 6164
8357 6164
9080 6164
2 6164
9546 6165
10295 6165
11238 6165
9244 6165
11267 6165
2 6165
946 6166
2655 6166
3247 6166
3916 6166
2653 6166
2793 6166
2116 6166
3480 6166
11306 6166
10923 6166
8812 6166
8636 6166
10388 6166
0 6166
2 6166
10760 6167
10681 6167
9087 6167
9097 6167
2 6167
10497 6168
9264 6168
10487 6168
10761 6168
2 6168
11803 6169
10282 6169
9700 6169
8769 6169
10869 6169
9193 6169
8309 6169
2 6169
11282 6170
11385 6170
8085 6170
8783 6170
11208 6170
10772 6170
8137 6170
2 6170
11318 6171
9820 6171
8604 6171
11072 6171
9504 6171
2 6171
11141 6172
11482 6172
8755 6172
9683 6172
11902 6172
10016 6172
8210 6172
10523 6172
2 6172
11626 6173
11304 6173
10405 6173
10844 6173
8293 6173
10496 6173
10080 6173
10109 6173
10749 6173
2 6173
11389 6174
11724 6174
11822 6174
8142 6174
8810 6174
2 6174
9815 6175
11842 6175
10313 6175
8706 6175
10431 6175
10968 6175
11063 6175
2 6175
8502 6176
9305 6176
8875 6176
9339 6176
9491 6176
10748 6176
11381 6176
8164 6176
10802 6176
9571 6176
2 6176
9750 6177
11395 6177
8960 6177
11758 6177
8532 6177
8557 6177
2 6177
10682 6178
9190 6178
8664 6178
8639 6178
11691 6178
8127 6178
11464 6178
2 6178
9483 6179
9842 6179
8709 6179
9327 6179
11768 6179
11280 6179
2 6179
10268 6180
8835 6180
9483 6180
10648 6180
10202 6180
11720 6180
11470 6180
11388 6180
8867 6180
8013 6180
2 6180
11427 6181
10132 6181
11166 6181
9552 6181
9998 6181
10161 6181
11175 6181
2 6181
10167 6182
11863 6182
11026 6182
11279 6182
10615 6182
2 6182
8202 6183
10794 6183
9875 6183
9288 6183
11287 6183
2 6183
9873 6184
10080 6184
8993 6184
10714 6184
11241 6184
11865 6184
8845 6184
8953 6184
2 6184
8778 6185
10624 6185
8041 6185
9204 6185
9475 6185
2 6185
39 6186
3787 6186
3731 6186
3696 6186
3089 6186
10950 6186
8736 6186
10286 6186
8163 6186
11506 6186
10958 6186
10292 6186
11013 6186
10941 6186
2 6186
10652 6187
9990 6187
11193 6187
10865 6187
8738 6187
11456 6187
2 6187
10832 6188
11953 6188
9968 6188
9000 6188
10558 6188
8632 6188
9146 6188
11139 6188
10307 6188
11238 6188
8302 6188
2 6188
10081 6189
11172 6189
11675 6189
10325 6189
9567 6189
9831 6189
8193 6189
11666 6189
11315 6189
10815 6189
8369 6189
2 6189
10936 6190
11598 6190
9822 6190
8849 6190
8297 6190
2 6190
9061 6191
10294 6191
11397 6191
9509 6191
2 6191
11279 6192
10223 6192
10320 6192
9661 6192
8172 6192
2 6192
8127 6193
10083 6193
8297 6193
11158 6193
10908 6193
8524 6193
8543 6193
8032 6193
8434 6193
11617 6193
9256 6193
2 6193
11861 6194
8504 6194
10936 6194
11489 6194
10380 6194
9915 6194
2 6194
10668 6195
11347 6195
10028 6195
11105 6195
11450 6195
10360 6195
9698 6195
8450 6195
9901 6195
2 6195
3071 6196
1182 6196
3563 6196
3164 6196
1195 6196
2239 6196
11000 6196
11673 6196
8991 6196
10950 6196
11535 6196
9955 6196
9345 6196
11808 6196
9059 6196
11782 6196
8034 6196
2 6196
11027 6197
10221 6197
9226 6197
8485 6197
2 6197
8916 6198
9037 6198
8067 6198
9485 6198
8354 6198
10229 6198
8499 6198
11554 6198
9439 6198
11414 6198
10046 6198
2 6198
10066 6199
11642 6199
8776 6199
11324 6199
9100 6199
11048 6199
11082 6199
9481 6199
10299 6199
8375 6199
9344 6199
2 6199
10939 6200
9074 6200
9390 6200
10818 6200
9483 6200
11498 6200
9520 6200
10760 6200
2 6200
399 6201
3072 6201
1835 6201
9413 6201
9854 6201
11737 6201
11808 6201
8563 6201
10124 6201
8034 6201
11914 6201
2 6201
3995 6202
1685 6202
996 6202
656 6202
1821 6202
3125 6202
681 6202
9927 6202
11035 6202
11737 6202
9421 6202
8198 6202
11455 6202
0 6202
11013 6202
9745 6202
9473 6202
9214 6202
2 6202
9951 6203
11945 6203
9058 6203
10072 6203
9184 6203
8230 6203
9001 6203
9566 6203
9640 6203
11486 6203
2 6203
8423 6204
11400 6204
9862 6204
8202 6204
8631 6204
11414 6204
8376 6204
8433 6204
11867 6204
8768 6204
9748 6204
2 6204
10076 6205
9177 6205
8851 6205
8181 6205
9813 6205
2 6205
9784 6206
10948 6206
8698 6206
11471 6206
11631 6206
8197 6206
8105 6206
2 6206
11204 6207
8421 6207
9476 6207
10989 6207
8765 6207
10468 6207
8471 6207
8363 6207
2 6207
9354 6208
10763 6208
10917 6208
11649 6208
2 6208
8951 6209
10390 6209
10629 6209
9029 6209
11129 6209
11016 6209
11459 6209
11410 6209
2 6209
1380 6210
1046 6210
1525 6210
1230 6210
3371 6210
9059 6210
9655 6210
10234 6210
11285 6210
9063 6210
9676 6210
9405 6210
2 6210
11181 6211
11548 6211
11223 6211
10816 6211
11325 6211
11625 6211
10881 6211
8959 6211
2 6211
10258 6212
8314 6212
10364 6212
8105 6212
11574 6212
9212 6212
9318 6212
11742 6212
10883 6212
8076 6212
11849 6212
2 6212
8988 6213
8834 6213
11082 6213
8180 6213
9518 6213
10327 6213
10836 6213
8122 6213
8424 6213
8337 6213
2 6213
8040 6214
8858 6214
8723 6214
11454 6214
11196 6214
8348 6214
8141 6214
9744 6214
2 6214
8057 6215
11195 6215
10387 6215
11708 6215
10529 6215
9480 6215
8978 6215
10272 6215
2 6215
11083 6216
10690 6216
8260 6216
9858 6216
8732 6216
11612 6216
9757 6216
9485 6216
11891 6216
2 6216
8977 6217
8618 6217
10861 6217
8872 6217
11163 6217
8035 6217
2 6217
11049 6218
11340 6218
10787 6218
9179 6218
9707 6218
10689 6218
9946 6218
11260 6218
11751 6218
2 6218
11756 6219
10779 6219
10126 6219
11868 6219
10115 6219
10535 6219
10849 6219
9887 6219
2 6219
8851 6220
10410 6220
9923 6220
10020 6220
9682 6220
9256 6220
11617 6220
8127 6220
10222 6220
2 6220
11851 6221
9440 6221
8823 6221
9747 6221
10931 6221
11701 6221
8961 6221
8346 6221
11698 6221
2 6221
8285 6222
8883 6222
8469 6222
11015 6222
11436 6222
11697 6222
2 6222
10043 6223
9757 6223
10027 6223
11755 6223
9436 6223
11254 6223
9922 6223
10934 6223
10262 6223
9535 6223
2 6223
11186 6224
9552 6224
11854 6224
8296 6224
10715 6224
9563 6224
11235 6224
11539 6224
9545 6224
2 6224
9649 6225
8833 6225
8131 6225
8058 6225
10796 6225
10121 6225
11024 6225
8137 6225
8075 6225
9239 6225
10672 6225
2 6225
10259 6226
9314 6226
8742 6226
11375 6226
8759 6226
8471 6226
9529 6226
2 6226
11615 6227
11602 6227
8548 6227
10566 6227
9641 6227
11898 6227
2 6227
11696 6228
8046 6228
11294 6228
10803 6228
11133 6228
10094 6228
10475 6228
2 6228
8634 6229
11296 6229
10255 6229
9360 6229
9737 6229
10097 6229
11342 6229
9150 6229
11049 6229
2 6229
8611 6230
11347 6230
10198 6230
11093 6230
8932 6230
8893 6230
2 6230
8091 6231
9731 6231
10101 6231
9014 6231
10561 6231
9737 6231
8541 6231
11616 6231
2 6231
9633 6232
9457 6232
11398 6232
10109 6232
11581 6232
11762 6232
8407 6232
11540 6232
10606 6232
10743 6232
2 6232
8165 6233
10444 6233
9498 6233
11188 6233
8608 6233
8655 6233
11019 6233
11893 6233
2 6233
10395 6234
8472 6234
9839 6234
9555 6234
8875 6234
11789 6234
9158 6234
2 6234
10826 6235
8121 6235
8307 6235
8319 6235
9140 6235
2 6235
9895 6236
8821 6236
11288 6236
8959 6236
10428 6236
9116 6236
2 6236
9990 6237
8335 6237
9974 6237
9743 6237
9581 6237
8542 6237
11533 6237
2 6237
8322 6238
10526 6238
11027 6238
10777 6238
10512 6238
9023 6238
10473 6238
10169 6238
11376 6238
10291 6238
2 6238
9081 6239
9148 6239
8511 6239
8356 6239
2 6239
8103 6240
11208 6240
8678 6240
11055 6240
11387 6240
8333 6240
2 6240
8474 6241
11975 6241
10515 6241
11932 6241
9355 6241
11589 6241
2 6241
11009 6242
10016 6242
11465 6242
8990 6242
11950 6242
9153 6242
8037 6242
8213 6242
2 6242
35 6243
3763 6243
1832 6243
8284 6243
10001 6243
10809 6243
10966 6243
9991 6243
9421 6243
9027 6243
8446 6243
0 6243
2 6243
9121 6244
11575 6244
8434 6244
9567 6244
9002 6244
11881 6244
8266 6244
11302 6244
2 6244
11136 6245
11060 6245
11464 6245
10367 6245
9961 6245
11381 6245
10164 6245
11554 6245
2 6245
1790 6246
3648 6246
8446 6246
9768 6246
9034 6246
11791 6246
8724 6246
2 6246
2227 6247
84 6247
10697 6247
9103 6247
9489 6247
11753 6247
8037 6247
8393 6247
11273 6247
8125 6247
8385 6247
8291 6247
0 6247
2 6247
11349 6248
8763 6248
9764 6248
8571 6248
10919 6248
9602 6248
8850 6248
11800 6248
11902 6248
9835 6248
2 6248
8448 6249
8896 6249
8026 6249
9339 6249
11217 6249
2 6249
10868 6250
10287 6250
8213 6250
9393 6250
8540 6250
9850 6250
10725 6250
9724 6250
2 6250
8330 6251
9847 6251
8256 6251
11687 6251
9657 6251
9716 6251
11027 6251
9881 6251
11893 6251
11059 6251
8675 6251
2 6251
10136 6252
9608 6252
8105 6252
10907 6252
10673 6252
2 6252
8701 6253
11337 6253
10074 6253
10795 6253
8859 6253
9415 6253
11378 6253
11997 6253
9502 6253
10754 6253
2 6253
9610 6254
9013 6254
10373 6254
8606 6254
2 6254
11106 6255
10311 6255
9450 6255
8813 6255
8165 6255
8010 6255
11292 6255
10511 6255
10976 6255
2 6255
8883 6256
9835 6256
11959 6256
9578 6256
11757 6256
11508 6256
9130 6256
9532 6256
8770 6256
9137 6256
2 6256
11510 6257
9068 6257
10738 6257
8211 6257
2 6257
10369 6258
9147 6258
10315 6258
11863 6258
9938 6258
2 6258
9213 6259
10853 6259
9620 6259
10634 6259
8486 6259
11799 6259
2 6259
11485 6260
11985 6260
9895 6260
9724 6260
9776 6260
2 6260
10554 6261
10301 6261
9523 6261
11678 6261
10626 6261
11066 6261
9346 6261
8166 6261
11771 6261
2 6261
10716 6262
11796 6262
10162 6262
11073 6262
10233 6262
8074 6262
2 6262
9322 6263
9957 6263
10144 6263
8097 6263
8164 6263
11010 6263
10799 6263
11468 6263
11856 6263
10176 6263
11656 6263
2 6263
9082 6264
11974 6264
8466 6264
8463 6264
8667 6264
9788 6264
2 6264
10690 6265
9050 6265
8309 6265
10076 6265
8958 6265
2 6265
11988 6266
10307 6266
9395 6266
9084 6266
8469 6266
2 6266
8139 6267
11240 6267
8455 6267
10745 6267
10088 6267
8824 6267
8683 6267
2 6267
10005 6268
9997 6268
9057 6268
8860 6268
9184 6268
2 6268
11073 6269
9254 6269
10565 6269
10316 6269
9864 6269
11040 6269
9926 6269
11328 6269
8182 6269
11569 6269
11224 6269
2 6269
8265 6270
11076 6270
11448 6270
10596 6270
8525 6270
10357 6270
10783 6270
2 6270
10435 6271
9420 6271
8460 6271
8800 6271
11533 6271
9425 6271
10300 6271
9978 6271
2 6271
11361 6272
9017 6272
11314 6272
9336 6272
9077 6272
11276 6272
11593 6272
10425 6272
2 6272
9175 6273
11807 6273
9110 6273
8966 6273
10046 6273
10939 6273
8295 6273
8768 6273
8597 6273
10848 6273
9757 6273
2 6273
9781 6274
8035 6274
9364 6274
9249 6274
10385 6274
11712 6274
10669 6274
9720 6274
11795 6274
2 6274
1008 6275
3267 6275
3205 6275
558 6275
11329 6275
8563 6275
9272 6275
8458 6275
11307 6275
2 6275
11128 6276
8881 6276
11391 6276
10730 6276
2 6276
11902 6277
10263 6277
9663 6277
11431 6277
2 6277
11067 6278
8085 6278
10254 6278
8510 6278
11398 6278
2 6278
10276 6279
9327 6279
11878 6279
10156 6279
9205 6279
11724 6279
11489 6279
11585 6279
10037 6279
11343 6279
8606 6279
2 6279
10215 6280
9660 6280
10718 6280
11259 6280
2 6280
10066 6281
10030 6281
10841 6281
9826 6281
8937 6281
11437 6281
11778 6281
10062 6281
2 6281
9650 6282
9390 6282
10987 6282
9199 6282
11016 6282
2 6282
9714 6283
9809 6283
9956 6283
9229 6283
8334 6283
11875 6283
11179 6283
9632 6283
10764 6283
2 6283
11010 6284
9221 6284
8067 6284
8040 6284
11030 6284
10373 6284
9682 6284
9229 6284
11146 6284
2 6284
3568 6285
2823 6285
300 6285
9304 6285
8807 6285
10281 6285
9043 6285
0 6285
11484 6285
10077 6285
2 6285
10989 6286
11947 6286
11863 6286
11951 6286
10330 6286
9041 6286
9472 6286
10743 6286
9371 6286
2 6286
11727 6287
9148 6287
11279 6287
8416 6287
9723 6287
8511 6287
8818 6287
10126 6287
8275 6287
2 6287
9164 6288
8479 6288
10856 6288
10190 6288
9401 6288
11994 6288
9525 6288
8582 6288
2 6288
11534 6289
10991 6289
8407 6289
11251 6289
8784 6289
9290 6289
11547 6289
2 6289
10644 6290
9981 6290
8243 6290
10105 6290
10173 6290
2 6290
558 6291
3765 6291
2877 6291
3999 6291
3337 6291
1772 6291
945 6291
1770 6291
2524 6291
475 6291
135 6291
11531 6291
9353 6291
8351 6291
10809 6291
2 6291
9569 6292
11241 6292
8825 6292
11222 6292
11540 6292
8103 6292
10031 6292
2 6292
8964 6293
8059 6293
9842 6293
8884 6293
8838 6293
9025 6293
11364 6293
8665 6293
9354 6293
8819 6293
10864 6293
2 6293
8685 6294
10418 6294
10119 6294
11855 6294
11379 6294
9731 6294
2 6294
9559 6295
11392 6295
10658 6295
10218 6295
8162 6295
2 6295
3043 6296
1821 6296
1020 6296
3080 6296
8441 6296
10809 6296
9473 6296
9117 6296
8684 6296
10124 6296
11078 6296
8409 6296
10281 6296
2 6296
11366 6297
10575 6297
11259 6297
9137 6297
8498 6297
8358 6297
8898 6297
8250 6297
8538 6297
8880 6297
10220 6297
2 6297
11677 6298
8596 6298
9747 6298
11691 6298
8399 6298
9169 6298
11338 6298
11459 6298
11187 6298
8600 6298
10319 6298
2 6298
10465 6299
8855 6299
8463 6299
11412 6299
10902 6299
8478 6299
8649 6299
2 6299
11377 6300
10182 6300
11933 6300
9402 6300
9155 6300
8368 6300
9750 6300
8012 6300
8834 6300
10402 6300
9124 6300
2 6300
9201 6301
9314 6301
9407 6301
10337 6301
11341 6301
10694 6301
2 6301
11993 6302
10733 6302
8318 6302
10435 6302
2 6302
8725 6303
10608 6303
10783 6303
8219 6303
9386 6303
10065 6303
9684 6303
8780 6303
11291 6303
2 6303
8172 6304
8311 6304
10470 6304
10796 6304
9945 6304
2 6304
8421 6305
11770 6305
10048 6305
9475 6305
10167 6305
10266 6305
8575 6305
10028 6305
9830 6305
11251 6305
9061 6305
2 6305
8230 6306
9266 6306
11945 6306
11771 6306
9216 6306
8918 6306
9162 6306
9055 6306
2 6306
9667 6307
8175 6307
11750 6307
11680 6307
9985 6307
9908 6307
9684 6307
11156 6307
9125 6307
2 6307
11328 6308
9067 6308
9534 6308
10973 6308
8215 6308
11763 6308
11585 6308
11525 6308
2 6308
10024 6309
11805 6309
9106 6309
8346 6309
8743 6309
8502 6309
10533 6309
11662 6309
11847 6309
2 6309
9799 6310
11276 6310
8815 6310
11277 6310
9372 6310
9920 6310
8534 6310
10192 6310
2 6310
8733 6311
8582 6311
11431 6311
10087 6311
10697 6311
8250 6311
11976 6311
8029 6311
9261 6311
2 6311
8388 6312
10602 6312
8879 6312
8596 6312
10247 6312
10803 6312
2 6312
10781 6313
10957 6313
10296 6313
9879 6313
10428 6313
9153 6313
2 6313
11139 6314
11424 6314
11189 6314
8873 6314
10561 6314
11800 6314
11433 6314
11990 6314
10952 6314
2 6314
9229 6315
11132 6315
8810 6315
9803 6315
12003 6315
9530 6315
11030 6315
2 6315
11721 6316
10114 6316
9378 6316
11518 6316
8653 6316
10588 6316
11288 6316
2 6316
10652 6317
10190 6317
10718 6317
10558 6317
9419 6317
11384 6317
11198 6317
9533 6317
9707 6317
8522 6317
2 6317
9379 6318
8319 6318
9531 6318
9519 6318
9243 6318
9251 6318
8673 6318
9133 6318
9711 6318
9913 6318
10274 6318
2 6318
10127 6319
11697 6319
8877 6319
8581 6319
8653 6319
2 6319
10640 6320
8989 6320
8635 6320
10740 6320
10676 6320
9336 6320
9730 6320
10417 6320
8532 6320
2 6320
885 6321
2771 6321
1685 6321
1783 6321
1323 6321
954 6321
549 6321
160 6321
10666 6321
8987 6321
10873 6321
10260 6321
8280 6321
10226 6321
8043 6321
2 6321
9582 6322
8545 6322
10470 6322
10855 6322
10387 6322
8129 6322
8314 6322
10466 6322
8975 6322
2 6322
10403 6323
8574 6323
9752 6323
8165 6323
9303 6323
11946 6323
10933 6323
2 6323
11437 6324
9830 6324
11113 6324
9449 6324
10143 6324
9873 6324
10433 6324
10770 6324
8688 6324
9455 6324
10277 6324
2 6324
10422 6325
11858 6325
9221 6325
9462 6325
10380 6325
11617 6325
10076 6325
8191 6325
9568 6325
10015 6325
2 6325
10490 6326
11188 6326
11457 6326
10310 6326
11907 6326
2 6326
2278 6327
2669 6327
3402 6327
8985 6327
9742 6327
10663 6327
8636 6327
11790 6327
10077 6327
10958 6327
2 6327
8900 6328
11275 6328
11121 6328
10181 6328
8428 6328
8079 6328
9982 6328
2 6328
11835 6329
8227 6329
9586 6329
11953 6329
10498 6329
8120 6329
8540 6329
11628 6329
9884 6329
2 6329
8388 6330
9199 6330
8764 6330
9526 6330
2 6330
11133 6331
11825 6331
10380 6331
10217 6331
10999 6331
11243 6331
11958 6331
11036 6331
10671 6331
9829 6331
8492 6331
2 6331
9220 6332
9216 6332
8803 6332
11610 6332
8674 6332
11634 6332
11102 6332
8367 6332
11025 6332
8908 6332
9511 6332
2 6332
11192 6333
11968 6333
9771 6333
9079 6333
9631 6333
11814 6333
10743 6333
10546 6333
11113 6333
2 6333
9841 6334
11129 6334
11957 6334
11560 6334
11317 6334
2 6334
11609 6335
10339 6335
10085 6335
8321 6335
9724 6335
8648 6335
8302 6335
9343 6335
10710 6335
2 6335
8377 6336
8185 6336
9549 6336
8880 6336
10114 6336
2 6336
10882 6337
11226 6337
10711 6337
10954 6337
2 6337
11514 6338
8666 6338
9582 6338
9211 6338
10819 6338
10672 6338
2 6338
11204 6339
9873 6339
10408 6339
9044 6339
8642 6339
8572 6339
11251 6339
11572 6339
2 6339
11714 6340
9046 6340
10816 6340
11268 6340
9507 6340
2 6340
10528 6341
9942 6341
9044 6341
10890 6341
2 6341
3027 6342
3501 6342
9039 6342
11790 6342
11039 6342
9274 6342
2 6342
10430 6343
11462 6343
11815 6343
8909 6343
11196 6343
2 6343
9199 6344
10302 6344
11618 6344
11146 6344
11281 6344
8596 6344
10876 6344
8266 6344
10078 6344
11601 6344
2 6344
8365 6345
10544 6345
8916 6345
10681 6345
10165 6345
11513 6345
9926 6345
8126 6345
2 6345
9775 6346
9662 6346
11557 6346
10102 6346
2 6346
8471 6347
9113 6347
10750 6347
8207 6347
11084 6347
10192 6347
2 6347
11105 6348
9168 6348
8611 6348
10701 6348
8356 6348
8419 6348
10337 6348
11747 6348
10971 6348
9872 6348
2 6348
9703 6349
9426 6349
10816 6349
10561 6349
11439 6349
10492 6349
11643 6349
10591 6349
8495 6349
11978 6349
11767 6349
2 6349
10069 6350
10438 6350
10549 6350
9724 6350
8863 6350
8538 6350
11330 6350
10098 6350
11474 6350
11596 6350
2 6350
10428 6351
8430 6351
10199 6351
11020 6351
9894 6351
10820 6351
10053 6351
8440 6351
2 6351
11830 6352
11407 6352
11020 6352
11888 6352
10042 6352
2 6352
9133 6353
9770 6353
8700 6353
9565 6353
10745 6353
2 6353
11922 6354
10389 6354
9696 6354
9903 6354
8397 6354
2 6354
1869 6355
2305 6355
1420 6355
2508 6355
893 6355
11340 6355
9255 6355
9527 6355
9876 6355
8064 6355
8250 6355
8983 6355
8456 6355
0 6355
2 6355
10974 6356
10221 6356
9423 6356
10267 6356
8782 6356
8158 6356
2 6356
8535 6357
11310 6357
11215 6357
9105 6357
9801 6357
8236 6357
10248 6357
8915 6357
11162 6357
11297 6357
10460 6357
2 6357
10570 6358
11691 6358
10041 6358
10160 6358
8799 6358
8326 6358
9679 6358
8359 6358
11649 6358
9134 6358
2 6358
9675 6359
8617 6359
8802 6359
10309 6359
9705 6359
9220 6359
10735 6359
9226 6359
11427 6359
8230 6359
2 6359
11585 6360
9126 6360
9364 6360
9240 6360
9193 6360
11793 6360
10395 6360
2 6360
8289 6361
11432 6361
9240 6361
11109 6361
9874 6361
8074 6361
9189 6361
9098 6361
8961 6361
2 6361
9330 6362
10702 6362
11131 6362
9331 6362
2 6362
9133 6363
8341 6363
8400 6363
10751 6363
11442 6363
9860 6363
10443 6363
11063 6363
10056 6363
2 6363
2413 6364
549 6364
3678 6364
3114 6364
1882 6364
184 6364
10797 6364
8441 6364
11104 6364
9736 6364
11804 6364
2 6364
10804 6365
11082 6365
8478 6365
8741 6365
11965 6365
8711 6365
11534 6365
2 6365
8797 6366
11087 6366
8358 6366
8582 6366
2 6366
11728 6367
10302 6367
11755 6367
10217 6367
8092 6367
10835 6367
10420 6367
11134 6367
2 6367
8173 6368
11254 6368
11108 6368
9208 6368
11881 6368
10696 6368
2 6368
10018 6369
10779 6369
9041 6369
8205 6369
8744 6369
10224 6369
8549 6369
11543 6369
11396 6369
2 6369
11539 6370
11007 6370
9705 6370
8706 6370
8914 6370
11152 6370
10163 6370
10751 6370
9949 6370
8643 6370
8397 6370
2 6370
8393 6371
10370 6371
8767 6371
9546 6371
9737 6371
11439 6371
9882 6371
8609 6371
10774 6371
11360 6371
9974 6371
2 6371
9504 6372
11905 6372
10160 6372
10848 6372
8944 6372
11649 6372
10172 6372
2 6372
10729 6373
11999 6373
9014 6373
9507 6373
8632 6373
11973 6373
10649 6373
2 6373
2573 6374
2797 6374
3025 6374
2398 6374
3274 6374
9897 6374
11201 6374
8807 6374
11253 6374
8281 6374
0 6374
2 6374
11602 6375
8567 6375
8292 6375
8827 6375
11114 6375
9765 6375
10135 6375
9931 6375
8098 6375
10529 6375
9569 6375
2 6375
8177 6376
10456 6376
10733 6376
11009 6376
9378 6376
11659 6376
10564 6376
8438 6376
2 6376
11904 6377
8028 6377
11568 6377
9786 6377
8376 6377
2 6377
1244 6378
2903 6378
1897 6378
2709 6378
10538 6378
9473 6378
9020 6378
9128 6378
8446 6378
8409 6378
2 6378
8329 6379
9320 6379
8120 6379
11296 6379
8116 6379
11833 6379
11349 6379
8571 6379
2 6379
11442 6380
8153 6380
10584 6380
11097 6380
8081 6380
2 6380
11668 6381
9738 6381
8558 6381
8787 6381
2 6381
10370 6382
10652 6382
11139 6382
11301 6382
11032 6382
2 6382
11639 6383
9894 6383
10771 6383
8519 6383
11420 6383
10085 6383
2 6383
533 6384
23 6384
3841 6384
1772 6384
3198 6384
1672 6384
1028 6384
9128 6384
9323 6384
9516 6384
10874 6384
9717 6384
8607 6384
2 6384
9287 6385
9379 6385
9258 6385
8096 6385
11369 6385
11637 6385
11520 6385
8965 6385
10484 6385
11186 6385
2 6385
9275 6386
11038 6386
9754 6386
8168 6386
8569 6386
8081 6386
8578 6386
9303 6386
2 6386
11747 6387
8060 6387
11500 6387
8061 6387
9865 6387
10445 6387
11210 6387
8843 6387
9761 6387
9730 6387
2 6387
10431 6388
8802 6388
8022 6388
10852 6388
8108 6388
11896 6388
11945 6388
2 6388
10456 6389
11821 6389
9713 6389
10781 6389
10339 6389
11533 6389
8461 6389
11311 6389
9593 6389
2 6389
11552 6390
11001 6390
8205 6390
9784 6390
2 6390
9914 6391
9148 6391
10225 6391
10998 6391
10991 6391
8207 6391
10298 6391
10945 6391
11621 6391
9104 6391
2 6391
8461 6392
8391 6392
10211 6392
11784 6392
9867 6392
9879 6392
10603 6392
11433 6392
2 6392
10509 6393
11597 6393
8590 6393
9799 6393
9765 6393
8265 6393
8549 6393
8986 6393
10212 6393
8098 6393
2 6393
10449 6394
8705 6394
8158 6394
9295 6394
8414 6394
10336 6394
9531 6394
2 6394
10186 6395
11688 6395
9507 6395
8632 6395
8374 6395
11164 6395
8039 6395
8438 6395
2 6395
9883 6396
8117 6396
10814 6396
9322 6396
2 6396
8118 6397
11991 6397
9203 6397
8809 6397
2 6397
8211 6398
9010 6398
9756 6398
10210 6398
2 6398
10165 6399
10951 6399
11878 6399
11405 6399
2 6399
11067 6400
9202 6400
9830 6400
11661 6400
9260 6400
10855 6400
11853 6400
2 6400
9015 6401
10770 6401
9202 6401
9943 6401
10394 6401
11857 6401
8501 6401
8815 6401
9079 6401
2 6401
9757 6402
11515 6402
9953 6402
10156 6402
8693 6402
11460 6402
2 6402
8760 6403
10035 6403
8107 6403
9385 6403
8741 6403
8805 6403
11882 6403
10320 6403
2 6403
8972 6404
8014 6404
9579 6404
11980 6404
9838 6404
8166 6404
8820 6404
11731 6404
10505 6404
8750 6404
2 6404
10491 6405
11605 6405
10710 6405
11772 6405
8210 6405
11736 6405
9138 6405
9186 6405
8861 6405
10915 6405
10114 6405
2 6405
8921 6406
11437 6406
9905 6406
8901 6406
9472 6406
2 6406
10905 6407
9845 6407
9484 6407
11381 6407
8299 6407
8065 6407
2 6407
10611 6408
11006 6408
8916 6408
10764 6408
8312 6408
8346 6408
2 6408
8811 6409
10787 6409
9499 6409
10419 6409
11792 6409
10884 6409
9103 6409
2 6409
8674 6410
11063 6410
8237 6410
9800 6410
10791 6410
2 6410
11466 6411
10842 6411
11825 6411
9006 6411
10621 6411
10105 6411
8660 6411
11676 6411
8773 6411
9313 6411
2 6411
8080 6412
10122 6412
10836 6412
9667 6412
11443 6412
9431 6412
8327 6412
2 6412
9727 6413
9952 6413
8056 6413
8876 6413
9302 6413
12003 6413
2 6413
11678 6414
11184 6414
9654 6414
9935 6414
8402 6414
10927 6414
2 6414
8087 6415
9993 6415
11085 6415
11911 6415
11670 6415
9269 6415
10878 6415
2 6415
9284 6416
9106 6416
11904 6416
10172 6416
8722 6416
2 6416
9667 6417
11852 6417
10755 6417
10150 6417
9798 6417
8666 6417
8613 6417
9728 6417
9914 6417
9756 6417
2 6417
11795 6418
11707 6418
8157 6418
9180 6418
9744 6418
11584 6418
2 6418
9646 6419
9394 6419
11167 6419
9483 6419
8459 6419
10276 6419
8372 6419
8756 6419
9934 6419
2 6419
9610 6420
10794 6420
11864 6420
10409 6420
10872 6420
11766 6420
2 6420
10887 6421
11127 6421
9980 6421
9113 6421
8557 6421
8060 6421
9877 6421
10528 6421
8583 6421
11161 6421
2 6421
11981 6422
11920 6422
9656 6422
9052 6422
9668 6422
10573 6422
8443 6422
10402 6422
9079 6422
8090 6422
11836 6422
2 6422
11642 6423
10071 6423
8533 6423
8612 6423
9560 6423
11241 6423
8471 6423
11809 6423
9446 6423
11452 6423
10167 6423
2 6423
11859 6424
8514 6424
10214 6424
11430 6424
8166 6424
10431 6424
2 6424
8900 6425
9787 6425
11374 6425
10977 6425
8902 6425
10568 6425
11113 6425
10442 6425
9188 6425
2 6425
9765 6426
10290 6426
8518 6426
11221 6426
11660 6426
11279 6426
11762 6426
8760 6426
2 6426
11984 6427
8995 6427
10502 6427
10066 6427
8843 6427
10583 6427
11532 6427
2 6427
9938 6428
8677 6428
9954 6428
11080 6428
11094 6428
8857 6428
9148 6428
2 6428
10542 6429
8147 6429
8964 6429
9871 6429
11864 6429
8433 6429
8334 6429
9504 6429
9085 6429
9926 6429
11494 6429
2 6429
9475 6430
10676 6430
9661 6430
11550 6430
10212 6430
11291 6430
9771 6430
11103 6430
8716 6430
2 6430
11221 6431
11392 6431
11385 6431
9372 6431
10998 6431
10064 6431
10829 6431
8012 6431
8379 6431
2 6431
8265 6432
10668 6432
8055 6432
10985 6432
11221 6432
10033 6432
9213 6432
11077 6432
2 6432
11282 6433
10702 6433
8506 6433
8957 6433
2 6433
10491 6434
8328 6434
8656 6434
10010 6434
10759 6434
11978 6434
2 6434
10919 6435
11367 6435
9164 6435
10865 6435
9546 6435
9255 6435
9054 6435
9581 6435
2 6435
10709 6436
9321 6436
10546 6436
10246 6436
10243 6436
2 6436
1401 6437
2839 6437
11948 6437
11504 6437
11212 6437
11013 6437
8595 6437
11808 6437
8188 6437
8889 6437
8737 6437
2 6437
9368 6438
10338 6438
11142 6438
11156 6438
11071 6438
10991 6438
10434 6438
8779 6438
2 6438
11289 6439
8651 6439
9098 6439
10386 6439
10814 6439
11220 6439
11058 6439
11214 6439
10786 6439
9679 6439
2 6439
10012 6440
9495 6440
8849 6440
11464 6440
11287 6440
11585 6440
10661 6440
11200 6440
8191 6440
9539 6440
8053 6440
2 6440
10268 6441
9594 6441
10767 6441
10931 6441
11010 6441
10848 6441
11491 6441
10858 6441
2 6441
8010 6442
8018 6442
11589 6442
11019 6442
9998 6442
9450 6442
2 6442
8750 6443
10754 6443
9965 6443
9230 6443
10311 6443
8364 6443
2 6443
9221 6444
9249 6444
11526 6444
8758 6444
2 6444
11023 6445
11385 6445
9723 6445
10096 6445
9293 6445
8419 6445
8457 6445
8505 6445
11210 6445
2 6445
10742 6446
8658 6446
10720 6446
9722 6446
9202 6446
9278 6446
2 6446
11557 6447
9225 6447
9203 6447
10122 6447
10193 6447
11313 6447
8525 6447
9763 6447
2 6447
8094 6448
8965 6448
10795 6448
11522 6448
11710 6448
9062 6448
8704 6448
8972 6448
8578 6448
2 6448
11949 6449
10434 6449
9670 6449
11853 6449
9481 6449
8404 6449
10177 6449
9211 6449
8380 6449
9590 6449
8623 6449
2 6449
2683 6450
3197 6450
1647 6450
11506 6450
11948 6450
8889 6450
8807 6450
11664 6450
8563 6450
11782 6450
8987 6450
8300 6450
2 6450
9705 6451
9711 6451
9319 6451
10863 6451
2 6451
11884 6452
8105 6452
8741 6452
10719 6452
9688 6452
8154 6452
9407 6452
9088 6452
9537 6452
9151 6452
2 6452
11988 6453
10769 6453
8806 6453
8213 6453
2 6453
11560 6454
9467 6454
10525 6454
8242 6454
2 6454
11642 6455
11173 6455
10784 6455
9321 6455
11565 6455
9271 6455
8785 6455
10963 6455
9336 6455
11809 6455
2 6455
8833 6456
10019 6456
8431 6456
10327 6456
10421 6456
10028 6456
8107 6456
9730 6456
2 6456
9122 6457
9026 6457
10085 6457
11250 6457
11830 6457
9116 6457
2 6457
9261 6458
11495 6458
11979 6458
8469 6458
9320 6458
11360 6458
8389 6458
2 6458
8616 6459
8177 6459
10322 6459
9360 6459
11953 6459
9712 6459
11990 6459
8898 6459
2 6459
3910 6460
71 6460
2224 6460
3763 6460
2426 6460
2222 6460
9676 6460
11808 6460
8300 6460
8740 6460
9991 6460
10966 6460
10120 6460
10859 6460
10286 6460
8222 6460
10941 6460
2 6460
10573 6461
9562 6461
8845 6461
11387 6461
9506 6461
2 6461
10763 6462
11079 6462
11206 6462
8173 6462
11490 6462
9121 6462
9240 6462
8977 6462
11046 6462
8831 6462
2 6462
11274 6463
11839 6463
11833 6463
9689 6463
10188 6463
8928 6463
2 6463
11834 6464
8668 6464
11873 6464
8851 6464
10716 6464
10043 6464
2 6464
9160 6465
11592 6465
10076 6465
11584 6465
10377 6465
2 6465
10422 6466
11460 6466
10748 6466
9329 6466
9161 6466
2 6466
1252 6467
2169 6467
120 6467
1619 6467
8748 6467
10138 6467
8858 6467
10000 6467
11627 6467
8651 6467
8412 6467
0 6467
2 6467
10263 6468
8839 6468
9378 6468
11064 6468
9192 6468
11625 6468
11978 6468
8469 6468
11407 6468
2 6468
9435 6469
11559 6469
9395 6469
11198 6469
11357 6469
9599 6469
9551 6469
9974 6469
2 6469
10183 6470
11796 6470
9628 6470
8415 6470
11745 6470
11345 6470
9952 6470
2 6470
10872 6471
9242 6471
9474 6471
10493 6471
10984 6471
10464 6471
8326 6471
11789 6471
9439 6471
2 6471
10597 6472
10888 6472
10781 6472
9164 6472
10416 6472
10523 6472
11360 6472
10456 6472
2 6472
11722 6473
10677 6473
10249 6473
8520 6473
11805 6473
2 6473
144 6474
1232 6474
2426 6474
1108 6474
326 6474
2030 6474
3401 6474
3212 6474
2058 6474
3971 6474
9397 6474
9128 6474
0 6474
11212 6474
2 6474
9881 6475
9355 6475
11813 6475
9065 6475
9752 6475
9450 6475
8621 6475
2 6475
11605 6476
10832 6476
9879 6476
11508 6476
11199 6476
10674 6476
10820 6476
11357 6476
8413 6476
11267 6476
8919 6476
2 6476
9193 6477
10866 6477
11370 6477
9923 6477
10130 6477
9589 6477
11034 6477
9205 6477
8719 6477
9986 6477
11754 6477
2 6477
8719 6478
10728 6478
10103 6478
10250 6478
2 6478
11178 6479
11250 6479
8210 6479
8728 6479
10435 6479
11497 6479
9153 6479
10382 6479
10053 6479
2 6479
11059 6480
11068 6480
10267 6480
9789 6480
11610 6480
9726 6480
11657 6480
9675 6480
2 6480
8253 6481
8905 6481
9365 6481
11991 6481
11257 6481
11443 6481
9003 6481
10014 6481
10466 6481
9172 6481
10477 6481
2 6481
234 6482
4006 6482
2913 6482
1917 6482
2953 6482
9655 6482
8636 6482
11885 6482
8987 6482
9805 6482
8807 6482
2 6482
10541 6483
8299 6483
9868 6483
10909 6483
2 6483
11280 6484
10130 6484
11803 6484
8156 6484
9855 6484
9317 6484
2 6484
9506 6485
10762 6485
10714 6485
8090 6485
2 6485
8395 6486
11958 6486
10165 6486
10982 6486
8353 6486
8201 6486
10669 6486
8853 6486
9461 6486
11651 6486
11905 6486
2 6486
8953 6487
8265 6487
11704 6487
9299 6487
10198 6487
8416 6487
2 6487
11526 6488
11712 6488
8114 6488
9744 6488
10171 6488
11834 6488
11891 6488
10517 6488
8117 6488
8152 6488
8056 6488
2 6488
10021 6489
10029 6489
9334 6489
11300 6489
9844 6489
11693 6489
10542 6489
9953 6489
10996 6489
10916 6489
10116 6489
2 6489
11242 6490
9349 6490
10048 6490
8105 6490
11077 6490
8444 6490
9250 6490
8137 6490
9010 6490
2 6490
8126 6491
11748 6491
10475 6491
10202 6491
8793 6491
11640 6491
9354 6491
8046 6491
10285 6491
8243 6491
2 6491
9552 6492
8790 6492
10911 6492
11213 6492
11877 6492
2 6492
10734 6493
10045 6493
9533 6493
10906 6493
11973 6493
9425 6493
9478 6493
8403 6493
11652 6493
10733 6493
2 6493
10379 6494
11122 6494
10555 6494
9125 6494
2 6494
10621 6495
11453 6495
8015 6495
8757 6495
10250 6495
11676 6495
11608 6495
11180 6495
11850 6495
9485 6495
2 6495
10444 6496
11092 6496
10554 6496
10628 6496
9640 6496
2 6496
8748 6497
9648 6497
8503 6497
9240 6497
9989 6497
9564 6497
11261 6497
10814 6497
8723 6497
2 6497
11154 6498
11877 6498
11930 6498
10628 6498
9102 6498
11637 6498
9705 6498
2 6498
11925 6499
9158 6499
8164 6499
10107 6499
9727 6499
8523 6499
2 6499
808 6500
3029 6500
11745 6500
11453 6500
8963 6500
8941 6500
0 6500
2 6500
8731 6501
10896 6501
10645 6501
10613 6501
8268 6501
2 6501
11081 6502
9881 6502
8296 6502
8256 6502
2 6502
9716 6503
9422 6503
9726 6503
8913 6503
9797 6503
10765 6503
8824 6503
10007 6503
8782 6503
9965 6503
2 6503
8913 6504
9023 6504
9675 6504
9711 6504
9881 6504
2 6504
9942 6505
8486 6505
9152 6505
11794 6505
11723 6505
11974 6505
11507 6505
2 6505
11603 6506
10202 6506
10926 6506
11389 6506
11018 6506
9322 6506
11229 6506
10084 6506
10997 6506
2 6506
8077 6507
10860 6507
11447 6507
11598 6507
9317 6507
11072 6507
8963 6507
10165 6507
2 6507
8557 6508
9996 6508
9985 6508
8785 6508
2 6508
9663 6509
11697 6509
9138 6509
11065 6509
8321 6509
10896 6509
2 6509
10562 6510
9673 6510
11037 6510
9510 6510
8177 6510
2 6510
11163 6511
11447 6511
9553 6511
8951 6511
10635 6511
9389 6511
2 6511
9464 6512
11916 6512
8049 6512
10992 6512
11415 6512
11214 6512
2 6512
10220 6513
10101 6513
8731 6513
8116 6513
10059 6513
9673 6513
9558 6513
2 6513
9996 6514
8825 6514
8552 6514
10632 6514
10568 6514
2 6514
10258 6515
10099 6515
10073 6515
11277 6515
11103 6515
9801 6515
11644 6515
9152 6515
8069 6515
9623 6515
11704 6515
2 6515
9610 6516
11060 6516
9221 6516
10767 6516
8761 6516
9644 6516
2 6516
10328 6517
8186 6517
11596 6517
8861 6517
11563 6517
8767 6517
8749 6517
11420 6517
11360 6517
9626 6517
2 6517
8523 6518
10766 6518
11200 6518
8346 6518
11368 6518
8181 6518
8573 6518
2 6518
9165 6519
9056 6519
11111 6519
10289 6519
11921 6519
9407 6519
8729 6519
11242 6519
9992 6519
11863 6519
10379 6519
2 6519
11217 6520
8423 6520
11461 6520
11418 6520
11476 6520
9567 6520
9097 6520
11380 6520
11963 6520
9281 6520
2 6520
10258 6521
10555 6521
9277 6521
8030 6521
11645 6521
11126 6521
2 6521
9559 6522
8207 6522
10750 6522
11989 6522
11621 6522
10243 6522
11094 6522
2 6522
2544 6523
1010 6523
2557 6523
28 6523
3624 6523
537 6523
2929 6523
8151 6523
8869 6523
10049 6523
10180 6523
8692 6523
2 6523
9169 6524
9273 6524
11604 6524
9305 6524
11739 6524
10208 6524
11856 6524
2 6524
11657 6525
11186 6525
10540 6525
10862 6525
8559 6525
10274 6525
8230 6525
10956 6525
9998 6525
2 6525
9046 6526
8440 6526
9192 6526
9890 6526
11296 6526
10331 6526
2 6526
11837 6527
9250 6527
11923 6527
8030 6527
8628 6527
2 6527
11502 6528
8962 6528
10562 6528
9599 6528
11855 6528
2 6528
2497 6529
3298 6529
3942 6529
8203 6529
9378 6529
8130 6529
9876 6529
10674 6529
9601 6529
0 6529
2 6529
10765 6530
8608 6530
10878 6530
9860 6530
10313 6530
11907 6530
8704 6530
2 6530
9656 6531
8993 6531
10942 6531
10555 6531
9782 6531
9376 6531
2 6531
11224 6532
9989 6532
11712 6532
9564 6532
8625 6532
9773 6532
11381 6532
10582 6532
8140 6532
11003 6532
2 6532
10160 6533
8127 6533
10834 6533
9921 6533
10184 6533
10912 6533
9720 6533
10542 6533
9229 6533
10200 6533
9961 6533
2 6533
8267 6534
11682 6534
9495 6534
8369 6534
10154 6534
11494 6534
9669 6534
2 6534
10494 6535
10593 6535
8178 6535
8268 6535
2 6535
11258 6536
8704 6536
9226 6536
8338 6536
8087 6536
9379 6536
8982 6536
9767 6536
10968 6536
11175 6536
2 6536
9094 6537
11416 6537
11023 6537
10254 6537
9472 6537
2 6537
8255 6538
8290 6538
11749 6538
11725 6538
10652 6538
9234 6538
8767 6538
11833 6538
8183 6538
9137 6538
11349 6538
2 6538
8226 6539
8498 6539
9244 6539
11037 6539
10561 6539
11518 6539
10562 6539
2 6539
9503 6540
8899 6540
9585 6540
10985 6540
11961 6540
10743 6540
10467 6540
10136 6540
9980 6540
8975 6540
11113 6540
2 6540
11810 6541
10754 6541
11106 6541
11372 6541
9490 6541
9913 6541
2 6541
10601 6542
8683 6542
10155 6542
10169 6542
10309 6542
9031 6542
2 6542
9197 6543
8220 6543
8545 6543
11026 6543
9400 6543
9427 6543
11582 6543
8254 6543
10961 6543
2 6543
11877 6544
9948 6544
11183 6544
11378 6544
11980 6544
8167 6544
10152 6544
8965 6544
10291 6544
2 6544
10845 6545
8564 6545
8186 6545
9514 6545
11663 6545
9008 6545
10699 6545
11349 6545
2 6545
8861 6546
8770 6546
11296 6546
10063 6546
9584 6546
9990 6546
8720 6546
10497 6546
10953 6546
2 6546
11166 6547
8644 6547
8791 6547
10007 6547
11362 6547
10540 6547
2 6547
9159 6548
8537 6548
8104 6548
11244 6548
11846 6548
10352 6548
10803 6548
11042 6548
10799 6548
8181 6548
8201 6548
2 6548
9981 6549
9048 6549
11577 6549
10980 6549
8690 6549
10430 6549
10631 6549
9786 6549
9196 6549
11302 6549
10803 6549
2 6549
10358 6550
9859 6550
8806 6550
8811 6550
9574 6550
11119 6550
11089 6550
8262 6550
10317 6550
10781 6550
2 6550
8416 6551
12004 6551
8993 6551
9501 6551
9431 6551
10509 6551
9100 6551
10528 6551
11234 6551
8915 6551
2 6551
10549 6552
11721 6552
10769 6552
10807 6552
11544 6552
2 6552
9031 6553
10155 6553
9511 6553
8705 6553
11427 6553
9275 6553
11404 6553
10505 6553
2 6553
9105 6554
11332 6554
10254 6554
9456 6554
8794 6554
9766 6554
8671 6554
2 6554
10891 6555
10037 6555
10285 6555
11789 6555
10851 6555
10916 6555
8200 6555
9394 6555
2 6555
10004 6556
8491 6556
10998 6556
8211 6556
8809 6556
10576 6556
8535 6556
11429 6556
2 6556
11589 6557
9563 6557
10651 6557
9959 6557
9550 6557
2 6557
941 6558
2170 6558
11673 6558
9306 6558
9059 6558
9897 6558
9853 6558
11201 6558
9101 6558
8390 6558
2 6558
3525 6559
3852 6559
2384 6559
2149 6559
3089 6559
8817 6559
8595 6559
10808 6559
11790 6559
8047 6559
2 6559
10488 6560
8437 6560
11180 6560
8433 6560
11287 6560
10864 6560
11712 6560
9161 6560
10160 6560
8758 6560
9428 6560
2 6560
9663 6561
9593 6561
11340 6561
11116 6561
8029 6561
9026 6561
10660 6561
11816 6561
9380 6561
11976 6561
2 6561
10193 6562
8252 6562
11481 6562
9606 6562
9830 6562
8845 6562
10327 6562
9260 6562
11080 6562
8356 6562
2 6562
10191 6563
8473 6563
11976 6563
8727 6563
11225 6563
8873 6563
8890 6563
8321 6563
8990 6563
8679 6563
2 6563
9958 6564
10503 6564
9396 6564
10779 6564
9070 6564
9213 6564
2 6564
9496 6565
10382 6565
9912 6565
10627 6565
8657 6565
11296 6565
2 6565
11908 6566
8942 6566
8520 6566
11091 6566
10414 6566
9040 6566
11072 6566
11389 6566
2 6566
8108 6567
9282 6567
11774 6567
11672 6567
11442 6567
11188 6567
8263 6567
9607 6567
8621 6567
11935 6567
2 6567
9632 6568
10372 6568
10962 6568
9627 6568
11519 6568
9964 6568
11006 6568
10304 6568
9568 6568
10352 6568
11134 6568
2 6568
9986 6569
8527 6569
10373 6569
8412 6569
11254 6569
8313 6569
9714 6569
11107 6569
2 6569
9424 6570
8204 6570
8231 6570
9837 6570
11495 6570
2 6570
630 6571
2686 6571
1772 6571
3675 6571
1431 6571
10482 6571
8109 6571
8222 6571
9178 6571
8652 6571
2 6571
357 6572
2749 6572
2269 6572
938 6572
2640 6572
1129 6572
8724 6572
9223 6572
8279 6572
10688 6572
8740 6572
9917 6572
11039 6572
9780 6572
2 6572
3049 6573
3815 6573
3984 6573
9576 6573
9118 6573
11782 6573
9323 6573
11531 6573
11035 6573
9274 6573
8607 6573
2 6573
9130 6574
8886 6574
8261 6574
11439 6574
8374 6574
8468 6574
8276 6574
11993 6574
10053 6574
9488 6574
2 6574
9219 6575
10977 6575
8123 6575
9814 6575
9077 6575
2 6575
8211 6576
8057 6576
8245 6576
10711 6576
11636 6576
2 6576
10932 6577
11982 6577
9895 6577
9261 6577
10710 6577
10981 6577
8592 6577
11497 6577
10307 6577
2 6577
10087 6578
8632 6578
9129 6578
11820 6578
10059 6578
9360 6578
11065 6578
10807 6578
10101 6578
8343 6578
9536 6578
2 6578
11364 6579
9301 6579
11389 6579
9781 6579
11280 6579
10586 6579
2 6579
8329 6580
10322 6580
8328 6580
9683 6580
10617 6580
10499 6580
10263 6580
11367 6580
9130 6580
10588 6580
2 6580
9988 6581
11216 6581
8475 6581
10730 6581
2 6581
11640 6582
9158 6582
9310 6582
8386 6582
11739 6582
10319 6582
11018 6582
10707 6582
11763 6582
9595 6582
8853 6582
2 6582
1838 6583
3759 6583
2686 6583
2640 6583
984 6583
473 6583
11664 6583
8812 6583
9655 6583
9927 6583
9043 6583
10335 6583
9416 6583
2 6583
9003 6584
9761 6584
11924 6584
9077 6584
9620 6584
11473 6584
9759 6584
10793 6584
2 6584
10743 6585
8453 6585
11398 6585
11374 6585
2 6585
9547 6586
8261 6586
10186 6586
9129 6586
10323 6586
8632 6586
10435 6586
11738 6586
10487 6586
11049 6586
10516 6586
2 6586
11405 6587
8789 6587
8924 6587
8499 6587
9883 6587
2 6587
9475 6588
10989 6588
10579 6588
11011 6588
8725 6588
8199 6588
2 6588
8974 6589
11092 6589
11935 6589
9282 6589
10132 6589
10308 6589
9133 6589
11143 6589
9490 6589
8153 6589
2 6589
9224 6590
10410 6590
8304 6590
8181 6590
9870 6590
9177 6590
9098 6590
2 6590
10025 6591
10963 6591
9142 6591
11549 6591
10468 6591
11210 6591
10922 6591
2 6591
10925 6592
9744 6592
9719 6592
8554 6592
11390 6592
8838 6592
8556 6592
8516 6592
8879 6592
11180 6592
2 6592
8374 6593
10244 6593
11141 6593
9876 6593
2 6593
2058 6594
1940 6594
3300 6594
2187 6594
3638 6594
1710 6594
2777 6594
11948 6594
8662 6594
8807 6594
9991 6594
9413 6594
2 6594
11010 6595
11909 6595
8531 6595
9491 6595
8831 6595
2 6595
11689 6596
11188 6596
11052 6596
9023 6596
10976 6596
2 6596
10284 6597
9716 6597
8139 6597
8449 6597
11445 6597
8474 6597
9432 6597
10311 6597
8360 6597
2 6597
10981 6598
9261 6598
8278 6598
11939 6598
2 6598
10937 6599
9302 6599
8164 6599
11910 6599
8192 6599
8997 6599
11449 6599
11318 6599
11327 6599
8313 6599
2 6599
11337 6600
10777 6600
8307 6600
8485 6600
8153 6600
9269 6600
9258 6600
10006 6600
2 6600
9139 6601
8484 6601
10112 6601
8031 6601
9827 6601
8727 6601
10718 6601
2 6601
10109 6602
9649 6602
8832 6602
10375 6602
8796 6602
9801 6602
11353 6602
9036 6602
9723 6602
11299 6602
11989 6602
2 6602
1179 6603
1748 6603
1030 6603
9289 6603
8222 6603
10440 6603
8517 6603
10355 6603
9576 6603
2 6603
9241 6604
10996 6604
10928 6604
9690 6604
11470 6604
2 6604
9299 6605
8315 6605
9585 6605
10922 6605
2 6605
10533 6606
10282 6606
8964 6606
10695 6606
2 6606
11908 6607
9316 6607
11553 6607
11030 6607
11649 6607
10285 6607
11701 6607
11383 6607
2 6607
9996 6608
9771 6608
9248 6608
10700 6608
10288 6608
8404 6608
10922 6608
8106 6608
8361 6608
11308 6608
9311 6608
2 6608
8415 6609
9522 6609
11881 6609
11755 6609
9123 6609
2 6609
10465 6610
11631 6610
9931 6610
8073 6610
9971 6610
8050 6610
11913 6610
10122 6610
11282 6610
2 6610
8447 6611
10070 6611
10192 6611
8491 6611
8844 6611
10793 6611
11111 6611
2 6611
11325 6612
8767 6612
11089 6612
11357 6612
10831 6612
11566 6612
9835 6612
11037 6612
8763 6612
2 6612
1726 6613
3901 6613
242 6613
11780 6613
9693 6613
8563 6613
10355 6613
9214 6613
9615 6613
9101 6613
10809 6613
9404 6613
10050 6613
8047 6613
2 6613
2619 6614
2112 6614
8736 6614
9128 6614
10812 6614
9473 6614
2 6614
9440 6615
10381 6615
11873 6615
9500 6615
11879 6615
11603 6615
10872 6615
8554 6615
10052 6615
11200 6615
2 6615
9224 6616
8267 6616
10160 6616
8049 6616
11233 6616
9093 6616
9571 6616
11459 6616
9196 6616
11542 6616
11608 6616
2 6616
8778 6617
8671 6617
9649 6617
11226 6617
9105 6617
10883 6617
11895 6617
8694 6617
10583 6617
2 6617
8828 6618
9932 6618
8486 6618
8712 6618
2 6618
10857 6619
11274 6619
9296 6619
8017 6619
10401 6619
10300 6619
10114 6619
10888 6619
9083 6619
2 6619
8915 6620
11543 6620
10700 6620
11279 6620
10064 6620
11951 6620
11557 6620
8533 6620
8421 6620
10415 6620
2 6620
9551 6621
8070 6621
11999 6621
9091 6621
11545 6621
8112 6621
10561 6621
2 6621
11283 6622
10994 6622
8742 6622
11623 6622
11463 6622
10692 6622
8776 6622
9012 6622
9267 6622
2 6622
3294 6623
1230 6623
4000 6623
3774 6623
10873 6623
9768 6623
8133 6623
9736 6623
11307 6623
9060 6623
9745 6623
10113 6623
11446 6623
8737 6623
2 6623
8384 6624
11299 6624
9172 6624
11131 6624
10125 6624
10913 6624
9267 6624
11892 6624
2 6624
10985 6625
10014 6625
9596 6625
9559 6625
10362 6625
8955 6625
11814 6625
11927 6625
8794 6625
10417 6625
8711 6625
2 6625
10472 6626
11042 6626
10860 6626
11381 6626
9981 6626
2 6626
11628 6627
8873 6627
10978 6627
8483 6627
11259 6627
10003 6627
9601 6627
10547 6627
8592 6627
2 6627
11918 6628
9305 6628
10000 6628
10655 6628
2 6628
8262 6629
8052 6629
11248 6629
11962 6629
10932 6629
11008 6629
8483 6629
2 6629
11928 6630
10636 6630
11402 6630
8029 6630
9912 6630
8620 6630
9307 6630
9071 6630
8385 6630
2 6630
9664 6631
9464 6631
11364 6631
11658 6631
11537 6631
10420 6631
2 6631
8152 6632
8600 6632
8507 6632
11807 6632
8336 6632
11864 6632
2 6632
10164 6633
8497 6633
11272 6633
8502 6633
8092 6633
9843 6633
8243 6633
9871 6633
9334 6633
2 6633
1638 6634
3619 6634
1231 6634
3325 6634
10538 6634
11683 6634
11359 6634
9473 6634
9043 6634
9816 6634
10292 6634
0 6634
8586 6634
2 6634
11721 6635
9879 6635
10485 6635
10689 6635
12002 6635
8130 6635
11425 6635
11420 6635
11833 6635
11433 6635
2 6635
8206 6636
8509 6636
10633 6636
11361 6636
11895 6636
10004 6636
8779 6636
9542 6636
2 6636
8248 6637
10329 6637
11331 6637
9022 6637
11899 6637
11100 6637
2 6637
8368 6638
8905 6638
10384 6638
11346 6638
9482 6638
8021 6638
8760 6638
11500 6638
11811 6638
8122 6638
2 6638
8850 6639
11365 6639
8321 6639
9683 6639
8456 6639
8349 6639
10981 6639
10833 6639
9859 6639
9626 6639
9146 6639
2 6639
11522 6640
10361 6640
11063 6640
8237 6640
8256 6640
10474 6640
10540 6640
9519 6640
11157 6640
2 6640
3228 6641
2161 6641
8163 6641
8446 6641
8817 6641
10471 6641
8672 6641
11506 6641
2 6641
8729 6642
10167 6642
9472 6642
9799 6642
10187 6642
9211 6642
8842 6642
2 6642
11294 6643
10647 6643
10227 6643
10067 6643
2 6643
11521 6644
11601 6644
9530 6644
10493 6644
11432 6644
11220 6644
11537 6644
11413 6644
10385 6644
9653 6644
10354 6644
2 6644
10225 6645
8716 6645
9368 6645
9402 6645
9694 6645
8476 6645
9348 6645
9798 6645
2 6645
9944 6646
8091 6646
9451 6646
9827 6646
8483 6646
11816 6646
11199 6646
9591 6646
2 6646
11960 6647
8094 6647
11946 6647
10274 6647
11442 6647
10530 6647
10449 6647
2 6647
10794 6648
11568 6648
11667 6648
10698 6648
2 6648
8769 6649
11969 6649
10142 6649
11781 6649
9297 6649
2 6649
9660 6650
9479 6650
11736 6650
9022 6650
10454 6650
8310 6650
8029 6650
2 6650
11470 6651
8958 6651
8507 6651
9504 6651
9136 6651
11370 6651
2 6651
11186 6652
9911 6652
8536 6652
9913 6652
9222 6652
8364 6652
8813 6652
2 6652
9338 6653
10346 6653
10080 6653
8784 6653
9582 6653
11408 6653
10096 6653
2 6653
10785 6654
8797 6654
8727 6654
10516 6654
11736 6654
8110 6654
8130 6654
8355 6654
10416 6654
2 6654
11002 6655
10624 6655
11884 6655
8023 6655
9191 6655
9826 6655
11488 6655
8422 6655
8038 6655
11393 6655
9480 6655
2 6655
11640 6656
11028 6656
10843 6656
11768 6656
2 6656
8857 6657
9352 6657
10576 6657
9826 6657
8408 6657
10740 6657
11626 6657
8463 6657
11695 6657
2 6657
8199 6658
9723 6658
9376 6658
11050 6658
11868 6658
11142 6658
11067 6658
9163 6658
9056 6658
8205 6658
2 6658
10779 6659
8783 6659
9311 6659
9873 6659
11936 6659
11868 6659
9518 6659
9740 6659
11705 6659
2 6659
10168 6660
8943 6660
8226 6660
8529 6660
9453 6660
9496 6660
10781 6660
11037 6660
2 6660
11602 6661
8742 6661
8930 6661
11892 6661
8131 6661
10825 6661
9891 6661
11171 6661
8765 6661
8780 6661
10057 6661
2 6661
11572 6662
11142 6662
9982 6662
10988 6662
8650 6662
10096 6662
9172 6662
8558 6662
2 6662
8588 6663
8919 6663
8285 6663
10252 6663
11330 6663
10967 6663
11456 6663
9578 6663
10523 6663
2 6663
8673 6664
8813 6664
11333 6664
9216 6664
9230 6664
10313 6664
11369 6664
2 6664
10908 6665
8819 6665
11815 6665
10861 6665
9075 6665
9508 6665
11217 6665
11028 6665
2 6665
9634 6666
11564 6666
9373 6666
8464 6666
9765 6666
8759 6666
8981 6666
8245 6666
8253 6666
10346 6666
10062 6666
2 6666
11064 6667
8877 6667
10737 6667
8470 6667
8120 6667
2 6667
10852 6668
10581 6668
10620 6668
9711 6668
2 6668
11546 6669
11987 6669
9498 6669
8330 6669
8730 6669
9494 6669
2 6669
10144 6670
11214 6670
10264 6670
9491 6670
2 6670
9227 6671
11458 6671
10194 6671
8341 6671
9675 6671
8913 6671
11376 6671
11166 6671
9767 6671
9398 6671
11854 6671
2 6671
9613 6672
10499 6672
11250 6672
10782 6672
9827 6672
11735 6672
9026 6672
9000 6672
9514 6672
2 6672
11363 6673
11452 6673
10368 6673
8887 6673
10099 6673
10048 6673
10509 6673
2 6673
9582 6674
9201 6674
8103 6674
9725 6674
10248 6674
2 6674
9679 6675
11858 6675
10488 6675
9522 6675
9961 6675
11909 6675
9232 6675
11494 6675
8145 6675
8531 6675
2 6675
8164 6676
9844 6676
10197 6676
9678 6676
10249 6676
2 6676
8055 6677
10375 6677
8834 6677
9588 6677
2 6677
688 6678
1821 6678
8188 6678
10482 6678
10598 6678
8024 6678
8840 6678
10292 6678
8351 6678
9095 6678
8607 6678
2 6678
1853 6679
1081 6679
3795 6679
11791 6679
10124 6679
8234 6679
9611 6679
8351 6679
11914 6679
10923 6679
11000 6679
2 6679
9788 6680
8379 6680
8742 6680
9985 6680
9556 6680
9674 6680
2 6680
11509 6681
10267 6681
8367 6681
8713 6681
10374 6681
10007 6681
10490 6681
11536 6681
10074 6681
9049 6681
11143 6681
2 6681
9865 6682
9010 6682
11500 6682
10714 6682
9278 6682
9358 6682
11293 6682
11319 6682
9387 6682
11561 6682
2 6682
8376 6683
8600 6683
9748 6683
8625 6683
10312 6683
11666 6683
8645 6683
10410 6683
11130 6683
9598 6683
9160 6683
2 6683
8079 6684
11308 6684
11295 6684
11912 6684
10346 6684
8615 6684
11956 6684
2 6684
11448 6685
8080 6685
11623 6685
11727 6685
10713 6685
8953 6685
9759 6685
8205 6685
11836 6685
2 6685
11984 6686
8149 6686
9892 6686
9225 6686
11514 6686
9537 6686
8038 6686
9010 6686
8975 6686
11221 6686
10583 6686
2 6686
8980 6687
9677 6687
11346 6687
9798 6687
10170 6687
2 6687
9166 6688
10951 6688
11730 6688
9628 6688
9093 6688
8359 6688
10760 6688
9187 6688
2 6688
9016 6689
11840 6689
8143 6689
11556 6689
11950 6689
8907 6689
11342 6689
8877 6689
11934 6689
8479 6689
2 6689
10700 6690
10025 6690
10887 6690
11122 6690
9943 6690
9647 6690
9872 6690
2 6690
9499 6691
11544 6691
9488 6691
11972 6691
8770 6691
10295 6691
10881 6691
9731 6691
9510 6691
11548 6691
2 6691
10158 6692
8114 6692
11328 6692
8046 6692
8228 6692
11344 6692
11107 6692
10891 6692
9035 6692
11322 6692
9755 6692
2 6692
11681 6693
10434 6693
11863 6693
10306 6693
10902 6693
11203 6693
8106 6693
9463 6693
12001 6693
10062 6693
2 6693
11622 6694
9951 6694
10326 6694
8562 6694
9523 6694
11092 6694
2 6694
11342 6695
10491 6695
8495 6695
8250 6695
8383 6695
10845 6695
10232 6695
8377 6695
10588 6695
11366 6695
11835 6695
2 6695
9855 6696
9182 6696
11058 6696
10864 6696
8053 6696
2 6696
10200 6697
11619 6697
11480 6697
10027 6697
8961 6697
10475 6697
10156 6697
10410 6697
9650 6697
9410 6697
2 6697
9313 6698
8781 6698
8851 6698
11401 6698
11720 6698
2 6698
8897 6699
11325 6699
10097 6699
10597 6699
8291 6699
10710 6699
10617 6699
2 6699
10374 6700
9903 6700
8474 6700
11369 6700
2 6700
9509 6701
10360 6701
9931 6701
8239 6701
2 6701
2022 6702
1774 6702
389 6702
10482 6702
9854 6702
9768 6702
10049 6702
11504 6702
9991 6702
10666 6702
10687 6702
10688 6702
2 6702
10857 6703
9737 6703
11248 6703
8877 6703
9895 6703
10188 6703
10660 6703
2 6703
11968 6704
10883 6704
8288 6704
10424 6704
11599 6704
11615 6704
2 6704
8492 6705
11841 6705
8357 6705
9804 6705
11338 6705
11062 6705
11587 6705
2 6705
10889 6706
9959 6706
10274 6706
11372 6706
9563 6706
2 6706
8374 6707
10456 6707
11928 6707
11407 6707
10816 6707
2 6707
8092 6708
11918 6708
8944 6708
11073 6708
10621 6708
2 6708
11021 6709
11649 6709
9335 6709
11560 6709
11587 6709
11099 6709
2 6709
11821 6710
11425 6710
9083 6710
8261 6710
2 6710
9994 6711
10880 6711
11833 6711
10734 6711
11738 6711
11840 6711
11993 6711
2 6711
10816 6712
9326 6712
11268 6712
10944 6712
10782 6712
8177 6712
11119 6712
10605 6712
2 6712
10829 6713
8649 6713
11758 6713
8760 6713
9038 6713
8467 6713
10714 6713
11332 6713
2 6713
9394 6714
8630 6714
11146 6714
10814 6714
8862 6714
10352 6714
8346 6714
2 6714
11032 6715
9347 6715
8116 6715
10898 6715
8383 6715
10097 6715
2 6715
9412 6716
8944 6716
10962 6716
10390 6716
8788 6716
2 6716
9588 6717
8649 6717
11787 6717
8221 6717
8995 6717
9044 6717
11185 6717
2 6717
9266 6718
8673 6718
9705 6718
10956 6718
10005 6718
9913 6718
10490 6718
2 6718
11257 6719
10985 6719
8686 6719
10424 6719
11310 6719
11853 6719
11070 6719
10793 6719
9267 6719
11848 6719
11361 6719
2 6719
8874 6720
8975 6720
10910 6720
10879 6720
2 6720
10696 6721
11350 6721
10639 6721
8848 6721
10766 6721
10178 6721
9169 6721
2 6721
11433 6722
11190 6722
8519 6722
11759 6722
2 6722
11927 6723
8149 6723
8544 6723
9290 6723
11565 6723
2 6723
11299 6724
8378 6724
8154 6724
9517 6724
10942 6724
8424 6724
11947 6724
8406 6724
2 6724
10249 6725
8016 6725
11034 6725
9500 6725
9085 6725
8513 6725
10756 6725
11107 6725
9158 6725
2 6725
11357 6726
10293 6726
10053 6726
8031 6726
8850 6726
9686 6726
8870 6726
2 6726
10589 6727
11411 6727
8423 6727
9175 6727
10464 6727
2 6727
11993 6728
10016 6728
9850 6728
8592 6728
2 6728
10761 6729
11379 6729
9737 6729
10952 6729
2 6729
8128 6730
8069 6730
11387 6730
10064 6730
10975 6730
9012 6730
8076 6730
11895 6730
11787 6730
9314 6730
2 6730
8326 6731
10574 6731
8539 6731
9075 6731
10276 6731
2 6731
11420 6732
11365 6732
10188 6732
8797 6732
9026 6732
11439 6732
8391 6732
11556 6732
9451 6732
2 6732
8857 6733
9368 6733
11396 6733
8546 6733
2 6733
10455 6734
9400 6734
10368 6734
10384 6734
11933 6734
9456 6734
2 6734
11223 6735
11990 6735
10061 6735
10499 6735
11625 6735
8255 6735
11309 6735
2 6735
9944 6736
8850 6736
9401 6736
10323 6736
11982 6736
10351 6736
8377 6736
10069 6736
10085 6736
2 6736
11277 6737
11257 6737
11397 6737
11661 6737
8937 6737
2 6737
9236 6738
10005 6738
9770 6738
11971 6738
9227 6738
11430 6738
11522 6738
9502 6738
2 6738
10780 6739
10116 6739
10371 6739
10815 6739
11795 6739
2 6739
10170 6740
10417 6740
10424 6740
9089 6740
8089 6740
11001 6740
11363 6740
9231 6740
9572 6740
2 6740
11530 6741
11019 6741
9243 6741
11143 6741
9235 6741
9258 6741
9607 6741
9066 6741
9275 6741
11372 6741
8982 6741
2 6741
10830 6742
11800 6742
8592 6742
8370 6742
8349 6742
8342 6742
10636 6742
2 6742
8952 6743
11178 6743
10059 6743
11225 6743
8342 6743
2 6743
10036 6744
11163 6744
11832 6744
8954 6744
11196 6744
8690 6744
9659 6744
9871 6744
8789 6744
2 6744
9414 6745
11118 6745
8739 6745
10426 6745
11604 6745
10410 6745
8113 6745
11036 6745
9491 6745
2 6745
9233 6746
10608 6746
11473 6746
10073 6746
11096 6746
2 6746
9460 6747
11346 6747
10035 6747
8717 6747
11111 6747
8254 6747
2 6747
8967 6748
8604 6748
9249 6748
10397 6748
8272 6748
9495 6748
10202 6748
10794 6748
11047 6748
2 6748
11547 6749
8271 6749
9580 6749
10192 6749
9204 6749
9124 6749
11312 6749
8747 6749
2 6749
10993 6750
9719 6750
11783 6750
9862 6750
10020 6750
9461 6750
2 6750
8255 6751
9729 6751
11784 6751
8897 6751
10881 6751
9713 6751
2 6751
9657 6752
11358 6752
9319 6752
9704 6752
11369 6752
10389 6752
11670 6752
9295 6752
10005 6752
2 6752
11764 6753
9507 6753
9944 6753
11160 6753
11972 6753
8262 6753
8383 6753
8898 6753
8752 6753
9941 6753
8255 6753
2 6753
8520 6754
11658 6754
8316 6754
11553 6754
10690 6754
9665 6754
9050 6754
8152 6754
10928 6754
2 6754
10520 6755
11534 6755
9044 6755
11070 6755
9801 6755
11836 6755
11597 6755
8691 6755
10938 6755
2 6755
10709 6756
9105 6756
11011 6756
8149 6756
9402 6756
9370 6756
8678 6756
11295 6756
2 6756
10387 6757
9455 6757
10175 6757
11913 6757
11101 6757
10722 6757
9529 6757
10887 6757
9681 6757
2 6757
8962 6758
11009 6758
10498 6758
11137 6758
10053 6758
11189 6758
11663 6758
9153 6758
9378 6758
2 6758
8524 6759
9636 6759
8101 6759
9934 6759
9925 6759
9795 6759
8287 6759
9185 6759
9208 6759
9414 6759
2 6759
8464 6760
10887 6760
9891 6760
10922 6760
11412 6760
8666 6760
8229 6760
8384 6760
2 6760
11727 6761
8650 6761
10245 6761
9887 6761
10918 6761
10560 6761
8905 6761
9554 6761
9585 6761
8075 6761
8394 6761
2 6761
9412 6762
10541 6762
8934 6762
10766 6762
10022 6762
9328 6762
2 6762
9126 6763
8761 6763
9522 6763
11983 6763
9923 6763
11302 6763
9751 6763
10792 6763
10716 6763
2 6763
10432 6764
9842 6764
11187 6764
11464 6764
8242 6764
10900 6764
9004 6764
11060 6764
2 6764
9231 6765
8865 6765
11237 6765
8857 6765
10450 6765
11580 6765
8107 6765
10048 6765
11153 6765
2 6765
8592 6766
11830 6766
8731 6766
10300 6766
2 6766
10423 6767
8038 6767
11122 6767
10948 6767
9732 6767
10520 6767
8361 6767
2 6767
11318 6768
8707 6768
9896 6768
10840 6768
8084 6768
2 6768
2078 6769
1476 6769
2973 6769
3691 6769
8047 6769
10809 6769
8956 6769
11664 6769
11683 6769
9853 6769
10440 6769
2 6769
11838 6770
9487 6770
9009 6770
10009 6770
9409 6770
9348 6770
9834 6770
9587 6770
11564 6770
10140 6770
2 6770
1906 6771
3311 6771
3992 6771
8109 6771
11307 6771
9991 6771
9405 6771
2 6771
9103 6772
11288 6772
8770 6772
11496 6772
8278 6772
8456 6772
8210 6772
2 6772
9472 6773
8212 6773
8511 6773
10288 6773
10825 6773
11412 6773
10402 6773
10755 6773
2 6773
11264 6774
11863 6774
10415 6774
10750 6774
9645 6774
9201 6774
11075 6774
11543 6774
9647 6774
2 6774
9476 6775
8590 6775
8794 6775
9215 6775
9311 6775
8545 6775
2 6775
11392 6776
9685 6776
10567 6776
11011 6776
2 6776
11344 6777
11480 6777
8126 6777
11224 6777
9786 6777
11467 6777
8734 6777
11829 6777
10565 6777
11107 6777
2 6777
11130 6778
8015 6778
8524 6778
11060 6778
9720 6778
2 6778
11711 6779
10661 6779
11062 6779
9190 6779
2 6779
8244 6780
10373 6780
10103 6780
9301 6780
9011 6780
9110 6780
9665 6780
2 6780
2136 6781
1599 6781
608 6781
1100 6781
11664 6781
9576 6781
11035 6781
9473 6781
11889 6781
8280 6781
10471 6781
11359 6781
8351 6781
2 6781
8488 6782
8272 6782
9440 6782
9651 6782
2 6782
10548 6783
9971 6783
8901 6783
11695 6783
10004 6783
10289 6783
2 6783
9509 6784
11082 6784
10838 6784
8293 6784
11708 6784
10337 6784
10988 6784
10656 6784
11681 6784
8435 6784
11076 6784
2 6784
3377 6785
1782 6785
8889 6785
10923 6785
9128 6785
10104 6785
8652 6785
2 6785
8273 6786
8555 6786
9567 6786
8243 6786
8238 6786
11305 6786
10980 6786
11739 6786
10939 6786
10493 6786
11690 6786
2 6786
8613 6787
9722 6787
8239 6787
10961 6787
2 6787
9706 6788
11774 6788
10852 6788
8341 6788
11337 6788
9969 6788
11369 6788
2 6788
10558 6789
10456 6789
8473 6789
11616 6789
11833 6789
8255 6789
10458 6789
11990 6789
9818 6789
8262 6789
10915 6789
2 6789
10846 6790
10449 6790
10459 6790
9540 6790
11135 6790
8400 6790
11620 6790
11458 6790
10933 6790
2 6790
9252 6791
10490 6791
8296 6791
11143 6791
9810 6791
8485 6791
9379 6791
10072 6791
8018 6791
2 6791
9147 6792
11626 6792
9225 6792
11354 6792
11727 6792
10065 6792
2 6792
9891 6793
11210 6793
10854 6793
11283 6793
9512 6793
11472 6793
2 6793
9664 6794
11686 6794
10282 6794
11464 6794
10285 6794
10870 6794
8723 6794
10946 6794
9328 6794
2 6794
10212 6795
11252 6795
11075 6795
8443 6795
2 6795
10883 6796
11580 6796
10062 6796
10509 6796
11599 6796
9834 6796
11412 6796
9937 6796
2 6796
8267 6797
8715 6797
9947 6797
8556 6797
2 6797
8199 6798
10694 6798
9202 6798
8678 6798
2 6798
11976 6799
11439 6799
9499 6799
8349 6799
2 6799
9290 6800
8546 6800
8199 6800
10306 6800
2 6800
8406 6801
9009 6801
8572 6801
11746 6801
10537 6801
9725 6801
9318 6801
10337 6801
10011 6801
10743 6801
2 6801
11557 6802
11849 6802
9045 6802
10961 6802
10121 6802
10289 6802
8551 6802
8832 6802
9331 6802
8471 6802
10320 6802
2 6802
10510 6803
11015 6803
9245 6803
10865 6803
8255 6803
8634 6803
9737 6803
10418 6803
10943 6803
2 6803
9748 6804
11460 6804
10231 6804
11730 6804
11587 6804
9619 6804
8104 6804
9011 6804
2 6804
1432 6805
3714 6805
9687 6805
10305 6805
10489 6805
8150 6805
9816 6805
8586 6805
2 6805
10886 6806
8634 6806
10253 6806
11764 6806
2 6806
9055 6807
9275 6807
10584 6807
11929 6807
2 6807
9996 6808
9992 6808
10455 6808
9708 6808
10451 6808
9472 6808
8444 6808
11426 6808
2 6808
8694 6809
11246 6809
11655 6809
8902 6809
8079 6809
11852 6809
10394 6809
9771 6809
10044 6809
9674 6809
11947 6809
2 6809
9368 6810
10740 6810
11114 6810
11256 6810
9271 6810
8271 6810
10971 6810
2 6810
9907 6811
10766 6811
8216 6811
8872 6811
8958 6811
8875 6811
11352 6811
8858 6811
11177 6811
2 6811
9482 6812
8107 6812
9265 6812
10345 6812
9105 6812
2 6812
8391 6813
10952 6813
11301 6813
8821 6813
8171 6813
11008 6813
11009 6813
2 6813
3821 6814
451 6814
2534 6814
11737 6814
9118 6814
10670 6814
8284 6814
10538 6814
8854 6814
11484 6814
10955 6814
9391 6814
8344 6814
2 6814
10435 6815
11749 6815
10591 6815
9016 6815
11502 6815
2 6815
3129 6816
2451 6816
8452 6816
9955 6816
10837 6816
9101 6816
9304 6816
10017 6816
2 6816
3253 6817
1341 6817
2763 6817
1946 6817
10859 6817
9741 6817
8517 6817
11035 6817
8390 6817
11588 6817
9821 6817
10571 6817
11145 6817
10427 6817
11683 6817
2 6817
9442 6818
11811 6818
10668 6818
11140 6818
8995 6818
2 6818
10201 6819
11107 6819
8433 6819
9947 6819
2 6819
8168 6820
11175 6820
10284 6820
8485 6820
8296 6820
8402 6820
11337 6820
2 6820
10947 6821
8536 6821
11831 6821
11404 6821
9176 6821
9388 6821
11960 6821
10334 6821
2 6821
11523 6822
11390 6822
10619 6822
8190 6822
9845 6822
10367 6822
8092 6822
8573 6822
2 6822
8208 6823
8081 6823
10795 6823
10505 6823
9065 6823
11930 6823
2 6823
10676 6824
11098 6824
9482 6824
11852 6824
9954 6824
2 6824
10114 6825
11606 6825
8213 6825
8335 6825
9772 6825
2 6825
10393 6826
11080 6826
8282 6826
9078 6826
9030 6826
9278 6826
11626 6826
8080 6826
9333 6826
2 6826
8523 6827
10937 6827
10753 6827
11172 6827
10996 6827
10708 6827
2 6827
8071 6828
8631 6828
11405 6828
8707 6828
10792 6828
9193 6828
8761 6828
8964 6828
2 6828
10975 6829
11838 6829
9233 6829
8251 6829
8408 6829
9728 6829
10701 6829
9962 6829
10145 6829
2 6829
9233 6830
9094 6830
9865 6830
8905 6830
2 6830
11910 6831
8082 6831
8945 6831
11618 6831
9436 6831
9440 6831
2 6831
10546 6832
9620 6832
9887 6832
8154 6832
2 6832
11691 6833
9464 6833
10352 6833
11468 6833
2 6833
8162 6834
11641 6834
8041 6834
10394 6834
9588 6834
9740 6834
11824 6834
11353 6834
2 6834
8141 6835
8228 6835
10929 6835
10758 6835
8147 6835
9439 6835
9522 6835
9035 6835
2 6835
8350 6836
9643 6836
9185 6836
11053 6836
11216 6836
9555 6836
2 6836
11369 6837
11218 6837
9716 6837
11052 6837
9415 6837
10585 6837
8455 6837
2 6837
8733 6838
9548 6838
10978 6838
10463 6838
2 6838
9179 6839
9395 6839
9683 6839
10185 6839
11433 6839
11033 6839
11198 6839
9392 6839
8581 6839
8064 6839
2 6839
788 6840
1835 6840
1241 6840
811 6840
1260 6840
10356 6840
9413 6840
9676 6840
10688 6840
8652 6840
9118 6840
9059 6840
10355 6840
8563 6840
10873 6840
2 6840
8212 6841
8098 6841
10057 6841
10450 6841
9338 6841
9038 6841
11138 6841
10478 6841
2 6841
11493 6842
10344 6842
8297 6842
11454 6842
10619 6842
11399 6842
9157 6842
2 6842
10307 6843
11616 6843
8495 6843
11855 6843
11990 6843
10785 6843
10069 6843
2 6843
9553 6844
9025 6844
10158 6844
11658 6844
9099 6844
10609 6844
11845 6844
9018 6844
9669 6844
2 6844
11709 6845
10942 6845
11416 6845
8362 6845
10529 6845
11429 6845
2 6845
8892 6846
11322 6846
11879 6846
11383 6846
9408 6846
2 6846
208 6847
2019 6847
3332 6847
1452 6847
707 6847
9854 6847
8840 6847
9777 6847
11484 6847
10226 6847
11719 6847
11765 6847
10077 6847
8264 6847
11104 6847
2 6847
11743 6848
9228 6848
9195 6848
9286 6848
9824 6848
9229 6848
8668 6848
8056 6848
10432 6848
9617 6848
8748 6848
2 6848
10484 6849
9209 6849
8263 6849
10166 6849
8569 6849
11358 6849
9935 6849
10744 6849
8950 6849
11960 6849
2 6849
9143 6850
9200 6850
11650 6850
9202 6850
8585 6850
2 6850
8433 6851
9617 6851
10600 6851
11414 6851
10385 6851
9474 6851
10426 6851
9861 6851
9240 6851
9183 6851
10794 6851
2 6851
10899 6852
10051 6852
11034 6852
8323 6852
10982 6852
8228 6852
8289 6852
10183 6852
10432 6852
8336 6852
2 6852
11246 6853
11341 6853
9267 6853
8922 6853
9560 6853
9387 6853
8628 6853
2 6853
10952 6854
11817 6854
8731 6854
11823 6854
9894 6854
10953 6854
11556 6854
9083 6854
8398 6854
10098 6854
10824 6854
2 6854
8888 6855
9335 6855
9096 6855
8875 6855
8388 6855
10396 6855
9910 6855
10730 6855
9297 6855
2 6855
11142 6856
11111 6856
8221 6856
9791 6856
11417 6856
11264 6856
10109 6856
2 6856
8665 6857
10197 6857
8881 6857
8758 6857
11851 6857
10156 6857
8651 6857
8201 6857
9806 6857
8992 6857
2 6857
1100 6858
1247 6858
3277 6858
3401 6858
970 6858
8446 6858
8344 6858
11531 6858
10226 6858
10482 6858
8636 6858
2 6858
10552 6859
9299 6859
8865 6859
11505 6859
9635 6859
10903 6859
2 6859
10986 6860
11943 6860
11004 6860
8082 6860
8218 6860
10815 6860
11233 6860
8260 6860
11345 6860
2 6860
8120 6861
8529 6861
11037 6861
11266 6861
10943 6861
2 6861
9772 6862
10820 6862
10168 6862
8508 6862
10498 6862
9776 6862
2 6862
10940 6863
8799 6863
10570 6863
8200 6863
11647 6863
8689 6863
2 6863
11899 6864
10649 6864
9291 6864
9613 6864
8186 6864
8592 6864
9026 6864
9127 6864
10446 6864
11273 6864
2 6864
9535 6865
8651 6865
8144 6865
8164 6865
9557 6865
10999 6865
9099 6865
10200 6865
9939 6865
11656 6865
2 6865
9192 6866
11190 6866
11607 6866
11349 6866
10659 6866
10824 6866
2 6866
9530 6867
10815 6867
10397 6867
11537 6867
2 6867
10196 6868
9537 6868
9427 6868
8180 6868
10503 6868
10779 6868
8829 6868
2 6868
11097 6869
9654 6869
8608 6869
9640 6869
2 6869
10637 6870
10731 6870
9592 6870
8865 6870
2 6870
9920 6871
9556 6871
8915 6871
11989 6871
9697 6871
9348 6871
11140 6871
9092 6871
8546 6871
8774 6871
8528 6871
2 6871
9384 6872
10587 6872
9695 6872
11169 6872
11471 6872
8978 6872
11434 6872
10429 6872
2 6872
11561 6873
10145 6873
11507 6873
11324 6873
11332 6873
11204 6873
8900 6873
2 6873
8540 6874
10188 6874
10653 6874
8479 6874
11671 6874
9186 6874
8477 6874
11170 6874
11982 6874
8731 6874
2 6874
10515 6875
10826 6875
10271 6875
8566 6875
10741 6875
8675 6875
8927 6875
9696 6875
8241 6875
8439 6875
11063 6875
2 6875
10437 6876
8467 6876
9556 6876
9801 6876
9877 6876
11704 6876
11773 6876
2 6876
9685 6877
10187 6877
11814 6877
8725 6877
8930 6877
2 6877
8087 6878
9979 6878
11635 6878
8134 6878
8730 6878
10399 6878
2 6878
10452 6879
11089 6879
11663 6879
8626 6879
8093 6879
9424 6879
9731 6879
8039 6879
2 6879
9053 6880
9129 6880
11259 6880
11544 6880
11225 6880
11559 6880
11973 6880
8767 6880
2 6880
10829 6881
10970 6881
10975 6881
8792 6881
2 6881
8012 6882
10057 6882
11746 6882
10135 6882
10434 6882
2 6882
11243 6883
9335 6883
11476 6883
11682 6883
9793 6883
10037 6883
10285 6883
11272 6883
10695 6883
2 6883
8073 6884
9449 6884
8560 6884
8122 6884
9587 6884
8063 6884
9100 6884
10615 6884
10675 6884
11921 6884
2 6884
11120 6885
8442 6885
9380 6885
11609 6885
9245 6885
11950 6885
11903 6885
9602 6885
11037 6885
11970 6885
10331 6885
2 6885
11988 6886
8143 6886
10280 6886
10119 6886
8657 6886
10458 6886
2 6886
11859 6887
11915 6887
11102 6887
11005 6887
8699 6887
11771 6887
8167 6887
2 6887
8906 6888
8591 6888
9287 6888
11539 6888
8674 6888
11337 6888
9913 6888
11152 6888
2 6888
8727 6889
11009 6889
11977 6889
11736 6889
10322 6889
11606 6889
9660 6889
10603 6889
2 6889
9491 6890
9868 6890
9774 6890
11187 6890
8602 6890
11364 6890
10183 6890
11380 6890
8537 6890
9085 6890
2 6890
10296 6891
9712 6891
11545 6891
10685 6891
9817 6891
10561 6891
10185 6891
2 6891
10016 6892
8479 6892
9880 6892
11982 6892
11259 6892
8283 6892
9660 6892
8203 6892
10952 6892
8669 6892
11420 6892
2 6892
8360 6893
11012 6893
11188 6893
10399 6893
8673 6893
10444 6893
2 6893
11751 6894
11503 6894
8358 6894
11970 6894
9899 6894
11151 6894
2 6894
8625 6895
11851 6895
11179 6895
9904 6895
10724 6895
2 6895
9507 6896
11431 6896
9218 6896
10098 6896
2 6896
1626 6897
1211 6897
3211 6897
3092 6897
10120 6897
9118 6897
10180 6897
8517 6897
10489 6897
9927 6897
10571 6897
9444 6897
8441 6897
9745 6897
8409 6897
2 6897
9908 6898
10622 6898
10608 6898
8103 6898
8712 6898
9211 6898
2 6898
8962 6899
8484 6899
11578 6899
10575 6899
10616 6899
9660 6899
10561 6899
2 6899
10994 6900
8572 6900
11398 6900
8362 6900
8122 6900
11448 6900
9336 6900
9400 6900
8677 6900
11507 6900
2 6900
11841 6901
8629 6901
11845 6901
9829 6901
2 6901
9831 6902
10354 6902
10811 6902
11743 6902
11449 6902
10165 6902
9199 6902
8513 6902
9436 6902
2 6902
9147 6903
8073 6903
8549 6903
11142 6903
11593 6903
8535 6903
10243 6903
8207 6903
9407 6903
2 6903
8445 6904
8539 6904
8323 6904
9106 6904
9474 6904
10661 6904
9915 6904
10572 6904
8448 6904
2 6904
11618 6905
10312 6905
10572 6905
8144 6905
11317 6905
10894 6905
8434 6905
2 6905
11074 6906
11007 6906
11562 6906
11378 6906
8802 6906
9226 6906
8166 6906
11813 6906
2 6906
10474 6907
10680 6907
11926 6907
10736 6907
9141 6907
8020 6907
8168 6907
11539 6907
9511 6907
2 6907
10838 6908
10592 6908
11799 6908
9455 6908
9172 6908
2 6908
11823 6909
10718 6909
8186 6909
8268 6909
10605 6909
2 6909
8272 6910
11389 6910
8924 6910
9664 6910
2 6910
11728 6911
11568 6911
10905 6911
10980 6911
10231 6911
9843 6911
8492 6911
2 6911
8599 6912
9606 6912
9529 6912
9409 6912
2 6912
10389 6913
10741 6913
9711 6913
10806 6913
9726 6913
11907 6913
11005 6913
11637 6913
11893 6913
8397 6913
10152 6913
2 6913
10293 6914
11116 6914
11606 6914
9146 6914
8436 6914
8800 6914
2 6914
1399 6915
715 6915
8991 6915
8692 6915
8024 6915
11112 6915
0 6915
9693 6915
8878 6915
10941 6915
2 6915
8666 6916
8677 6916
9442 6916
8975 6916
11706 6916
9466 6916
9015 6916
10755 6916
11271 6916
8373 6916
9009 6916
2 6916
9778 6917
10775 6917
8863 6917
11733 6917
2 6917
8948 6918
8127 6918
9720 6918
9434 6918
9207 6918
10866 6918
9508 6918
9922 6918
8998 6918
2 6918
8529 6919
8680 6919
9393 6919
8885 6919
9818 6919
10358 6919
10659 6919
10085 6919
11817 6919
8403 6919
8868 6919
2 6919
10083 6920
11537 6920
10834 6920
10934 6920
11755 6920
2 6920
9887 6921
10720 6921
11717 6921
8717 6921
11374 6921
2 6921
9931 6922
8777 6922
9722 6922
8463 6922
8969 6922
11014 6922
2 6922
10310 6923
9055 6923
9058 6923
8913 6923
11960 6923
9252 6923
2 6923
10580 6924
10201 6924
9281 6924
10518 6924
10802 6924
9747 6924
10216 6924
8148 6924
9986 6924
11864 6924
9048 6924
2 6924
11541 6925
10241 6925
9093 6925
8182 6925
8524 6925
11095 6925
11206 6925
9112 6925
9636 6925
10426 6925
2 6925
10434 6926
10963 6926
8466 6926
11582 6926
2 6926
10996 6927
8147 6927
9439 6927
10055 6927
10054 6927
11435 6927
8459 6927
11133 6927
2 6927
10343 6928
9049 6928
8158 6928
8087 6928
9696 6928
11213 6928
10852 6928
2 6928
11400 6929
11715 6929
8433 6929
11214 6929
8555 6929
8896 6929
11807 6929
8788 6929
9414 6929
9050 6929
2 6929
9296 6930
10497 6930
9707 6930
8728 6930
8576 6930
9347 6930
2 6930
9078 6931
10963 6931
9168 6931
10519 6931
10210 6931
11913 6931
2 6931
10679 6932
8572 6932
9168 6932
11314 6932
2 6932
11467 6933
10696 6933
10635 6933
11072 6933
11707 6933
11287 6933
9571 6933
11390 6933
8388 6933
2 6933
3873 6934
115 6934
3575 6934
2389 6934
2108 6934
869 6934
11948 6934
10797 6934
11329 6934
11504 6934
9363 6934
11531 6934
10180 6934
8222 6934
8345 6934
9214 6934
2 6934
8915 6935
11968 6935
10528 6935
9799 6935
11487 6935
8012 6935
11279 6935
8899 6935
11237 6935
2 6935
11972 6936
11823 6936
10562 6936
8598 6936
2 6936
8476 6937
9641 6937
9537 6937
11310 6937
11582 6937
11626 6937
8779 6937
9672 6937
2 6937
11924 6938
9203 6938
9213 6938
10762 6938
9045 6938
11532 6938
8989 6938
10711 6938
8038 6938
11660 6938
2 6938
10516 6939
11499 6939
8731 6939
8383 6939
8389 6939
9689 6939
11155 6939
8248 6939
10003 6939
11665 6939
9652 6939
2 6939
11849 6940
11429 6940
10658 6940
11426 6940
8650 6940
10118 6940
11775 6940
2 6940
10343 6941
8920 6941
11893 6941
11987 6941
11734 6941
11971 6941
8402 6941
8364 6941
9319 6941
9156 6941
10765 6941
2 6941
10441 6942
9524 6942
10347 6942
8560 6942
11788 6942
9277 6942
11156 6942
9044 6942
11377 6942
2 6942
9795 6943
10894 6943
11551 6943
8786 6943
8242 6943
8124 6943
2 6943
10730 6944
10928 6944
8504 6944
10647 6944
9774 6944
11754 6944
10905 6944
8176 6944
2 6944
11684 6945
11879 6945
11159 6945
8756 6945
9828 6945
2 6945
10395 6946
9691 6946
8709 6946
9966 6946
8875 6946
2 6946
9931 6947
10026 6947
9201 6947
8635 6947
9908 6947
8691 6947
9463 6947
10539 6947
10679 6947
2 6947
9474 6948
10507 6948
11159 6948
8472 6948
8941 6948
10728 6948
11841 6948
9500 6948
8433 6948
11300 6948
8723 6948
2 6948
9106 6949
10372 6949
8365 6949
9773 6949
8846 6949
9669 6949
9196 6949
9394 6949
8831 6949
9067 6949
10861 6949
2 6949
11399 6950
10262 6950
8113 6950
8600 6950
11541 6950
11187 6950
10602 6950
10912 6950
10644 6950
2 6950
11462 6951
11328 6951
11449 6951
10409 6951
11410 6951
9720 6951
2 6951
11425 6952
8270 6952
8460 6952
8112 6952
8072 6952
9103 6952
9827 6952
2 6952
11478 6953
8013 6953
9465 6953
10891 6953
9324 6953
10094 6953
8645 6953
8269 6953
2 6953
9706 6954
8976 6954
11546 6954
11191 6954
8674 6954
2 6954
951 6955
462 6955
2576 6955
1423 6955
2884 6955
2077 6955
587 6955
3584 6955
2708 6955
11386 6955
11588 6955
8034 6955
0 6955
11446 6955
11780 6955
10120 6955
2 6955
10258 6956
11426 6956
9649 6956
10740 6956
10290 6956
11626 6956
11111 6956
11532 6956
2 6956
8445 6957
8543 6957
10229 6957
11542 6957
8359 6957
11158 6957
11134 6957
8016 6957
8032 6957
2 6957
11874 6958
11931 6958
9122 6958
11266 6958
9499 6958
9546 6958
11065 6958
8317 6958
9244 6958
9850 6958
2 6958
10935 6959
8917 6959
11423 6959
10244 6959
9683 6959
9625 6959
11982 6959
9296 6959
10486 6959
2 6959
10758 6960
10229 6960
11128 6960
9364 6960
10559 6960
2 6960
8826 6961
8770 6961
9602 6961
9510 6961
9499 6961
11141 6961
10329 6961
8798 6961
11495 6961
2 6961
546 6962
3114 6962
351 6962
11329 6962
10001 6962
10812 6962
8426 6962
8257 6962
8563 6962
8985 6962
11683 6962
10874 6962
2 6962
3884 6963
1049 6963
8206 6963
9794 6963
10989 6963
10196 6963
11770 6963
9787 6963
10212 6963
11014 6963
9834 6963
10954 6963
9070 6963
0 6963
2 6963
8860 6964
8402 6964
9800 6964
9346 6964
2 6964
10432 6965
9923 6965
11519 6965
10257 6965
9281 6965
11459 6965
10840 6965
8114 6965
9823 6965
10577 6965
10203 6965
2 6965
10736 6966
8775 6966
11657 6966
8296 6966
9815 6966
8782 6966
10056 6966
9531 6966
2 6966
10843 6967
10158 6967
9315 6967
10012 6967
8892 6967
2 6967
11761 6968
10956 6968
10075 6968
9388 6968
10901 6968
9716 6968
10505 6968
10326 6968
8514 6968
2 6968
1483 6969
3592 6969
2153 6969
3570 6969
852 6969
9917 6969
11914 6969
8840 6969
12000 6969
11664 6969
9777 6969
8284 6969
8024 6969
9736 6969
10809 6969
2 6969
11611 6970
8699 6970
10134 6970
11074 6970
8791 6970
10895 6970
9490 6970
11987 6970
9752 6970
2 6970
11722 6971
11243 6971
8238 6971
8867 6971
9414 6971
8723 6971
8570 6971
11239 6971
8710 6971
11675 6971
2 6971
9162 6972
11174 6972
10601 6972
10214 6972
9949 6972
8802 6972
10911 6972
9948 6972
11063 6972
2 6972
11200 6973
8216 6973
8637 6973
9412 6973
2 6973
11250 6974
10454 6974
9876 6974
8752 6974
11976 6974
2 6974
8410 6975
8348 6975
11494 6975
9075 6975
9002 6975
8631 6975
10973 6975
2 6975
9145 6976
10833 6976
11321 6976
8120 6976
8349 6976
11876 6976
2 6976
9022 6977
11278 6977
11527 6977
9846 6977
11379 6977
10561 6977
2 6977
11327 6978
11587 6978
10661 6978
11370 6978
10565 6978
8067 6978
9246 6978
11897 6978
10395 6978
2 6978
8611 6979
9908 6979
11998 6979
10817 6979
9463 6979
11887 6979
10632 6979
10738 6979
11921 6979
10245 6979
2 6979
9683 6980
10061 6980
9154 6980
8917 6980
9551 6980
11321 6980
10238 6980
10322 6980
8797 6980
2 6980
8203 6981
8632 6981
9601 6981
9312 6981
8268 6981
8430 6981
2 6981
9424 6982
9689 6982
8204 6982
11360 6982
8931 6982
9525 6982
10734 6982
10295 6982
2 6982
9369 6983
11073 6983
8354 6983
8835 6983
10365 6983
9845 6983
11675 6983
10756 6983
8492 6983
2 6983
2020 6984
2783 6984
2828 6984
1836 6984
1069 6984
1234 6984
8150 6984
8115 6984
8446 6984
10812 6984
0 6984
9323 6984
10226 6984
8987 6984
9821 6984
2 6984
10904 6985
10645 6985
11596 6985
11178 6985
8186 6985
9307 6985
10329 6985
9418 6985
9245 6985
8541 6985
11331 6985
2 6985
2545 6986
2482 6986
3186 6986
2625 6986
2965 6986
3134 6986
3873 6986
8640 6986
8024 6986
8409 6986
11791 6986
9034 6986
9039 6986
11948 6986
10440 6986
2 6986
11410 6987
11355 6987
8071 6987
9182 6987
11691 6987
11411 6987
11910 6987
9643 6987
11786 6987
10106 6987
8190 6987
2 6987
8251 6988
10466 6988
9387 6988
8292 6988
8678 6988
10537 6988
9113 6988
10702 6988
10509 6988
9382 6988
8986 6988
2 6988
8213 6989
10263 6989
8538 6989
11424 6989
8826 6989
11833 6989
8393 6989
9652 6989
11065 6989
9574 6989
2 6989
11507 6990
11510 6990
8544 6990
8356 6990
8379 6990
8686 6990
2 6990
10613 6991
10781 6991
8620 6991
8929 6991
9000 6991
2 6991
11362 6992
10540 6992
9511 6992
9251 6992
8775 6992
9705 6992
10163 6992
2 6992
11965 6993
10529 6993
11110 6993
10246 6993
10126 6993
11636 6993
8060 6993
9070 6993
8361 6993
8628 6993
9645 6993
2 6993
11417 6994
11269 6994
8930 6994
8955 6994
9758 6994
8061 6994
10273 6994
11082 6994
10030 6994
9477 6994
10520 6994
2 6994
10398 6995
9017 6995
10357 6995
11131 6995
8742 6995
10122 6995
10070 6995
9945 6995
11173 6995
11991 6995
2 6995
8792 6996
10855 6996
9078 6996
11075 6996
9877 6996
11277 6996
11031 6996
11412 6996
10672 6996
9677 6996
9983 6996
2 6996
9080 6997
10488 6997
11904 6997
10354 6997
10840 6997
9803 6997
8502 6997
11571 6997
10682 6997
11879 6997
2 6997
11350 6998
8971 6998
10269 6998
8215 6998
10094 6998
10021 6998
10041 6998
11724 6998
8346 6998
2 6998
10112 6999
8203 6999
8440 6999
10595 6999
8496 6999
10674 6999
10098 6999
9703 6999
10191 6999
2 6999
9825 7000
9370 7000
11984 7000
9340 7000
2 7000
11057 7001
8088 7001
8343 7001
10446 7001
8856 7001
10307 7001
10513 7001
8329 7001
9320 7001
8460 7001
8904 7001
2 7001
10319 7002
11480 7002
10469 7002
11601 7002
8966 7002
10472 7002
10574 7002
10390 7002
2 7002
8190 7003
11523 7003
9064 7003
11197 7003
11108 7003
11569 7003
9491 7003
9157 7003
2 7003
10445 7004
9143 7004
11374 7004
10478 7004
2 7004
11911 7005
10554 7005
9860 7005
11877 7005
8132 7005
11734 7005
9815 7005
2 7005
8795 7006
11021 7006
8053 7006
8145 7006
10250 7006
11163 7006
10159 7006
11391 7006
9893 7006
11428 7006
8639 7006
2 7006
2068 7007
1399 7007
11808 7007
11719 7007
9411 7007
8409 7007
9717 7007
11804 7007
8652 7007
2 7007
11230 7008
10866 7008
10600 7008
11243 7008
9702 7008
8077 7008
11537 7008
9961 7008
8323 7008
9483 7008
2 7008
9965 7009
10878 7009
9355 7009
11369 7009
11135 7009
11183 7009
9398 7009
2 7009
9406 7010
10936 7010
8693 7010
10803 7010
11343 7010
11796 7010
10108 7010
11196 7010
9617 7010
9841 7010
2 7010
8754 7011
9610 7011
11494 7011
10799 7011
2 7011
10061 7012
9186 7012
9778 7012
11669 7012
8680 7012
2 7012
11909 7013
9369 7013
8537 7013
8554 7013
2 7013
10561 7014
11501 7014
11274 7014
11268 7014
11198 7014
8847 7014
2 7014
10977 7015
10014 7015
9372 7015
10703 7015
8090 7015
8363 7015
2 7015
10317 7016
11566 7016
11609 7016
8425 7016
9618 7016
8438 7016
2 7016
242 7017
3161 7017
8151 7017
11683 7017
11285 7017
8198 7017
8426 7017
9699 7017
9897 7017
9063 7017
11104 7017
2 7017
11729 7018
8590 7018
11744 7018
10080 7018
11226 7018
11382 7018
2 7018
11387 7019
9466 7019
9849 7019
8905 7019
2 7019
11890 7020
11828 7020
11425 7020
8479 7020
10510 7020
10351 7020
9613 7020
2 7020
11731 7021
11732 7021
11930 7021
8972 7021
8617 7021
11937 7021
2 7021
10678 7022
11820 7022
8185 7022
11688 7022
10487 7022
11860 7022
11263 7022
8919 7022
11497 7022
2 7022
9316 7023
8761 7023
8999 7023
8647 7023
9240 7023
9564 7023
8651 7023
2 7023
9548 7024
8120 7024
8248 7024
11669 7024
8382 7024
2 7024
9510 7025
8522 7025
8598 7025
9451 7025
9652 7025
8413 7025
2 7025
10889 7026
10221 7026
10990 7026
9735 7026
8048 7026
10751 7026
11522 7026
11771 7026
11620 7026
10735 7026
9295 7026
2 7026
11621 7027
8915 7027
10393 7027
11269 7027
2 7027
9748 7028
11940 7028
8555 7028
11789 7028
2 7028
9775 7029
11668 7029
9492 7029
8337 7029
8777 7029
9749 7029
11540 7029
9878 7029
2 7029
11266 7030
11994 7030
11596 7030
10317 7030
8542 7030
8498 7030
9660 7030
2 7030
9761 7031
10379 7031
8050 7031
9030 7031
11375 7031
8076 7031
9028 7031
11304 7031
9872 7031
2 7031
8504 7032
8894 7032
11179 7032
11521 7032
9208 7032
11217 7032
8459 7032
2 7032
8796 7033
10977 7033
9038 7033
11050 7033
10654 7033
8175 7033
8271 7033
11409 7033
8435 7033
8551 7033
2 7033
11753 7034
11902 7034
10293 7034
10452 7034
8294 7034
8738 7034
10237 7034
9488 7034
11843 7034
9053 7034
2 7034
10243 7035
11998 7035
11264 7035
8925 7035
8090 7035
10675 7035
11222 7035
9061 7035
8703 7035
2 7035
9162 7036
11522 7036
9209 7036
9355 7036
10956 7036
11546 7036
2 7036
10394 7037
9277 7037
10875 7037
9877 7037
8363 7037
9239 7037
9914 7037
10752 7037
9452 7037
10537 7037
2 7037
10201 7038
11701 7038
11925 7038
10312 7038
9642 7038
2 7038
9665 7039
11287 7039
11061 7039
8316 7039
2 7039
11627 7040
9187 7040
9310 7040
10241 7040
2 7040
11063 7041
8022 7041
11183 7041
10933 7041
8608 7041
2 7041
11890 7042
11725 7042
9974 7042
9380 7042
10189 7042
10491 7042
8890 7042
11741 7042
8451 7042
8204 7042
10418 7042
2 7042
11061 7043
11352 7043
11196 7043
10038 7043
11909 7043
10811 7043
10992 7043
2 7043
10154 7044
11036 7044
11571 7044
10843 7044
9229 7044
2 7044
9583 7045
11705 7045
8435 7045
11809 7045
8324 7045
9352 7045
10658 7045
2 7045
11084 7046
10062 7046
10634 7046
10819 7046
11265 7046
8772 7046
11353 7046
2 7046
10512 7047
8972 7047
8644 7047
9459 7047
11168 7047
11486 7047
10620 7047
10284 7047
9847 7047
10511 7047
9563 7047
2 7047
9475 7048
11788 7048
8676 7048
8236 7048
9073 7048
8546 7048
11429 7048
10245 7048
10779 7048
8253 7048
2 7048
8297 7049
9182 7049
11513 7049
11232 7049
2 7049
11378 7050
8048 7050
11687 7050
8161 7050
8803 7050
9184 7050
9815 7050
11421 7050
8913 7050
2 7050
11784 7051
9558 7051
10575 7051
9046 7051
2 7051
11194 7052
10170 7052
8874 7052
10703 7052
2 7052
3151 7053
2992 7053
2176 7053
3701 7053
10226 7053
12000 7053
11359 7053
10808 7053
9693 7053
8426 7053
2 7053
9394 7054
8244 7054
8570 7054
8289 7054
2 7054
11500 7055
10740 7055
8137 7055
9044 7055
10324 7055
2 7055
11269 7056
9782 7056
8089 7056
10539 7056
10789 7056
2 7056
10126 7057
9634 7057
9283 7057
9431 7057
8019 7057
10720 7057
8558 7057
9078 7057
8205 7057
10637 7057
2 7057
8988 7058
10434 7058
9321 7058
8703 7058
10198 7058
10368 7058
8915 7058
12001 7058
10387 7058
2 7058
11543 7059
10945 7059
10961 7059
9078 7059
9931 7059
2 7059
9131 7060
8794 7060
9290 7060
11883 7060
11387 7060
10675 7060
11392 7060
11140 7060
11219 7060
10590 7060
2 7060
9126 7061
9110 7061
10094 7061
9538 7061
10885 7061
9465 7061
8524 7061
9047 7061
2 7061
10653 7062
9033 7062
11840 7062
10523 7062
9930 7062
11465 7062
9395 7062
8479 7062
10857 7062
9551 7062
2 7062
11404 7063
9055 7063
11589 7063
11005 7063
9206 7063
9762 7063
8320 7063
11143 7063
9251 7063
8705 7063
8014 7063
2 7063
9827 7064
11360 7064
9851 7064
9255 7064
10010 7064
11402 7064
10685 7064
11817 7064
2 7064
2601 7065
10234 7065
8281 7065
9101 7065
9306 7065
9699 7065
10427 7065
11914 7065
8345 7065
2 7065
9470 7066
8023 7066
11809 7066
11534 7066
9430 7066
9662 7066
8431 7066
9314 7066
10772 7066
2 7066
8502 7067
8145 7067
10572 7067
9961 7067
2 7067
10456 7068
11855 7068
10949 7068
9291 7068
10564 7068
10824 7068
9613 7068
8926 7068
9760 7068
8029 7068
10191 7068
2 7068
8029 7069
8917 7069
10759 7069
10588 7069
9712 7069
9425 7069
8120 7069
8983 7069
11164 7069
2 7069
9529 7070
11882 7070
11417 7070
11794 7070
11282 7070
9376 7070
9746 7070
2 7070
8419 7071
11323 7071
10198 7071
9638 7071
9830 7071
2 7071
9539 7072
11302 7072
11370 7072
9110 7072
10236 7072
10241 7072
11815 7072
11781 7072
9357 7072
2 7072
8433 7073
10851 7073
8554 7073
11712 7073
9414 7073
9161 7073
10054 7073
10848 7073
2 7073
9451 7074
8738 7074
11697 7074
10915 7074
8929 7074
2 7074
11377 7075
8567 7075
9247 7075
9791 7075
11122 7075
11947 7075
9111 7075
10700 7075
11557 7075
8428 7075
12001 7075
2 7075
10867 7076
9261 7076
10523 7076
10256 7076
11238 7076
9941 7076
8031 7076
11193 7076
2 7076
9851 7077
9261 7077
11266 7077
8582 7077
8185 7077
11890 7077
11767 7077
9912 7077
2 7077
8820 7078
10336 7078
10956 7078
10684 7078
2 7078
11273 7079
11009 7079
11331 7079
11818 7079
10935 7079
2 7079
8420 7080
9171 7080
9351 7080
11879 7080
11177 7080
11796 7080
11722 7080
8668 7080
10353 7080
2 7080
10496 7081
8857 7081
11247 7081
9561 7081
11377 7081
10731 7081
11026 7081
2 7081
10090 7082
9718 7082
8603 7082
11702 7082
10350 7082
8371 7082
2 7082
9956 7083
8512 7083
9538 7083
9175 7083
8157 7083
2 7083
10477 7084
9430 7084
9914 7084
9509 7084
11760 7084
9758 7084
9219 7084
8744 7084
8463 7084
8579 7084
2 7084
8675 7085
9269 7085
11893 7085
9388 7085
11168 7085
9948 7085
9266 7085
8704 7085
8208 7085
10827 7085
8674 7085
2 7085
8624 7086
8660 7086
9792 7086
9505 7086
8480 7086
11785 7086
11963 7086
11352 7086
8267 7086
2 7086
11092 7087
11536 7087
10155 7087
11052 7087
11929 7087
9607 7087
11027 7087
9458 7087
10727 7087
2 7087
10057 7088
8195 7088
11051 7088
8306 7088
9079 7088
2 7088
9551 7089
11503 7089
10199 7089
8936 7089
8657 7089
11288 7089
8598 7089
11263 7089
11441 7089
2 7089
10779 7090
11026 7090
9030 7090
8394 7090
2 7090
11713 7091
11548 7091
9533 7091
11120 7091
9701 7091
9609 7091
9264 7091
11330 7091
8398 7091
2 7091
11393 7092
9942 7092
9886 7092
8428 7092
9518 7092
8467 7092
2 7092
10984 7093
10708 7093
8739 7093
8789 7093
10397 7093
2 7093
8312 7094
8459 7094
8035 7094
11134 7094
8145 7094
8561 7094
9121 7094
9332 7094
9448 7094
2 7094
9441 7095
10312 7095
10084 7095
8589 7095
11109 7095
2 7095
2604 7096
2649 7096
514 7096
703 7096
11914 7096
11078 7096
9853 7096
8034 7096
10427 7096
9745 7096
8446 7096
9816 7096
10873 7096
10923 7096
11307 7096
2 7096
10467 7097
8937 7097
11933 7097
11002 7097
8293 7097
10977 7097
11593 7097
11024 7097
2 7097
9055 7098
9607 7098
9235 7098
10628 7098
10727 7098
9005 7098
9141 7098
10214 7098
11854 7098
11421 7098
2 7098
8717 7099
11387 7099
9476 7099
9740 7099
9898 7099
2 7099
9890 7100
11182 7100
8588 7100
11278 7100
9054 7100
10322 7100
9360 7100
8895 7100
10060 7100
11178 7100
11190 7100
2 7100
9400 7101
10315 7101
10668 7101
9587 7101
10961 7101
9641 7101
9382 7101
9293 7101
11941 7101
2 7101
9961 7102
8835 7102
9665 7102
8954 7102
8475 7102
11356 7102
11618 7102
10928 7102
8973 7102
9973 7102
11594 7102
2 7102
11730 7103
9555 7103
8164 7103
11498 7103
10541 7103
11585 7103
11715 7103
2 7103
9673 7104
11950 7104
12002 7104
9827 7104
8522 7104
8733 7104
8576 7104
11268 7104
10813 7104
9599 7104
2 7104
1596 7105
1095 7105
11586 7105
8458 7105
11765 7105
8366 7105
8163 7105
10489 7105
8222 7105
8264 7105
10017 7105
2 7105
8197 7106
9725 7106
9667 7106
9509 7106
11692 7106
11313 7106
11396 7106
8515 7106
10897 7106
8726 7106
2 7106
3710 7107
3630 7107
230 7107
1794 7107
341 7107
8401 7107
10204 7107
9611 7107
11446 7107
9178 7107
11145 7107
9101 7107
9900 7107
9991 7107
10149 7107
2 7107
10065 7108
10379 7108
9587 7108
10606 7108
11290 7108
11076 7108
11397 7108
10080 7108
10711 7108
9457 7108
11921 7108
2 7108
9534 7109
10344 7109
8040 7109
11462 7109
9194 7109
10763 7109
9952 7109
9541 7109
2 7109
8037 7110
11033 7110
11736 7110
8389 7110
9138 7110
8377 7110
11545 7110
2 7110
10548 7111
9172 7111
9068 7111
8583 7111
11147 7111
8407 7111
11633 7111
8658 7111
11056 7111
8855 7111
2 7111
8162 7112
9635 7112
8937 7112
11297 7112
11363 7112
11084 7112
9471 7112
11156 7112
10064 7112
8766 7112
8406 7112
2 7112
9087 7113
11812 7113
9406 7113
10312 7113
10916 7113
8164 7113
2 7113
10541 7114
9126 7114
10802 7114
11807 7114
9910 7114
10165 7114
11261 7114
11132 7114
2 7114
8926 7115
9418 7115
10492 7115
10061 7115
10237 7115
11688 7115
11266 7115
2 7115
9659 7116
11881 7116
10768 7116
8433 7116
8597 7116
10247 7116
10843 7116
9904 7116
8603 7116
2 7116
3504 7117
903 7117
3916 7117
1185 7117
729 7117
9405 7117
11484 7117
10292 7117
10104 7117
9693 7117
9900 7117
10281 7117
10614 7117
11765 7117
11791 7117
10688 7117
2 7117
1862 7118
87 7118
3639 7118
1599 7118
9214 7118
9699 7118
11948 7118
10180 7118
10113 7118
9611 7118
2 7118
8733 7119
10597 7119
8358 7119
10944 7119
9401 7119
2 7119
11399 7120
10790 7120
11047 7120
11028 7120
9904 7120
10708 7120
2 7120
11048 7121
9943 7121
8833 7121
8131 7121
11249 7121
11540 7121
10362 7121
10672 7121
9338 7121
9078 7121
10415 7121
2 7121
3013 7122
99 7122
2197 7122
3704 7122
917 7122
8854 7122
10281 7122
8563 7122
10955 7122
8659 7122
10850 7122
10808 7122
2 7122
8901 7123
8825 7123
10789 7123
9283 7123
11055 7123
8172 7123
10691 7123
11204 7123
9292 7123
10230 7123
11507 7123
2 7123
11462 7124
10353 7124
10681 7124
9485 7124
10216 7124
11651 7124
9796 7124
9339 7124
8524 7124
8949 7124
2 7124
11226 7125
8293 7125
9688 7125
10143 7125
8614 7125
11770 7125
9100 7125
11195 7125
11572 7125
8463 7125
9901 7125
2 7125
1054 7126
2875 7126
2314 7126
3178 7126
8547 7126
8740 7126
8198 7126
10687 7126
10797 7126
8878 7126
11329 7126
2 7126
9934 7127
9257 7127
11638 7127
8589 7127
9617 7127
2 7127
10189 7128
10949 7128
11962 7128
9419 7128
9712 7128
9478 7128
11193 7128
10516 7128
8100 7128
11008 7128
2 7128
9621 7129
11864 7129
8916 7129
8979 7129
9037 7129
8714 7129
11850 7129
10079 7129
9986 7129
11061 7129
2 7129
10470 7130
11883 7130
9723 7130
10788 7130
10434 7130
11256 7130
11543 7130
9814 7130
11234 7130
9641 7130
8041 7130
2 7130
9598 7131
11383 7131
10936 7131
9820 7131
9988 7131
9308 7131
8630 7131
11401 7131
2 7131
11032 7132
9673 7132
11699 7132
11669 7132
2 7132
10743 7133
11623 7133
8128 7133
10772 7133
10009 7133
9030 7133
10346 7133
9331 7133
2 7133
8141 7134
8739 7134
10611 7134
8238 7134
10993 7134
11167 7134
11415 7134
11618 7134
2 7134
9238 7135
11507 7135
11471 7135
8033 7135
10018 7135
8955 7135
11121 7135
2 7135
8996 7136
10721 7136
8211 7136
8865 7136
11709 7136
11488 7136
10122 7136
11956 7136
11965 7136
8128 7136
9759 7136
2 7136
11968 7137
11543 7137
9766 7137
9430 7137
9509 7137
10954 7137
9124 7137
10066 7137
9684 7137
2 7137
10062 7138
10632 7138
9914 7138
11121 7138
9996 7138
9537 7138
8585 7138
9010 7138
2 7138
11413 7139
9893 7139
9097 7139
10344 7139
11289 7139
9747 7139
2 7139
9733 7140
10915 7140
11688 7140
8806 7140
9852 7140
11979 7140
11839 7140
2 7140
10749 7141
9833 7141
8253 7141
10299 7141
11801 7141
10615 7141
8509 7141
9647 7141
9480 7141
11375 7141
10907 7141
2 7141
10125 7142
11086 7142
8506 7142
9290 7142
10555 7142
10897 7142
11416 7142
10298 7142
9637 7142
10145 7142
2 7142
11958 7143
8892 7143
9555 7143
11763 7143
9751 7143
2 7143
2358 7144
2157 7144
10001 7144
9853 7144
8737 7144
9655 7144
10149 7144
2 7144
8666 7145
8834 7145
9920 7145
10922 7145
11836 7145
9561 7145
11558 7145
10299 7145
8930 7145
2 7145
11326 7146
11408 7146
8254 7146
11750 7146
8363 7146
8957 7146
9081 7146
2 7146
8597 7147
8524 7147
11826 7147
8831 7147
11716 7147
2 7147
11720 7148
8739 7148
10495 7148
11603 7148
9786 7148
10936 7148
10472 7148
8810 7148
8702 7148
2 7148
10508 7149
11158 7149
10012 7149
8872 7149
8735 7149
2 7149
10607 7150
9858 7150
11021 7150
9700 7150
9957 7150
8157 7150
9439 7150
10695 7150
11053 7150
2 7150
9636 7151
8604 7151
9690 7151
8734 7151
9098 7151
10137 7151
11560 7151
2 7151
987 7152
3491 7152
2319 7152
3999 7152
1105 7152
10226 7152
9927 7152
10966 7152
9416 7152
11588 7152
2 7152
8967 7153
8723 7153
9440 7153
9786 7153
9377 7153
9961 7153
8142 7153
10413 7153
11666 7153
10052 7153
10960 7153
2 7153
10178 7154
10541 7154
9567 7154
8603 7154
11944 7154
11769 7154
11411 7154
11327 7154
9981 7154
9467 7154
9410 7154
2 7154
11898 7155
11695 7155
8220 7155
10615 7155
9470 7155
8373 7155
8042 7155
8572 7155
10703 7155
9131 7155
9878 7155
2 7155
9685 7156
8408 7156
9950 7156
11645 7156
11153 7156
8102 7156
11463 7156
2 7156
9141 7157
8673 7157
10626 7157
11458 7157
8153 7157
2 7157
9217 7158
9949 7158
11703 7158
10889 7158
11430 7158
9951 7158
2 7158
8214 7159
8046 7159
9074 7159
10285 7159
9035 7159
10472 7159
9610 7159
8083 7159
8067 7159
9377 7159
2 7159
9731 7160
11439 7160
11298 7160
11199 7160
8519 7160
9532 7160
11425 7160
8581 7160
2 7160
9907 7161
10037 7161
8287 7161
9500 7161
2 7161
9825 7162
8925 7162
10177 7162
11031 7162
10817 7162
9950 7162
2 7162
8443 7163
9637 7163
10314 7163
8612 7163
2 7163
1083 7164
2757 7164
3292 7164
750 7164
3983 7164
10124 7164
8188 7164
10453 7164
8351 7164
8109 7164
9955 7164
11942 7164
0 7164
8737 7164
2 7164
11250 7165
10401 7165
11699 7165
8477 7165
8317 7165
11518 7165
10186 7165
8177 7165
10588 7165
2 7165
10261 7166
8310 7166
8990 7166
10207 7166
10485 7166
11431 7166
8177 7166
10098 7166
2 7166
11501 7167
10935 7167
11862 7167
10967 7167
9857 7167
10904 7167
2 7167
9512 7168
9901 7168
11549 7168
9113 7168
10091 7168
10897 7168
9570 7168
2 7168
1891 7169
1363 7169
2226 7169
3839 7169
3472 7169
8889 7169
9897 7169
8257 7169
10292 7169
9272 7169
11531 7169
0 7169
9927 7169
10305 7169
10504 7169
0 7169
2 7169
11081 7170
9903 7170
10374 7170
10361 7170
9468 7170
8256 7170
2 7170
10008 7171
11498 7171
10412 7171
10835 7171
11696 7171
9035 7171
8795 7171
9535 7171
2 7171
10187 7172
8612 7172
11082 7172
10825 7172
2 7172
11877 7173
9230 7173
11074 7173
11610 7173
2 7173
8014 7174
11154 7174
10301 7174
9790 7174
8683 7174
2 7174
8518 7175
9455 7175
11067 7175
11880 7175
8635 7175
9456 7175
9367 7175
8062 7175
2 7175
2924 7176
719 7176
228 7176
11780 7176
11253 7176
11504 7176
9768 7176
9821 7176
2 7176
1005 7177
3447 7177
2929 7177
2830 7177
1509 7177
8409 7177
9323 7177
8274 7177
8401 7177
10355 7177
9345 7177
10195 7177
8662 7177
8198 7177
2 7177
11054 7178
11778 7178
9407 7178
10034 7178
9814 7178
8361 7178
8012 7178
2 7178
10436 7179
9146 7179
10331 7179
10613 7179
9817 7179
8928 7179
11193 7179
8037 7179
8349 7179
2 7179
11486 7180
10956 7180
10846 7180
9847 7180
11774 7180
9423 7180
11333 7180
11213 7180
8322 7180
10005 7180
10862 7180
2 7180
10517 7181
8313 7181
11479 7181
10249 7181
2 7181
9598 7182
10173 7182
8192 7182
8629 7182
8894 7182
10860 7182
2 7182
8140 7183
10231 7183
9329 7183
10717 7183
9595 7183
10325 7183
11662 7183
9309 7183
10635 7183
2 7183
8309 7184
9354 7184
8365 7184
8554 7184
8903 7184
8539 7184
9505 7184
8191 7184
2 7184
9180 7185
8035 7185
11891 7185
11410 7185
10247 7185
8757 7185
8156 7185
10046 7185
10508 7185
8074 7185
9029 7185
2 7185
9338 7186
10092 7186
8103 7186
8678 7186
9387 7186
10921 7186
2 7186
11012 7187
11168 7187
9790 7187
11842 7187
10862 7187
10889 7187
2 7187
9255 7188
8093 7188
11820 7188
8343 7188
11120 7188
8839 7188
10771 7188
9138 7188
2 7188
11577 7189
9813 7189
9190 7189
10200 7189
8417 7189
11460 7189
11415 7189
2 7189
10242 7190
9280 7190
8775 7190
11183 7190
10075 7190
2 7190
9073 7191
8058 7191
9271 7191
11161 7191
9898 7191
10989 7191
10235 7191
10615 7191
2 7191
8235 7192
11754 7192
9483 7192
11677 7192
8170 7192
9845 7192
11490 7192
10993 7192
11571 7192
9947 7192
2 7192
11962 7193
11630 7193
10737 7193
10016 7193
2 7193
9708 7194
10379 7194
11221 7194
8784 7194
11788 7194
8717 7194
8771 7194
11448 7194
9396 7194
11912 7194
8694 7194
2 7194
9822 7195
10381 7195
9180 7195
8520 7195
9541 7195
11467 7195
11217 7195
2 7195
9895 7196
9245 7196
9739 7196
9362 7196
8039 7196
9435 7196
2 7196
11003 7197
9434 7197
8353 7197
10036 7197
8618 7197
8954 7197
11479 7197
11712 7197
2 7197
10608 7198
10338 7198
9725 7198
10033 7198
10064 7198
11510 7198
11956 7198
11857 7198
2 7198
8100 7199
10831 7199
10448 7199
9270 7199
8904 7199
9546 7199
9046 7199
10307 7199
2 7199
760 7200
2211 7200
1245 7200
10614 7200
10050 7200
11588 7200
8991 7200
9777 7200
11446 7200
0 7200
8043 7200
9043 7200
8547 7200
2 7200
11272 7201
9644 7201
11822 7201
10707 7201
8971 7201
9354 7201
11827 7201
11477 7201
2 7201
11021 7202
11244 7202
11477 7202
11743 7202
10426 7202
8170 7202
8124 7202
10172 7202
11229 7202
2 7202
11653 7203
11912 7203
9372 7203
11275 7203
9293 7203
9569 7203
8467 7203
9807 7203
11088 7203
10175 7203
8864 7203
2 7203
11728 7204
10792 7204
10892 7204
10153 7204
10008 7204
11519 7204
9390 7204
11109 7204
2 7204
11440 7205
9329 7205
10655 7205
9727 7205
10377 7205
9327 7205
2 7205
9299 7206
10623 7206
11185 7206
9172 7206
8698 7206
10019 7206
9982 7206
2 7206
11116 7207
10510 7207
9817 7207
9683 7207
11994 7207
11331 7207
11057 7207
9733 7207
2 7207
11334 7208
10681 7208
11216 7208
11604 7208
8164 7208
9665 7208
11585 7208
2 7208
9472 7209
10755 7209
10102 7209
10461 7209
8033 7209
10555 7209
2 7209
10636 7210
11137 7210
10893 7210
8601 7210
11474 7210
9599 7210
2 7210
8301 7211
9157 7211
10894 7211
9224 7211
2 7211
2487 7212
2499 7212
3977 7212
10941 7212
12000 7212
11673 7212
8234 7212
11348 7212
9345 7212
11125 7212
2 7212
10654 7213
11936 7213
8923 7213
9204 7213
9104 7213
10579 7213
11626 7213
8102 7213
2 7213
11894 7214
11983 7214
10264 7214
8266 7214
11793 7214
8027 7214
10756 7214
8651 7214
10464 7214
2 7214
8267 7215
10908 7215
9755 7215
8619 7215
9636 7215
2 7215
9562 7216
11443 7216
8303 7216
11313 7216
10587 7216
2 7216
10092 7217
8611 7217
11668 7217
11626 7217
9338 7217
11374 7217
11824 7217
11270 7217
10223 7217
9263 7217
2 7217
9686 7218
11087 7218
9599 7218
9360 7218
9435 7218
2 7218
10746 7219
9669 7219
11344 7219
9646 7219
10208 7219
2 7219
11188 7220
8108 7220
10979 7220
10584 7220
8824 7220
9752 7220
8165 7220
9997 7220
2 7220
9748 7221
11872 7221
8346 7221
9377 7221
11134 7221
10982 7221
8354 7221
2 7221
9814 7222
8915 7222
8416 7222
9537 7222
9588 7222
10694 7222
2 7222
12003 7223
11897 7223
9134 7223
11216 7223
9240 7223
10792 7223
8332 7223
2 7223
3270 7224
723 7224
3597 7224
223 7224
8985 7224
11201 7224
10195 7224
8138 7224
10688 7224
8697 7224
10471 7224
10504 7224
9900 7224
8151 7224
2 7224
8945 7225
11521 7225
11943 7225
11132 7225
9485 7225
10730 7225
11227 7225
8028 7225
9956 7225
2 7225
8478 7226
9681 7226
8759 7226
8866 7226
8612 7226
11098 7226
2 7226
11761 7227
9447 7227
8258 7227
9141 7227
10074 7227
9422 7227
8695 7227
8241 7227
11183 7227
11152 7227
2 7227
9390 7228
8862 7228
11864 7228
9986 7228
10012 7228
8600 7228
10174 7228
11827 7228
8046 7228
2 7228
8136 7229
11166 7229
9236 7229
10163 7229
11074 7229
11027 7229
9657 7229
9959 7229
10512 7229
2 7229
2996 7230
2098 7230
10440 7230
9416 7230
11914 7230
11112 7230
9717 7230
2 7230
8470 7231
8571 7231
10211 7231
9000 7231
10186 7231
11065 7231
10256 7231
10146 7231
10454 7231
9715 7231
8907 7231
2 7231
9251 7232
11186 7232
10459 7232
10505 7232
10530 7232
11915 7232
11980 7232
8179 7232
9065 7232
9422 7232
2 7232
11037 7233
11962 7233
9533 7233
10328 7233
9578 7233
10300 7233
2 7233
8502 7234
11768 7234
10249 7234
9439 7234
11511 7234
8049 7234
2 7234
9156 7235
11059 7235
10131 7235
8695 7235
10754 7235
9735 7235
8414 7235
2 7235
9152 7236
10989 7236
11644 7236
9761 7236
10404 7236
2 7236
11841 7237
11134 7237
11339 7237
10748 7237
10147 7237
11698 7237
9861 7237
8708 7237
9952 7237
2 7237
425 7238
3062 7238
1866 7238
8636 7238
10808 7238
8257 7238
10204 7238
8151 7238
11889 7238
11446 7238
10226 7238
2 7238
8142 7239
11603 7239
9539 7239
10013 7239
10089 7239
8082 7239
9364 7239
11612 7239
11028 7239
10241 7239
8104 7239
2 7239
9659 7240
11477 7240
9744 7240
9390 7240
10993 7240
9893 7240
11163 7240
10767 7240
10914 7240
9595 7240
2 7240
10168 7241
11816 7241
11934 7241
10723 7241
2 7241
10889 7242
10715 7242
11458 7242
11915 7242
2 7242
10132 7243
11135 7243
10403 7243
10531 7243
11530 7243
8655 7243
11935 7243
11183 7243
8577 7243
2 7243
8308 7244
8129 7244
10314 7244
10394 7244
11717 7244
10576 7244
10539 7244
2 7244
10653 7245
11714 7245
9778 7245
11330 7245
9941 7245
10981 7245
8171 7245
9743 7245
2 7245
8632 7246
10944 7246
10003 7246
9558 7246
2 7246
10931 7247
9098 7247
10768 7247
8200 7247
8399 7247
9643 7247
2 7247
8153 7248
10274 7248
8360 7248
11859 7248
9519 7248
8695 7248
8655 7248
10449 7248
2 7248
11625 7249
8679 7249
9974 7249
11972 7249
9601 7249
11792 7249
10569 7249
2 7249
9461 7250
9493 7250
8781 7250
11712 7250
11216 7250
2 7250
8069 7251
11149 7251
9905 7251
9349 7251
9807 7251
9740 7251
10849 7251
9202 7251
2 7251
9070 7252
11249 7252
11173 7252
11161 7252
10573 7252
8711 7252
11111 7252
9457 7252
8293 7252
8590 7252
11247 7252
2 7252
8982 7253
10550 7253
10123 7253
9810 7253
11175 7253
8644 7253
10459 7253
8087 7253
9511 7253
11610 7253
8536 7253
2 7253
11438 7254
9914 7254
10218 7254
9932 7254
11838 7254
11787 7254
2 7254
9460 7255
8827 7255
8062 7255
10567 7255
8327 7255
10408 7255
11516 7255
10455 7255
11293 7255
9344 7255
2 7255
11274 7256
10086 7256
11120 7256
9724 7256
9453 7256
11367 7256
9425 7256
11298 7256
2 7256
8659 7257
11942 7257
10113 7257
8547 7257
2 7257
9689 7258
9071 7258
9130 7258
11566 7258
11320 7258
10010 7258
2 7258
11795 7259
10262 7259
10058 7259
11693 7259
10432 7259
10202 7259
11400 7259
2 7259
8997 7260
8539 7260
8371 7260
9097 7260
11413 7260
8013 7260
8637 7260
10233 7260
9610 7260
9297 7260
10283 7260
2 7260
8645 7261
9866 7261
9093 7261
10205 7261
8086 7261
10939 7261
2 7261
9042 7262
9154 7262
9237 7262
8564 7262
8919 7262
2 7262
9503 7263
10109 7263
9635 7263
9542 7263
9794 7263
11811 7263
10624 7263
11968 7263
8580 7263
11276 7263
8463 7263
2 7263
9976 7264
9896 7264
9273 7264
11594 7264
8761 7264
10677 7264
10116 7264
9643 7264
2 7264
10765 7265
11012 7265
9243 7265
8209 7265
11186 7265
9711 7265
9965 7265
10826 7265
8914 7265
9928 7265
2 7265
11836 7266
10004 7266
8623 7266
11884 7266
11310 7266
2 7266
8815 7267
9938 7267
10700 7267
11770 7267
9152 7267
11742 7267
9996 7267
11965 7267
10044 7267
2 7267
9297 7268
11698 7268
10390 7268
9952 7268
10495 7268
10900 7268
10559 7268
10768 7268
9281 7268
9434 7268
2 7268
11856 7269
10055 7269
10872 7269
9718 7269
8095 7269
10021 7269
11944 7269
8867 7269
11867 7269
2 7269
9998 7270
8230 7270
9935 7270
10531 7270
10974 7270
11019 7270
8569 7270
10726 7270
11378 7270
2 7270
9895 7271
9291 7271
8355 7271
10893 7271
8581 7271
9312 7271
11262 7271
9392 7271
10448 7271
9360 7271
2 7271
8730 7272
8802 7272
10628 7272
9287 7272
2 7272
10011 7273
10829 7273
11880 7273
11966 7273
11347 7273
11849 7273
8925 7273
8106 7273
8682 7273
2 7273
8768 7274
10462 7274
9096 7274
11411 7274
11335 7274
10159 7274
9390 7274
2 7274
8631 7275
8619 7275
9301 7275
10986 7275
10577 7275
9840 7275
10768 7275
10037 7275
8573 7275
10802 7275
11355 7275
2 7275
8247 7276
10622 7276
8546 7276
8368 7276
10223 7276
9263 7276
11001 7276
2 7276
8996 7277
10887 7277
9442 7277
8021 7277
9722 7277
9431 7277
8747 7277
10347 7277
2 7277
10562 7278
11740 7278
8224 7278
10293 7278
9987 7278
2 7278
9261 7279
8540 7279
11266 7279
8897 7279
11331 7279
8261 7279
10261 7279
2 7279
11260 7280
10215 7280
10613 7280
8868 7280
8826 7280
11830 7280
2 7280
11557 7281
9517 7281
9111 7281
8805 7281
9588 7281
11387 7281
2 7281
10845 7282
9395 7282
8343 7282
11749 7282
8826 7282
9990 7282
10697 7282
9536 7282
2 7282
11674 7283
9881 7283
9696 7283
10459 7283
9523 7283
8655 7283
8364 7283
2 7283
10834 7284
9035 7284
10843 7284
8147 7284
8597 7284
11083 7284
11519 7284
10565 7284
11789 7284
9664 7284
8979 7284
2 7284
8148 7285
9522 7285
10029 7285
9973 7285
10728 7285
8651 7285
9126 7285
11079 7285
2 7285
3015 7286
379 7286
3869 7286
1430 7286
3598 7286
2466 7286
937 7286
11112 7286
9854 7286
11035 7286
10966 7286
11673 7286
11737 7286
10923 7286
10305 7286
9699 7286
11889 7286
2 7286
11280 7287
10430 7287
8651 7287
8858 7287
2 7287
10500 7288
9365 7288
10030 7288
11892 7288
8394 7288
10675 7288
10712 7288
8787 7288
2 7288
8332 7289
11718 7289
8891 7289
11480 7289
11624 7289
11091 7289
8756 7289
2 7289
9110 7290
9714 7290
11594 7290
11864 7290
10036 7290
10577 7290
9464 7290
10068 7290
10559 7290
8849 7290
10916 7290
2 7290
11500 7291
8432 7291
10675 7291
10566 7291
9442 7291
8131 7291
8785 7291
2 7291
10446 7292
9515 7292
9525 7292
10697 7292
8898 7292
10781 7292
10456 7292
9703 7292
2 7292
11423 7293
9536 7293
9320 7293
8210 7293
11402 7293
8349 7293
8733 7293
2 7293
11420 7294
8939 7294
8898 7294
8576 7294
8240 7294
10547 7294
11639 7294
8622 7294
9712 7294
8890 7294
10820 7294
2 7294
11219 7295
9877 7295
8478 7295
11574 7295
9466 7295
9667 7295
8221 7295
10118 7295
2 7295
10617 7296
8276 7296
9507 7296
11999 7296
9276 7296
9609 7296
9320 7296
8564 7296
11652 7296
2 7296
10657 7297
8333 7297
10198 7297
9556 7297
8293 7297
10181 7297
10391 7297
2 7297
10911 7298
11911 7298
9675 7298
11731 7298
8791 7298
10821 7298
11168 7298
2 7298
9266 7299
8165 7299
9812 7299
10214 7299
8237 7299
8974 7299
2 7299
9168 7300
8902 7300
10579 7300
10654 7300
9143 7300
9250 7300
9954 7300
8677 7300
9019 7300
9333 7300
11824 7300
2 7300
9019 7301
9738 7301
10110 7301
9942 7301
9188 7301
11249 7301
11645 7301
8783 7301
11256 7301
2 7301
530 7302
1287 7302
817 7302
1760 7302
11535 7302
9306 7302
8652 7302
10873 7302
8610 7302
10157 7302
2 7302
8297 7303
9436 7303
10518 7303
11233 7303
9106 7303
9441 7303
9483 7303
8084 7303
11658 7303
8295 7303
2 7303
8511 7304
10560 7304
8207 7304
11409 7304
11853 7304
10700 7304
2 7304
9387 7305
8960 7305
8548 7305
11153 7305
2 7305
8747 7306
9061 7306
9086 7306
9437 7306
8996 7306
11051 7306
10839 7306
11194 7306
9163 7306
8978 7306
11417 7306
2 7306
11696 7307
9229 7307
11062 7307
8350 7307
10233 7307
11851 7307
10008 7307
11124 7307
9096 7307
9448 7307
2 7307
9648 7308
11289 7308
10319 7308
10728 7308
10024 7308
9534 7308
2 7308
9748 7309
9195 7309
8689 7309
8831 7309
9332 7309
9322 7309
8520 7309
10036 7309
9090 7309
2 7309
10455 7310
11252 7310
8368 7310
11644 7310
9486 7310
11775 7310
2 7310
9916 7311
11726 7311
9357 7311
10344 7311
11656 7311
10158 7311
2 7311
1731 7312
3800 7312
3368 7312
11586 7312
10226 7312
9955 7312
9411 7312
9777 7312
2 7312
9664 7313
10669 7313
8339 7313
9792 7313
10147 7313
9112 7313
8961 7313
9896 7313
10621 7313
8647 7313
11176 7313
2 7313
10700 7314
8506 7314
8567 7314
10849 7314
9758 7314
8585 7314
8432 7314
10772 7314
2 7314
8126 7315
8504 7315
11388 7315
9377 7315
10332 7315
9087 7315
2 7315
913 7316
370 7316
1584 7316
8889 7316
10955 7316
8249 7316
9805 7316
8198 7316
10281 7316
11506 7316
0 7316
10001 7316
8047 7316
2 7316
11203 7317
8688 7317
11991 7317
11304 7317
2 7317
10934 7318
9257 7318
8500 7318
11021 7318
8756 7318
10982 7318
10577 7318
9870 7318
2 7318
9710 7319
9804 7319
11526 7319
10493 7319
10464 7319
8871 7319
11691 7319
10021 7319
8347 7319
8492 7319
2 7319
9569 7320
11729 7320
9967 7320
10346 7320
2 7320
9754 7321
8713 7321
11877 7321
10791 7321
2 7321
9657 7322
8165 7322
9545 7322
8791 7322
8578 7322
10161 7322
10005 7322
8655 7322
10795 7322
9275 7322
2 7322
9956 7323
11603 7323
9193 7323
10835 7323
9302 7323
11569 7323
8372 7323
2 7323
9119 7324
11075 7324
10964 7324
11336 7324
11746 7324
9832 7324
10788 7324
10877 7324
2 7324
11617 7325
10815 7325
8997 7325
9436 7325
11638 7325
8071 7325
9096 7325
11045 7325
11649 7325
11846 7325
11515 7325
2 7325
10280 7326
8720 7326
11835 7326
10086 7326
9546 7326
8413 7326
9320 7326
9130 7326
2 7326
8220 7327
11933 7327
10028 7327
10634 7327
2 7327
8661 7328
11392 7328
11076 7328
8075 7328
2 7328
8638 7329
11823 7329
11496 7329
10491 7329
2 7329
10551 7330
10512 7330
8169 7330
10291 7330
2 7330
11530 7331
10933 7331
10221 7331
10956 7331
8643 7331
9198 7331
8014 7331
9498 7331
2 7331
9366 7332
11456 7332
11614 7332
8037 7332
2 7332
9591 7333
10323 7333
11296 7333
9857 7333
11248 7333
2 7333
8388 7334
8243 7334
8625 7334
9256 7334
11944 7334
8786 7334
9268 7334
11227 7334
2 7334
8782 7335
11611 7335
10585 7335
11025 7335
9217 7335
10852 7335
8559 7335
11143 7335
11761 7335
2 7335
9192 7336
8526 7336
11527 7336
8185 7336
11757 7336
8861 7336
2 7336
11610 7337
9227 7337
9252 7337
8381 7337
11622 7337
10745 7337
8750 7337
8782 7337
9928 7337
2 7337
11592 7338
9804 7338
9121 7338
9806 7338
11803 7338
10037 7338
8415 7338
2 7338
8027 7339
9526 7339
9461 7339
8503 7339
2 7339
10530 7340
10334 7340
10531 7340
10006 7340
11687 7340
8020 7340
8617 7340
2 7340
2654 7341
261 7341
899 7341
1381 7341
1506 7341
3048 7341
76 7341
444 7341
237 7341
1600 7341
9900 7341
0 7341
9020 7341
10260 7341
8458 7341
9178 7341
8159 7341
2 7341
9184 7342
11689 7342
8824 7342
11143 7342
11870 7342
8695 7342
9789 7342
10806 7342
10056 7342
2 7342
9543 7343
9831 7343
8035 7343
8233 7343
11129 7343
10992 7343
2 7343
11761 7344
11771 7344
8913 7344
11620 7344
2 7344
11141 7345
11844 7345
10868 7345
9817 7345
10188 7345
2 7345
3740 7346
3945 7346
1095 7346
3930 7346
526 7346
3644 7346
10995 7346
9063 7346
8991 7346
8234 7346
8659 7346
10504 7346
11780 7346
0 7346
8652 7346
2 7346
8358 7347
10483 7347
10307 7347
9419 7347
9337 7347
9347 7347
9451 7347
2 7347
11302 7348
11909 7348
8507 7348
8126 7348
10607 7348
2 7348
1380 7349
285 7349
2850 7349
2339 7349
1378 7349
10180 7349
11885 7349
11719 7349
10335 7349
9020 7349
8659 7349
10149 7349
2 7349
10502 7350
11417 7350
9463 7350
8968 7350
11927 7350
11088 7350
8089 7350
8572 7350
11984 7350
2 7350
10107 7351
9984 7351
9855 7351
11345 7351
2 7351
8744 7352
10369 7352
10622 7352
10445 7352
8352 7352
9077 7352
9572 7352
10679 7352
9061 7352
11600 7352
9021 7352
2 7352
9126 7353
11618 7353
9025 7353
10717 7353
11494 7353
10162 7353
10917 7353
9820 7353
11904 7353
10899 7353
2 7353
2141 7354
1309 7354
901 7354
10471 7354
11586 7354
10286 7354
11797 7354
10234 7354
8047 7354
2 7354
10863 7355
9001 7355
9752 7355
10213 7355
8982 7355
11670 7355
8087 7355
9790 7355
10274 7355
8663 7355
10878 7355
2 7355
8703 7356
11488 7356
10275 7356
9902 7356
11941 7356
9155 7356
9290 7356
10034 7356
8149 7356
2 7356
1598 7357
3351 7357
3679 7357
1486 7357
173 7357
9101 7357
10538 7357
10204 7357
10808 7357
11683 7357
8807 7357
9444 7357
8636 7357
2 7357
9334 7358
8146 7358
10997 7358
8891 7358
9325 7358
8196 7358
10835 7358
2 7358
11090 7359
8062 7359
11113 7359
10776 7359
8465 7359
9656 7359
8698 7359
10731 7359
11393 7359
2 7359
9002 7360
11783 7360
11454 7360
10159 7360
9727 7360
10178 7360
10748 7360
9040 7360
11682 7360
11400 7360
9915 7360
2 7360
9032 7361
11972 7361
10733 7361
10059 7361
2 7361
10517 7362
11370 7362
8605 7362
8192 7362
11728 7362
8637 7362
10572 7362
9403 7362
8814 7362
9013 7362
2 7362
8665 7363
10543 7363
9748 7363
9714 7363
9177 7363
2 7363
8904 7364
11757 7364
10300 7364
8657 7364
10119 7364
9713 7364
10497 7364
8641 7364
10597 7364
2 7364
10488 7365
9783 7365
9134 7365
8756 7365
8053 7365
2 7365
8765 7366
11599 7366
9674 7366
10468 7366
10466 7366
11265 7366
2 7366
8262 7367
11970 7367
11646 7367
8389 7367
10297 7367
11928 7367
8088 7367
8403 7367
9054 7367
11630 7367
2 7367
11455 7368
8563 7368
10017 7368
8740 7368
2 7368
2125 7369
3667 7369
2803 7369
1419 7369
8284 7369
8280 7369
8586 7369
9805 7369
2 7369
3404 7370
1593 7370
1785 7370
1870 7370
8652 7370
8684 7370
9027 7370
8279 7370
9421 7370
2 7370
8067 7371
9989 7371
10973 7371
8603 7371
9896 7371
11073 7371
8371 7371
9410 7371
2 7371
8575 7372
10347 7372
10954 7372
9771 7372
9513 7372
8548 7372
9283 7372
8265 7372
9365 7372
11093 7372
2 7372
11351 7373
11858 7373
10753 7373
8181 7373
9907 7373
9848 7373
8488 7373
9806 7373
2 7373
11176 7374
8074 7374
9185 7374
10544 7374
10937 7374
9866 7374
10076 7374
11172 7374
8497 7374
11879 7374
9957 7374
2 7374
8872 7375
8305 7375
11294 7375
9845 7375
9864 7375
9193 7375
9961 7375
9390 7375
8246 7375
9863 7375
9377 7375
2 7375
8131 7376
11729 7376
11704 7376
11927 7376
8778 7376
2 7376
2181 7377
926 7377
3912 7377
1934 7377
2654 7377
10407 7377
9173 7377
8662 7377
8985 7377
11386 7377
8991 7377
9411 7377
2 7377
10848 7378
8789 7378
10276 7378
11479 7378
10373 7378
10036 7378
8434 7378
9809 7378
9889 7378
2 7378
10046 7379
8405 7379
8884 7379
8437 7379
8417 7379
11698 7379
9753 7379
9690 7379
11468 7379
11303 7379
10757 7379
2 7379
11771 7380
10620 7380
11074 7380
9913 7380
9049 7380
9711 7380
2 7380
8018 7381
8617 7381
11486 7381
8319 7381
10751 7381
10736 7381
2 7381
986 7382
1712 7382
2539 7382
8517 7382
12000 7382
8188 7382
8817 7382
10850 7382
2 7382
11765 7383
9060 7383
9173 7383
8281 7383
10260 7383
10104 7383
2 7383
9794 7384
9036 7384
9318 7384
8676 7384
10918 7384
9512 7384
11293 7384
2 7384
11081 7385
9770 7385
10132 7385
9913 7385
9993 7385
8414 7385
11620 7385
9838 7385
11168 7385
2 7385
9199 7386
11200 7386
9157 7386
8624 7386
11553 7386
11627 7386
10400 7386
2 7386
11192 7387
9892 7387
9763 7387
11582 7387
9631 7387
10347 7387
9028 7387
11310 7387
8387 7387
9387 7387
9685 7387
2 7387
11191 7388
9928 7388
9726 7388
10626 7388
11186 7388
8568 7388
8439 7388
8397 7388
8258 7388
11143 7388
11027 7388
2 7388
10107 7389
8696 7389
9464 7389
8647 7389
11793 7389
11696 7389
8141 7389
9175 7389
10508 7389
11690 7389
10142 7389
2 7389
1875 7390
2898 7390
1681 7390
9173 7390
11492 7390
8188 7390
9745 7390
9687 7390
11797 7390
8109 7390
2 7390
9743 7391
8919 7391
10562 7391
9150 7391
9307 7391
8598 7391
11325 7391
2 7391
10145 7392
9202 7392
11898 7392
8333 7392
9634 7392
8579 7392
9248 7392
9260 7392
11853 7392
2 7392
9986 7393
11686 7393
10107 7393
11812 7393
10728 7393
11905 7393
11187 7393
10020 7393
2 7393
11148 7394
9677 7394
10657 7394
10965 7394
9492 7394
9290 7394
9299 7394
9587 7394
2 7394
11793 7395
9868 7395
11958 7395
11476 7395
2 7395
10964 7396
9950 7396
9681 7396
8989 7396
8314 7396
10225 7396
11417 7396
2 7396
2989 7397
3230 7397
3082 7397
10428 7397
10593 7397
8223 7397
9879 7397
0 7397
2 7397
9369 7398
8376 7398
11684 7398
8645 7398
8951 7398
2 7398
9803 7399
8417 7399
9769 7399
11435 7399
11917 7399
2 7399
11370 7400
11177 7400
11525 7400
10241 7400
9617 7400
10412 7400
10036 7400
2 7400
8112 7401
9360 7401
10129 7401
11029 7401
8943 7401
11816 7401
9343 7401
2 7401
10564 7402
8798 7402
9586 7402
10674 7402
9378 7402
11820 7402
2 7402
9135 7403
8035 7403
9883 7403
10447 7403
11969 7403
10372 7403
8631 7403
2 7403
11841 7404
9193 7404
8266 7404
10870 7404
2 7404
9718 7405
11383 7405
8707 7405
9301 7405
9644 7405
10316 7405
10409 7405
10899 7405
2 7405
8044 7406
9194 7406
8721 7406
10233 7406
10352 7406
10475 7406
11389 7406
8786 7406
11034 7406
2 7406
8185 7407
8669 7407
9521 7407
10729 7407
11688 7407
2 7407
8951 7408
8719 7408
10279 7408
8689 7408
10717 7408
11944 7408
9097 7408
8891 7408
2 7408
10027 7409
8059 7409
9135 7409
9232 7409
11400 7409
2 7409
9236 7410
11536 7410
9997 7410
8705 7410
8166 7410
10308 7410
10741 7410
8474 7410
2 7410
9297 7411
11569 7411
9257 7411
8026 7411
10385 7411
9844 7411
10946 7411
10905 7411
2 7411
8437 7412
10410 7412
9403 7412
10156 7412
10934 7412
9700 7412
11370 7412
2 7412
10451 7413
9877 7413
11645 7413
8661 7413
9487 7413
9631 7413
9945 7413
10478 7413
9278 7413
2 7413
9793 7414
11370 7414
10768 7414
9508 7414
11167 7414
2 7414
10182 7415
9635 7415
10788 7415
8900 7415
2 7415
11325 7416
8912 7416
10613 7416
11033 7416
10491 7416
10358 7416
10300 7416
9366 7416
9083 7416
8762 7416
8798 7416
2 7416
8238 7417
9831 7417
10142 7417
10940 7417
11060 7417
10171 7417
2 7417
9525 7418
10781 7418
8425 7418
11931 7418
10782 7418
2 7418
9775 7419
8772 7419
8815 7419
11863 7419
8076 7419
11277 7419
9623 7419
9113 7419
10841 7419
8930 7419
11956 7419
2 7419
10609 7420
9666 7420
10602 7420
10607 7420
2 7420
10986 7421
9989 7421
8475 7421
10631 7421
2 7421
10125 7422
10018 7422
9092 7422
9670 7422
11185 7422
2 7422
8524 7423
9132 7423
8082 7423
11707 7423
10621 7423
11300 7423
10506 7423
10373 7423
10885 7423
8104 7423
8916 7423
2 7423
9707 7424
8470 7424
11100 7424
11182 7424
9380 7424
11120 7424
11433 7424
9558 7424
2 7424
11345 7425
11826 7425
11864 7425
9221 7425
9702 7425
2 7425
8347 7426
10631 7426
9595 7426
11042 7426
8858 7426
10103 7426
2 7426
11085 7427
8208 7427
8153 7427
9511 7427
9230 7427
9266 7427
10726 7427
9704 7427
10741 7427
8165 7427
2 7427
8832 7428
10994 7428
11044 7428
11550 7428
11549 7428
10299 7428
11775 7428
8922 7428
9036 7428
8751 7428
9191 7428
2 7428
3595 7429
2045 7429
3228 7429
11104 7429
8446 7429
9768 7429
10471 7429
11307 7429
10335 7429
10077 7429
8987 7429
10797 7429
9043 7429
2 7429
9958 7430
10402 7430
9725 7430
10568 7430
8584 7430
8760 7430
8041 7430
2 7430
8830 7431
8664 7431
10543 7431
8365 7431
2 7431
10472 7432
10937 7432
10892 7432
10201 7432
10414 7432
2 7432
11374 7433
9614 7433
9238 7433
9152 7433
11361 7433
10844 7433
10210 7433
10035 7433
9094 7433
2 7433
11994 7434
11190 7434
8538 7434
9479 7434
9660 7434
11262 7434
2 7434
3255 7435
1569 7435
1682 7435
1736 7435
10164 7435
9493 7435
11554 7435
11197 7435
9666 7435
8530 7435
10396 7435
9108 7435
0 7435
2 7435
9348 7436
9152 7436
10679 7436
9677 7436
11448 7436
10122 7436
8352 7436
2 7436
8905 7437
11111 7437
11082 7437
8251 7437
9431 7437
8292 7437
2 7437
11903 7438
11423 7438
11606 7438
10486 7438
8186 7438
10865 7438
10244 7438
10953 7438
9713 7438
11566 7438
2 7438
10751 7439
8400 7439
10242 7439
11935 7439
2 7439
11044 7440
8135 7440
8515 7440
10187 7440
11437 7440
10477 7440
11801 7440
8058 7440
8467 7440
11075 7440
11326 7440
2 7440
10486 7441
11556 7441
11296 7441
11367 7441
10617 7441
8318 7441
10771 7441
11349 7441
2 7441
9959 7442
8913 7442
11258 7442
11771 7442
2 7442
9252 7443
9790 7443
9928 7443
9993 7443
2 7443
9032 7444
11578 7444
11860 7444
9337 7444
9146 7444
11087 7444
8349 7444
11663 7444
11049 7444
2 7444
9006 7445
10650 7445
10926 7445
8092 7445
11551 7445
9896 7445
8214 7445
2 7445
8773 7446
11239 7446
8605 7446
11389 7446
9134 7446
9364 7446
8851 7446
2 7446
10845 7447
9341 7447
10456 7447
8873 7447
8100 7447
8907 7447
9990 7447
9218 7447
11342 7447
10185 7447
9818 7447
2 7447
8394 7448
8901 7448
8098 7448
8953 7448
8905 7448
2 7448
8278 7449
8738 7449
10215 7449
9549 7449
10828 7449
9383 7449
11436 7449
10185 7449
8641 7449
8542 7449
2 7449
9922 7450
9474 7450
9064 7450
10533 7450
9939 7450
9281 7450
10302 7450
10912 7450
9085 7450
2 7450
8096 7451
11430 7451
9388 7451
9023 7451
11960 7451
11579 7451
10474 7451
10791 7451
2 7451
8593 7452
8296 7452
9911 7452
9066 7452
2 7452
11614 7453
11496 7453
8120 7453
8936 7453
10603 7453
9127 7453
9091 7453
11669 7453
9488 7453
8183 7453
2 7453
8870 7454
10101 7454
11950 7454
10659 7454
11757 7454
2 7454
11394 7455
10428 7455
8904 7455
10733 7455
8847 7455
2 7455
9940 7456
11960 7456
8307 7456
8367 7456
11635 7456
8341 7456
8695 7456
10745 7456
11734 7456
2 7456
11337 7457
10459 7457
9176 7457
8020 7457
11458 7457
10990 7457
10751 7457
9770 7457
8562 7457
11106 7457
10490 7457
2 7457
9195 7458
8347 7458
9939 7458
9628 7458
2 7458
9090 7459
8858 7459
10951 7459
8539 7459
9952 7459
10383 7459
8334 7459
2 7459
8358 7460
10454 7460
11501 7460
11994 7460
2 7460
11813 7461
10166 7461
9911 7461
11175 7461
11188 7461
2 7461
8997 7462
11317 7462
9539 7462
11079 7462
10756 7462
8301 7462
9557 7462
9986 7462
8858 7462
2 7462
10982 7463
11867 7463
8046 7463
10367 7463
11133 7463
9327 7463
8761 7463
10285 7463
9412 7463
10517 7463
9302 7463
2 7463
8609 7464
11340 7464
10617 7464
11008 7464
10112 7464
2 7464
11916 7465
10533 7465
10858 7465
11702 7465
2 7465
10116 7466
9627 7466
11585 7466
8909 7466
8232 7466
9390 7466
11638 7466
8537 7466
10208 7466
2 7466
658 7467
692 7467
9888 7467
11348 7467
11000 7467
9411 7467
8452 7467
8351 7467
11483 7467
9777 7467
10859 7467
9306 7467
2 7467
1296 7468
3570 7468
1330 7468
3166 7468
1773 7468
3222 7468
10077 7468
9615 7468
9101 7468
11205 7468
11329 7468
8563 7468
2 7468
12004 7469
11293 7469
10778 7469
10057 7469
9869 7469
10266 7469
11156 7469
8428 7469
11011 7469
2 7469
11279 7470
9616 7470
11417 7470
11014 7470
10299 7470
9475 7470
8937 7470
10437 7470
10062 7470
10921 7470
8995 7470
2 7470
11478 7471
9839 7471
8369 7471
10730 7471
10372 7471
10885 7471
10304 7471
9753 7471
2 7471
11610 7472
11611 7472
10274 7472
10075 7472
8927 7472
2 7472
8340 7473
11803 7473
8371 7473
10669 7473
11726 7473
9648 7473
9893 7473
10037 7473
8934 7473
10794 7473
2 7473
9145 7474
8037 7474
9609 7474
10710 7474
2 7474
8589 7475
10758 7475
9158 7475
9522 7475
9096 7475
8961 7475
11338 7475
10925 7475
2 7475
10786 7476
10851 7476
9952 7476
11428 7476
2 7476
1254 7477
1654 7477
1495 7477
1614 7477
2984 7477
2037 7477
3459 7477
3837 7477
2346 7477
1891 7477
11285 7477
11455 7477
8672 7477
9615 7477
10388 7477
11790 7477
11889 7477
2 7477
9366 7478
11407 7478
11688 7478
10782 7478
8143 7478
11057 7478
9244 7478
8177 7478
8204 7478
10689 7478
2 7478
9685 7479
11681 7479
9367 7479
9656 7479
9188 7479
9784 7479
10177 7479
10709 7479
9407 7479
9203 7479
10623 7479
2 7479
10916 7480
8934 7480
10268 7480
9964 7480
11460 7480
10681 7480
11159 7480
9334 7480
2 7480
8955 7481
8567 7481
10345 7481
9798 7481
8874 7481
9592 7481
2 7481
9556 7482
11271 7482
9292 7482
8642 7482
8293 7482
10637 7482
9299 7482
8528 7482
11242 7482
11323 7482
8518 7482
2 7482
9161 7483
10946 7483
9224 7483
11940 7483
10544 7483
9408 7483
9240 7483
11640 7483
11525 7483
8651 7483
10411 7483
2 7483
8132 7484
11635 7484
11776 7484
8706 7484
8820 7484
8322 7484
9815 7484
8208 7484
10242 7484
2 7484
10947 7485
11143 7485
11776 7485
10403 7485
2 7485
8584 7486
8777 7486
10118 7486
9348 7486
2 7486
1543 7487
909 7487
1788 7487
114 7487
1261 7487
2699 7487
1994 7487
832 7487
9741 7487
10666 7487
10598 7487
8138 7487
11804 7487
2 7487
9013 7488
10835 7488
10724 7488
9822 7488
10517 7488
9915 7488
9871 7488
9464 7488
10172 7488
11677 7488
2 7488
9031 7489
10267 7489
8022 7489
9856 7489
8414 7489
2 7489
11153 7490
10657 7490
11966 7490
11884 7490
2 7490
9329 7491
9605 7491
9936 7491
8945 7491
2 7491
3702 7492
1883 7492
1546 7492
3475 7492
10471 7492
10260 7492
9034 7492
11446 7492
11504 7492
8458 7492
11212 7492
9900 7492
8115 7492
8840 7492
9173 7492
2 7492
10060 7493
9859 7493
11485 7493
9857 7493
9192 7493
2 7493
2488 7494
3022 7494
3271 7494
8151 7494
10355 7494
10427 7494
11359 7494
9433 7494
2 7494
8361 7495
8187 7495
11409 7495
8925 7495
8545 7495
9694 7495
10266 7495
11111 7495
9092 7495
2 7495
9394 7496
8359 7496
11073 7496
9208 7496
8507 7496
11712 7496
11476 7496
10644 7496
10525 7496
10544 7496
2 7496
9966 7497
10348 7497
10147 7497
9508 7497
10543 7497
2 7497
9454 7498
11468 7498
9995 7498
8194 7498
2 7498
10404 7499
11148 7499
10879 7499
10975 7499
11450 7499
10566 7499
9588 7499
2 7499
11546 7500
9458 7500
10684 7500
10389 7500
8402 7500
8167 7500
9295 7500
10006 7500
11245 7500
9058 7500
9423 7500
2 7500
9579 7501
11810 7501
8914 7501
9706 7501
10006 7501
10715 7501
9398 7501
10056 7501
11987 7501
11637 7501
2 7501
8886 7502
11262 7502
11407 7502
9103 7502
10351 7502
10558 7502
11903 7502
10771 7502
9551 7502
2 7502
8177 7503
10499 7503
10186 7503
11020 7503
10782 7503
9574 7503
8592 7503
2 7503
8238 7504
11667 7504
10174 7504
11722 7504
9915 7504
10371 7504
2 7504
8102 7505
11131 7505
8236 7505
10425 7505
10062 7505
10192 7505
2 7505
10451 7506
8649 7506
8025 7506
9201 7506
11219 7506
9509 7506
11623 7506
11984 7506
2 7506
9440 7507
8348 7507
10748 7507
8067 7507
10756 7507
2 7507
9739 7508
11049 7508
10781 7508
10807 7508
11342 7508
8638 7508
2 7508
2363 7509
1147 7509
861 7509
2632 7509
3131 7509
2199 7509
2184 7509
2851 7509
2072 7509
10149 7509
9888 7509
10388 7509
8659 7509
8684 7509
2 7509
8381 7510
11316 7510
9055 7510
8402 7510
9762 7510
9810 7510
10889 7510
2 7510
9575 7511
9589 7511
10106 7511
10517 7511
10861 7511
2 7511
9836 7512
8912 7512
8634 7512
10674 7512
9127 7512
10867 7512
11366 7512
10904 7512
10329 7512
11266 7512
11330 7512
2 7512
1745 7513
2961 7513
8024 7513
9413 7513
9780 7513
10407 7513
9405 7513
11588 7513
11125 7513
11504 7513
9391 7513
2 7513
10424 7514
10179 7514
11921 7514
10503 7514
11291 7514
9384 7514
2 7514
10464 7515
9643 7515
8049 7515
10089 7515
9595 7515
8289 7515
9916 7515
8235 7515
2 7515
9664 7516
9199 7516
9926 7516
10544 7516
9786 7516
2 7516
9302 7517
8602 7517
9989 7517
8819 7517
10250 7517
11006 7517
8202 7517
9922 7517
8445 7517
2 7517
9765 7518
9012 7518
8717 7518
8771 7518
11949 7518
10433 7518
10959 7518
10838 7518
2 7518
9965 7519
11419 7519
9258 7519
11154 7519
11922 7519
11168 7519
10826 7519
10169 7519
10449 7519
11019 7519
8230 7519
2 7519
8167 7520
9881 7520
8908 7520
9217 7520
11378 7520
8918 7520
9657 7520
8574 7520
8906 7520
9998 7520
2 7520
1001 7521
10958 7521
8610 7521
9060 7521
11780 7521
10104 7521
9173 7521
8586 7521
11022 7521
9615 7521
9960 7521
2 7521
10184 7522
10631 7522
11795 7522
10914 7522
8527 7522
9589 7522
8846 7522
10508 7522
9064 7522
11159 7522
2 7522
10846 7523
11859 7523
8927 7523
10155 7523
9997 7523
8364 7523
8824 7523
11404 7523
11186 7523
2 7523
3245 7524
2380 7524
3829 7524
1514 7524
426 7524
2002 7524
8366 7524
8109 7524
11780 7524
11455 7524
11000 7524
8737 7524
9687 7524
10797 7524
2 7524
10829 7525
11679 7525
8303 7525
11249 7525
11084 7525
8462 7525
2 7525
10174 7526
9605 7526
8423 7526
8764 7526
11845 7526
8637 7526
2 7526
8192 7527
11786 7527
8388 7527
9753 7527
10728 7527
10792 7527
9448 7527
2 7527
9010 7528
10590 7528
8306 7528
11779 7528
8464 7528
11650 7528
9572 7528
11417 7528
10135 7528
2 7528
8935 7529
11770 7529
8864 7529
9962 7529
2 7529
8259 7530
9150 7530
11792 7530
9033 7530
11959 7530
8461 7530
11441 7530
8294 7530
10935 7530
11757 7530
2 7530
8569 7531
11486 7531
9911 7531
10131 7531
9417 7531
11258 7531
11337 7531
9269 7531
11731 7531
11842 7531
10620 7531
2 7531
9141 7532
10531 7532
10895 7532
10862 7532
9789 7532
9275 7532
2 7532
10026 7533
9456 7533
8780 7533
11438 7533
10623 7533
2 7533
11008 7534
9122 7534
10678 7534
11671 7534
10199 7534
10010 7534
11009 7534
9850 7534
11365 7534
9478 7534
2 7534
11176 7535
10655 7535
11904 7535
10835 7535
9097 7535
11328 7535
8689 7535
11418 7535
2 7535
10537 7536
8687 7536
8549 7536
10364 7536
2 7536
8580 7537
11787 7537
10977 7537
10672 7537
10394 7537
8866 7537
11050 7537
11361 7537
10019 7537
9958 7537
8654 7537
2 7537
558 7538
3321 7538
1068 7538
2933 7538
2287 7538
885 7538
1248 7538
3630 7538
8684 7538
8595 7538
8636 7538
11808 7538
9768 7538
10571 7538
2 7538
8994 7539
9551 7539
11278 7539
11064 7539
8917 7539
9884 7539
11570 7539
10771 7539
11402 7539
9618 7539
2 7539
10592 7540
11086 7540
10624 7540
9544 7540
11336 7540
9580 7540
2 7540
9045 7541
10357 7541
8089 7541
11892 7541
10349 7541
2 7541
11176 7542
11350 7542
11568 7542
8027 7542
2 7542
11163 7543
10386 7543
10233 7543
11415 7543
11715 7543
8104 7543
10757 7543
9795 7543
9773 7543
8340 7543
8084 7543
2 7543
10838 7544
9766 7544
9784 7544
9709 7544
2 7544
10678 7545
11985 7545
11193 7545
10636 7545
9218 7545
9312 7545
8226 7545
2 7545
9953 7546
9029 7546
11845 7546
9374 7546
11847 7546
11517 7546
8600 7546
9793 7546
10107 7546
2 7546
8549 7547
10579 7547
9238 7547
8421 7547
8033 7547
8744 7547
8682 7547
8986 7547
8253 7547
2 7547
8143 7548
10888 7548
8638 7548
9237 7548
8321 7548
8483 7548
2 7548
8396 7549
8306 7549
9763 7549
11927 7549
11752 7549
10393 7549
2 7549
8886 7550
9042 7550
8343 7550
11496 7550
11988 7550
11236 7550
8946 7550
9016 7550
9686 7550
8656 7550
2 7550
11384 7551
11886 7551
10678 7551
8542 7551
8863 7551
2 7551
10846 7552
9573 7552
8852 7552
10821 7552
8574 7552
8449 7552
2 7552
8311 7553
10465 7553
11806 7553
9263 7553
9943 7553
10643 7553
8986 7553
2 7553
9283 7554
10198 7554
11076 7554
8828 7554
2 7554
8873 7555
10561 7555
11888 7555
10919 7555
11425 7555
9016 7555
9818 7555
8877 7555
8358 7555
2 7555
10753 7556
9646 7556
8272 7556
11847 7556
8156 7556
11328 7556
8146 7556
2 7556
9051 7557
11092 7557
9275 7557
8700 7557
11486 7557
9566 7557
11166 7557
10889 7557
11186 7557
2 7557
1475 7558
1417 7558
8987 7558
8740 7558
8441 7558
9034 7558
2 7558
10127 7559
9259 7559
10322 7559
10578 7559
8632 7559
9890 7559
9578 7559
10087 7559
9721 7559
11648 7559
10562 7559
2 7559
9913 7560
8136 7560
9432 7560
10291 7560
2 7560
10133 7561
10030 7561
8073 7561
11088 7561
9833 7561
11836 7561
11297 7561
9662 7561
8057 7561
2 7561
10054 7562
8156 7562
10264 7562
10665 7562
10565 7562
9893 7562
10799 7562
9651 7562
8596 7562
8527 7562
2 7562
10739 7563
10383 7563
11584 7563
9297 7563
10604 7563
10144 7563
2 7563
10081 7564
11254 7564
9926 7564
11058 7564
10766 7564
2 7564
11134 7565
11917 7565
9288 7565
10635 7565
9598 7565
8973 7565
8299 7565
2 7565
9844 7566
11519 7566
11690 7566
11339 7566
8793 7566
8903 7566
10905 7566
11003 7566
10926 7566
10233 7566
2 7566
11969 7567
8499 7567
10803 7567
9575 7567
11958 7567
11467 7567
9870 7567
9871 7567
8992 7567
9364 7567
11231 7567
2 7567
8743 7568
9921 7568
11477 7568
9553 7568
9646 7568
2 7568
10534 7569
11822 7569
8838 7569
11095 7569
10635 7569
8218 7569
2 7569
8373 7570
10706 7570
11505 7570
10223 7570
8378 7570
10057 7570
9931 7570
9513 7570
10270 7570
8746 7570
10031 7570
2 7570
1809 7571
4000 7571
3210 7571
1279 7571
182 7571
2714 7571
2420 7571
1636 7571
2384 7571
2458 7571
2513 7571
10966 7571
9411 7571
9059 7571
9353 7571
8458 7571
8409 7571
8198 7571
10950 7571
8188 7571
10571 7571
10873 7571
2 7571
9415 7572
10006 7572
9563 7572
8730 7572
2 7572
10796 7573
9073 7573
11756 7573
10779 7573
2 7573
10630 7574
8855 7574
10210 7574
9970 7574
2 7574
8862 7575
9462 7575
11651 7575
11167 7575
9327 7575
9966 7575
8192 7575
10840 7575
10992 7575
8056 7575
9302 7575
2 7575
10208 7576
10696 7576
10414 7576
9485 7576
8708 7576
9199 7576
9006 7576
8202 7576
8365 7576
11494 7576
2 7576
11045 7577
11036 7577
8340 7577
11587 7577
11728 7577
2 7577
8051 7578
9554 7578
11631 7578
9163 7578
11848 7578
11147 7578
9314 7578
9466 7578
2 7578
8524 7579
11551 7579
9910 7579
8215 7579
8951 7579
9403 7579
8858 7579
8126 7579
2 7579
11748 7580
9249 7580
11511 7580
10279 7580
8415 7580
10493 7580
8353 7580
10661 7580
10533 7580
10325 7580
2 7580
10575 7581
8389 7581
11033 7581
11583 7581
11349 7581
8959 7581
10807 7581
9164 7581
2 7581
11304 7582
10425 7582
9661 7582
9443 7582
10135 7582
10855 7582
8137 7582
10048 7582
10009 7582
11096 7582
11472 7582
2 7582
11798 7583
8360 7583
11235 7583
9540 7583
8750 7583
11066 7583
9838 7583
8161 7583
9800 7583
8918 7583
2 7583
11254 7584
10153 7584
10462 7584
11748 7584
9085 7584
11658 7584
2 7584
8267 7585
11232 7585
9659 7585
8799 7585
10730 7585
8287 7585
9936 7585
9989 7585
11796 7585
11447 7585
10514 7585
2 7585
10803 7586
11617 7586
10029 7586
8941 7586
9316 7586
10899 7586
10269 7586
9757 7586
8831 7586
11355 7586
11391 7586
2 7586
11838 7587
10369 7587
8518 7587
9349 7587
11660 7587
8614 7587
11269 7587
2 7587
8750 7588
11106 7588
9001 7588
9415 7588
9319 7588
9940 7588
9141 7588
9422 7588
2 7588
9319 7589
9458 7589
9115 7589
9235 7589
10214 7589
10484 7589
10974 7589
8108 7589
2 7589
10478 7590
10625 7590
11968 7590
10608 7590
8450 7590
11574 7590
11429 7590
9886 7590
2 7590
10390 7591
11515 7591
10980 7591
11091 7591
9719 7591
2 7591
10546 7592
10770 7592
8796 7592
9225 7592
2 7592
11444 7593
9368 7593
8650 7593
9446 7593
11347 7593
11252 7593
11169 7593
8275 7593
2 7593
8486 7594
11574 7594
10793 7594
9943 7594
11084 7594
10991 7594
10954 7594
9582 7594
2 7594
10312 7595
9354 7595
9454 7595
8689 7595
8032 7595
8967 7595
9098 7595
9075 7595
2 7595
11008 7596
9737 7596
11833 7596
8374 7596
10010 7596
11065 7596
2 7596
1628 7597
141 7597
10440 7597
9272 7597
9060 7597
8807 7597
8222 7597
9741 7597
2 7597
10091 7598
10963 7598
10720 7598
9963 7598
2 7598
11083 7599
8502 7599
10931 7599
11010 7599
8124 7599
8707 7599
9080 7599
10786 7599
2 7599
10644 7600
8835 7600
8068 7600
8146 7600
2 7600
9249 7601
11640 7601
8781 7601
10269 7601
9369 7601
10171 7601
9286 7601
9491 7601
2 7601
8328 7602
10297 7602
10480 7602
9739 7602
10492 7602
2 7602
9258 7603
8081 7603
11486 7603
11657 7603
9657 7603
11372 7603
9565 7603
10826 7603
2 7603
8173 7604
10319 7604
10768 7604
11700 7604
9564 7604
8242 7604
8423 7604
9828 7604
10704 7604
10197 7604
2 7604
1558 7605
1667 7605
2894 7605
508 7605
1344 7605
2714 7605
3644 7605
8284 7605
8737 7605
11942 7605
9811 7605
8692 7605
2 7605
9412 7606
9530 7606
8512 7606
10162 7606
9429 7606
9526 7606
10764 7606
9301 7606
10269 7606
9310 7606
10105 7606
2 7606
10811 7607
9682 7607
10698 7607
11447 7607
9630 7607
9916 7607
11118 7607
10916 7607
11196 7607
9718 7607
10758 7607
2 7607
8378 7608
11742 7608
11156 7608
11884 7608
8089 7608
10379 7608
9019 7608
10125 7608
2 7608
11324 7609
8535 7609
11304 7609
9680 7609
8090 7609
2 7609
8937 7610
8229 7610
11564 7610
10228 7610
11051 7610
8195 7610
10150 7610
10890 7610
11185 7610
8572 7610
2 7610
9009 7611
9641 7611
10750 7611
8162 7611
10179 7611
8957 7611
11968 7611
11956 7611
8378 7611
9225 7611
2 7611
9472 7612
8760 7612
11002 7612
11984 7612
10945 7612
9738 7612
11438 7612
2 7612
8100 7613
8427 7613
8798 7613
11155 7613
2 7613
11129 7614
9921 7614
11594 7614
10021 7614
2 7614
1745 7615
131 7615
1906 7615
1880 7615
2794 7615
2042 7615
9742 7615
10663 7615
9741 7615
8024 7615
9768 7615
8517 7615
11205 7615
10966 7615
9027 7615
2 7615
9893 7616
9434 7616
9553 7616
9988 7616
9394 7616
8174 7616
10464 7616
2 7616
11459 7617
11711 7617
9158 7617
9977 7617
8140 7617
8604 7617
11707 7617
11666 7617
11003 7617
10488 7617
2 7617
10293 7618
11032 7618
11436 7618
10146 7618
8270 7618
8811 7618
8116 7618
2 7618
2526 7619
455 7619
3209 7619
3629 7619
10614 7619
9416 7619
9717 7619
8047 7619
8280 7619
9173 7619
9576 7619
8869 7619
8115 7619
8257 7619
2 7619
10306 7620
10975 7620
8491 7620
11142 7620
8970 7620
10877 7620
10854 7620
9219 7620
2 7620
1431 7621
907 7621
8401 7621
9363 7621
8659 7621
10355 7621
11359 7621
8441 7621
10427 7621
10148 7621
9405 7621
10812 7621
8300 7621
2 7621
11217 7622
10533 7622
8793 7622
9414 7622
2 7622
9715 7623
11860 7623
11120 7623
11828 7623
2 7623
9764 7624
11757 7624
11331 7624
11999 7624
11141 7624
8592 7624
10847 7624
10480 7624
8540 7624
2 7624
8123 7625
11017 7625
10031 7625
9524 7625
9945 7625
10477 7625
8379 7625
11801 7625
11138 7625
10668 7625
10455 7625
2 7625
10694 7626
9409 7626
11308 7626
8050 7626
11374 7626
8532 7626
10033 7626
8518 7626
9387 7626
11602 7626
2 7626
9018 7627
9823 7627
8876 7627
9748 7627
11289 7627
10705 7627
8242 7627
8481 7627
2 7627
9500 7628
11755 7628
9875 7628
9910 7628
11943 7628
10209 7628
9829 7628
8524 7628
2 7628
8283 7629
11009 7629
8496 7629
11365 7629
11772 7629
8609 7629
10593 7629
2 7629
11814 7630
9633 7630
10772 7630
11382 7630
2 7630
9857 7631
9551 7631
8648 7631
9091 7631
10904 7631
8171 7631
10886 7631
11268 7631
10616 7631
2 7631
11567 7632
9246 7632
8651 7632
9630 7632
10939 7632
11667 7632
8789 7632
10905 7632
2 7632
11139 7633
8588 7633
10191 7633
8994 7633
11223 7633
2 7633
9026 7634
10904 7634
10699 7634
10300 7634
10261 7634
9181 7634
11973 7634
8538 7634
2 7634
8252 7635
9260 7635
8986 7635
9463 7635
11557 7635
2 7635
9534 7636
10262 7636
8193 7636
9369 7636
9720 7636
9923 7636
2 7636
8415 7637
11231 7637
10081 7637
10176 7637
2 7637
11593 7638
9400 7638
11507 7638
8549 7638
8565 7638
9211 7638
11101 7638
10942 7638
9746 7638
2 7638
9555 7639
8848 7639
10158 7639
10051 7639
11322 7639
11351 7639
8077 7639
8846 7639
2 7639
9137 7640
9122 7640
10481 7640
10775 7640
2 7640
10592 7641
10535 7641
10606 7641
9486 7641
11779 7641
10210 7641
9200 7641
10025 7641
8362 7641
2 7641
9983 7642
8729 7642
9010 7642
11319 7642
10349 7642
9529 7642
8149 7642
2 7642
9754 7643
10680 7643
10284 7643
8920 7643
11635 7643
9940 7643
8824 7643
10826 7643
9498 7643
2 7643
8266 7644
10200 7644
8629 7644
11489 7644
2 7644
8271 7645
11080 7645
10417 7645
9338 7645
9746 7645
11067 7645
2 7645
10861 7646
10373 7646
10495 7646
8046 7646
11541 7646
11618 7646
9047 7646
9907 7646
8437 7646
11478 7646
2 7646
10162 7647
9628 7647
8040 7647
11745 7647
8718 7647
11197 7647
2 7647
8069 7648
10118 7648
8986 7648
8055 7648
9211 7648
2 7648
10279 7649
10763 7649
8764 7649
9074 7649
8743 7649
2 7649
9291 7650
10904 7650
9850 7650
11178 7650
9994 7650
9378 7650
11057 7650
10725 7650
11545 7650
8984 7650
8177 7650
2 7650
3189 7651
1611 7651
1478 7651
1972 7651
10471 7651
8034 7651
10427 7651
8351 7651
9655 7651
0 7651
10670 7651
8985 7651
9289 7651
9745 7651
11483 7651
2 7651
8087 7652
9057 7652
9860 7652
8673 7652
10194 7652
9023 7652
9654 7652
8364 7652
2 7652
8227 7653
10114 7653
8091 7653
10549 7653
8821 7653
2 7653
757 7654
406 7654
1400 7654
3052 7654
1054 7654
335 7654
10688 7654
11253 7654
10120 7654
10017 7654
10366 7654
10195 7654
8662 7654
2 7654
10382 7655
10261 7655
10207 7655
9362 7655
10295 7655
11117 7655
2 7655
9062 7656
8094 7656
11932 7656
10336 7656
10827 7656
10911 7656
9675 7656
11092 7656
10680 7656
10930 7656
2 7656
8731 7657
9906 7657
11888 7657
9604 7657
11366 7657
10010 7657
9974 7657
8112 7657
2 7657
10585 7658
9519 7658
11689 7658
11316 7658
10284 7658
9415 7658
9752 7658
2 7658
10985 7659
10423 7659
10299 7659
10298 7659
2 7659
11963 7660
11220 7660
10352 7660
10900 7660
11003 7660
10574 7660
10227 7660
2 7660
9655 7661
8659 7661
9741 7661
0 7661
10471 7661
10614 7661
8869 7661
2 7661
9978 7662
9867 7662
8294 7662
9022 7662
10729 7662
8907 7662
2 7662
10293 7663
11606 7663
11869 7663
10448 7663
8461 7663
2 7663
11224 7664
10972 7664
11343 7664
10999 7664
10279 7664
10130 7664
9461 7664
2 7664
8874 7665
8905 7665
11692 7665
11967 7665
10546 7665
9606 7665
8682 7665
11572 7665
8315 7665
2 7665
9094 7666
10028 7666
11332 7666
11472 7666
2 7666
8677 7667
10387 7667
10988 7667
9277 7667
8534 7667
9079 7667
2 7667
9582 7668
9623 7668
10360 7668
8103 7668
8098 7668
2 7668
8764 7669
9329 7669
9926 7669
11305 7669
11083 7669
8624 7669
10089 7669
8016 7669
8934 7669
11453 7669
2 7669
10667 7670
11183 7670
11174 7670
9379 7670
10968 7670
9566 7670
2 7670
8617 7671
10152 7671
11907 7671
8569 7671
11964 7671
11457 7671
8824 7671
9838 7671
10584 7671
11186 7671
10284 7671
2 7671
2233 7672
1571 7672
2963 7672
2726 7672
1909 7672
2513 7672
10666 7672
8409 7672
10305 7672
8249 7672
11504 7672
11039 7672
10113 7672
2 7672
10847 7673
8037 7673
9802 7673
11860 7673
8669 7673
10886 7673
11609 7673
2 7673
9701 7674
11749 7674
8250 7674
10454 7674
11833 7674
11802 7674
10253 7674
8436 7674
11772 7674
9578 7674
10112 7674
2 7674
9187 7675
11197 7675
8789 7675
11400 7675
2 7675
10844 7676
9078 7676
11023 7676
10429 7676
8818 7676
11291 7676
9384 7676
10610 7676
2 7676
11445 7677
8153 7677
10751 7677
11689 7677
11562 7677
2 7677
8292 7678
10246 7678
9088 7678
9649 7678
8548 7678
10548 7678
10918 7678
2 7678
8248 7679
9851 7679
9181 7679
8749 7679
2 7679
11756 7680
10610 7680
10566 7680
9265 7680
2 7680
10055 7681
11938 7681
9755 7681
8814 7681
11232 7681
10162 7681
9984 7681
10773 7681
11677 7681
10870 7681
2 7681
8343 7682
11189 7682
8091 7682
9507 7682
8268 7682
8461 7682
2 7682
10253 7683
8270 7683
10127 7683
11423 7683
10023 7683
8231 7683
11559 7683
8291 7683
9424 7683
11433 7683
10645 7683
2 7683
2490 7684
3866 7684
2302 7684
10598 7684
10482 7684
10120 7684
10504 7684
11307 7684
10859 7684
9927 7684
9027 7684
11919 7684
0 7684
2 7684
10727 7685
10308 7685
9458 7685
9579 7685
8360 7685
9612 7685
11362 7685
9062 7685
11530 7685
11085 7685
2 7685
11059 7686
11235 7686
9184 7686
10974 7686
9282 7686
11896 7686
10075 7686
8256 7686
9997 7686
2 7686
11517 7687
9658 7687
11415 7687
9505 7687
8323 7687
11462 7687
11335 7687
2 7687
11190 7688
8522 7688
9558 7688
11833 7688
10295 7688
10617 7688
8738 7688
10564 7688
10868 7688
11900 7688
10401 7688
2 7688
10417 7689
8245 7689
11374 7689
8613 7689
9038 7689
2 7689
11053 7690
8539 7690
9158 7690
11344 7690
9508 7690
8192 7690
2 7690
10316 7691
11334 7691
9753 7691
8788 7691
11480 7691
8999 7691
9359 7691
10937 7691
2 7691
50 7692
10666 7692
11285 7692
8446 7692
9363 7692
11535 7692
9888 7692
2 7692
8785 7693
9111 7693
11653 7693
9361 7693
11636 7693
11127 7693
2 7693
10235 7694
11921 7694
9430 7694
9891 7694
2 7694
10756 7695
8354 7695
9669 7695
9747 7695
10052 7695
10773 7695
11608 7695
2 7695
9701 7696
8731 7696
11544 7696
11266 7696
8836 7696
8283 7696
11816 7696
10867 7696
8349 7696
9164 7696
2 7696
11888 7697
9139 7697
11860 7697
11607 7697
2 7697
11746 7698
10606 7698
11269 7698
9559 7698
9620 7698
8532 7698
9937 7698
2 7698
11197 7699
9841 7699
10864 7699
11690 7699
10858 7699
11864 7699
9434 7699
8523 7699
10764 7699
11350 7699
11786 7699
2 7699
11487 7700
8805 7700
8771 7700
10942 7700
8154 7700
10731 7700
10392 7700
11880 7700
8989 7700
11564 7700
11396 7700
2 7700
9802 7701
11120 7701
8571 7701
11978 7701
10943 7701
9425 7701
9852 7701
10886 7701
8223 7701
8720 7701
8632 7701
2 7701
11368 7702
8709 7702
8415 7702
8808 7702
10089 7702
11478 7702
11528 7702
9957 7702
11006 7702
8386 7702
11909 7702
2 7702
10678 7703
10098 7703
11614 7703
11792 7703
10331 7703
11939 7703
2 7703
8145 7704
9557 7704
9257 7704
11858 7704
9796 7704
10139 7704
10269 7704
9121 7704
8768 7704
8182 7704
11722 7704
2 7704
8722 7705
11513 7705
10767 7705
10367 7705
2 7705
9431 7706
9798 7706
10248 7706
9449 7706
2 7706
10047 7707
10277 7707
10529 7707
10115 7707
2 7707
11216 7708
11345 7708
11244 7708
11718 7708
11289 7708
9011 7708
2 7708
11235 7709
8644 7709
11854 7709
11509 7709
8683 7709
11102 7709
9432 7709
10751 7709
9319 7709
10765 7709
2 7709
9875 7710
11133 7710
8059 7710
9195 7710
10372 7710
8795 7710
9166 7710
8909 7710
10600 7710
8715 7710
10704 7710
2 7710
1757 7711
1962 7711
9615 7711
9034 7711
10388 7711
10286 7711
8956 7711
2 7711
10848 7712
9986 7712
10222 7712
11851 7712
11083 7712
2 7712
8427 7713
10435 7713
11266 7713
10486 7713
8328 7713
9453 7713
2 7713
10248 7714
11558 7714
10126 7714
9202 7714
11210 7714
8666 7714
8650 7714
10128 7714
10467 7714
8352 7714
11319 7714
2 7714
10586 7715
11676 7715
11129 7715
10753 7715
9174 7715
10767 7715
11881 7715
10647 7715
2 7715
2046 7716
2247 7716
708 7716
2715 7716
1343 7716
1140 7716
1143 7716
244 7716
2311 7716
9991 7716
8151 7716
9473 7716
8441 7716
8274 7716
2 7716
8209 7717
9023 7717
9511 7717
10473 7717
2 7717
10612 7718
11364 7718
11018 7718
11983 7718
2 7718
9624 7719
9307 7719
11262 7719
11860 7719
8522 7719
11320 7719
2 7719
8745 7720
8276 7720
10516 7720
10439 7720
11057 7720
9835 7720
8616 7720
10824 7720
2 7720
731 7721
1669 7721
754 7721
1275 7721
9780 7721
11780 7721
9676 7721
11576 7721
12000 7721
9034 7721
10226 7721
2 7721
10222 7722
9394 7722
11491 7722
9636 7722
9182 7722
10411 7722
2 7722
8880 7723
8657 7723
10697 7723
10513 7723
2 7723
9754 7724
9607 7724
10389 7724
10088 7724
8663 7724
9280 7724
9269 7724
11986 7724
2 7724
10773 7725
11344 7725
8555 7725
11128 7725
11464 7725
11812 7725
9845 7725
11867 7725
9249 7725
9883 7725
2 7725
8846 7726
11045 7726
8044 7726
8896 7726
9952 7726
8246 7726
2 7726
8928 7727
9778 7727
9154 7727
8728 7727
2 7727
11925 7728
9961 7728
11715 7728
10730 7728
2 7728
10854 7729
10632 7729
11954 7729
10709 7729
9931 7729
10064 7729
8587 7729
2 7729
9579 7730
10901 7730
11154 7730
11678 7730
2 7730
10395 7731
10462 7731
10079 7731
10739 7731
2 7731
10651 7732
11776 7732
9754 7732
8166 7732
10309 7732
11937 7732
2 7732
11739 7733
11728 7733
11587 7733
10802 7733
8192 7733
11498 7733
9412 7733
9874 7733
8433 7733
8875 7733
2 7733
11393 7734
10590 7734
10743 7734
10897 7734
9086 7734
8910 7734
8506 7734
11602 7734
10749 7734
10465 7734
2 7734
10468 7735
11290 7735
11075 7735
10798 7735
9908 7735
11082 7735
2 7735
10444 7736
8913 7736
9913 7736
9282 7736
11430 7736
8706 7736
11997 7736
9754 7736
10313 7736
8791 7736
9423 7736
2 7736
10181 7737
10437 7737
10743 7737
10838 7737
11246 7737
10907 7737
8245 7737
2 7737
2855 7738
1057 7738
3416 7738
3546 7738
3414 7738
10440 7738
8684 7738
0 7738
9693 7738
11306 7738
2 7738
11569 7739
10843 7739
8287 7739
8664 7739
11350 7739
8808 7739
11686 7739
11724 7739
2 7739
11264 7740
8288 7740
10608 7740
8478 7740
10890 7740
9788 7740
8615 7740
10093 7740
10289 7740
8490 7740
11661 7740
2 7740
10999 7741
10577 7741
11700 7741
10202 7741
2 7741
11951 7742
9452 7742
9967 7742
10749 7742
8744 7742
8905 7742
8801 7742
11023 7742
2 7742
8397 7743
9949 7743
10239 7743
10336 7743
11115 7743
11932 7743
8617 7743
9176 7743
2 7743
8848 7744
11682 7744
11216 7744
11851 7744
8722 7744
2 7744
11700 7745
8053 7745
11712 7745
11021 7745
9018 7745
8232 7745
9006 7745
8013 7745
2 7745
9500 7746
8181 7746
10739 7746
11815 7746
9171 7746
10084 7746
9984 7746
11003 7746
2 7746
8108 7747
9815 7747
10361 7747
9275 7747
9704 7747
8782 7747
11689 7747
9415 7747
10278 7747
2 7747
9766 7748
9583 7748
9623 7748
10212 7748
2 7748
9352 7749
11127 7749
9197 7749
10468 7749
9708 7749
8324 7749
8079 7749
9003 7749
9466 7749
2 7749
12004 7750
8766 7750
11746 7750
9119 7750
9038 7750
8493 7750
9455 7750
2 7750
11017 7751
8189 7751
11512 7751
11077 7751
9902 7751
2 7751
8334 7752
10946 7752
11754 7752
9866 7752
10572 7752
9495 7752
11016 7752
10174 7752
2 7752
11689 7753
10072 7753
8775 7753
11027 7753
9860 7753
8014 7753
9432 7753
10505 7753
11358 7753
2 7753
11058 7754
10173 7754
10350 7754
11034 7754
2 7754
8723 7755
9567 7755
11938 7755
10395 7755
10801 7755
10924 7755
8273 7755
11829 7755
2 7755
10580 7756
9692 7756
9313 7756
11118 7756
11781 7756
9508 7756
8721 7756
8433 7756
9322 7756
9793 7756
8537 7756
2 7756
8496 7757
9378 7757
10296 7757
10781 7757
10097 7757
9091 7757
9906 7757
10949 7757
2 7757
8339 7758
9755 7758
9120 7758
11345 7758
2 7758
9386 7759
9771 7759
11992 7759
9437 7759
8611 7759
2 7759
11114 7760
11148 7760
10658 7760
11255 7760
9350 7760
11204 7760
10825 7760
10299 7760
8019 7760
10429 7760
8404 7760
2 7760
10374 7761
9055 7761
11369 7761
9388 7761
11635 7761
9065 7761
11937 7761
2 7761
8079 7762
8583 7762
9131 7762
10347 7762
9787 7762
2 7762
9933 7763
8298 7763
9243 7763
11012 7763
10933 7763
10540 7763
10920 7763
10911 7763
2 7763
10421 7764
9785 7764
8079 7764
8506 7764
10362 7764
9985 7764
2 7764
10096 7765
9583 7765
11426 7765
8447 7765
2 7765
9217 7766
9716 7766
9209 7766
11670 7766
10550 7766
9049 7766
2 7766
3807 7767
400 7767
654 7767
475 7767
3380 7767
3812 7767
8652 7767
8812 7767
11000 7767
8257 7767
8672 7767
10471 7767
2 7767
8584 7768
8572 7768
10009 7768
11448 7768
10740 7768
11853 7768
9344 7768
8050 7768
9396 7768
2 7768
9781 7769
8184 7769
11305 7769
8334 7769
10380 7769
11364 7769
11132 7769
11541 7769
8524 7769
10972 7769
8570 7769
2 7769
11111 7770
8254 7770
10855 7770
11848 7770
9463 7770
2 7770
9385 7771
9623 7771
10392 7771
10672 7771
10466 7771
2 7771
11355 7772
11901 7772
10695 7772
9658 7772
9700 7772
8555 7772
10367 7772
10381 7772
8997 7772
2 7772
9052 7773
8111 7773
9562 7773
11954 7773
10555 7773
11103 7773
11706 7773
8486 7773
8796 7773
9469 7773
10623 7773
2 7773
9064 7774
11400 7774
8814 7774
8689 7774
11944 7774
10717 7774
11159 7774
8148 7774
2 7774
11533 7775
8430 7775
11037 7775
10323 7775
11268 7775
11407 7775
8011 7775
2 7775
8775 7776
11081 7776
11240 7776
11986 7776
8913 7776
8256 7776
9285 7776
11209 7776
2 7776
11026 7777
10451 7777
8137 7777
9592 7777
11211 7777
10461 7777
10977 7777
10700 7777
9211 7777
2 7777
9706 7778
8167 7778
10152 7778
10132 7778
10930 7778
2 7778
10604 7779
11640 7779
10905 7779
11176 7779
8702 7779
2 7779
920 7780
3413 7780
1148 7780
1100 7780
231 7780
611 7780
8249 7780
11022 7780
0 7780
11737 7780
8817 7780
9345 7780
9516 7780
2 7780
9461 7781
8147 7781
11435 7781
10269 7781
9610 7781
2 7781
8551 7782
11500 7782
8486 7782
9492 7782
2 7782
10352 7783
8768 7783
8147 7783
8046 7783
9257 7783
2 7783
9765 7784
9267 7784
11264 7784
10964 7784
10299 7784
11632 7784
10871 7784
2 7784
10511 7785
10242 7785
11218 7785
10976 7785
9531 7785
9415 7785
11964 7785
2 7785
9823 7786
8113 7786
10469 7786
8831 7786
10276 7786
9646 7786
8550 7786
11061 7786
11908 7786
11845 7786
10655 7786
2 7786
8395 7787
11726 7787
8769 7787
10414 7787
8756 7787
2 7787
11613 7788
11734 7788
9797 7788
10878 7788
10006 7788
10267 7788
9355 7788
2 7788
11500 7789
11242 7789
9248 7789
9321 7789
8057 7789
9503 7789
9722 7789
8187 7789
8407 7789
2 7789
9933 7790
10134 7790
10449 7790
10005 7790
8655 7790
2 7790
8948 7791
11350 7791
10052 7791
10823 7791
10574 7791
10020 7791
2 7791
11403 7792
11340 7792
11420 7792
9547 7792
8728 7792
9008 7792
11828 7792
10481 7792
2 7792
11384 7793
9393 7793
9846 7793
11250 7793
11190 7793
9014 7793
2 7793
8112 7794
10857 7794
10737 7794
11583 7794
10100 7794
2 7794
10406 7795
11831 7795
9287 7795
10474 7795
8574 7795
11842 7795
10155 7795
11955 7795
8706 7795
9266 7795
2 7795
9893 7796
10814 7796
11405 7796
10373 7796
11861 7796
8822 7796
9286 7796
2 7796
10337 7797
10014 7797
8658 7797
8075 7797
11398 7797
9079 7797
9513 7797
11326 7797
11853 7797
2 7797
468 7798
2689 7798
3785 7798
9738 7798
8327 7798
8747 7798
9155 7798
10679 7798
10836 7798
11308 7798
0 7798
2 7798
10336 7799
10490 7799
8566 7799
9235 7799
11168 7799
9049 7799
2 7799
11552 7800
9348 7800
8521 7800
11096 7800
2 7800
8539 7801
8144 7801
10891 7801
9617 7801
9568 7801
9571 7801
8309 7801
8849 7801
2 7801
9215 7802
8085 7802
11275 7802
10853 7802
11219 7802
8746 7802
8970 7802
8828 7802
10210 7802
11865 7802
9036 7802
2 7802
11315 7803
8739 7803
8862 7803
10758 7803
8523 7803
10677 7803
2 7803
10645 7804
9307 7804
11556 7804
11015 7804
9114 7804
9978 7804
2 7804
11167 7805
10514 7805
8896 7805
10705 7805
10332 7805
11083 7805
2 7805
10160 7806
8942 7806
9187 7806
8420 7806
9297 7806
8627 7806
8313 7806
9305 7806
2 7806
10202 7807
10858 7807
8313 7807
9984 7807
9093 7807
10422 7807
8354 7807
8046 7807
9439 7807
8437 7807
11129 7807
2 7807
8113 7808
8507 7808
8596 7808
8339 7808
11239 7808
11700 7808
9126 7808
11196 7808
9617 7808
10872 7808
8944 7808
2 7808
8947 7809
9491 7809
9568 7809
11230 7809
8605 7809
8789 7809
8445 7809
10137 7809
11018 7809
2 7809
10026 7810
11631 7810
8893 7810
11080 7810
9585 7810
11758 7810
10364 7810
10615 7810
8467 7810
2 7810
10630 7811
10451 7811
10590 7811
9069 7811
10496 7811
11215 7811
10034 7811
10095 7811
11747 7811
10096 7811
2 7811
9705 7812
8169 7812
10326 7812
11734 7812
11761 7812
10628 7812
2 7812
11489 7813
8459 7813
8600 7813
11176 7813
9795 7813
10027 7813
10371 7813
8550 7813
2 7813
11980 7814
10852 7814
8439 7814
8860 7814
9640 7814
10754 7814
8643 7814
11611 7814
10166 7814
2 7814
8781 7815
10746 7815
8267 7815
11053 7815
2 7815
9166 7816
9934 7816
10607 7816
8054 7816
2 7816
10249 7817
8799 7817
8768 7817
10041 7817
9135 7817
11491 7817
8200 7817
8454 7817
8323 7817
10022 7817
9659 7817
2 7817
11064 7818
11151 7818
11767 7818
10564 7818
9827 7818
2 7818
11659 7819
10220 7819
8877 7819
10718 7819
2 7819
11795 7820
11711 7820
8507 7820
9804 7820
11350 7820
9286 7820
2 7820
10641 7821
11169 7821
9814 7821
8199 7821
9590 7821
9872 7821
10630 7821
9954 7821
10998 7821
2 7821
3062 7822
3263 7822
3343 7822
685 7822
3752 7822
758 7822
9345 7822
10335 7822
10050 7822
9717 7822
8446 7822
10950 7822
8878 7822
8610 7822
2 7822
8775 7823
11486 7823
9140 7823
11986 7823
9654 7823
9657 7823
10389 7823
8241 7823
11188 7823
9790 7823
8644 7823
2 7823
9721 7824
8598 7824
9326 7824
10957 7824
8283 7824
2 7824
11014 7825
10265 7825
9749 7825
8993 7825
2 7825
10924 7826
9555 7826
11748 7826
9195 7826
9557 7826
9182 7826
11021 7826
10768 7826
11763 7826
9820 7826
2 7826
10948 7827
11463 7827
11014 7827
8955 7827
8207 7827
11241 7827
10546 7827
11282 7827
11653 7827
10096 7827
8252 7827
2 7827
11495 7828
9360 7828
8738 7828
9264 7828
9515 7828
10787 7828
2 7828
11156 7829
9361 7829
11126 7829
11361 7829
11293 7829
2 7829
10876 7830
8708 7830
10426 7830
8721 7830
8433 7830
8482 7830
11462 7830
8504 7830
9557 7830
2 7830
10110 7831
9045 7831
11981 7831
8841 7831
8825 7831
8055 7831
11744 7831
2 7831
8056 7832
10430 7832
8938 7832
10024 7832
11905 7832
2 7832
9810 7833
9432 7833
10974 7833
11964 7833
10765 7833
9940 7833
8577 7833
8449 7833
9423 7833
2 7833
11143 7834
10291 7834
9226 7834
8402 7834
10221 7834
10927 7834
8813 7834
8562 7834
11019 7834
2 7834
11927 7835
11880 7835
11481 7835
11848 7835
11849 7835
11416 7835
2 7835
9790 7836
11907 7836
10531 7836
8094 7836
2 7836
10514 7837
9369 7837
8523 7837
10000 7837
10020 7837
10842 7837
9177 7837
2 7837
9691 7838
10021 7838
9288 7838
10174 7838
10544 7838
10899 7838
9508 7838
2 7838
11947 7839
8467 7839
8785 7839
11653 7839
2 7839
11949 7840
8408 7840
9017 7840
10346 7840
9073 7840
8038 7840
11593 7840
11794 7840
10254 7840
2 7840
11546 7841
8166 7841
9716 7841
10846 7841
10399 7841
11670 7841
10161 7841
9346 7841
10651 7841
8802 7841
2 7841
103 7842
1899 7842
2970 7842
2191 7842
11035 7842
11013 7842
8652 7842
8452 7842
9780 7842
8987 7842
2 7842
11675 7843
8216 7843
10319 7843
10130 7843
10794 7843
8555 7843
8049 7843
8068 7843
9120 7843
11327 7843
2 7843
2213 7844
3777 7844
2932 7844
272 7844
2703 7844
3553 7844
1470 7844
10873 7844
8854 7844
9118 7844
11664 7844
2 7844
11668 7845
10961 7845
8189 7845
10573 7845
8874 7845
11126 7845
10610 7845
10875 7845
8356 7845
2 7845
9589 7846
10525 7846
10475 7846
10411 7846
2 7846
2630 7847
2975 7847
11914 7847
8692 7847
9289 7847
8547 7847
9897 7847
10195 7847
8234 7847
8736 7847
10663 7847
10050 7847
2 7847
9111 7848
10018 7848
10520 7848
8747 7848
10047 7848
9105 7848
8457 7848
9365 7848
10433 7848
10143 7848
8661 7848
2 7848
8574 7849
9057 7849
11915 7849
8307 7849
9860 7849
11213 7849
8360 7849
9319 7849
8713 7849
8655 7849
2 7849
9730 7850
9807 7850
9590 7850
8494 7850
8766 7850
9787 7850
11051 7850
8623 7850
2 7850
8076 7851
10961 7851
10770 7851
10266 7851
10433 7851
9311 7851
10714 7851
9787 7851
10948 7851
9732 7851
2 7851
10277 7852
8753 7852
9028 7852
8843 7852
10732 7852
10563 7852
10341 7852
11819 7852
11156 7852
11500 7852
2 7852
8677 7853
9271 7853
9826 7853
9036 7853
10345 7853
8277 7853
8206 7853
8614 7853
2 7853
11433 7854
9255 7854
9733 7854
10186 7854
11979 7854
8204 7854
2 7854
11103 7855
9834 7855
8677 7855
9730 7855
8744 7855
2 7855
8103 7856
11543 7856
9238 7856
8717 7856
9544 7856
11794 7856
9078 7856
9271 7856
2 7856
8805 7857
10451 7857
8921 7857
10306 7857
11142 7857
9078 7857
2 7857
8849 7858
9632 7858
9541 7858
10647 7858
8201 7858
11619 7858
11796 7858
10962 7858
2 7858
8764 7859
8046 7859
10264 7859
9939 7859
9543 7859
8395 7859
11305 7859
9538 7859
10043 7859
10414 7859
11045 7859
2 7859
9286 7860
11468 7860
11232 7860
11134 7860
10894 7860
9568 7860
8232 7860
2 7860
10843 7861
9408 7861
8944 7861
10372 7861
10629 7861
10247 7861
2 7861
11633 7862
8465 7862
8055 7862
8794 7862
8922 7862
9580 7862
2 7862
8476 7863
11989 7863
11924 7863
8855 7863
10702 7863
8098 7863
9918 7863
2 7863
8499 7864
10997 7864
9710 7864
9773 7864
8346 7864
10116 7864
8305 7864
2 7864
9861 7865
8176 7865
10283 7865
8082 7865
9025 7865
10383 7865
11690 7865
8858 7865
2 7865
8359 7866
8448 7866
9744 7866
10412 7866
10521 7866
10012 7866
11909 7866
8214 7866
8550 7866
2 7866
3864 7867
1898 7867
3818 7867
3537 7867
2728 7867
3775 7867
9433 7867
9917 7867
9805 7867
11535 7867
8854 7867
10966 7867
8150 7867
8024 7867
9272 7867
9274 7867
9745 7867
2 7867
9220 7868
11610 7868
10166 7868
10271 7868
11622 7868
8820 7868
10267 7868
8913 7868
10601 7868
11019 7868
2 7868
10599 7869
10956 7869
11859 7869
9779 7869
8018 7869
9222 7869
9066 7869
2 7869
9771 7870
10248 7870
10970 7870
8061 7870
8682 7870
11632 7870
9902 7870
2 7870
9962 7871
8058 7871
11510 7871
11849 7871
10455 7871
10887 7871
10985 7871
10501 7871
2 7871
8144 7872
10495 7872
9174 7872
11690 7872
11873 7872
10197 7872
2 7872
10908 7873
8437 7873
8114 7873
9097 7873
11676 7873
8499 7873
10996 7873
8347 7873
2 7873
11248 7874
10016 7874
9488 7874
10191 7874
9972 7874
11862 7874
9296 7874
9546 7874
2 7874
1231 7875
2795 7875
294 7875
11683 7875
9404 7875
11329 7875
10923 7875
2 7875
10858 7876
9106 7876
11601 7876
9870 7876
10138 7876
10931 7876
11618 7876
8604 7876
11585 7876
10354 7876
2 7876
11197 7877
9555 7877
11826 7877
11432 7877
11196 7877
9783 7877
8388 7877
9157 7877
10835 7877
8971 7877
2 7877
11955 7878
10374 7878
8569 7878
10131 7878
11635 7878
8256 7878
11213 7878
8263 7878
2 7878
10164 7879
10848 7879
9322 7879
10894 7879
10089 7879
10811 7879
10038 7879
11755 7879
10928 7879
11413 7879
9575 7879
2 7879
8359 7880
8411 7880
9241 7880
10997 7880
2 7880
10176 7881
11099 7881
9986 7881
8938 7881
8434 7881
9284 7881
9820 7881
9526 7881
8083 7881
2 7881
9908 7882
9211 7882
11510 7882
10398 7882
9996 7882
2 7882
2771 7883
2558 7883
17 7883
2513 7883
2569 7883
891 7883
8724 7883
9034 7883
9821 7883
8109 7883
8812 7883
9413 7883
9516 7883
9405 7883
9223 7883
2 7883
8025 7884
11558 7884
9331 7884
11636 7884
9348 7884
11377 7884
2 7884
9703 7885
8283 7885
9181 7885
11556 7885
9255 7885
10729 7885
10085 7885
11928 7885
8582 7885
11802 7885
9941 7885
2 7885
10751 7886
9531 7886
10821 7886
11589 7886
2 7886
3185 7887
198 7887
3182 7887
1142 7887
1281 7887
8640 7887
8692 7887
10292 7887
8547 7887
2 7887
9001 7888
11813 7888
9612 7888
9913 7888
9450 7888
9511 7888
9055 7888
11859 7888
10947 7888
2 7888
10449 7889
9565 7889
9258 7889
11842 7889
8695 7889
8132 7889
8782 7889
10821 7889
9933 7889
9055 7889
10551 7889
2 7889
8318 7890
8250 7890
8943 7890
11064 7890
9425 7890
10329 7890
8657 7890
2 7890
11433 7891
10800 7891
9401 7891
8374 7891
11559 7891
11939 7891
11977 7891
2 7891
11639 7892
11570 7892
11749 7892
8078 7892
8425 7892
11792 7892
10915 7892
2 7892
11438 7893
10796 7893
11387 7893
10720 7893
9437 7893
9672 7893
8969 7893
9833 7893
9078 7893
2 7893
10397 7894
11618 7894
11413 7894
8217 7894
11370 7894
11399 7894
10350 7894
2 7894
8585 7895
9583 7895
10465 7895
11998 7895
11169 7895
10938 7895
10883 7895
8615 7895
2 7895
11014 7896
9089 7896
10248 7896
8356 7896
2 7896
10685 7897
9103 7897
8468 7897
11751 7897
11738 7897
11139 7897
10564 7897
11064 7897
8931 7897
11423 7897
2 7897
11739 7898
9096 7898
11909 7898
10931 7898
11577 7898
11217 7898
9461 7898
2 7898
9938 7899
10345 7899
8968 7899
11443 7899
9556 7899
8089 7899
9685 7899
10961 7899
11615 7899
2 7899
10240 7900
8582 7900
9974 7900
8839 7900
8919 7900
8403 7900
8767 7900
8183 7900
2 7900
8749 7901
10569 7901
10734 7901
11869 7901
8895 7901
2 7901
9138 7902
9715 7902
9533 7902
11379 7902
10678 7902
11357 7902
2 7902
11980 7903
8574 7903
8965 7903
10524 7903
8673 7903
9295 7903
11228 7903
11442 7903
2 7903
10428 7904
11342 7904
8203 7904
10578 7904
11840 7904
11020 7904
9808 7904
2 7904
11805 7905
9774 7905
11617 7905
10794 7905
8597 7905
8757 7905
11846 7905
11494 7905
10527 7905
2 7905
9551 7906
11764 7906
11225 7906
10483 7906
8125 7906
9244 7906
11970 7906
9218 7906
9510 7906
2 7906
2000 7907
427 7907
2977 7907
10440 7907
10614 7907
8234 7907
8150 7907
10195 7907
11664 7907
8281 7907
0 7907
8740 7907
9411 7907
2 7907
8844 7908
8887 7908
9834 7908
9826 7908
11852 7908
8356 7908
9460 7908
10722 7908
2 7908
10659 7909
10807 7909
8436 7909
11087 7909
8508 7909
2 7909
57 7910
1195 7910
11808 7910
11469 7910
0 7910
10226 7910
8159 7910
10204 7910
2 7910
8668 7911
11691 7911
10432 7911
10316 7911
10565 7911
9006 7911
11217 7911
11136 7911
9806 7911
9926 7911
2 7911
11075 7912
8102 7912
9472 7912
9799 7912
9078 7912
9943 7912
8935 7912
10277 7912
10520 7912
2 7912
11411 7913
9324 7913
11908 7913
11172 7913
8499 7913
10794 7913
11901 7913
11468 7913
8481 7913
2 7913
9747 7914
10619 7914
10717 7914
8101 7914
8633 7914
11867 7914
10960 7914
8173 7914
11414 7914
10848 7914
8067 7914
2 7914
8128 7915
8457 7915
8254 7915
10560 7915
8774 7915
9788 7915
11140 7915
11101 7915
10092 7915
9407 7915
9725 7915
2 7915
10460 7916
10467 7916
10245 7916
11547 7916
10625 7916
8211 7916
10384 7916
9480 7916
2 7916
10185 7917
8291 7917
8804 7917
9435 7917
11137 7917
10112 7917
8398 7917
8248 7917
8328 7917
8564 7917
10063 7917
2 7917
11802 7918
11465 7918
11821 7918
10660 7918
8391 7918
11563 7918
8657 7918
8598 7918
11939 7918
11544 7918
2 7918
9446 7919
10314 7919
11326 7919
9635 7919
9616 7919
8333 7919
9086 7919
2 7919
8098 7920
11271 7920
8794 7920
9384 7920
9202 7920
10450 7920
9982 7920
10198 7920
2 7920
935 7921
2864 7921
822 7921
2418 7921
2767 7921
1505 7921
10858 7921
8423 7921
10229 7921
8216 7921
9508 7921
8127 7921
11381 7921
9327 7921
9495 7921
11917 7921
9553 7921
0 7921
2 7921
10867 7922
9574 7922
9827 7922
10613 7922
2 7922
9841 7923
10973 7923
11134 7923
10517 7923
11480 7923
8561 7923
8941 7923
2 7923
11457 7924
9566 7924
8914 7924
9051 7924
8322 7924
10006 7924
10490 7924
8673 7924
9415 7924
11539 7924
10313 7924
2 7924
10025 7925
8676 7925
11660 7925
9070 7925
11811 7925
2 7925
9054 7926
8616 7926
11950 7926
8259 7926
8526 7926
10833 7926
10616 7926
10884 7926
8634 7926
2 7926
10091 7927
10345 7927
10942 7927
11067 7927
11138 7927
9587 7927
8061 7927
10657 7927
11070 7927
10033 7927
2 7927
9660 7928
11671 7928
10244 7928
8425 7928
10199 7928
10769 7928
9496 7928
10101 7928
9347 7928
10978 7928
2 7928
9660 7929
10297 7929
9547 7929
11262 7929
2 7929
8951 7930
11768 7930
11010 7930
10803 7930
2 7930
11946 7931
11771 7931
10459 7931
10291 7931
9531 7931
8813 7931
9815 7931
8643 7931
2 7931
8666 7932
10875 7932
9019 7932
11744 7932
9645 7932
10433 7932
9191 7932
2 7932
8585 7933
11472 7933
10224 7933
10073 7933
9898 7933
11323 7933
2 7933
11666 7934
8665 7934
10414 7934
9679 7934
8570 7934
11391 7934
11435 7934
10746 7934
11793 7934
2 7934
2092 7935
373 7935
1133 7935
210 7935
9742 7935
8159 7935
10809 7935
8351 7935
11765 7935
8034 7935
8441 7935
10366 7935
11446 7935
9853 7935
2 7935
9616 7936
9620 7936
9556 7936
10047 7936
2 7936
11925 7937
9208 7937
8299 7937
8503 7937
8147 7937
2 7937
9726 7938
11097 7938
11027 7938
11372 7938
11579 7938
11457 7938
8655 7938
2 7938
9799 7939
9937 7939
10150 7939
9681 7939
10772 7939
2 7939
9619 7940
11010 7940
9691 7940
11553 7940
11728 7940
10611 7940
8516 7940
2 7940
9943 7941
8419 7941
10536 7941
8590 7941
10535 7941
10855 7941
11297 7941
2 7941
11450 7942
10679 7942
8471 7942
11809 7942
10387 7942
8265 7942
10272 7942
2 7942
11302 7943
8627 7943
9439 7943
8497 7943
8142 7943
10724 7943
10183 7943
11846 7943
8357 7943
2 7943
9923 7944
11858 7944
10757 7944
9159 7944
9166 7944
11845 7944
10202 7944
11232 7944
9135 7944
9823 7944
2 7944
8842 7945
10251 7945
8792 7945
9756 7945
2 7945
9025 7946
8948 7946
10283 7946
10644 7946
8605 7946
11513 7946
11526 7946
2 7946
8879 7947
9632 7947
8823 7947
9195 7947
11318 7947
10409 7947
9658 7947
2 7947
8725 7948
9168 7948
11241 7948
10985 7948
8518 7948
9937 7948
10743 7948
2 7948
9326 7949
8592 7949
8342 7949
8767 7949
2 7949
11132 7950
11146 7950
10257 7950
10067 7950
11690 7950
8748 7950
11227 7950
2 7950
10882 7951
9278 7951
10825 7951
11653 7951
10907 7951
9709 7951
10676 7951
2 7951
9426 7952
8885 7952
11259 7952
8670 7952
11566 7952
11225 7952
9366 7952
8898 7952
9772 7952
2 7952
9605 7953
8182 7953
9910 7953
11447 7953
10365 7953
2 7953
9759 7954
11076 7954
11471 7954
9634 7954
11884 7954
2 7954
9224 7955
11904 7955
8722 7955
10376 7955
8743 7955
10247 7955
11368 7955
10980 7955
11878 7955
10527 7955
9359 7955
2 7955
10637 7956
9213 7956
8493 7956
10703 7956
11185 7956
9036 7956
10212 7956
8989 7956
11758 7956
2 7956
3302 7957
402 7957
1101 7957
673 7957
3464 7957
2352 7957
3679 7957
8351 7957
11125 7957
8991 7957
11212 7957
9214 7957
10688 7957
8889 7957
10482 7957
9413 7957
9223 7957
2 7957
11273 7958
9395 7958
11394 7958
11403 7958
9663 7958
2 7958
3204 7959
1472 7959
8840 7959
9780 7959
9444 7959
10453 7959
11306 7959
9853 7959
8109 7959
9118 7959
2 7959
9372 7960
10349 7960
10118 7960
8308 7960
2 7960
10565 7961
8481 7961
8267 7961
9666 7961
2 7961
8348 7962
9642 7962
11879 7962
8399 7962
10773 7962
9240 7962
8554 7962
10183 7962
11414 7962
10899 7962
8340 7962
2 7962
9322 7963
9866 7963
8388 7963
10611 7963
9989 7963
8170 7963
8605 7963
2 7963
8899 7964
11991 7964
8465 7964
10018 7964
9656 7964
8827 7964
10849 7964
2 7964
11875 7965
9809 7965
11132 7965
8550 7965
11317 7965
9390 7965
8924 7965
8242 7965
8346 7965
2 7965
1631 7966
3279 7966
1802 7966
567 7966
2850 7966
1165 7966
11145 7966
11797 7966
11942 7966
10688 7966
10850 7966
8284 7966
2 7966
10799 7967
9621 7967
10708 7967
8113 7967
10542 7967
10611 7967
11091 7967
9412 7967
10197 7967
11493 7967
8235 7967
2 7967
10186 7968
11993 7968
8800 7968
8581 7968
2 7968
9311 7969
9481 7969
11210 7969
11965 7969
8688 7969
10254 7969
9100 7969
8404 7969
2 7969
10483 7970
8638 7970
9362 7970
10061 7970
10255 7970
8483 7970
11962 7970
10127 7970
9270 7970
8261 7970
8310 7970
2 7970
10197 7971
8353 7971
9313 7971
8433 7971
10937 7971
11133 7971
9691 7971
11214 7971
10051 7971
8938 7971
2 7971
8696 7972
9246 7972
10176 7972
8862 7972
8013 7972
11872 7972
10414 7972
11748 7972
8492 7972
2 7972
10410 7973
11656 7973
11690 7973
9136 7973
10054 7973
8124 7973
11805 7973
11822 7973
2 7973
8784 7974
10415 7974
11011 7974
11221 7974
2 7974
10731 7975
10520 7975
11171 7975
10975 7975
9771 7975
10502 7975
11505 7975
2 7975
9578 7976
10868 7976
10569 7976
10578 7976
11828 7976
11556 7976
9320 7976
8318 7976
2 7976
8632 7977
9366 7977
8052 7977
11236 7977
11713 7977
9418 7977
9743 7977
9713 7977
2 7977
9903 7978
10474 7978
9319 7978
10074 7978
11486 7978
9810 7978
10531 7978
9531 7978
2 7978
8258 7979
10274 7979
10599 7979
9490 7979
2 7979
11091 7980
11834 7980
11904 7980
9522 7980
8892 7980
10508 7980
11592 7980
9097 7980
9621 7980
2 7980
11178 7981
10685 7981
8093 7981
8072 7981
9164 7981
11578 7981
8936 7981
10287 7981
10627 7981
2 7981
11181 7982
9899 7982
9593 7982
9426 7982
11320 7982
9604 7982
11193 7982
9496 7982
8616 7982
2 7982
11616 7983
8542 7983
10300 7983
8926 7983
9510 7983
11840 7983
2 7983
11698 7984
10285 7984
9896 7984
8124 7984
8999 7984
8174 7984
8789 7984
10982 7984
9747 7984
11466 7984
2 7984
11941 7985
8864 7985
8462 7985
9638 7985
10136 7985
10722 7985
9086 7985
8463 7985
2 7985
9649 7986
11044 7986
9384 7986
9512 7986
10451 7986
10838 7986
9111 7986
10342 7986
2 7986
11995 7987
8744 7987
8453 7987
8534 7987
9891 7987
9639 7987
2 7987
10241 7988
11107 7988
11351 7988
8316 7988
9795 7988
10216 7988
9359 7988
8748 7988
2 7988
8942 7989
10385 7989
11118 7989
9300 7989
2 7989
8210 7990
9906 7990
9652 7990
11015 7990
9192 7990
9521 7990
11733 7990
11263 7990
9129 7990
11990 7990
8392 7990
2 7990
9607 7991
9856 7991
9216 7991
11240 7991
10040 7991
2 7991
8954 7992
10105 7992
10589 7992
8246 7992
9157 7992
8973 7992
9622 7992
8625 7992
10951 7992
10153 7992
2 7992
11910 7993
11675 7993
9753 7993
9412 7993
9325 7993
9098 7993
10043 7993
11133 7993
2 7993
11519 7994
8423 7994
10925 7994
8243 7994
10154 7994
2 7994
8772 7995
10071 7995
10143 7995
9431 7995
10740 7995
8464 7995
8575 7995
2 7995
8777 7996
10606 7996
8432 7996
8567 7996
9019 7996
10392 7996
8925 7996
12001 7996
10714 7996
10423 7996
2 7996
8086 7997
9403 7997
11343 7997
11466 7997
10937 7997
11216 7997
8114 7997
10094 7997
2 7997
10194 7998
10308 7998
11081 7998
11777 7998
10274 7998
10927 7998
2 7998
8352 7999
10193 7999
10587 7999
11705 7999
9641 7999
9688 7999
2 7999
9174 8000
11206 8000
9988 8000
9414 8000
9329 8000
9755 8000
9157 8000
8781 8000
10400 8000
2 8000
10140 8001
11375 8001
10632 8001
8435 8001
10465 8001
2 8001
9597 8002
9420 8002
10240 8002
10146 8002
9435 8002
2 8002
8555 8003
8758 8003
8350 8003
9224 8003
10022 8003
11584 8003
10962 8003
9953 8003
2 8003
10353 8004
9875 8004
10669 8004
8831 8004
10698 8004
10390 8004
8879 8004
2 8004
8168 8005
9948 8005
9903 8005
10284 8005
9523 8005
10278 8005
11007 8005
9790 8005
11228 8005
8965 8005
2 8005
11917 8006
8948 8006
8145 8006
8074 8006
11355 8006
8354 8006
11715 8006
2 8006
11805 8007
8835 8007
11391 8007
10542 8007
8499 8007
2 8007
8412 8008
9727 8008
11053 8008
10184 8008
9535 8008
2 8008
11082 8009
10375 8009
10672 8009
11113 8009
2 8009
2 8010
8444 8021
2665 8024
3045 8024
3398 8024
2904 8024
1414 8024
8881 8032
9029 8032
8690 8032
2387 8034
3871 8034
1328 8034
3267 8034
2209 8034
9634 8041
10018 8041
11590 8041
10590 8042
9070 8042
8980 8042
3808 8043
460 8043
1464 8043
1922 8043
3712 8043
10105 8046
10840 8046
8332 8046
581 8047
3826 8047
1277 8047
691 8047
1130 8047
3033 8047
10875 8051
8030 8057
11096 8057
10522 8066
10152 8066
10087 8093
12041 8109
9034 8109
3084 8109
989 8109
3661 8109
2114 8115
699 8115
2251 8115
2616 8115
1635 8115
1206 8115
8373 8118
10408 8118
8717 8119
8444 8122
10450 8122
9487 8123
11814 8123
10238 8130
3592 8133
386 8133
2443 8133
3412 8138
3836 8138
385 8138
281 8138
11539 8139
2312 8150
3388 8150
3057 8150
585 8150
567 8150
1476 8150
2538 8150
3888 8151
2417 8151
3426 8159
3833 8159
374 8159
11134 8160
10747 8160
11072 8160
8518 8162
11593 8162
8387 8162
204 8163
1620 8163
45 8163
1600 8163
3928 8163
8920 8165
10584 8165
11777 8165
11461 8176
11171 8180
11331 8185
8720 8185
2487 8188
445 8188
3937 8188
2311 8188
715 8188
1847 8188
10701 8197
8968 8197
9782 8197
183 8198
1730 8198
1542 8198
3363 8198
8322 8208
10524 8208
11554 8215
8452 8222
134 8222
474 8222
2025 8222
2269 8222
793 8222
8916 8228
8630 8228
3473 8234
554 8234
1197 8234
8205 8245
9645 8245
10921 8247
8325 8247
3479 8249
3735 8249
2183 8249
640 8249
2870 8249
9660 8255
824 8257
639 8257
237 8257
2650 8257
1597 8257
1086 8257
2652 8264
2242 8264
2078 8264
3062 8264
713 8264
3188 8264
690 8264
905 8264
2039 8264
3105 8264
2983 8264
1552 8264
3463 8264
1998 8264
1867 8274
2033 8274
1781 8274
2091 8274
428 8279
2915 8279
550 8280
1975 8280
1192 8280
3397 8280
3326 8280
3058 8281
2880 8281
1885 8281
637 8281
12041 8284
8736 8284
3021 8284
2972 8284
3220 8284
1781 8284
3302 8284
10625 8293
9789 8296
827 8300
530 8300
3431 8300
9583 8306
8828 8306
11650 8308
9443 8308
10200 8309
8693 8309
8233 8309
1002 8344
692 8344
1105 8344
12045 8345
6364 8345
2604 8345
3046 8345
880 8345
1691 8351
3955 8351
10619 8353
8647 8353
11908 8353
9625 8358
11899 8358
8427 8358
11675 8359
9159 8359
10639 8365
574 8366
3686 8366
3596 8366
1014 8366
3500 8366
10584 8367
10660 8370
8952 8370
11725 8370
2170 8390
188 8390
347 8390
1258 8390
1704 8390
2701 8401
2363 8401
1444 8401
85 8401
1659 8401
452 8401
11948 8409
33 8409
3056 8409
3009 8409
2161 8409
2071 8409
461 8409
628 8409
1788 8409
1821 8409
1499 8409
10120 8409
8840 8409
9939 8418
8596 8418
11299 8421
8429 8421
2203 8426
2705 8426
3208 8426
2478 8426
3364 8426
10675 8429
8993 8429
9407 8429
10856 8438
3594 8441
890 8441
342 8441
3273 8441
2286 8441
3871 8441
1177 8441
1693 8441
10614 8441
10077 8441
8991 8441
487 8446
865 8446
2762 8446
2537 8446
2310 8446
2320 8446
31 8446
281 8446
3890 8446
2993 8446
743 8446
9391 8446
10666 8446
8198 8446
11165 8447
8779 8447
9631 8447
8689 8448
11796 8448
3334 8452
2269 8452
838 8452
3912 8452
8968 8453
9528 8453
3989 8458
593 8458
2790 8458
1500 8458
1126 8458
3537 8458
3935 8458
2951 8458
8251 8462
9151 8462
11752 8464
10341 8464
9205 8481
8113 8481
11072 8503
8822 8503
10691 8505
10703 8505
3694 8517
1033 8517
2263 8517
1050 8517
2543 8517
2160 8517
8368 8535
8180 8535
10886 8540
8648 8540
11309 8541
11605 8541
3886 8547
8424 8552
10133 8552
9023 8562
11536 8562
1506 8563
1363 8563
243 8563
11404 8568
11115 8568
11059 8568
11818 8571
10480 8571
10307 8571
261 8586
855 8586
1667 8586
2403 8595
991 8595
890 8595
2581 8595
8238 8600
10648 8600
10574 8600
9642 8605
10655 8605
2216 8607
3023 8607
1825 8607
2687 8607
826 8607
10313 8608
11670 8608
10161 8608
3729 8610
2214 8610
3119 8610
1214 8610
3844 8610
9233 8615
2269 8636
2589 8636
3722 8636
1420 8636
9106 8639
9109 8639
9351 8639
3157 8640
3306 8640
2809 8640
2158 8640
3848 8640
686 8646
443 8646
2903 8646
3106 8646
1229 8646
689 8646
1192 8652
737 8652
1521 8652
242 8652
9784 8654
10437 8654
9869 8654
8167 8655
9545 8655
8936 8657
11817 8657
3563 8659
3769 8659
3601 8659
2653 8659
311 8659
2644 8659
442 8659
3959 8659
3713 8659
3354 8659
1872 8659
669 8659
2477 8659
446 8659
413 8659
2497 8659
3517 8662
2414 8662
2048 8662
2922 8662
3429 8672
3652 8672
3103 8672
473 8672
859 8672
3957 8672
1252 8672
3601 8672
11854 8675
10585 8675
2221 8681
3359 8681
1798 8681
1513 8681
1657 8684
1162 8684
1748 8684
3819 8684
1148 8692
600 8692
1197 8692
3567 8692
2715 8692
303 8692
2608 8692
1573 8697
1637 8697
3535 8697
1857 8697
586 8697
1610 8697
1257 8697
2151 8697
3362 8697
3359 8697
2412 8697
2493 8697
1035 8697
3824 8697
10273 8716
9077 8716
9970 8716
1207 8724
3306 8724
167 8724
3217 8724
597 8724
8807 8724
9516 8724
11797 8724
11236 8731
11250 8731
1167 8736
1557 8736
1992 8736
3133 8736
1339 8736
3890 8736
3693 8736
1899 8736
1897 8736
257 8736
3452 8736
2234 8736
1679 8736
1565 8736
831 8736
2522 8736
2847 8737
931 8737
3113 8740
1403 8740
2046 8740
3495 8740
1078 8740
2722 8740
122 8740
10666 8740
9333 8744
8118 8744
11699 8749
8045 8749
8270 8749
11114 8772
9299 8772
11593 8778
9100 8778
10175 8778
8212 8794
10167 8794
9351 8795
9035 8795
10036 8795
9930 8804
11330 8804
8760 8805
11221 8805
8779 8805
3888 8807
275 8807
11360 8811
11117 8811
2740 8812
2382 8812
9305 8814
615 8817
1441 8817
3148 8817
1200 8817
2797 8817
9095 8817
11386 8817
8985 8817
11157 8820
8573 8822
8513 8822
1968 8840
931 8840
3308 8840
8902 8841
10379 8844
10275 8844
9125 8844
11159 8846
9594 8846
3341 8854
2308 8854
1853 8854
159 8854
2830 8854
870 8854
1228 8854
1199 8854
3209 8854
3031 8854
1523 8854
3432 8854
9000 8856
10613 8856
9652 8856
9035 8862
10447 8862
9944 8868
8442 8868
2597 8869
2585 8869
1399 8869
1038 8869
10759 8873
9091 8873
3159 8878
2575 8878
2236 8878
708 8878
1449 8878
1879 8889
2082 8889
729 8889
10025 8900
8183 8907
11802 8907
9852 8907
11610 8918
11703 8918
10863 8918
9719 8947
3918 8956
1864 8956
2784 8956
11882 8975
8252 8975
9877 8975
8570 8979
10577 8979
1018 8985
2306 8985
2857 8985
2815 8985
3431 8985
1080 8985
3746 8985
3136 8985
420 8985
1002 8985
3864 8985
2896 8985
3146 8985
2665 8985
1118 8985
1335 8985
2034 8985
3566 8985
12 8985
615 8985
1383 8985
2818 8985
1172 8985
3770 8985
2439 8985
963 8985
2708 8985
1455 8985
443 8985
1187 8985
2031 8985
2525 8985
100 8985
211 8985
186 8985
3909 8985
2952 8985
665 8985
2452 8985
3401 8985
2695 8985
2739 8985
510 8985
513 8985
1152 8985
3266 8985
1747 8985
231 8985
203 8985
1269 8985
2377 8985
1837 8987
3654 8987
3846 8991
153 8991
2270 8991
3276 8991
10362 8993
9124 8993
11297 8993
11936 8996
11121 8996
11231 9006
11712 9006
10674 9008
11590 9009
536 9020
3092 9020
651 9020
32 9027
2008 9027
309 9027
364 9027
1327 9027
11048 9028
8925 9028
862 9034
246 9034
1233 9034
103 9034
110 9034
123 9039
2788 9039
3992 9039
1292 9039
3922 9039
1829 9039
117 9039
1475 9039
1900 9043
1757 9043
865 9043
10318 9045
10070 9045
8594 9045
11569 9048
8944 9048
10133 9056
3575 9059
1531 9059
477 9059
2536 9059
3627 9059
1192 9059
1040 9060
1892 9060
161 9060
2680 9060
2417 9063
375 9063
3723 9063
792 9063
9213 9068
10657 9068
11653 9069
9017 9069
8205 9069
2011 9095
3351 9095
2787 9095
300 9095
42 9095
1364 9095
827 9095
1207 9095
3002 9095
1755 9095
2480 9095
1855 9095
3269 9095
1510 9095
2332 9095
2245 9095
1465 9095
750 9095
2666 9095
735 9095
3059 9095
1469 9095
2673 9095
1729 9095
2588 9095
3588 9095
3185 9095
2076 9095
840 9095
1531 9095
3956 9095
3008 9095
2399 9095
3992 9095
2299 9095
1032 9095
2519 9095
4008 9095
878 9095
287 9095
3728 9095
2181 9095
3627 9095
3792 9095
1024 9095
2459 9095
2507 9095
1697 9095
2679 9095
3787 9095
1454 9095
3818 9095
2042 9095
1456 9095
3792 9101
3548 9101
3055 9101
3137 9101
1316 9101
1187 9101
10096 9111
8375 9111
8859 9115
11404 9115
3344 9117
1757 9117
1893 9117
3853 9117
319 9117
2146 9117
1787 9117
2694 9117
3041 9117
129 9117
3826 9118
1310 9118
1956 9118
3246 9118
10231 9123
11046 9123
11030 9123
611 9128
1869 9128
2536 9128
87 9128
2817 9128
3516 9128
2996 9128
11585 9161
10786 9161
11062 9161
10716 9166
10544 9166
1813 9173
2896 9173
1352 9173
915 9173
8124 9175
10107 9175
8734 9175
9490 9176
1884 9178
720 9178
10121 9200
11853 9200
11636 9200
10947 9206
8663 9206
11115 9206
8127 9207
9240 9207
11845 9207
10447 9208
3227 9214
763 9214
2893 9214
955 9214
2718 9214
1722 9214
1574 9214
869 9214
1066 9214
1208 9214
3137 9214
1665 9214
3329 9214
2073 9214
2698 9214
2979 9214
1538 9214
216 9214
9005 9216
11174 9216
10489 9223
463 9223
1070 9223
2041 9223
3888 9223
3385 9223
10308 9243
11925 9246
10937 9257
10948 9265
11857 9265
8012 9267
9233 9271
9901 9271
2784 9272
3262 9272
986 9272
923 9272
2714 9272
2124 9274
2052 9274
12 9274
10680 9287
3111 9289
2436 9289
3331 9289
821 9289
876 9294
883 9294
476 9294
3763 9294
6031 9304
1863 9304
46 9304
3436 9304
1350 9304
2455 9304
1996 9306
1334 9306
3428 9306
3201 9306
11112 9306
11797 9306
11285 9306
11159 9317
8238 9317
2768 9323
999 9323
10 9323
182 9323
2158 9323
512 9323
8222 9323
8595 9323
8391 9326
8045 9326
11360 9326
8901 9330
10700 9330
9068 9330
10294 9344
9529 9344
11794 9344
1572 9345
2884 9345
3641 9345
1383 9353
1341 9353
8329 9360
3145 9363
16 9363
0 9363
10177 9368
8076 9368
9131 9384
9784 9384
8384 9387
9749 9387
2223 9391
3856 9391
598 9391
8222 9391
800 9397
3968 9397
128 9397
1927 9397
1700 9397
2981 9397
3978 9397
423 9397
3542 9397
3737 9397
1364 9397
3967 9397
1254 9397
20 9397
9285 9398
2157 9404
3908 9404
12027 9405
6141 9405
1680 9405
2420 9405
787 9405
1646 9405
2924 9405
11958 9406
10894 9410
9166 9410
1902 9411
1261 9411
11686 9412
9281 9412
9072 9412
3525 9413
9736 9413
11125 9413
11664 9413
1685 9416
1981 9416
3613 9416
2492 9416
1569 9416
3653 9416
715 9416
3067 9416
2706 9416
3702 9416
1437 9416
2648 9416
2487 9416
11137 9420
10146 9420
1087 9421
2397 9421
3971 9421
8623 9430
2297 9433
2100 9433
8030 9437
723 9444
1224 9444
316 9444
3034 9444
3019 9444
10751 9445
10806 9445
11381 9448
10432 9448
9734 9450
9184 9450
8553 9455
9155 9466
8062 9466
8400 9468
3834 9473
1226 9473
3445 9473
3497 9473
2031 9473
10077 9473
10157 9473
9539 9484
9658 9484
8365 9485
11351 9485
8893 9492
8019 9492
8096 9494
9388 9494
9346 9494
11273 9507
10969 9507
11816 9507
10006 9511
7651 9516
3168 9516
1635 9516
2212 9516
11479 9520
8182 9520
11236 9548
10259 9559
8844 9559
11371 9559
11600 9570
10719 9570
8687 9570
8648 9574
1614 9576
2924 9576
2129 9576
340 9576
1361 9576
2251 9576
3219 9576
723 9576
1641 9576
3310 9576
1251 9576
3863 9576
1116 9576
3567 9576
1752 9576
3763 9576
832 9576
2276 9576
2710 9576
2305 9576
3255 9576
712 9576
1005 9576
2210 9576
42 9576
1289 9576
3323 9576
3449 9576
2867 9576
1849 9576
2182 9576
1468 9576
3079 9576
3742 9576
2733 9576
2934 9576
73 9576
3098 9576
944 9576
36 9576
106 9576
1167 9576
2462 9576
1430 9576
170 9576
2376 9576
1887 9576
2871 9576
433 9576
3113 9576
2527 9576
3106 9576
3973 9576
3751 9576
2938 9576
9204 9585
10298 9596
11857 9596
11051 9596
10978 9599
11497 9599
1831 9611
863 9611
3548 9611
2793 9611
2320 9615
2820 9615
3296 9615
396 9615
3532 9615
10133 9616
10481 9624
9586 9624
9864 9628
11720 9628
10548 9635
9134 9636
9690 9636
10936 9636
8845 9638
9873 9638
10058 9648
11134 9648
10773 9648
3833 9655
9951 9657
11294 9665
8086 9665
9720 9665
1937 9676
2802 9676
106 9676
448 9687
543 9687
1507 9687
1510 9687
637 9687
561 9687
1975 9687
3359 9687
3008 9687
4001 9693
184 9693
3062 9693
3825 9693
1039 9693
8089 9698
11234 9698
369 9699
3282 9699
751 9699
10214 9711
10459 9711
1506 9717
1367 9717
1915 9717
2177 9717
233 9717
9184 9726
10970 9732
2647 9736
808 9736
2928 9741
310 9741
2155 9741
3541 9741
2131 9741
892 9741
3096 9741
975 9741
3527 9741
1077 9741
3397 9741
2023 9741
2409 9741
2028 9741
1873 9742
1456 9742
1830 9742
3857 9742
1117 9742
8761 9744
485 9745
3007 9745
2886 9745
2491 9745
693 9745
2056 9745
408 9745
2083 9745
2419 9745
1975 9745
783 9745
1222 9745
10995 9745
8610 9745
11306 9745
8612 9750
8269 9753
10184 9753
8233 9753
8410 9755
10160 9755
11071 9759
11396 9759
9122 9760
9882 9760
9846 9760
11301 9764
9215 9766
1579 9768
3163 9768
2202 9768
893 9768
3814 9768
11628 9772
3335 9777
397 9777
145 9777
3797 9777
2662 9780
3550 9780
504 9780
11257 9794
8975 9798
2968 9805
1795 9805
3531 9811
1566 9816
3911 9816
1738 9816
1674 9816
424 9816
3218 9816
2667 9816
3540 9821
3250 9821
995 9821
915 9821
2762 9821
3608 9821
315 9821
3982 9821
272 9821
11803 9829
8708 9839
1922 9853
1839 9854
3029 9854
1889 9854
115 9854
3270 9854
8789 9874
9316 9874
9605 9883
11171 9886
9125 9886
2150 9888
3137 9888
1689 9888
2848 9888
328 9888
140 9888
10504 9888
10234 9888
11864 9893
8757 9893
9185 9893
8870 9894
8270 9894
1282 9897
1696 9897
841 9897
311 9900
3554 9900
2073 9900
396 9900
3652 9900
615 9900
2161 9900
1042 9900
887 9900
0 9900
8274 9900
2129 9917
217 9917
3513 9917
455 9917
12042 9927
7152 9927
1773 9927
2804 9927
352 9927
741 9927
3287 9927
1363 9927
3380 9927
2295 9927
2126 9927
1257 9955
3487 9955
2793 9955
2526 9955
2547 9955
9013 9956
11146 9956
8724 9960
2322 9960
242 9960
2695 9960
11233 9961
8584 9963
3611 9975
96 9975
1145 9975
608 9975
2094 9975
1928 9975
2472 9975
10118 9982
9203 9982
10272 9985
11084 9985
2217 9991
924 9991
3876 9991
10830 9994
9689 9994
2950 10001
2295 10001
615 10001
2302 10017
1907 10017
1004 10017
11554 10022
11769 10022
11943 10022
8435 10035
10849 10035
9954 10035
9220 10040
10569 10045
11820 10045
10117 10045
12038 10049
5658 10049
2083 10049
3624 10049
2106 10049
2081 10049
983 10049
1321 10050
752 10050
707 10050
9848 10055
10774 10059
10220 10060
10649 10060
8677 10066
9265 10066
11101 10066
12045 10077
9742 10077
3301 10077
2493 10077
2455 10077
801 10077
1925 10077
10839 10082
8729 10082
3231 10104
3361 10104
1753 10113
2999 10113
1173 10113
3037 10113
2057 10113
1289 10113
2685 10113
1527 10120
3086 10120
3159 10120
3774 10120
1661 10124
1812 10124
3422 10124
2430 10148
2631 10148
3395 10148
1699 10148
981 10149
1530 10149
1001 10149
2360 10149
1796 10149
922 10149
10275 10150
11788 10150
12027 10157
10471 10157
1767 10157
3597 10157
16 10157
8300 10157
8249 10157
11506 10157
9249 10159
8976 10163
8705 10163
9789 10169
9881 10169
11831 10169
11505 10170
10669 10173
11917 10173
11390 10173
3359 10180
3503 10180
2711 10180
2143 10180
2772 10180
861 10180
2710 10180
159 10180
2341 10180
525 10180
1167 10180
3184 10180
2364 10180
1485 10180
490 10180
1386 10180
2992 10180
2526 10180
2200 10180
2171 10180
313 10180
3486 10180
2849 10180
3790 10180
1383 10180
1913 10180
3903 10180
1186 10180
2535 10180
2915 10180
328 10180
1675 10180
327 10180
2242 10180
3336 10180
63 10180
469 10180
1719 10180
352 10180
3290 10180
2281 10180
2213 10180
647 10180
1584 10180
2025 10180
3674 10180
2483 10180
1923 10180
3233 10180
996 10180
747 10180
1888 10180
2676 10180
9022 10188
11340 10191
9435 10191
8731 10191
2813 10195
314 10195
3987 10195
2101 10195
12027 10204
8991 10204
1893 10204
2302 10204
3625 10204
9941 10211
11288 10211
11499 10211
10003 10215
11713 10215
2914 10226
1708 10226
1343 10226
3627 10226
2635 10226
1522 10226
1817 10226
3405 10226
10988 10230
9728 10230
11995 10230
502 10234
1898 10234
3485 10234
3218 10234
1914 10234
510 10234
464 10234
2735 10234
2605 10234
218 10234
184 10234
1514 10234
3925 10234
11908 10236
11261 10236
10604 10236
8519 10238
9946 10253
9117 10260
2489 10260
2837 10260
2878 10260
1707 10260
1689 10260
1380 10260
3917 10260
696 10260
3732 10260
1365 10260
3003 10260
1822 10260
527 10260
3443 10260
3037 10260
620 10260
2360 10260
3446 10260
3000 10260
3591 10260
2568 10260
857 10260
192 10260
201 10260
1160 10260
144 10260
2882 10260
1015 10260
2614 10260
2762 10260
177 10260
3993 10260
2605 10260
2173 10260
611 10260
2019 10260
3611 10260
2381 10260
2790 10260
3471 10260
2287 10260
912 10260
1005 10260
1330 10260
469 10260
2164 10260
1370 10260
2281 10260
1076 10260
1047 10260
720 10260
1579 10260
2853 10260
2510 10281
3350 10281
2624 10281
1711 10281
2254 10281
4006 10286
1312 10286
2700 10286
1250 10286
3338 10286
8468 10287
8806 10287
1923 10292
3257 10292
511 10292
3815 10292
2860 10292
8461 10295
9078 10298
11595 10298
1233 10305
1839 10305
9262 10309
10274 10309
9245 10317
11759 10317
11089 10317
8463 10324
8623 10324
284 10335
3125 10335
2801 10335
1369 10335
9749 10341
11395 10341
9509 10341
9526 10344
10962 10344
8164 10344
8131 10345
8293 10345
10836 10345
9013 10348
10269 10350
2046 10355
3469 10355
1091 10355
2471 10356
991 10356
847 10356
10828 10363
11365 10363
199 10366
1209 10366
10539 10375
11598 10383
10472 10386
11769 10386
8543 10386
1287 10388
2126 10388
1403 10388
2647 10388
3233 10388
2259 10388
3468 10388
2052 10388
2412 10388
1463 10388
1546 10388
224 10388
2818 10388
3013 10388
8751 10391
3470 10407
303 10407
2028 10407
3226 10407
2165 10407
11745 10410
11696 10410
11623 10425
10321 10425
2391 10427
2749 10427
2715 10427
2153 10427
2195 10427
10498 10436
8183 10436
1690 10440
1474 10440
102 10440
1190 10440
1515 10440
1734 10440
10231 10447
8354 10447
2707 10453
3667 10453
1401 10453
2261 10453
2544 10453
2763 10453
3349 10453
305 10453
1394 10453
2671 10453
3434 10453
1064 10453
473 10453
10264 10469
10621 10469
3550 10471
1339 10471
3229 10471
839 10471
9256 10472
9628 10472
9691 10472
12044 10482
4971 10482
419 10482
2089 10482
2792 10482
217 10482
3442 10482
8736 10482
11139 10485
3053 10489
3824 10489
2712 10489
3077 10489
3881 10489
1550 10489
633 10504
3580 10504
2745 10504
3261 10504
3160 10504
9695 10509
11540 10509
11369 10515
10585 10515
9835 10523
8110 10523
11304 10529
38 10538
2139 10538
8543 10541
8606 10541
8152 10542
10746 10542
11875 10542
11713 10549
11594 10553
10925 10553
9825 10560
10206 10560
10578 10564
9424 10564
10436 10564
10014 10567
1746 10571
2769 10571
2798 10571
11587 10582
10054 10582
11095 10582
11526 10586
11355 10586
9613 10591
9130 10591
10436 10591
11117 10597
11714 10597
2630 10598
524 10598
1037 10598
932 10598
11021 10612
8376 10612
2694 10614
456 10614
1404 10614
125 10614
3375 10614
10071 10633
9028 10633
10993 10635
10371 10635
8482 10635
8097 10639
11049 10645
11268 10645
159 10646
2214 10646
2278 10646
11307 10646
11765 10646
8468 10662
9906 10662
8680 10662
552 10663
902 10663
2973 10663
1547 10663
1966 10663
2234 10663
583 10666
2104 10666
3894 10666
3960 10670
1437 10670
2369 10670
502 10670
2391 10670
885 10670
1999 10670
212 10670
11571 10681
10142 10681
9666 10681
2262 10687
1789 10687
671 10687
2161 10687
3266 10687
3002 10688
2387 10688
2567 10688
3604 10688
2091 10688
926 10688
8187 10691
9681 10691
10533 10698
10760 10698
8412 10698
9874 10704
10164 10704
11372 10715
9258 10715
9569 10721
11685 10730
11676 10730
11875 10730
11114 10732
11871 10732
11324 10732
8425 10737
10829 10738
10811 10739
9744 10739
8167 10741
8485 10741
11286 10744
9705 10744
11678 10744
9469 10749
8308 10749
8467 10749
10173 10763
10818 10763
8202 10773
11563 10787
8861 10787
9153 10787
8331 10795
10911 10795
11101 10796
1089 10797
2551 10797
3613 10797
670 10797
497 10797
3103 10797
1145 10797
2977 10797
1503 10797
723 10797
1736 10797
738 10797
2733 10797
1493 10797
8422 10798
8671 10798
10467 10798
9159 10801
2245 10808
801 10808
2547 10808
3099 10808
1597 10808
995 10808
504 10809
3903 10809
1242 10809
906 10812
1485 10812
1134 10812
3471 10812
3982 10812
3272 10812
774 10812
2346 10812
1317 10812
3937 10812
1764 10812
11538 10827
38 10837
1945 10837
9191 10838
9148 10838
11111 10838
9620 10839
8286 10839
10053 10845
188 10850
2349 10850
3573 10850
2015 10850
2393 10850
11533 10857
11485 10857
295 10859
455 10859
1762 10859
2634 10873
2707 10873
3265 10873
562 10873
640 10873
3974 10874
742 10874
1890 10874
3121 10874
9605 10899
11058 10899
9166 10899
11411 10908
11603 10908
11910 10912
9857 10915
11342 10915
11608 10917
10024 10917
10094 10917
9141 10920
1873 10923
1911 10923
345 10923
2594 10923
593 10923
1501 10923
3712 10941
2643 10941
2666 10941
1810 10941
12029 10950
10489 10950
1595 10950
776 10950
3614 10950
810 10950
10116 10951
11667 10951
1640 10955
3743 10955
897 10955
1099 10955
54 10955
8956 10958
186 10958
927 10958
267 10958
2870 10958
1893 10958
1884 10958
1146 10958
2674 10966
3661 10966
1922 10966
281 10966
1712 10966
8068 10982
9104 10988
415 10995
846 10995
39 10995
2850 11000
3437 11000
1144 11000
2842 11000
2546 11000
8630 11010
2842 11013
1422 11013
3215 11013
3501 11013
3687 11013
813 11013
9760 11015
1515 11022
1128 11022
2271 11022
1162 11022
1819 11022
3640 11022
203 11022
1401 11022
1025 11022
683 11022
10292 11022
8547 11022
10125 11026
1079 11035
1959 11035
141 11035
537 11035
1890 11035
2737 11035
9085 11036
1763 11039
1416 11039
2942 11039
392 11039
11640 11047
9567 11058
10426 11058
10763 11058
11465 11065
8943 11065
8877 11065
1360 11078
3651 11078
1172 11078
10238 11089
10463 11089
8285 11089
9781 11091
8917 11100
10435 11100
9218 11100
9587 11101
9560 11101
9449 11101
771 11104
3692 11104
875 11104
2247 11104
3341 11104
883 11112
2130 11112
664 11112
3487 11112
3963 11112
10199 11119
9149 11119
11482 11119
10170 11122
10504 11125
8956 11125
8115 11125
2640 11125
707 11125
3911 11125
2450 11125
3942 11125
1132 11125
2398 11125
85 11125
321 11125
1304 11125
3458 11125
3948 11125
1450 11125
3738 11125
3210 11125
1147 11125
3183 11125
3272 11125
1023 11125
1699 11125
2495 11125
2072 11125
3177 11125
1482 11125
281 11125
890 11125
215 11125
662 11125
2102 11125
1459 11125
3157 11125
3844 11125
1725 11125
1048 11125
3370 11125
1742 11125
1194 11125
3310 11125
3491 11125
1515 11125
2631 11125
2964 11125
2702 11125
811 11125
22 11125
2539 11125
3814 11125
296 11125
3989 11125
249 11125
3321 11125
2131 11125
3930 11125
2034 11125
11690 11133
11873 11133
9646 11133
2289 11145
3460 11145
1201 11145
1151 11145
3559 11145
10396 11146
8719 11146
11276 11150
9015 11165
11341 11165
8851 11176
11594 11176
833 11201
3346 11201
12028 11205
4497 11205
3216 11205
3770 11205
1607 11205
3642 11205
1221 11205
1549 11205
253 11205
3542 11205
3160 11205
3768 11205
399 11212
730 11212
2842 11212
9558 11225
9829 11230
11381 11230
11432 11230
11102 11235
9771 11237
10251 11237
8628 11237
10870 11239
9319 11240
11932 11240
10041 11244
8513 11244
3416 11253
3399 11253
2660 11253
9010 11265
9635 11283
11633 11283
1895 11285
299 11285
3228 11285
3116 11285
10103 11287
10409 11287
11276 11299
10192 11299
10877 11299
8346 11300
3274 11306
1495 11306
2139 11306
3207 11306
2038 11307
3153 11307
3742 11307
504 11307
11573 11309
8720 11309
8070 11309
1974 11329
1092 11329
1641 11329
304 11329
2995 11329
1930 11329
8599 11332
8433 11335
8729 11346
8030 11346
568 11348
3395 11348
2508 11348
1322 11348
2034 11348
727 11348
8698 11353
8247 11353
11138 11353
8850 11357
9378 11357
11057 11357
3055 11359
3470 11359
1535 11359
2942 11359
319 11359
2117 11359
3553 11359
745 11359
2707 11359
3271 11359
2648 11359
355 11359
2525 11359
1544 11359
3114 11359
1119 11359
374 11359
1833 11359
2099 11359
2559 11359
1971 11359
1325 11359
2181 11359
3249 11359
1222 11359
1265 11359
2876 11359
245 11359
1306 11359
2269 11359
1000 11359
1067 11359
2895 11359
3998 11359
2054 11359
2337 11359
1377 11359
2219 11359
1813 11359
2444 11359
3933 11359
3860 11359
2103 11359
2868 11359
1759 11359
2486 11359
672 11359
2377 11359
489 11359
3697 11359
1342 11359
1369 11359
51 11359
633 11359
392 11359
11315 11364
10783 11371
11951 11371
9522 11380
11053 11380
10872 11381
8808 11381
11467 11381
3560 11386
3125 11386
2420 11386
3906 11386
2777 11386
9723 11395
8712 11395
11906 11395
9443 11398
11500 11398
9456 11398
9874 11400
10249 11400
8077 11401
8723 11401
11869 11407
10569 11407
11377 11409
9784 11422
11251 11422
11529 11422
10777 11427
10284 11427
9189 11435
9711 11442
11538 11442
3561 11446
3886 11446
3541 11455
143 11455
371 11455
33 11455
9049 11458
9432 11458
8081 11458
1560 11469
522 11469
731 11469
54 11469
10407 11469
11386 11469
12045 11483
9780 11483
3013 11483
614 11483
3862 11483
1884 11484
2103 11484
3230 11484
275 11484
10552 11488
11775 11488
8407 11488
10690 11489
11594 11489
11716 11489
1480 11492
1066 11492
2656 11504
2359 11504
1575 11504
585 11504
1822 11504
1489 11504
10859 11504
11000 11504
10482 11504
3114 11506
1674 11506
517 11506
2401 11506
2569 11506
3252 11506
2647 11506
3946 11506
2190 11506
3111 11506
2183 11506
3298 11506
10345 11507
10354 11511
11099 11513
11618 11513
9225 11514
9517 11514
9288 11515
11281 11515
10183 11515
9539 11524
8101 11524
191 11531
2067 11531
645 11531
986 11531
8801 11532
1972 11535
2441 11535
2672 11535
2354 11535
11961 11561
10303 11561
11629 11561
10087 11570
10697 11570
10649 11570
7126 11576
1460 11576
3876 11576
984 11576
3470 11576
1421 11576
425 11576
842 11586
3641 11586
3227 11586
1492 11586
433 11586
9655 11588
1786 11588
368 11588
355 11588
3965 11588
54 11588
1886 11588
822 11588
3989 11588
674 11588
3729 11588
2877 11588
586 11588
2366 11588
8185 11607
9850 11607
9930 11607
8927 11611
11776 11611
8405 11619
8883 11625
8042 11626
11514 11626
10091 11626
9080 11640
8570 11640
9032 11643
10280 11643
10699 11643
8285 11652
8767 11652
8310 11652
1099 11664
1270 11664
1985 11664
2221 11664
3798 11664
2744 11673
2100 11673
180 11673
3486 11673
1947 11673
1255 11683
3536 11683
966 11683
11095 11685
8706 11689
8578 11689
270 11719
2785 11719
9712 11736
8037 11736
11325 11736
1377 11737
3675 11737
1682 11737
8213 11738
11420 11738
10261 11738
10145 11750
11190 11751
10674 11751
9022 11751
10713 11752
11275 11752
1457 11765
1150 11765
932 11765
2101 11765
3284 11765
3746 11765
2111 11765
9417 11771
11935 11771
2090 11780
10 11780
3852 11780
361 11782
322 11782
3776 11782
1682 11782
1922 11782
1011 11782
10054 11785
9804 11785
2231 11790
1990 11790
3803 11790
3836 11790
3272 11791
837 11791
669 11791
8807 11791
8092 11795
11355 11795
3499 11797
2269 11797
3979 11797
3037 11797
8877 11800
8250 11800
11900 11800
705 11804
1065 11804
3000 11804
2995 11804
2066 11804
10083 11805
8304 11805
10081 11805
2491 11808
8043 11808
8659 11808
10204 11808
8014 11810
8200 11815
9402 11819
10676 11819
9808 11835
1737 11885
990 11885
2012 11885
1606 11885
2127 11889
634 11889
1457 11889
9866 11894
11718 11894
8589 11894
11051 11906
2829 11914
1073 11914
3095 11914
785 11914
264 11914
3912 11914
460 11914
2313 11914
3514 11914
3383 11914
1353 11914
3554 11919
1246 11919
2089 11919
2110 11919
11657 11922
8701 11922
8072 11928
9772 11928
8897 11931
11260 11931
9320 11931
504 11942
3453 11942
1662 11942
2710 11942
8087 11945
11893 11945
2029 11948
1758 11948
3430 11948
432 11948
654 11948
10733 11962
11979 11962
8430 11962
11266 11973
9547 11973
11903 11973
11033 11978
8477 11978
8210 11978
9496 11985
11431 11985
2011 12000
1645 12000
1247 12000
3535 12000
1442 12000
2108 12000
3512 12000
10097 12005
10016 12005
11757 12005
9547 12005
10263 12005
9604 12005
8929 12005
11950 12005
11527 12005
2515 12006
997 12006
3820 12006
2040 12006
3956 12006
3245 12006
2780 12006
741 12006
2630 12006
2027 12006
2203 12006
1995 12006
2536 12006
3220 12006
1455 12006
3964 12006
3604 12006
3846 12006
3440 12006
916 12006
672 12006
1548 12006
3239 12006
2719 12006
1459 12006
328 12006
2192 12006
510 12006
370 12006
604 12006
2835 12006
1556 12006
154 12006
2831 12006
3418 12006
1906 12006
1792 12006
27 12006
593 12006
2753 12006
2741 12006
157 12006
2464 12006
598 12006
2594 12006
80 12006
3359 12006
640 12006
3802 12006
1783 12006
2539 12006
3897 12006
1019 12006
1216 12006
2792 12006
2198 12006
863 12006
1925 12006
1385 12006
1735 12006
1701 12006
159 12006
3543 12006
1822 12006
521 12006
405 12006
3027 12006
1392 12006
943 12006
2964 12006
3524 12006
3310 12006
3110 12006
576 12006
3709 12006
522 12006
2611 12006
2162 12006
1576 12006
786 12006
2876 12006
1460 12006
2947 12006
1127 12006
879 12006
2184 12006
3774 12006
653 12006
150 12006
251 12006
2786 12006
2756 12006
1716 12006
806 12006
2928 12006
1888 12006
1241 12006
1670 12006
1629 12006
3629 12006
2479 12006
1361 12006
330 12006
2357 12006
1966 12006
3156 12006
2503 12006
3175 12006
3492 12006
1035 12006
633 12006
3784 12006
259 12006
2026 12006
505 12006
3557 12006
2955 12006
1344 12006
2612 12006
3089 12006
738 12006
2432 12006
2720 12006
1499 12006
3285 12006
1026 12006
1414 12006
3155 12006
502 12006
3692 12006
3047 12006
3065 12006
2765 12006
2450 12006
1044 12006
380 12006
211 12006
2849 12006
3063 12006
3514 12006
2806 12006
1422 12006
935 12006
2514 12006
25 12006
945 12006
2713 12006
3861 12006
883 12006
2470 12006
1915 12006
3448 12006
3166 12006
1146 12006
3032 12006
1070 12006
3405 12006
2150 12006
652 12006
849 12006
420 12006
3171 12006
2343 12006
844 12006
1537 12006
3322 12006
2950 12006
2502 12006
3676 12006
191 12006
1507 12006
1336 12006
509 12006
627 12006
144 12006
2099 12006
2080 12006
2987 12006
1909 12006
1964 12006
644 12006
2517 12006
2037 12006
1947 12006
3595 12006
1268 12006
1251 12006
3952 12006
3050 12006
579 12006
1825 12006
3254 12006
2881 12006
1866 12006
657 12006
205 12006
583 12006
2087 12006
2791 12006
2724 12006
1894 12006
115 12006
2012 12006
3360 12006
1151 12006
3252 12006
3585 12006
3367 12006
1856 12006
648 12006
3706 12006
3472 12006
1683 12006
3147 12006
1849 12006
2365 12006
4002 12006
2110 12006
2914 12006
3390 12006
1878 12006
1793 12006
807 12006
1819 12006
245 12006
3653 12006
639 12006
2200 12006
1902 12006
2125 12006
2016 12006
16 12006
1732 12006
2905 12006
723 12006
3031 12006
1195 12006
1962 12006
2069 12006
241 12006
148 12006
68 12006
84 12006
2436 12006
3506 12006
1419 12006
2994 12006
1829 12006
1761 12006
1458 12006
1921 12006
749 12006
2544 12006
290 12006
3445 12006
719 12006
1663 12006
158 12006
3299 12006
2283 12006
3880 12006
2242 12006
2010 12006
3421 12006
3797 12006
337 12006
675 12006
308 12006
2691 12006
1399 12006
1853 12006
2382 12006
2061 12006
3623 12006
2661 12006
166 12006
1038 12006
88 12006
3735 12006
194 12006
1524 12006
1753 12006
3251 12006
1712 12006
1192 12006
1988 12006
1656 12006
1818 12006
2396 12006
3231 12006
1428 12006
2941 12006
2563 12006
1357 12006
2578 12006
120 12006
3043 12006
3434 12006
1969 12006
1845 12006
3135 12006
3923 12006
2575 12006
3033 12006
156 12006
2017 12006
2054 12006
2677 12006
1555 12006
647 12006
3072 12006
785 12006
3962 12006
15 12006
170 12006
610 12006
3614 12006
1260 12006
800 12006
1973 12006
2704 12006
1316 12006
3580 12006
3149 12006
2374 12006
2822 12006
3541 12006
3608 12006
824 12006
1224 12006
1785 12006
909 12006
3642 12006
2577 12006
149 12006
2935 12006
2122 12006
2562 12006
608 12006
3132 12006
1509 12006
975 12006
1447 12006
2600 12006
3014 12006
641 12006
389 12006
2232 12006
366 12006
3556 12006
2642 12006
3775 12006
3678 12006
1931 12006
2888 12006
36 12006
1608 12006
3293 12006
3551 12006
1532 12006
3588 12006
1273 12006
128 12006
3423 12006
3697 12006
1171 12006
2891 12006
3942 12006
1661 12006
3818 12006
3721 12006
1562 12006
3275 12006
3085 12006
1043 12006
2735 12006
1254 12006
3787 12006
555 12006
3345 12006
2032 12006
1303 12006
782 12006
1680 12006
1500 12006
3987 12006
1759 12006
1649 12006
2908 12006
1640 12006
2609 12006
55 12006
922 12006
1211 12006
1444 12006
3215 12006
2277 12006
2549 12006
239 12006
3571 12006
2170 12007
839 12007
3596 12007
325 12007
1255 12007
546 12007
1833 12007
2880 12007
3856 12007
2582 12007
2118 12007
597 12007
3909 12007
2805 12007
3266 12007
1348 12007
1024 12007
2934 12007
1490 12007
1794 12007
3057 12007
1298 12007
2887 12007
338 12007
3690 12007
39 12007
1095 12007
3108 12007
1752 12007
2748 12007
2303 12007
2870 12007
513 12007
351 12007
1945 12007
3652 12007
3609 12007
3470 12007
1779 12007
1700 12007
107 12007
1850 12007
1781 12007
1122 12007
977 12007
3932 12007
3717 12007
1635 12007
557 12007
1473 12007
3843 12007
312 12007
2576 12007
2596 12007
1510 12007
941 12007
3460 12007
3069 12007
804 12007
1751 12007
3496 12007
3302 12007
3058 12007
3120 12007
1960 12007
2395 12007
558 12007
1048 12007
2499 12007
414 12007
2359 12007
1817 12007
2445 12007
845 12007
3311 12007
1691 12007
2345 12007
2461 12007
2094 12007
476 12007
3715 12007
517 12007
2314 12007
3598 12007
426 12007
13 12007
152 12007
2042 12007
1001 12007
3757 12007
322 12007
690 12007
3025 12007
1445 12007
3467 12007
3016 12007
523 12007
3808 12007
3576 12007
2731 12007
227 12007
2655 12007
2153 12007
2518 12007
887 12007
3561 12007
2044 12007
2210 12007
854 12007
2508 12007
1674 12007
1993 12007
3826 12007
173 12007
35 12007
2595 12007
2051 12007
1435 12007
1858 12007
725 12007
1550 12007
2159 12007
3428 12007
3981 12007
270 12007
3675 12007
1790 12007
2710 12007
2500 12007
2579 12007
2078 12007
91 12007
1480 12007
643 12007
161 12007
21 12007
1965 12007
2001 12007
3500 12007
3606 12007
3511 12007
1140 12007
3238 12007
1313 12007
3961 12007
1119 12007
1472 12007
1368 12007
2970 12007
1642 12007
3646 12007
3711 12007
3660 12007
3936 12007
273 12007
1047 12007
3055 12007
1984 12007
2589 12007
1121 12007
3351 12007
2667 12007
3793 12007
619 12007
2953 12007
3235 12007
1655 12007
1432 12007
2130 12007
872 12007
1307 12007
2571 12007
3261 12007
998 12007
3082 12007
1623 12007
910 12007
3356 12007
2631 12007
588 12007
2113 12007
1010 12007
1715 12007
2227 12007
249 12007
2974 12007
45 12007
2401 12007
1668 12007
990 12007
195 12007
1602 12007
1009 12007
1541 12007
1204 12007
2733 12007
1172 12007
1132 12007
3913 12007
1157 12007
1631 12007
1185 12007
1940 12007
22 12007
1615 12007
691 12007
3115 12007
2241 12007
2029 12007
625 12007
364 12007
4003 12007
1717 12007
354 12007
3622 12007
1333 12007
630 12007
1675 12007
2581 12007
182 12007
2510 12007
3847 12007
1323 12007
2868 12007
2836 12007
1542 12007
3346 12007
3217 12007
440 12007
676 12007
135 12007
2380 12007
1090 12007
3466 12007
3456 12007
864 12007
231 12007
950 12007
2693 12007
1152 12007
2859 12007
3540 12007
2223 12007
240 12007
143 12007
2574 12007
1315 12007
2407 12007
1418 12007
2961 12007
526 12007
1484 12007
784 12007
3620 12007
3375 12007
1719 12007
3527 12007
2543 12007
771 12007
2990 12007
3436 12007
2233 12007
1008 12007
1636 12007
1233 12007
566 12007
674 12007
3905 12007
461 12007
2709 12007
2658 12007
3890 12007
213 12007
1914 12007
3568 12007
3765 12007
2030 12007
2368 12007
382 12007
3612 12007
3885 12007
1416 12007
2143 12007
2564 12007
1011 12007
3417 12007
184 12007
724 12007
3546 12007
3929 12007
467 12007
2047 12007
1650 12007
2291 12007
432 12007
685 12007
1371 12007
3095 12007
2736 12007
3783 12007
277 12007
316 12007
1620 12007
1159 12007
3030 12007
2025 12007
1883 12007
1395 12007
3759 12007
595 12007
2692 12007
703 12007
968 12007
2879 12007
1531 12007
3664 12007
2708 12007
556 12007
2173 12007
2186 12007
3273 12007
2560 12007
3779 12007
632 12007
2329 12007
897 12007
3277 12007
2438 12007
1289 12007
2332 12007
1573 12007
2292 12007
185 12007
44 12007
3364 12007
3000 12007
2019 12007
381 12007
324 12007
409 12007
2135 12007
3889 12007
3056 12007
3019 12007
1397 12007
1170 12007
51 12007
111 12007
1005 12007
3193 12007
2570 12007
1536 12007
1959 12007
2488 12007
1904 12007
3287 12007
3289 12007
2102 12007
2721 12007
2679 12007
554 12007
52 12007
130 12007
3854 12007
2830 12007
486 12007
229 12007
871 12007
802 12007
1658 12007
702 12007
2013 12007
976 12007
768 12007
1587 12007
3211 12007
2820 12007
357 12007
2496 12007
3971 12007
50 12007
3955 12007
1624 12007
3898 12007
2853 12007
1334 12007
412 12007
1169 12007
1705 12007
2188 12007
1402 12007
3668 12007
2867 12007
3748 12007
729 12007
1274 12007
973 12007
2530 12007
2620 12007
1401 12007
3537 12008
3174 12008
511 12008
123 12008
1726 12008
2591 12008
2085 12008
2147 12008
1372 12008
2538 12008
1088 12008
379 12008
3329 12008
2823 12008
733 12008
3628 12008
1588 12008
2903 12008
2079 12008
3558 12008
2740 12008
2108 12008
1609 12008
236 12008
2504 12008
3482 12008
3288 12008
2022 12008
2943 12008
3144 12008
1155 12008
3399 12008
1471 12008
2927 12008
1257 12008
1288 12008
37 12008
688 12008
2490 12008
19 12008
734 12008
543 12008
1337 12008
2702 12008
3638 12008
2217 12008
3533 12008
2751 12008
2237 12008
520 12008
3187 12008
2860 12008
2877 12008
3446 12008
1355 12008
3691 12008
992 12008
924 12008
1465 12008
2240 12008
614 12008
2424 12008
260 12008
2933 12008
3114 12008
386 12008
1710 12008
276 12008
2154 12008
3412 12008
275 12008
255 12008
1689 12008
2381 12008
2421 12008
3054 12008
2988 12008
2165 12008
3223 12008
70 12008
2411 12008
3343 12008
3378 12008
2801 12008
302 12008
447 12008
3142 12008
1087 12008
1749 12008
410 12008
2946 12008
3480 12008
754 12008
3810 12008
63 12008
11 12008
1877 12008
2485 12008
534 12008
219 12008
3189 12008
3945 12008
2126 12008
2629 12008
172 12008
3687 12008
1580 12008
118 12008
2230 12008
795 12008
3505 12008
3601 12008
2529 12008
2448 12008
1063 12008
1101 12008
1923 12008
2550 12008
3017 12008
3136 12008
3129 12008
480 12008
2644 12008
1184 12008
573 12008
792 12008
2622 12008
1227 12008
1086 12008
3248 12008
1359 12008
82 12008
3338 12008
1709 12008
349 12008
2951 12008
1489 12008
2075 12008
3267 12008
1488 12008
1284 12008
1755 12008
3515 12008
500 12008
1724 12008
1677 12008
1612 12008
3578 12008
3726 12008
3441 12008
2623 12008
3348 12008
3358 12008
1693 12008
2390 12008
378 12008
541 12008
2993 12008
3816 12008
262 12008
89 12008
736 12008
3463 12008
2695 12008
3538 12008
1037 12008
913 12008
778 12008
1560 12008
3342 12008
2176 12008
3404 12008
2028 12008
894 12008
3298 12008
1521 12008
2561 12008
3767 12008
3040 12008
1081 12008
3615 12008
3969 12008
2167 12008
2039 12008
3518 12008
1714 12008
60 12008
1842 12008
3989 12008
155 12008
3503 12008
1389 12008
40 12008
846 12008
3886 12008
1571 12008
3594 12008
1263 12008
3672 12008
1621 12008
215 12008
1325 12008
2669 12008
1697 12008
1522 12008
3770 12008
635 12008
2008 12008
1502 12008
469 12008
1582 12008
1944 12008
2207 12008
234 12008
208 12008
878 12008
3263 12008
2146 12008
906 12008
1320 12008
62 12008
1885 12008
901 12008
1567 12008
1117 12008
1198 12008
400 12008
885 12008
2989 12008
344 12008
967 12008
2648 12008
2969 12008
3164 12008
3650 12008
2796 12008
2014 12008
1112 12008
779 12008
612 12008
602 12008
876 12008
2865 12008
1403 12008
2696 12008
2913 12008
3449 12008
3552 12008
814 12008
1085 12008
3990 12008
667 12008
1875 12008
1231 12008
873 12008
1092 12008
570 12008
605 12008
1616 12008
696 12008
2472 12008
2412 12008
3840 12008
1203 12008
2399 12008
2929 12008
912 12008
2139 12008
2761 12008
655 12008
2086 12008
2238 12008
3760 12008
1891 12008
1134 12008
3074 12008
1292 12008
1614 12008
2966 12008
3662 12008
1104 12008
2481 12008
3980 12008
727 12008
539 12008
801 12008
3173 12008
3744 12008
3509 12008
1421 12008
2662 12008
319 12008
1096 12008
2364 12008
3934 12008
2665 12008
1899 12008
1331 12008
3776 12008
2687 12008
3301 12008
3976 12008
1222 12008
1619 12008
3397 12008
147 12008
3176 12008
3124 12008
1262 12008
3012 12008
3049 12008
2483 12008
2737 12008
3365 12008
3891 12008
531 12008
1378 12008
535 12008
902 12008
3667 12008
1568 12008
3930 12008
2505 12008
3264 12008
1046 12008
396 12008
2998 12008
590 12008
3465 12008
3221 12008
3799 12008
3938 12008
1413 12008
3268 12008
2633 12008
920 12008
1589 12008
1020 12008
3255 12008
730 12008
508 12008
2393 12008
2992 12008
2190 12008
3877 12008
2858 12008
1196 12008
2229 12008
3244 12008
2689 12008
2956 12008
419 12008
2362 12008
1967 12008
2289 12008
704 12008
1505 12008
1740 12008
3204 12008
972 12008
1504 12008
3947 12008
905 12008
3379 12008
3669 12008
3970 12008
2777 12008
2391 12008
1734 12008
2716 12008
2105 12008
1754 12008
2540 12008
391 12008
1027 12008
1321 12008
1854 12008
2336 12008
2333 12008
26 12008
3704 12008
293 12008
815 12008
836 12008
1766 12008
2434 12008
1483 12008
503 12008
821 12008
776 12008
826 12008
2392 12008
1339 12008
442 12008
14 12008
2023 12008
2814 12008
499 12008
1600 12008
2366 12008
3591 12009
705 12009
3410 12009
684 12009
3817 12009
2547 12009
1406 12009
1739 12009
3007 12009
3521 12009
2904 12009
1803 12009
339 12009
2287 12009
1694 12009
2982 12009
1900 12009
2035 12009
2728 12009
2715 12009
3475 12009
2046 12009
479 12009
2793 12009
858 12009
1061 12009
2315 12009
988 12009
2866 12009
3738 12009
528 12009
549 12009
1806 12009
1390 12009
2775 12009
1901 12009
1329 12009
875 12009
1848 12009
3296 12009
3723 12009
2516 12009
1511 12009
1983 12009
542 12009
2981 12009
1864 12009
665 12009
3306 12009
2151 12009
907 12009
3304 12009
3368 12009
2794 12009
3195 12009
1512 12009
1182 12009
2133 12009
1564 12009
3022 12009
2621 12009
3435 12009
3792 12009
3123 12009
1417 12009
2937 12009
2296 12009
365 12009
1747 12009
2194 12009
1896 12009
167 12009
1384 12009
3828 12009
981 12009
449 12009
3959 12009
3758 12009
64 12009
1780 12009
2437 12009
606 12009
2892 12009
1517 12009
3562 12009
3118 12009
1958 12009
3788 12009
1415 12009
1388 12009
3943 12009
2213 12009
342 12009
2722 12009
2883 12009
3528 12009
1306 12009
3718 12009
2885 12009
3522 12009
2091 12009
3937 12009
1310 12009
1982 12009
3764 12009
2123 12009
2699 12009
1161 12009
1605 12009
3234 12009
2196 12009
957 12009
2846 12009
2356 12009
3406 12009
1828 12009
313 12009
1469 12009
1434 12009
1110 12009
3484 12009
952 12009
3415 12009
3822 12009
2936 12009
1181 12009
789 12009
3927 12009
2375 12009
569 12009
3076 12009
3864 12009
1482 12009
1343 12009
584 12009
828 12009
2435 12009
101 12009
3674 12009
3086 12009
3583 12009
1796 12009
838 12009
281 12009
2675 12009
1133 12009
2826 12009
3922 12009
2193 12009
2725 12009
3532 12009
1830 12009
2670 12009
3925 12009
3495 12009
2912 12009
3586 12009
1228 12009
2493 12009
3974 12009
2371 12009
402 12009
2319 12009
2624 12009
395 12009
2926 12009
2310 12009
1029 12009
2326 12009
1811 12009
3914 12009
3998 12009
1492 12009
1215 12009
687 12009
1468 12009
3984 12009
87 12009
3070 12009
2894 12009
333 12009
3153 12009
1183 12009
3294 12009
3713 12009
3128 12009
2441 12009
134 12009
3868 12009
1557 12009
2845 12009
3191 12009
1083 12009
615 12009
1855 12009
2182 12009
3422 12009
2439 12009
2339 12009
1559 12009
3733 12009
1630 12009
2111 12009
1771 12009
411 12009
1410 12009
437 12009
3995 12009
963 12009
1884 12009
3371 12009
456 12009
2537 12009
3172 12009
3838 12009
1491 12009
3967 12009
958 12009
95 12009
2199 12009
1051 12009
2090 12009
3670 12009
2179 12009
77 12009
3113 12009
2602 12009
1326 12009
813 12009
3605 12009
1057 12009
3535 12009
85 12009
3807 12009
3098 12009
3324 12009
1932 12009
1036 12009
1750 12009
2676 12009
200 12009
715 12009
113 12009
1570 12009
2312 12009
720 12009
1404 12009
3006 12009
3185 12009
2096 12009
689 12009
631 12009
2772 12009
1957 12009
2317 12009
2522 12009
1742 12009
475 12009
2746 12009
1256 12009
2306 12009
1039 12009
982 12009
3011 12009
1366 12009
153 12009
2545 12009
1235 12009
3798 12009
2034 12009
1572 12009
3852 12009
3729 12009
2082 12009
2730 12009
2330 12009
1622 12009
985 12009
292 12009
422 12009
3363 12009
2852 12009
1991 12009
2409 12009
621 12009
1708 12009
261 12009
2949 12009
1955 12009
3121 12009
933 12009
3323 12009
1425 12009
1592 12009
3159 12009
3389 12009
2480 12009
1626 12009
2873 12009
3863 12009
2053 12009
65 12009
3499 12009
1391 12009
371 12009
3563 12009
2282 12009
3419 12009
3080 12009
1453 12009
3318 12009
3851 12009
797 12009
2833 12009
1193 12009
358 12009
1108 12009
2261 12009
3830 12009
2293 12009
1835 12009
3835 12009
1345 12009
2816 12009
1493 12009
2635 12009
271 12009
669 12009
3024 12009
3731 12009
2152 12009
3654 12009
946 12009
2299 12009
3679 12009
1367 12009
3279 12009
3963 12009
2352 12009
79 12009
651 12009
2385 12009
3814 12009
3335 12009
3737 12009
1438 12009
726 12009
2247 12009
2093 12009
1106 12009
923 12009
966 12009
3921 12009
2045 12009
3201 12009
1030 12009
1297 12009
2906 12009
102 12009
196 12009
666 12009
94 12009
586 12009
3531 12009
1265 12009
2726 12009
1188 12009
2263 12009
571 12009
2727 12009
1538 12009
1015 12009
3842 12009
2799 12009
2524 12009
452 12009
2959 12009
732 12009
1673 12009
1356 12009
435 12009
2114 12009
3451 12009
367 12009
492 12009
198 12009
2043 12009
1513 12009
178 12009
3344 12009
714 12009
2534 12009
1118 12009
1076 12009
2073 12009
3912 12009
3862 12009
223 12009
3699 12009
645 12009
2278 12010
3133 12010
1062 12010
218 12010
1234 12010
575 12010
3624 12010
2321 12010
1058 12010
3992 12010
550 12010
252 12010
1579 12010
3253 12010
444 12010
3860 12010
3815 12010
1934 12010
1518 12010
1880 12010
1545 12010
2386 12010
2618 12010
2088 12010
866 12010
750 12010
2832 12010
762 12010
3059 12010
2302 12010
1296 12010
865 12010
3632 12010
790 12010
1797 12010
3281 12010
2265 12010
3542 12010
2202 12010
2568 12010
3143 12010
3010 12010
3857 12010
1080 12010
3137 12010
2810 12010
1686 12010
4001 12010
2521 12010
794 12010
2313 12010
1784 12010
603 12010
2431 12010
455 12010
2471 12010
3902 12010
793 12010
129 12010
1208 12010
2187 12010
626 12010
2909 12010
2688 12010
2942 12010
1071 12010
451 12010
314 12010
1077 12010
609 12010
1594 12010
3782 12010
363 12010
141 12010
1585 12010
315 12010
1639 12010
2743 12010
3383 12010
1258 12010
1736 12010
3330 12010
3319 12010
3577 12010
2309 12010
2117 12010
1148 12010
1189 12010
755 12010
2447 12010
592 12010
3804 12010
545 12010
2454 12010
2254 12010
1025 12010
304 12010
1737 12010
3009 12010
3468 12010
2815 12010
1801 12010
1503 12010
2062 12010
202 12010
1165 12010
1314 12010
76 12010
3200 12010
1868 12010
2285 12010
673 12010
2698 12010
2011 12010
3763 12010
3180 12010
53 12010
3635 12010
3111 12010
3203 12010
2418 12010
2979 12010
3420 12010
1102 12010
1290 12010
3184 12010
978 12010
2895 12010
2206 12010
2528 12010
3574 12010
1672 12010
1281 12010
2811 12010
2183 12010
2003 12010
434 12010
2542 12010
1968 12010
3910 12010
3183 12010
3894 12010
2262 12010
1022 12010
3497 12010
3425 12010
960 12010
2259 12010
2784 12010
2554 12010
3884 12010
126 12010
2440 12010
3122 12010
1464 12010
3772 12010
1309 12010
1206 12010
1130 12010
3227 12010
1481 12010
1124 12010
176 12010
2245 12010
2800 12010
2910 12010
2337 12010
2103 12010
3803 12010
831 12010
329 12010
3855 12010
3432 12010
2370 12010
893 12010
847 12010
214 12010
1938 12010
192 12010
3488 12010
2827 12010
3745 12010
1939 12010
817 12010
3510 12010
238 12010
3602 12010
1910 12010
3899 12010
761 12010
3761 12010
3849 12010
2616 12010
2060 12010
3182 12010
3004 12010
3777 12010
4004 12010
3394 12010
180 12010
1669 12010
3644 12010
61 12010
1394 12010
3694 12010
2850 12010
601 12010
235 12010
3377 12010
2778 12010
350 12010
1696 12010
1584 12010
1352 12010
3479 12010
693 12010
2112 12010
1017 12010
253 12010
280 12010
2619 12010
3848 12010
718 12010
859 12010
1450 12010
1954 12010
2557 12010
1788 12010
2533 12010
3641 12010
3908 12010
3353 12010
407 12010
12 12010
1935 12010
3197 12010
2120 12010
284 12010
2325 12010
2228 12010
1054 12010
298 12010
20 12010
529 12010
2654 12010
2507 12010
1221 12010
424 12010
1912 12010
2977 12010
2107 12010
867 12010
2532 12010
1423 12010
2220 12010
2972 12010
1354 12010
244 12010
3493 12010
2513 12010
2129 12010
525 12010
4008 12010
75 12010
2718 12010
2837 12010
3794 12010
1601 12010
1365 12010
3160 12010
582 12010
3523 12010
1590 12010
2430 12010
616 12010
501 12010
3104 12010
2290 12010
3216 12010
1278 12010
346 12010
1202 12010
2706 12010
2717 12010
3939 12010
1679 12010
3725 12010
1632 12010
374 12010
1116 12010
642 12010
1720 12010
124 12010
3593 12010
2608 12010
2745 12010
1105 12010
2451 12010
1824 12010
516 12010
3616 12010
1137 12010
3841 12010
2586 12010
2246 12010
3829 12010
23 12010
1376 12010
3258 12010
1789 12010
1068 12010
1318 12010
421 12010
318 12010
1687 12010
2871 12010
1162 12010
2588 12010
1295 12010
1205 12010
2854 12010
1347 12010
2690 12010
3067 12010
551 12010
1946 12010
454 12010
490 12010
2467 12010
2455 12010
3549 12010
1919 12010
2413 12010
1382 12010
1948 12010
891 12010
3315 12010
3566 12010
2821 12010
425 12010
206 12010
59 12010
3283 12010
1563 12010
3876 12010
2975 12010
3125 12010
2270 12010
122 12010
459 12010
709 12010
2367 12010
3384 12010
1633 12010
3101 12010
3048 12010
2944 12010
671 12010
3875 12010
2353 12010
2077 12010
1176 12010
3093 12010
3882 12010
2723 12010
870 12010
1210 12010
677 12010
2606 12010
796 12010
136 12010
1862 12010
1574 12010
283 12010
3795 12010
3597 12010
2311 12010
3742 12010
810 12010
3333 12010
1916 12010
3762 12010
2584 12010
3979 12010
3688 12010
2818 12010
3695 12010
832 12010
1379 12010
2965 12010
3305 12010
2363 12010
1475 12010
1164 12010
2940 12010
3207 12010
10 12010
2066 12010
3501 12010
1069 12010
2469 12011
2495 12011
1059 12011
3060 12011
1711 12011
2231 12011
2671 12011
2768 12011
1219 12011
3163 12011
1093 12011
3747 12011
1373 12011
1996 12011
3426 12011
2838 12011
3427 12011
3232 12011
1486 12011
2572 12011
468 12011
2294 12011
746 12011
1926 12011
2021 12011
2674 12011
860 12011
1021 12011
2361 12011
591 12011
3274 12011
1837 12011
961 12011
2058 12011
3206 12011
2739 12011
3702 12011
3320 12011
3087 12011
739 12011
881 12011
767 12011
1977 12011
2580 12011
2770 12011
3321 12011
1261 12011
3701 12011
2404 12011
2157 12011
278 12011
453 12011
780 12011
3151 12011
3395 12011
2267 12011
2405 12011
246 12011
306 12011
485 12011
3685 12011
1412 12011
1055 12011
30 12011
1549 12011
1166 12011
250 12011
1223 12011
232 12011
857 12011
106 12011
3015 12011
2351 12011
3117 12011
1920 12011
852 12011
3355 12011
472 12011
242 12011
2760 12011
3983 12011
2098 12011
269 12011
532 12011
596 12011
3972 12011
3619 12011
1154 12011
3677 12011
1911 12011
1239 12011
2558 12011
1386 12011
896 12011
1000 12011
1463 12011
1457 12011
2712 12011
2902 12011
3647 12011
2346 12011
1230 12011
248 12011
1474 12011
3564 12011
3703 12011
3865 12011
3752 12011
2898 12011
1908 12011
3438 12011
699 12011
951 12011
3354 12011
2694 12011
489 12011
2177 12011
1477 12011
823 12011
2387 12011
825 12011
1398 12011
3494 12011
1723 12011
1598 12011
1547 12011
2707 12011
2607 12011
2729 12011
287 12011
763 12011
3257 12011
1684 12011
3813 12011
3326 12011
2808 12011
2647 12011
423 12011
3100 12011
216 12011
2092 12011
664 12011
1637 12011
3073 12011
3565 12011
3334 12011
2767 12011
2556 12011
1033 12011
3933 12011
1974 12011
1496 12011
2211 12011
2468 12011
3507 12011
2976 12011
1895 12011
2862 12011
1351 12011
3600 12011
1300 12011
3651 12011
1143 12011
116 12011
1002 12011
177 12011
678 12011
3178 12011
72 12011
3785 12011
1142 12011
2007 12011
2205 12011
286 12011
305 12011
3139 12011
1396 12011
984 12011
3084 12011
3693 12011
429 12011
2985 12011
1050 12011
3520 12011
731 12011
728 12011
1103 12011
47 12011
368 12011
2683 12011
1113 12011
2417 12011
811 12011
140 12011
3332 12011
3265 12011
1067 12011
46 12011
2174 12011
927 12011
2525 12011
2918 12011
518 12011
2164 12011
2603 12011
3753 12011
2280 12011
3042 12011
3106 12011
1099 12011
1972 12011
2379 12011
1528 12011
1816 12011
2297 12011
1676 12011
1553 12011
1871 12011
2378 12011
3517 12011
2456 12011
2484 12011
401 12011
620 12011
2429 12011
2945 12011
1561 12011
340 12011
3716 12011
3587 12011
1685 12011
991 12011
2020 12011
2074 12011
463 12011
2221 12011
1699 12011
919 12011
708 12011
753 12011
1470 12011
1653 12011
2613 12011
1985 12011
2204 12011
66 12011
2755 12011
1860 12011
1049 12011
1733 12011
497 12011
3053 12011
3741 12011
3312 12011
3498 12011
1246 12011
3570 12011
3636 12011
3186 12011
441 12011
1236 12011
833 12011
3948 12011
1383 12011
948 12011
2036 12011
267 12011
299 12011
506 12011
1881 12011
629 12011
2783 12011
1757 12011
1324 12011
1497 12011
2492 12011
3489 12011
2335 12011
900 12011
1763 12011
296 12011
356 12011
3284 12011
2324 12011
1186 12011
1681 12011
3536 12011
1340 12011
3519 12011
450 12011
2373 12011
1242 12011
2115 12011
628 12011
1802 12011
2459 12011
3148 12011
3832 12011
1311 12011
3071 12011
110 12011
477 12011
3140 12011
1843 12011
3681 12011
1922 12011
109 12011
3920 12011
1380 12011
1270 12011
3154 12011
3780 12011
623 12011
2057 12011
1774 12011
1936 12011
3750 12011
1287 12011
3954 12011
183 12011
2243 12011
1237 12011
2824 12011
613 12011
939 12011
1978 12011
3407 12011
3088 12011
2446 12011
1998 12011
2569 12011
3276 12011
2497 12011
3689 12011
3683 12011
1461 12011
2917 12011
1440 12011
3347 12011
2637 12011
2383 12011
406 12011
2148 12011
3680 12011
772 12011
2344 12011
1073 12011
956 12011
2878 12011
3625 12011
458 12011
3941 12011
2971 12011
3439 12011
212 12011
41 12011
1992 12011
1643 12011
3627 12011
2349 12011
465 12011
2318 12011
637 12011
2323 12011
559 12011
74 12011
3398 12011
3119 12011
3083 12011
174 12011
3648 12011
1596 12011
1610 12011
1652 12011
99 12011
3698 12011
3916 12011
3924 12011
1217 12011
1603 12011
2803 12011
3997 12011
2901 12011
2224 12011
96 12011
3951 12011
133 12011
1876 12011
1772 12011
2931 12011
3896 12011
1276 12011
2749 12011
3634 12011
1812 12011
560 12011
1662 12011
2494 12011
3051 12011
3544 12011
3020 12012
1167 12012
1648 12012
1659 12012
1363 12012
2703 12012
1814 12012
3786 12012
3339 12012
3487 12012
3946 12012
3800 12012
536 12012
487 12012
3391 12012
3901 12012
383 12012
757 12012
1498 12012
1773 12012
3052 12012
3062 12012
393 12012
2059 12012
2462 12012
3553 12012
3116 12012
2308 12012
3502 12012
2063 12012
840 12012
207 12012
1175 12012
3036 12012
1267 12012
1075 12012
3617 12012
488 12012
2052 12012
1703 12012
226 12012
1338 12012
1283 12012
3103 12012
2033 12012
2754 12012
1799 12012
748 12012
697 12012
2239 12012
2782 12012
2175 12012
2406 12012
2900 12012
2038 12012
2201 12012
2643 12012
1832 12012
1369 12012
1006 12012
2119 12012
1874 12012
1949 12012
1004 12012
3743 12012
2920 12012
1028 12012
3569 12012
1187 12012
320 12012
1240 12012
3246 12012
3471 12012
3141 12012
2663 12012
3610 12012
1229 12012
3926 12012
2980 12012
3639 12012
1032 12012
2067 12012
2802 12012
29 12012
2855 12012
2214 12012
2180 12012
3966 12012
3529 12012
2686 12012
2681 12012
895 12012
2963 12012
1981 12012
171 12012
680 12012
2084 12012
1003 12012
3819 12012
1353 12012
787 12012
1508 12012
1540 12012
193 12012
2601 12012
326 12012
1462 12012
668 12012
3931 12012
3078 12012
81 12012
3559 12012
2659 12012
237 12012
2882 12012
681 12012
3112 12012
2626 12012
3458 12012
3444 12012
2116 12012
2388 12012
3734 12012
3887 12012
1225 12012
2178 12012
1933 12012
1495 12012
3719 12012
309 12012
2916 12012
3029 12012
2427 12012
403 12012
384 12012
1566 12012
980 12012
3362 12012
2807 12012
323 12012
1342 12012
2070 12012
3369 12012
3768 12012
2475 12012
938 12012
2769 12012
3682 12012
2398 12012
2847 12012
908 12012
3202 12012
1013 12012
1018 12012
2449 12012
1501 12012
1141 12012
2295 12012
964 12012
3839 12012
471 12012
663 12012
1346 12012
2701 12012
3900 12012
1534 12012
3705 12012
3666 12012
2592 12012
2889 12012
2897 12012
1238 12012
3099 12012
1212 12012
3728 12012
1259 12012
512 12012
3895 12012
3823 12012
783 12012
2328 12012
959 12012
1927 12012
1776 12012
929 12012
1546 12012
181 12012
1431 12012
930 12012
188 12012
2893 12012
1350 12012
2682 12012
3023 12012
2911 12012
1950 12012
230 12012
481 12012
1539 12012
760 12012
636 12012
3539 12012
1322 12012
2744 12012
399 12012
3167 12012
524 12012
3209 12012
1707 12012
974 12012
921 12012
2645 12012
1328 12012
1892 12012
3469 12012
3126 12012
199 12012
2486 12012
3928 12012
1760 12012
1364 12012
1330 12012
914 12012
983 12012
1098 12012
2172 12012
855 12012
1129 12012
3904 12012
2763 12012
2453 12012
711 12012
493 12012
1040 12012
1986 12012
3504 12012
2482 12012
791 12012
3825 12012
3337 12012
1928 12012
2097 12012
1898 12012
1523 12012
899 12012
2416 12012
2757 12012
1767 12012
3401 12012
28 12012
3749 12012
3046 12012
2519 12012
3871 12012
498 12012
1886 12012
3307 12012
3478 12012
989 12012
1924 12012
970 12012
1448 12012
353 12012
2573 12012
1045 12012
392 12012
2742 12012
2758 12012
1646 12012
1907 12012
947 12012
2843 12012
1007 12012
484 12012
1666 12012
994 12012
658 12012
2426 12012
3508 12012
2131 12012
2234 12012
418 12012
1275 12012
54 12012
398 12012
692 12012
2141 12012
882 12012
2415 12012
1930 12012
1841 12012
3630 12012
3408 12012
2256 12012
1191 12012
1641 12012
4005 12012
1606 12012
3712 12012
285 12012
2166 12012
3212 12012
3659 12012
2851 12012
165 12012
3096 12012
818 12012
121 12012
3005 12012
56 12012
1153 12012
1551 12012
1990 12012
3859 12012
2559 12012
1834 12012
3631 12012
3491 12012
375 12012
1961 12012
742 12012
834 12012
809 12012
1525 12012
2839 12012
1506 12012
3107 12012
2316 12012
2973 12012
3092 12012
3756 12012
2962 12012
1294 12012
1060 12012
1809 12012
1827 12012
2555 12012
889 12012
2250 12012
851 12012
1729 12012
3376 12012
1999 12012
3102 12012
2766 12012
3462 12012
3414 12012
3958 12012
788 12012
57 12012
2354 12012
438 12012
3769 12012
274 12012
2273 12012
2930 12012
3450 12012
1798 12012
747 12012
2274 12012
999 12012
2442 12012
243 12012
2018 12012
3259 12012
563 12012
3665 12012
1743 12012
105 12012
282 12012
2260 12012
2422 12012
3199 12012
3872 12012
2526 12012
936 12012
1078 12012
3915 12012
2348 12012
3589 12012
3796 12012
553 12012
2907 12012
327 12012
949 12012
394 12012
3079 12012
3483 12012
1079 12012
2672 12012
2124 12012
713 12012
1831 12012
3431 12012
3170 12012
2957 12012
1956 12012
2269 12012
3352 12012
1765 12012
1808 12013
2978 12013
996 12013
2477 12013
3526 12013
3328 12013
769 12013
2474 12013
841 12013
2610 12013
3732 12013
808 12013
3603 12013
3385 12013
1168 12013
1727 12013
32 12013
3403 12013
2071 12013
1595 12013
2397 12013
417 12013
1111 12013
2255 12013
561 12013
3809 12013
373 12013
460 12013
2790 12013
2566 12013
2271 12013
3781 12013
1317 12013
2795 12013
2142 12013
1360 12013
1243 12013
740 12013
3686 12013
2158 12013
1943 12013
3953 12013
310 12013
2402 12013
1976 12013
3778 12013
2884 12013
2136 12013
1197 12013
3260 12013
2653 12013
3045 12013
1527 12013
2327 12013
1174 12013
2358 12013
618 12013
3316 12013
2264 12013
1374 12013
3811 12013
766 12013
2266 12013
2627 12013
1405 12013
3228 12013
2478 12013
2638 12013
3162 12013
3730 12013
1312 12013
1065 12013
2137 12013
3590 12013
1897 12013
3271 12013
1721 12013
3081 12013
3790 12013
1618 12013
2921 12013
1123 12013
1607 12013
162 12013
1285 12013
1436 12013
2812 12013
2711 12013
3373 12013
3874 12013
607 12013
581 12013
2465 12013
443 12013
3833 12013
1264 12013
1456 12013
2861 12013
142 12013
209 12013
3965 12013
303 12013
3190 12013
2288 12013
1519 12013
3567 12013
2320 12013
470 12013
1795 12013
2104 12013
3262 12013
3550 12013
940 12013
491 12013
2714 12013
837 12013
965 12013
457 12013
1272 12013
3621 12013
1097 12013
1821 12013
1731 12013
1016 12013
829 12013
335 12013
2797 12013
969 12013
2506 12013
2664 12013
3013 12013
2498 12013
2651 12013
2996 12013
712 12013
321 12013
3821 12013
247 12013
1478 12013
3130 12013
3181 12013
1156 12013
700 12013
1890 12013
1859 12013
2983 12013
2958 12013
1725 12013
1163 12013
820 12013
2473 12013
1583 12013
2697 12013
1980 12013
737 12013
3740 12013
547 12013
474 12013
819 12013
3773 12013
888 12013
2787 12013
164 12013
203 12013
233 12013
2798 12013
2788 12013
1963 12013
189 12013
1012 12013
3447 12013
301 12013
3386 12013
1299 12013
1820 12013
3879 12013
1213 12013
578 12013
114 12013
2138 12013
944 12013
1815 12013
3453 12013
928 12013
2458 12013
3918 12013
574 12013
2673 12013
2145 12013
1053 12013
2272 12013
1704 12013
415 12013
932 12013
1250 12013
1628 12013
2960 12013
3720 12013
3883 12013
360 12013
3657 12013
3474 12013
1218 12013
2101 12013
3237 12013
3746 12013
519 12013
2161 12013
3314 12013
2369 12013
2428 12013
1147 12013
3336 12013
504 12013
683 12013
2169 12013
2181 12013
564 12013
1056 12013
2886 12013
317 12013
3771 12013
850 12013
3457 12013
2779 12013
3037 12013
1135 12013
1664 12013
2425 12013
3131 12013
2825 12013
544 12013
416 12013
2848 12013
18 12013
3194 12013
3645 12013
3340 12013
1903 12013
1599 12013
1863 12013
190 12013
2095 12013
2049 12013
1787 12013
1279 12013
3270 12013
4009 12013
2350 12013
3325 12013
1791 12013
3038 12013
3673 12013
1452 12013
86 12013
2829 12013
3944 12013
2948 12013
3249 12013
2997 12013
911 12013
2738 12013
4007 12013
2899 12013
3442 12013
98 12013
2842 12013
869 12013
3618 12013
385 12013
3357 12013
2276 12013
2759 12013
390 12013
1558 12013
1839 12013
1479 12013
2938 12013
1682 12013
1433 12013
2535 12013
2168 12013
2443 12013
428 12013
3993 12013
1953 12013
1543 12013
3477 12013
3834 12013
1800 12013
717 12013
3917 12013
816 12013
3893 12013
758 12013
3272 12013
3370 12013
369 12013
3751 12013
2372 12013
2509 12013
1409 12013
221 12013
3165 12013
1913 12013
594 12013
611 12013
2004 12013
1678 12013
3975 12013
125 12013
2286 12013
1520 12013
765 12013
2476 12013
1810 12013
1358 12013
1114 12013
1424 12013
1138 12013
2134 12013
2457 12013
931 12013
3454 12013
2000 12013
3035 12013
1654 12013
3400 12013
3727 12013
3064 12013
1769 12013
1625 12013
706 12013
1341 12013
953 12013
446 12013
1807 12013
877 12013
2041 12013
3280 12013
1304 12013
1400 12013
2598 12013
297 12013
624 12013
2252 12013
1226 12013
3224 12013
1115 12013
2189 12013
1362 12013
3282 12013
2657 12013
2127 12013
2646 12013
1158 12013
3824 12013
331 12013
462 12013
3066 12013
2389 12013
2872 12013
2163 12013
127 12013
868 12013
38 12013
2253 12013
537 12013
2548 12013
2377 12013
3633 12013
3243 12013
515 12013
139 12013
1918 12013
1692 12013
1126 12013
745 12013
3437 12013
1190 12013
97 12013
993 12013
862 12013
3582 12013
3256 12013
1277 12013
3806 12013
2218 12013
1042 12013
2341 12013
1249 12013
413 12013
2915 12013
3573 12013
587 12013
2244 12013
1611 12013
2419 12013
3443 12013
3387 12013
2156 12014
2952 12014
307 12014
3684 12014
1805 12014
3157 12014
3831 12014
1014 12014
2776 12014
1293 12014
1647 12014
2546 12014
3008 12014
830 12014
1870 12014
842 12014
3213 12014
775 12014
1552 12014
2605 12014
137 12014
2685 12014
1645 12014
662 12014
695 12014
3077 12014
1529 12014
3754 12014
3530 12014
915 12014
289 12014
886 12014
670 12014
92 12014
3957 12014
222 12014
617 12014
1094 12014
352 12014
1665 12014
3291 12014
2347 12014
507 12014
1426 12014
3850 12014
1577 12014
2511 12014
2307 12014
2932 12014
3473 12014
3003 12014
1667 12014
257 12014
1377 12014
1764 12014
756 12014
2678 12014
3949 12014
439 12014
3611 12014
892 12014
2700 12014
2523 12014
201 12014
1199 12014
3766 12014
1706 12014
3295 12014
3026 12014
387 12014
1145 12014
2065 12014
341 12014
638 12014
1526 12014
254 12014
1530 12014
2489 12014
1823 12014
2002 12014
2939 12014
3486 12014
1451 12014
2342 12014
1778 12014
431 12014
903 12014
151 12014
1173 12014
119 12014
3382 12014
2121 12014
163 12014
954 12014
3599 12014
1149 12014
1847 12014
880 12014
2750 12014
3516 12014
3452 12014
1929 12014
34 12014
376 12014
2924 12014
2009 12014
3247 12014
1879 12014
1150 12014
1746 12014
3214 12014
3179 12014
3827 12014
3973 12014
112 12014
1427 12014
1220 12014
2031 12014
1657 12014
2083 12014
1861 12014
1604 12014
1177 12014
926 12014
1690 12014
2081 12014
2251 12014
1494 12014
2338 12014
2614 12014
1748 12014
1089 12014
3977 12014
2590 12014
2680 12014
42 12014
117 12014
1370 12014
1467 12014
533 12014
2340 12014
2360 12014
71 12014
3878 12014
2841 12014
1775 12014
1280 12014
347 12014
2684 12014
1804 12014
1846 12014
3968 12014
1252 12014
1836 12014
1844 12014
1813 12014
861 12014
3661 12014
1072 12014
3994 12014
1247 12014
1865 12014
33 12014
2734 12014
2553 12014
884 12014
355 12014
495 12014
1544 12014
2209 12014
1305 12014
572 12014
1201 12014
1031 12014
2334 12014
1302 12014
656 12014
1569 12014
1375 12014
100 12014
24 12014
1271 12014
848 12014
332 12014
2771 12014
1698 12014
3837 12014
1975 12014
397 12014
132 12014
2275 12014
3866 12014
1688 12014
2925 12014
1713 12014
2452 12014
2615 12014
3158 12014
918 12014
2991 12014
3208 12014
2781 12014
1593 12014
2089 12014
774 12014
3481 12014
1253 12014
3150 12014
1671 12014
514 12014
781 12014
1194 12014
2628 12014
3278 12014
3978 12014
2491 12014
58 12014
2666 12014
279 12014
3413 12014
2583 12014
679 12014
3242 12014
1905 12014
2056 12014
3867 12014
654 12014
3643 12014
773 12014
288 12014
2226 12014
527 12014
538 12014
2006 12014
2048 12014
1291 12014
3476 12014
1738 12014
580 12014
1430 12014
31 12014
3911 12014
3812 12014
348 12014
1873 12014
2856 12014
1617 12014
3090 12014
494 12014
1768 12014
744 12014
3327 12014
3710 12014
210 12014
83 12014
812 12014
256 12014
478 12014
3658 12014
204 12014
3411 12014
334 12014
377 12014
1989 12014
1535 12014
2923 12014
3198 12014
3892 12014
3714 12014
266 12014
2565 12014
2466 12014
659 12014
3869 12014
1718 12014
843 12014
2551 12014
3286 12014
2764 12014
2668 12014
2305 12014
1756 12014
1269 12014
2819 12014
3018 12014
2520 12014
3613 12014
2650 12014
1180 12014
73 12014
17 12014
682 12014
225 12014
2160 12014
3374 12014
971 12014
466 12014
2922 12014
1758 12014
2875 12014
1282 12014
3739 12014
1702 12014
3331 12014
2809 12014
3724 12014
1109 12014
649 12014
722 12014
1429 12014
2585 12014
2527 12014
3996 12014
1128 12014
2249 12014
3308 12014
3309 12014
2869 12014
1887 12014
427 12014
2300 12014
2967 12014
1613 12014
1136 12014
4000 12014
1869 12014
2420 12014
898 12014
3907 12014
90 12014
1575 12014
2076 12014
3161 12014
228 12014
3269 12014
3105 12014
540 12014
464 12014
3229 12014
1074 12014
103 12014
2656 12014
131 12014
3845 12014
759 12014
1439 12014
2219 12014
770 12014
3034 12014
2212 12014
2236 12014
3671 12014
1554 12014
1091 12014
3409 12014
2144 12014
48 12014
803 12014
1994 12014
1997 12014
3222 12014
2785 12014
300 12014
265 12014
962 12014
3205 12014
1937 12014
1581 12014
3168 12014
1857 12014
1533 12014
1408 12014
3152 12014
311 12014
3461 12014
2248 12014
1144 12014
2890 12014
49 12014
2215 12014
3109 12014
362 12014
1762 12014
764 12014
69 12014
1514 12014
217 12014
388 12014
197 12014
3226 12014
3940 12014
3649 12014
853 12014
3196 12014
3512 12014
1728 12014
1591 12014
3700 12014
78 12014
1084 12014
3592 12015
3300 12015
2208 12015
622 12015
1381 12015
3736 12015
187 12015
3575 12015
3290 12015
3433 12015
3219 12015
2512 12015
263 12015
3366 12015
2857 12015
169 12015
2100 12015
530 12015
1777 12015
2632 12015
408 12015
3459 12015
3317 12015
4006 12015
3555 12015
1867 12015
3584 12015
2463 12015
2140 12015
2216 12015
104 12015
1178 12015
2268 12015
3218 12015
1100 12015
1107 12015
2617 12015
2968 12015
1131 12015
2844 12015
3801 12015
1586 12015
2410 12015
3297 12015
3919 12015
3991 12015
805 12015
2284 12015
2487 12015
835 12015
1082 12015
1120 12015
160 12015
1446 12015
2954 12015
995 12015
3127 12015
2068 12015
1332 12015
2625 12015
1917 12015
145 12015
1741 12015
1515 12015
1232 12015
2128 12015
2055 12015
1160 12015
917 12015
1951 12015
1449 12015
798 12015
3303 12015
3430 12015
752 12015
3001 12015
3230 12015
1301 12015
2652 12015
3853 12015
1942 12015
686 12015
1052 12015
2649 12015
577 12015
3554 12015
2995 12015
1034 12015
3361 12015
2828 12015
1064 12015
1970 12015
3960 12015
3192 12015
3988 12015
2501 12015
2331 12015
3240 12015
272 12015
2705 12015
3134 12015
2640 12015
3560 12015
3696 12015
1565 12015
482 12015
2641 12015
2864 12015
2106 12015
1627 12015
1349 12015
1041 12015
3392 12015
2064 12015
496 12015
3044 12015
3513 12015
3490 12015
1826 12015
2984 12015
3381 12015
3986 12015
1066 12015
3579 12015
2376 12015
2460 12015
1782 12015
1023 12015
3950 12015
3039 12015
1695 12015
3873 12015
2863 12015
3225 12015
3028 12015
2185 12015
562 12015
1889 12015
3210 12015
430 12015
2593 12015
2804 12015
2222 12015
220 12015
372 12015
2414 12015
634 12015
3525 12015
3041 12015
3021 12015
2072 12015
1139 12015
2552 12015
937 12015
735 12015
2840 12015
1308 12015
1578 12015
661 12015
1442 12015
2403 12015
698 12015
827 12015
721 12015
650 12015
822 12015
1443 12015
3844 12015
1634 12015
1730 12015
1214 12015
2024 12015
2355 12015
3341 12015
987 12015
294 12015
934 12015
2301 12015
3722 12015
3708 12015
3145 12015
585 12015
1597 12015
1125 12015
2298 12015
777 12015
1485 12015
3068 12015
2604 12015
2132 12015
1179 12015
599 12015
3485 12015
1244 12015
716 12015
1437 12015
436 12015
3836 12015
1209 12015
942 12015
3349 12015
168 12015
359 12015
2225 12015
43 12015
1335 12015
3982 12015
2433 12015
291 12015
2732 12015
1987 12015
2408 12015
2789 12015
1407 12015
345 12015
751 12015
1420 12015
2599 12015
2197 12015
2322 12015
1744 12015
3241 12015
224 12015
3637 12015
186 12015
2195 12015
67 12015
2279 12015
3985 12015
2005 12015
3236 12015
258 12015
2258 12015
3935 12015
3640 12015
3429 12015
3094 12015
3097 12015
565 12015
1207 12015
589 12015
1952 12015
2762 12015
694 12015
3380 12015
3547 12015
1454 12015
108 12015
1245 12015
1327 12015
552 12015
3791 12015
1644 12015
3292 12015
3372 12015
3534 12015
3250 12015
2394 12015
3464 12015
2567 12015
2752 12015
3805 12015
1770 12015
2874 12015
1393 12015
2541 12015
1838 12015
1248 12015
404 12015
548 12015
445 12015
2986 12015
2636 12015
2774 12015
336 12015
856 12015
707 12015
3188 12015
1651 12015
979 12015
361 12015
3416 12015
2747 12015
1786 12015
1745 12015
1660 12015
2384 12015
3138 12015
986 12015
3755 12015
1852 12015
175 12015
3858 12015
1487 12015
2634 12015
3061 12015
1516 12015
268 12015
2531 12015
1638 12015
3870 12015
874 12015
2235 12015
3424 12015
179 12015
2919 12015
3656 12015
3455 12015
3888 12015
2257 12015
646 12015
2896 12015
3146 12015
2423 12015
2639 12015
3607 12015
2773 12015
2281 12015
701 12015
3388 12015
1941 12015
138 12015
3906 12015
3002 12015
3881 12015
3177 12015
2171 12015
567 12015
1319 12015
3393 12015
343 12015
2817 12015
1441 12015
2109 12015
2999 12015
3233 12015
3789 12015
3091 12015
473 12015
2597 12015
3548 12015
2149 12015
2834 12015
146 12015
600 12015
1266 12015
955 12015
2660 12015
1387 12015
1476 12015
1286 12015
433 12015
3075 12015
3313 12015
890 12015
3663 12015
3396 12015
3626 12015
3581 12015
660 12015
568 12015
264 12015
3655 12015
2444 12015
3903 12015
710 12015
2191 12015
1466 12015
3572 12015
483 12015
2050 12015
2587 12015
1971 12015
799 12015
1411 12015
2015 12015
2304 12015
2155 12015
1200 12015
1882 12015
295 12015
743 12015
1851 12015
1840 12015
1872 12015
1722 12015
3707 12015
3402 12015
93 12015
3999 12015
448 12015
3169 12015
1979 12015
3350 12015
925 12015
904 12015
3545 12015
2813 12015
1893 12015
2400 12015
7036 12016
5421 12016
4622 12016
6639 12016
4550 12016
7910 12016
7482 12016
4776 12016
5995 12016
5127 12016
7926 12016
7662 12016
6229 12016
6861 12016
4178 12016
4527 12016
4814 12016
4166 12016
5524 12016
6130 12016
4568 12016
6181 12016
7283 12016
5729 12016
7634 12016
5567 12016
5855 12016
5999 12016
7429 12016
6067 12016
4063 12016
4129 12016
7589 12016
4947 12016
6941 12016
6407 12016
7074 12016
7915 12016
7201 12016
5031 12016
5639 12016
5228 12016
4298 12016
5707 12016
7595 12016
4191 12016
5620 12016
7423 12016
7811 12016
5402 12016
6728 12016
4498 12016
4435 12016
7586 12016
4927 12016
4365 12016
5176 12016
5203 12016
4869 12016
5257 12016
6428 12016
7686 12016
4841 12016
5511 12016
6012 12016
5800 12016
4046 12016
5004 12016
6501 12016
7556 12016
6943 12016
7427 12016
6431 12016
5569 12016
7263 12016
4016 12016
7025 12016
4803 12016
6587 12016
5772 12016
5815 12016
5621 12016
5139 12016
5767 12016
4604 12016
7340 12016
7593 12016
4153 12016
4363 12016
4160 12016
4416 12016
6809 12016
7562 12016
5864 12016
7489 12016
4961 12016
7487 12016
7285 12016
7424 12016
7405 12016
6664 12016
5981 12016
5857 12016
6778 12016
7943 12016
4382 12016
7014 12016
5777 12016
6007 12016
6013 12016
4782 12016
5869 12016
4688 12016
5923 12016
6887 12016
7056 12016
6930 12016
5822 12016
4119 12016
4558 12016
4011 12016
5392 12016
4510 12016
5198 12016
7015 12016
7239 12016
5769 12016
5466 12016
4612 12016
4911 12016
5691 12016
4616 12016
4976 12016
5950 12016
7213 12016
6311 12016
4462 12016
6535 12016
5746 12016
5914 12016
4542 12016
6504 12016
7911 12016
4535 12016
4379 12016
4625 12016
4731 12016
5934 12016
7579 12016
4250 12016
6184 12016
6558 12016
7249 12016
4759 12016
6612 12016
4657 12016
7559 12016
6307 12016
5322 12016
4190 12016
5734 12016
6134 12016
4276 12016
5463 12016
7724 12016
5200 12016
4878 12016
7220 12016
4547 12016
7310 12016
4390 12016
5710 12016
6547 12016
7191 12016
5282 12016
5227 12016
4088 12016
5625 12016
4717 12016
5135 12016
6157 12016
6368 12016
4588 12016
7354 12016
4402 12016
4343 12016
4768 12016
7266 12016
7759 12016
5039 12016
6808 12016
5347 12016
7090 12016
5829 12016
6119 12016
7701 12016
4220 12016
7769 12016
7432 12016
7702 12016
7184 12016
4438 12016
8008 12016
4528 12016
4115 12016
5797 12016
6552 12016
5186 12016
4072 12016
7033 12016
6543 12016
5185 12016
4929 12016
7715 12016
7836 12016
6645 12016
6165 12016
6077 12016
4651 12016
5838 12016
6680 12016
5417 12016
7102 12016
4337 12016
4505 12016
4809 12016
5413 12016
7942 12016
5776 12016
6460 12016
4282 12016
6793 12016
5464 12016
7459 12016
4683 12016
5731 12016
7046 12016
7921 12016
4224 12016
7689 12016
4020 12016
6690 12016
5804 12016
5244 12016
4767 12016
6749 12016
6250 12016
6542 12016
6103 12016
7428 12016
7098 12016
8002 12016
7277 12016
5982 12016
5988 12016
5937 12016
6186 12016
5278 12016
4469 12016
4037 12016
7141 12016
4925 12016
5941 12016
4057 12016
4280 12016
6890 12016
4323 12016
7607 12016
5231 12016
7274 12016
7057 12016
6033 12016
5289 12016
5737 12016
7316 12016
6121 12016
6118 12016
6805 12016
5618 12016
4670 12016
5724 12016
5558 12016
5708 12016
6222 12016
5930 12016
5980 12016
7849 12016
6271 12016
4922 12016
6734 12016
6263 12016
7147 12016
5315 12016
5770 12016
7692 12016
7628 12016
6398 12016
5849 12016
5741 12016
4133 12016
4269 12016
4831 12016
4139 12016
6544 12016
6401 12016
5146 12016
6975 12016
7060 12016
4756 12016
5870 12016
5964 12016
4989 12016
6629 12016
4682 12016
6668 12016
6632 12016
6378 12016
4427 12016
5419 12016
6898 12016
4895 12016
7322 12016
7344 12016
5354 12016
7714 12016
7633 12016
6870 12016
6956 12016
6670 12016
5847 12016
7471 12016
7892 12016
4639 12016
6954 12016
6449 12016
6564 12016
4693 12016
6234 12016
4155 12016
7079 12016
4222 12016
7491 12016
4132 12016
6561 12016
6405 12016
5339 12016
5181 12016
5561 12016
5594 12016
5902 12016
5399 12016
7481 12016
7596 12016
5261 12016
5798 12016
5564 12016
5116 12016
4368 12016
6125 12016
4643 12016
5472 12016
7043 12016
6022 12016
5067 12016
5714 12016
5757 12016
4758 12016
5501 12016
7992 12016
7503 12016
5345 12016
4914 12016
7630 12016
6594 12016
6097 12016
5931 12016
7257 12016
7711 12016
6979 12016
7965 12016
5119 12016
4267 12016
6877 12016
7107 12016
5148 12016
4134 12016
4176 12016
6325 12016
4906 12016
5782 12016
6686 12016
6437 12016
5554 12016
6083 12016
6682 12016
7005 12016
4415 12016
6205 12016
4817 12016
6936 12016
7041 12017
4870 12017
4807 12017
5305 12017
6166 12017
7300 12017
4724 12017
7684 12017
6878 12017
5793 12017
4986 12017
5986 12017
4938 12017
7205 12017
7802 12017
5290 12017
5551 12017
4210 12017
5454 12017
5768 12017
6533 12017
5460 12017
4425 12017
7416 12017
6884 12017
6654 12017
5572 12017
6939 12017
4681 12017
7336 12017
4068 12017
4228 12017
6474 12017
5666 12017
4964 12017
4692 12017
5933 12017
6765 12017
7744 12017
7012 12017
7980 12017
5191 12017
4579 12017
6897 12017
6571 12017
7063 12017
6313 12017
4162 12017
5588 12017
6108 12017
7506 12017
5885 12017
7609 12017
4484 12017
7979 12017
6818 12017
4673 12017
5683 12017
4594 12017
4271 12017
7624 12017
7342 12017
4341 12017
4478 12017
6557 12017
5578 12017
6262 12017
5593 12017
5174 12017
4410 12017
4749 12017
4598 12017
7437 12017
7052 12017
6160 12017
5056 12017
6518 12017
5531 12017
4262 12017
6036 12017
7168 12017
4125 12017
5369 12017
7453 12017
6715 12017
7446 12017
6740 12017
7501 12017
5246 12017
6028 12017
6131 12017
7756 12017
5129 12017
5212 12017
6842 12017
5400 12017
6859 12017
4574 12017
4361 12017
4883 12017
6114 12017
4610 12017
6063 12017
7192 12017
4983 12017
5263 12017
7480 12017
4633 12017
7884 12017
4842 12017
4963 12017
7847 12017
5217 12017
5514 12017
7983 12017
4355 12017
6430 12017
7407 12017
7466 12017
5485 12017
7650 12017
4530 12017
5219 12017
6768 12017
5563 12017
7138 12017
4339 12017
4645 12017
4073 12017
5978 12017
4022 12017
7639 12017
4862 12017
7325 12017
7773 12017
7493 12017
4444 12017
6356 12017
6277 12017
4697 12017
4112 12017
7291 12017
5721 12017
6822 12017
7347 12017
4941 12017
6923 12017
6383 12017
6018 12017
7931 12017
5509 12017
6482 12017
5486 12017
6977 12017
5665 12017
7993 12017
7629 12017
5184 12017
6310 12017
6242 12017
5447 12017
7546 12017
7950 12017
7729 12017
6743 12017
7924 12017
5940 12017
5611 12017
4871 12017
5669 12017
6380 12017
6772 12017
5027 12017
7560 12017
7771 12017
5441 12017
4306 12017
4843 12017
6540 12017
5992 12017
7881 12017
6206 12017
4396 12017
5049 12017
4449 12017
5761 12017
4188 12017
4198 12017
4788 12017
5241 12017
7828 12017
7960 12017
7334 12017
5895 12017
6550 12017
6432 12017
7622 12017
6905 12017
6341 12017
6255 12017
4876 12017
4069 12017
4972 12017
4764 12017
4899 12017
7116 12017
4226 12017
7672 12017
6099 12017
6110 12017
4896 12017
6408 12017
7198 12017
6671 12017
7174 12017
5337 12017
7248 12017
5373 12017
7422 12017
4025 12017
4570 12017
6223 12017
5626 12017
4041 12017
7897 12017
6650 12017
7294 12017
5533 12017
4952 12017
4932 12017
6797 12017
5537 12017
6536 12017
6751 12017
4479 12017
7982 12017
7660 12017
4792 12017
4744 12017
7561 12017
5487 12017
4313 12017
5658 12017
4781 12017
6049 12017
6524 12017
5979 12017
6288 12017
6516 12017
5446 12017
5115 12017
4805 12017
6138 12017
7136 12017
4614 12017
7231 12017
6620 12017
5254 12017
7752 12017
5760 12017
6468 12017
5598 12017
5141 12017
6598 12017
7308 12017
4232 12017
7215 12017
4245 12017
4720 12017
7653 12017
7032 12017
4311 12017
6079 12017
4163 12017
7553 12017
6446 12017
4704 12017
6678 12017
5150 12017
6660 12017
4095 12017
4340 12017
6967 12017
4284 12017
4464 12017
7749 12017
6243 12017
6624 12017
4091 12017
6187 12017
7783 12017
7016 12017
5211 12017
7078 12017
7762 12017
4921 12017
4750 12017
6080 12017
6886 12017
6727 12017
5393 12017
6982 12017
6465 12017
7521 12017
7909 12017
5098 12017
4826 12017
4644 12017
5416 12017
7167 12017
5775 12017
4540 12017
6233 12017
5396 12017
5816 12017
6675 12017
4676 12017
5852 12017
6528 12017
7361 12017
6565 12017
5802 12017
7002 12017
4321 12017
5301 12017
6910 12017
6332 12017
7130 12017
6152 12017
5614 12017
5041 12017
5054 12017
4086 12017
6784 12017
6177 12017
7338 12017
6855 12017
4632 12017
4917 12017
5883 12017
5479 12017
7181 12017
6379 12017
5380 12017
5156 12017
5448 12017
6030 12017
5820 12017
5851 12017
5839 12017
6155 12017
5518 12017
6040 12017
6120 12017
7122 12017
5143 12017
4763 12017
4772 12017
4640 12017
4102 12017
6231 12017
4246 12017
5209 12017
6230 12017
5378 12017
6736 12017
4268 12017
5700 12017
4723 12017
4536 12017
6799 12017
6519 12017
7288 12017
6583 12017
4216 12017
7941 12017
4582 12017
7722 12017
7552 12017
5379 12017
6471 12017
4872 12017
4539 12017
5921 12017
4023 12017
4931 12017
4856 12017
6253 12017
6047 12017
4653 12017
6567 12017
7020 12017
7121 12017
6980 12017
5670 12017
7957 12017
4849 12017
7320 12017
7055 12017
6985 12017
5976 12018
6463 12018
6210 12018
5242 12018
7252 12018
5867 12018
4993 12018
7899 12018
6688 12018
6312 12018
4569 12018
4517 12018
7472 12018
6338 12018
6251 12018
7698 12018
6397 12018
6672 12018
6364 12018
4183 12018
7341 12018
4668 12018
5050 12018
6102 12018
5063 12018
6199 12018
7006 12018
5068 12018
7753 12018
7917 12018
5548 12018
6386 12018
7558 12018
4107 12018
4105 12018
5542 12018
6327 12018
6064 12018
5214 12018
6515 12018
6425 12018
6695 12018
7576 12018
4905 12018
7781 12018
6491 12018
5653 12018
4144 12018
7525 12018
7845 12018
7119 12018
7097 12018
5259 12018
5321 12018
5336 12018
5138 12018
6889 12018
6395 12018
7218 12018
7537 12018
6578 12018
7083 12018
4619 12018
6483 12018
4850 12018
5462 12018
4631 12018
6593 12018
7380 12018
6693 12018
6281 12018
6257 12018
5784 12018
7618 12018
7127 12018
5370 12018
5642 12018
6505 12018
6200 12018
4533 12018
7038 12018
6147 12018
7431 12018
7366 12018
6258 12018
6748 12018
6545 12018
6171 12018
6606 12018
7901 12018
6031 12018
7862 12018
7919 12018
7100 12018
6757 12018
6339 12018
7299 12018
6162 12018
7848 12018
5893 12018
6293 12018
5326 12018
6882 12018
6260 12018
7875 12018
5424 12018
6273 12018
6139 12018
6316 12018
6725 12018
4140 12018
4832 12018
6444 12018
5597 12018
4939 12018
6169 12018
6034 12018
7900 12018
7868 12018
7108 12018
4170 12018
7452 12018
5279 12018
4110 12018
6949 12018
5316 12018
7262 12018
7602 12018
6521 12018
7223 12018
4847 12018
5998 12018
4524 12018
5500 12018
6608 12018
6616 12018
5059 12018
5872 12018
5434 12018
4678 12018
5949 12018
5615 12018
4924 12018
7305 12018
5989 12018
6275 12018
6633 12018
7023 12018
5344 12018
7335 12018
6489 12018
4149 12018
7159 12018
6051 12018
7739 12018
6014 12018
5019 12018
5002 12018
6225 12018
4801 12018
6732 12018
5796 12018
6903 12018
5711 12018
5917 12018
4734 12018
7397 12018
7293 12018
5807 12018
7420 12018
5429 12018
4443 12018
7747 12018
6676 12018
6844 12018
7997 12018
5575 12018
5788 12018
5265 12018
6596 12018
7099 12018
6115 12018
4076 12018
5942 12018
7994 12018
5983 12018
6389 12018
7115 12018
6447 12018
7808 12018
5372 12018
5076 12018
4352 12018
7317 12018
7891 12018
7798 12018
5061 12018
4177 12018
6800 12018
5235 12018
6509 12018
5492 12018
5355 12018
7674 12018
6417 12018
6005 12018
4320 12018
6635 12018
5631 12018
6880 12018
5970 12018
6054 12018
4118 12018
4753 12018
6894 12018
6763 12018
4858 12018
6111 12018
4889 12018
7414 12018
6972 12018
6576 12018
4458 12018
7895 12018
4446 12018
5349 12018
7222 12018
4242 12018
7148 12018
5166 12018
7599 12018
4702 12018
5222 12018
7353 12018
6517 12018
7840 12018
6568 12018
6289 12018
7584 12018
7246 12018
6266 12018
7833 12018
4264 12018
4868 12018
4033 12018
5488 12018
5966 12018
4398 12018
5863 12018
6689 12018
7324 12018
4428 12018
6473 12018
4808 12018
6019 12018
5742 12018
7462 12018
5394 12018
4164 12018
5359 12018
4377 12018
6301 12018
7050 12018
6224 12018
6537 12018
6191 12018
4401 12018
5060 12018
4671 12018
4203 12018
6788 12018
4509 12018
6245 12018
7059 12018
7272 12018
6750 12018
5694 12018
6422 12018
6611 12018
7018 12018
7216 12018
4628 12018
4572 12018
6326 12018
5771 12018
7949 12018
5720 12018
5013 12018
5001 12018
4522 12018
6630 12018
12005 12018
6836 12018
6681 12018
6333 12018
6852 12018
6908 12018
6127 12018
5947 12018
4378 12018
5366 12018
6927 12018
4099 12018
7495 12018
5963 12018
7468 12018
6716 12018
6856 12018
5190 12018
4544 12018
6272 12018
6873 12018
5943 12018
6858 12018
5888 12018
6190 12018
5836 12018
6232 12018
6215 12018
6990 12018
5224 12018
7807 12018
6136 12018
5685 12018
7531 12018
6653 12018
6683 12018
4371 12018
4376 12018
6994 12018
4451 12018
7289 12018
7200 12018
7741 12018
5458 12018
7540 12018
7592 12018
6037 12018
6485 12018
6804 12018
7048 12018
6256 12018
4714 12018
4519 12018
7237 12018
7720 12018
5009 12018
7614 12018
7042 12018
6044 12018
6175 12018
7120 12018
4014 12018
6888 12018
5407 12018
4327 12018
5303 12018
5499 12018
4597 12018
5646 12018
7463 12018
4353 12018
6142 12018
6944 12018
7117 12018
5167 12018
7691 12018
4211 12018
4437 12018
5765 12018
4783 12018
6899 12018
4328 12018
7490 12018
4985 12018
5897 12018
4839 12018
6711 12018
4266 12018
4475 12018
6531 12018
4770 12018
7450 12018
6088 12018
6506 12018
7515 12018
6981 12018
5376 12018
7803 12018
6846 12018
7757 12018
4157 12018
4409 12018
7682 12018
4174 12018
5587 12018
5154 12018
7171 12018
7810 12018
5805 12018
5033 12019
5853 12019
4652 12019
5877 12019
7458 12019
5894 12019
6998 12019
5367 12019
4736 12019
7513 12019
5886 12019
4908 12019
7791 12019
4553 12019
6278 12019
7268 12019
7280 12019
5084 12019
4159 12019
4454 12019
6551 12019
5161 12019
4840 12019
6322 12019
4848 12019
7661 12019
5623 12019
6478 12019
6906 12019
5579 12019
6143 12019
5374 12019
7124 12019
5104 12019
4296 12019
5547 12019
7642 12019
4015 12019
4364 12019
7988 12019
4179 12019
5243 12019
7565 12019
7728 12019
5773 12019
4700 12019
6074 12019
7842 12019
4606 12019
4171 12019
6989 12019
5468 12019
6093 12019
6219 12019
7906 12019
5644 12019
4150 12019
6154 12019
7569 12019
5650 12019
6213 12019
4665 12019
7522 12019
4419 12019
7705 12019
5557 12019
6643 12019
7878 12019
5335 12019
7111 12019
6268 12019
7195 12019
5622 12019
7775 12019
5350 12019
7150 12019
6265 12019
4863 12019
6862 12019
6603 12019
6590 12019
5249 12019
7066 12019
6502 12019
6631 12019
7544 12019
4146 12019
5028 12019
7573 12019
7954 12019
4511 12019
5648 12019
7234 12019
4460 12019
4875 12019
5397 12019
4117 12019
6813 12019
7053 12019
6512 12019
4389 12019
5826 12019
6991 12019
4234 12019
4261 12019
4855 12019
7765 12019
5048 12019
5106 12019
5901 12019
7819 12019
6854 12019
6267 12019
5725 12019
7785 12019
7967 12019
6048 12019
4699 12019
5834 12019
4513 12019
4141 12019
5081 12019
7977 12019
7557 12019
4946 12019
7110 12019
5808 12019
7871 12019
4560 12019
6712 12019
6821 12019
5453 12019
6775 12019
6752 12019
6445 12019
7326 12019
5842 12019
4602 12019
4116 12019
7570 12019
7654 12019
5277 12019
7357 12019
4502 12019
5223 12019
5952 12019
7228 12019
6406 12019
7612 12019
7295 12019
5072 12019
7985 12019
6814 12019
4080 12019
4777 12019
4362 12019
5395 12019
5427 12019
7369 12019
5035 12019
4042 12019
5012 12019
5878 12019
6345 12019
7483 12019
6015 12019
5965 12019
6724 12019
6065 12019
4885 12019
6109 12019
4727 12019
4836 12019
6410 12019
5861 12019
4898 12019
4131 12019
4705 12019
7508 12019
7712 12019
6424 12019
5032 12019
6946 12019
5896 12019
6530 12019
7768 12019
5030 12019
7256 12019
6070 12019
4423 12019
7903 12019
7656 12019
6342 12019
5550 12019
6957 12019
5640 12019
7843 12019
6932 12019
5866 12019
4739 12019
6851 12019
7362 12019
6319 12019
6992 12019
6885 12019
7738 12019
7970 12019
5450 12019
5332 12019
6815 12019
7426 12019
6638 12019
4586 12019
6128 12019
7193 12019
7987 12019
5476 12019
5910 12019
7094 12019
7440 12019
6296 12019
6335 12019
5882 12019
4318 12019
5546 12019
6925 12019
6366 12019
7444 12019
5887 12019
7664 12019
5107 12019
7817 12019
4800 12019
5951 12019
6720 12019
5526 12019
5779 12019
4489 12019
6831 12019
5073 12019
7696 12019
5275 12019
4829 12019
6622 12019
6792 12019
7253 12019
6615 12019
7474 12019
7526 12019
4997 12019
7457 12019
5168 12019
5229 12019
7011 12019
7574 12019
6185 12019
7532 12019
4912 12019
7767 12019
7376 12019
4674 12019
5038 12019
6470 12019
5371 12019
6163 12019
5747 12019
6703 12019
4273 12019
4537 12019
6810 12019
4740 12019
6140 12019
6146 12019
6198 12019
7898 12019
7708 12019
6419 12019
7035 12019
7554 12019
4175 12019
6995 12019
7527 12019
4629 12019
6986 12019
4496 12019
6373 12019
7123 12019
4960 12019
6197 12019
7502 12019
5744 12019
4617 12019
4387 12019
5912 12019
4647 12019
4994 12019
7879 12019
6868 12019
5846 12019
7946 12019
7242 12019
7402 12019
5089 12019
4901 12019
6487 12019
6189 12019
4659 12019
4026 12019
4996 12019
4949 12019
4880 12019
4067 12019
4411 12019
6853 12019
6966 12019
7469 12019
7713 12019
4467 12019
5783 12019
5673 12019
5903 12019
4197 12019
6582 12019
5348 12019
4048 12019
6694 12019
6755 12019
4148 12019
7161 12019
5420 12019
4346 12019
6830 12019
7435 12019
5300 12019
5944 12019
6969 12019
4309 12019
4154 12019
4785 12019
6754 12019
7524 12019
7721 12019
5410 12019
4369 12019
4136 12019
5801 12019
6838 12019
5268 12019
4453 12019
6691 12019
7010 12019
6352 12019
5619 12019
4044 12019
7812 12019
6577 12019
5745 12019
7805 12019
7566 12019
6249 12019
4251 12019
5187 12019
6457 12019
7465 12019
5939 12019
5264 12019
4375 12019
5179 12019
5763 12019
7855 12019
4667 12019
5274 12019
4256 12019
4973 12019
6796 12019
4915 12019
5404 12019
4094 12019
7710 12019
7072 12019
7068 12019
5435 12019
7601 12019
4609 12019
5008 12019
4101 12019
6329 12019
6085 12019
7616 12019
7852 12019
5497 12019
7327 12019
5483 12019
4637 12019
5787 12019
7264 12019
4549 12019
4388 12019
7235 12019
7202 12019
4400 12020
5477 12020
6252 12020
6117 12020
5603 12020
4977 12020
4953 12020
5158 12020
6420 12020
6355 12020
5891 12020
5506 12020
4124 12020
7000 12020
5635 12020
4686 12020
5175 12020
5234 12020
4092 12020
4656 12020
4324 12020
7867 12020
4626 12020
7927 12020
4504 12020
4857 12020
6486 12020
4084 12020
6554 12020
5908 12020
7093 12020
6508 12020
6892 12020
7478 12020
7637 12020
6623 12020
6841 12020
7269 12020
7164 12020
7430 12020
7240 12020
7204 12020
5560 12020
5090 12020
4408 12020
6958 12020
7386 12020
7290 12020
6148 12020
4884 12020
6068 12020
4293 12020
7337 12020
4623 12020
7516 12020
7132 12020
7118 12020
6523 12020
6563 12020
5124 12020
6746 12020
6137 12020
6704 12020
5900 12020
7839 12020
7232 12020
6595 12020
6974 12020
7873 12020
7419 12020
5892 12020
7716 12020
5163 12020
6719 12020
5171 12020
7904 12020
6835 12020
7229 12020
6391 12020
6071 12020
5390 12020
4970 12020
6178 12020
5044 12020
5411 12020
5314 12020
7062 12020
7321 12020
7331 12020
7494 12020
8000 12020
5794 12020
6610 12020
5817 12020
5984 12020
4052 12020
6525 12020
7047 12020
6731 12020
7390 12020
5543 12020
5276 12020
6613 12020
4585 12020
5333 12020
7049 12020
4056 12020
4381 12020
6833 12020
5819 12020
6637 12020
7351 12020
6869 12020
4851 12020
6476 12020
6879 12020
4879 12020
7968 12020
7348 12020
6247 12020
5363 12020
7208 12020
4955 12020
4491 12020
6469 12020
6276 12020
4012 12020
5309 12020
7129 12020
4815 12020
5889 12020
7763 12020
5831 12020
5592 12020
5811 12020
5102 12020
7510 12020
7244 12020
6211 12020
5286 12020
6674 12020
6259 12020
6919 12020
5210 12020
7172 12020
4386 12020
4687 12020
5258 12020
4292 12020
4238 12020
6663 12020
4043 12020
6370 12020
5239 12020
6872 12020
6141 12020
5006 12020
5284 12020
5662 12020
5291 12020
7484 12020
6072 12020
6023 12020
6101 12020
7247 12020
6618 12020
5389 12020
5364 12020
6209 12020
5881 12020
4748 12020
5927 12020
4397 12020
5764 12020
4270 12020
7750 12020
7770 12020
5735 12020
5132 12020
7219 12020
4940 12020
6929 12020
6819 12020
7309 12020
6357 12020
5005 12020
4666 12020
5382 12020
5334 12020
6723 12020
6996 12020
5313 12020
5601 12020
5207 12020
5781 12020
4538 12020
7217 12020
7411 12020
5111 12020
5026 12020
5121 12020
6553 12020
6426 12020
7809 12020
7075 12020
4648 12020
4476 12020
7857 12020
4114 12020
7955 12020
5512 12020
7073 12020
6662 12020
5152 12020
4516 12020
6009 12020
5985 12020
5108 12020
4103 12020
6438 12020
6812 12020
5086 12020
4812 12020
7433 12020
4698 12020
6180 12020
7880 12020
7434 12020
4525 12020
7625 12020
7030 12020
5432 12020
7719 12020
5295 12020
6971 12020
5967 12020
4218 12020
7912 12020
4508 12020
7626 12020
5183 12020
7889 12020
4081 12020
6760 12020
5296 12020
6129 12020
5151 12020
6315 12020
8003 12020
7575 12020
4049 12020
4957 12020
4728 12020
6100 12020
5384 12020
4919 12020
7464 12020
7657 12020
4100 12020
5134 12020
7156 12020
6466 12020
7396 12020
6362 12020
4589 12020
7683 12020
5062 12020
4523 12020
7254 12020
7952 12020
6649 12020
7751 12020
6816 12020
5823 12020
6641 12020
5205 12020
7261 12020
6025 12020
7273 12020
6321 12020
7473 12020
4257 12020
6443 12020
7255 12020
6895 12020
6029 12020
5442 12020
6006 12020
7989 12020
6094 12020
7542 12020
5655 12020
5595 12020
7303 12020
6226 12020
7815 12020
4315 12020
4660 12020
4279 12020
7824 12020
6098 12020
7888 12020
5490 12020
6078 12020
5973 12020
4483 12020
4761 12020
5225 12020
7533 12020
6699 12020
4334 12020
6702 12020
6285 12020
7104 12020
7394 12020
7850 12020
6665 12020
5232 12020
7667 12020
4933 12020
5318 12020
7964 12020
6158 12020
4221 12020
5566 12020
5756 12020
7024 12020
7467 12020
7585 12020
7969 12020
4891 12020
6560 12020
5748 12020
4499 12020
7182 12020
4945 12020
7623 12020
6575 12020
7758 12020
4877 12020
7221 12020
7940 12020
5590 12020
6360 12020
6308 12020
5841 12020
4926 12020
6374 12020
5120 12020
5586 12020
7913 12020
5968 12020
5252 12020
5401 12020
5188 12020
7930 12020
6756 12020
7604 12020
4299 12020
7417 12020
5932 12020
5306 12020
5123 12020
5718 12020
5215 12020
7948 12020
6435 12020
6351 12020
4439 12020
6387 12020
6073 12020
7045 12020
7800 12020
6144 12020
4227 12020
7547 12020
6791 12020
7529 12020
6636 12020
6153 12020
7669 12020
4951 12020
4721 12020
5093 12020
7485 12020
7330 12020
5023 12020
7732 12020
4135 12020
6105 12020
6588 12020
6609 12020
7974 12020
6730 12020
7610 12020
7908 12020
5652 12020
6520 12020
7401 12020
6439 12020
6677 12021
4336 12021
6918 12021
4712 12021
4590 12021
7717 12021
4212 12021
7470 12021
7146 12021
6538 12021
5504 12021
4930 12021
5806 12021
4820 12021
4833 12021
4532 12021
6377 12021
5491 12021
5668 12021
4200 12021
4357 12021
7837 12021
5507 12021
7841 12021
7652 12021
4180 12021
7109 12021
6464 12021
4971 12021
7154 12021
7226 12021
4650 12021
7668 12021
7564 12021
7644 12021
6794 12021
7587 12021
6462 12021
5253 12021
7606 12021
7044 12021
4028 12021
5346 12021
6911 12021
5830 12021
7187 12021
4413 12021
7795 12021
6718 12021
7727 12021
5230 12021
6657 12021
5340 12021
7918 12021
7863 12021
7535 12021
5676 12021
6773 12021
6961 12021
5701 12021
6092 12021
7017 12021
4142 12021
4087 12021
5385 12021
6353 12021
5960 12021
5517 12021
4595 12021
4312 12021
4196 12021
4762 12021
7999 12021
4077 12021
7814 12021
7418 12021
7876 12021
7588 12021
4414 12021
4556 12021
6402 12021
6619 12021
5719 12021
7497 12021
4641 12021
5208 12021
7455 12021
5755 12021
7157 12021
6450 12021
5343 12021
5493 12021
7265 12021
5750 12021
7287 12021
4405 12021
7649 12021
4247 12021
7507 12021
5810 12021
4082 12021
4145 12021
7953 12021
5069 12021
5412 12021
4254 12021
6459 12021
4909 12021
7152 12021
6008 12021
5553 12021
7748 12021
4706 12021
4109 12021
8001 12021
4426 12021
6559 12021
5299 12021
4695 12021
4065 12021
6055 12021
5696 12021
5213 12021
7103 12021
6742 12021
6477 12021
6204 12021
6173 12021
4392 12021
6933 12021
5559 12021
6667 12021
6766 12021
6414 12021
4592 12021
6488 12021
5753 12021
7279 12021
7082 12021
5418 12021
5523 12021
7064 12021
6549 12021
4235 12021
6170 12021
4587 12021
4649 12021
4795 12021
6382 12021
4421 12021
5461 12021
7934 12021
6429 12021
6239 12021
5310 12021
4380 12021
6208 12021
5844 12021
4350 12021
4070 12021
7858 12021
4834 12021
5945 12021
6849 12021
4859 12021
6708 12021
5913 12021
5795 12021
7784 12021
7936 12021
7548 12021
4765 12021
5010 12021
5649 12021
6493 12021
4846 12021
5342 12021
4090 12021
7238 12021
6455 12021
7383 12021
7869 12021
6082 12021
7271 12021
4354 12021
7706 12021
8004 12021
7534 12021
7530 12021
7887 12021
7613 12021
4958 12021
6767 12021
4578 12021
5014 12021
5874 12021
7356 12021
7179 12021
7567 12021
5530 12021
5946 12021
5159 12021
7096 12021
6915 12021
5149 12021
5938 12021
5827 12021
4635 12021
7617 12021
6059 12021
6997 12021
7230 12021
6372 12021
4634 12021
4286 12021
4816 12021
5948 12021
5879 12021
6770 12021
4774 12021
6514 12021
7679 12021
4151 12021
5457 12021
6876 12021
6920 12021
7794 12021
6046 12021
6461 12021
7860 12021
6069 12021
5679 12021
4204 12021
7460 12021
4481 12021
7514 12021
4694 12021
5260 12021
4920 12021
5280 12021
4969 12021
6826 12021
6348 12021
6669 12021
6963 12021
7307 12021
5661 12021
4058 12021
4393 12021
5362 12021
7447 12021
7058 12021
7131 12021
4348 12021
4981 12021
5955 12021
7388 12021
6017 12021
7944 12021
7947 12021
7733 12021
6717 12021
4206 12021
6764 12021
5585 12021
4442 12021
7694 12021
5237 12021
6193 12021
4034 12021
5953 12021
4576 12021
7835 12021
4747 12021
4024 12021
4743 12021
4677 12021
5641 12021
6133 12021
4329 12021
7149 12021
5075 12021
5880 12021
6151 12021
4420 12021
5358 12021
6640 12021
4349 12021
5712 12021
6626 12021
5749 12021
5162 12021
7113 12021
7442 12021
4229 12021
4696 12021
4233 12021
6701 12021
6684 12021
6433 12021
7796 12021
7225 12021
7158 12021
7087 12021
6499 12021
7519 12021
6661 12021
4356 12021
7925 12021
7829 12021
6914 12021
7697 12021
5759 12021
6202 12021
5843 12021
4430 12021
7051 12021
6269 12021
6240 12021
7333 12021
6020 12021
5160 12021
5520 12021
7777 12021
5577 12021
6931 12021
4278 12021
4165 12021
5571 12021
5285 12021
7830 12021
5848 12021
7155 12021
6167 12021
4039 12021
6212 12021
5693 12021
4138 12021
6651 12021
6744 12021
5195 12021
5080 12021
4098 12021
7160 12021
4995 12021
5356 12021
4452 12021
5813 12021
5218 12021
7755 12021
7907 12021
4492 12021
5936 12021
4923 12021
4543 12021
6062 12021
5954 12021
7571 12021
7591 12021
8009 12021
7142 12021
7961 12021
7404 12021
4383 12021
7210 12021
4310 12021
6737 12021
7304 12021
5096 12021
4730 12021
7385 12021
4718 12021
4182 12021
4791 12021
6761 12021
7077 12021
5423 12021
5021 12021
6291 12021
5251 12021
7937 12021
7177 12021
4725 12021
5178 12021
5845 12021
7874 12021
5087 12021
6132 12021
5529 12021
7134 12021
7782 12021
5818 12021
7389 12021
7499 12021
4797 12021
5428 12021
4207 12021
7583 12021
4300 12021
7834 12021
7787 12022
7673 12022
7608 12022
5383 12022
4317 12022
7933 12022
4605 12022
6589 12022
5706 12022
4741 12022
4564 12022
6655 12022
7666 12022
5341 12022
6183 12022
6777 12022
5684 12022
5549 12022
5112 12022
4113 12022
6807 12022
6021 12022
7173 12022
5216 12022
6304 12022
7026 12022
5991 12022
6394 12022
5674 12022
4281 12022
4302 12022
4518 12022
5643 12022
7395 12022
7498 12022
5329 12022
4754 12022
7019 12022
7451 12022
4395 12022
4029 12022
5576 12022
4359 12022
7339 12022
4844 12022
4907 12022
6987 12022
4172 12022
4967 12022
7736 12022
4936 12022
7346 12022
4766 12022
6000 12022
7313 12022
7410 12022
7021 12022
5580 12022
6739 12022
6964 12022
7352 12022
5262 12022
4304 12022
5678 12022
7007 12022
7436 12022
6176 12022
6614 12022
4307 12022
7779 12022
5540 12022
5255 12022
4794 12022
6803 12022
7358 12022
4580 12022
5792 12022
4534 12022
5193 12022
4861 12022
4459 12022
7101 12022
5403 12022
7543 12022
5194 12022
7996 12022
4902 12022
5147 12022
5854 12022
7319 12022
7282 12022
4038 12022
6392 12022
5360 12022
6237 12022
7461 12022
4773 12022
7409 12022
4121 12022
7872 12022
4303 12022
6659 12022
5034 12022
5654 12022
7737 12022
7185 12022
5352 12022
4722 12022
4051 12022
4230 12022
7267 12022
5739 12022
5610 12022
6216 12022
5307 12022
4161 12022
6993 12022
5391 12022
4601 12022
7764 12022
4237 12022
5824 12022
4811 12022
5911 12022
4531 12022
7951 12022
4701 12022
6334 12022
7902 12022
6806 12022
4603 12022
6309 12022
7844 12022
5663 12022
4873 12022
5582 12022
6883 12022
4904 12022
4487 12022
5709 12022
7966 12022
5070 12022
5425 12022
5695 12022
4167 12022
5469 12022
5103 12022
5474 12022
6490 12022
4615 12022
4217 12022
5361 12022
5101 12022
7928 12022
4018 12022
4288 12022
6381 12022
4824 12022
7821 12022
4624 12022
7189 12022
7384 12022
6817 12022
6741 12022
7355 12022
6492 12022
4775 12022
4122 12022
6385 12022
7929 12022
7443 12022
6274 12022
5022 12022
7027 12022
6829 12022
7302 12022
7923 12022
7894 12022
4733 12022
7004 12022
7687 12022
5703 12022
6052 12022
7956 12022
4463 12022
4571 12022
6947 12022
8007 12022
7034 12022
5381 12022
5327 12022
5357 12022
4608 12022
5459 12022
4838 12022
5715 12022
4486 12022
4835 12022
4825 12022
7379 12022
4991 12022
5065 12022
4106 12022
5697 12022
5812 12022
6781 12022
5478 12022
4253 12022
4620 12022
4021 12022
7454 12022
4998 12022
7180 12022
6916 12022
7162 12022
5266 12022
5632 12022
5131 12022
6548 12022
6924 12022
6303 12022
5036 12022
4471 12022
6238 12022
5324 12022
6864 12022
6901 12022
4054 12022
7799 12022
6254 12022
7882 12022
6604 12022
6472 12022
6421 12022
7774 12022
7678 12022
4205 12022
4495 12022
5535 12022
4738 12022
4019 12022
7278 12022
6679 12022
7615 12022
5589 12022
4658 12022
7008 12022
7076 12022
5704 12022
6423 12022
4214 12022
6605 12022
4308 12022
7772 12022
4466 12022
5612 12022
4404 12022
7415 12022
7311 12022
5515 12022
6354 12022
5113 12022
6904 12022
4130 12022
6692 12022
7677 12022
5053 12022
6628 12022
5304 12022
5189 12022
4529 12022
6145 12022
5051 12022
6988 12022
6726 12022
5426 12022
6126 12022
4987 12022
4798 12022
4053 12022
5077 12022
5024 12022
5850 12022
7754 12022
6785 12022
5962 12022
6666 12022
6495 12022
7538 12022
6579 12022
7818 12022
7550 12022
4199 12022
4966 12022
5100 12022
7978 12022
4611 12022
7518 12022
7541 12022
5465 12022
4913 12022
7699 12022
6546 12022
7641 12022
5723 12022
5439 12022
7276 12022
4679 12022
6824 12022
7332 12022
7825 12022
4468 12022
4900 12022
4078 12022
5605 12022
5272 12022
7594 12022
6172 12022
7306 12022
6907 12022
6091 12022
4661 12022
4143 12022
6984 12022
5109 12022
4864 12022
7648 12022
6388 12022
5452 12022
5657 12022
6722 12022
4760 12022
4709 12022
6938 12022
6840 12022
4691 12022
5919 12022
4837 12022
4417 12022
6874 12022
5126 12022
4120 12022
6371 12022
6759 12022
7270 12022
5733 12022
5496 12022
5311 12022
7635 12022
6343 12022
6790 12022
4374 12022
4627 12022
4128 12022
7707 12022
5078 12022
6709 12022
7364 12022
4852 12022
5105 12022
4672 12022
6123 12022
7095 12022
6283 12022
4347 12022
6086 12022
6241 12022
5003 12022
5920 12022
4583 12022
5095 12022
7827 12022
7938 12022
7670 12022
5475 12022
6363 12022
6511 12022
4806 12022
5671 12022
5638 12022
4910 12022
6349 12022
4982 12022
6404 12022
7725 12022
4418 12022
4689 12022
5047 12022
6295 12022
6539 12022
5308 12022
6314 12022
6687 12022
5856 12022
5122 12022
6188 12022
5532 12022
7984 12022
4562 12022
5743 12022
5545 12023
4732 12023
6480 12023
5125 12023
5250 12023
7084 12023
7939 12023
5961 12023
6320 12023
6056 12023
5868 12023
7163 12023
7709 12023
5074 12023
5273 12023
7511 12023
5438 12023
4297 12023
7381 12023
4780 12023
5192 12023
7788 12023
6617 12023
4566 12023
4757 12023
7377 12023
5494 12023
7778 12023
5929 12023
5256 12023
6591 12023
7166 12023
6122 12023
4244 12023
7029 12023
5924 12023
4316 12023
6113 12023
5698 12023
4338 12023
5328 12023
4942 12023
6962 12023
5634 12023
6498 12023
5057 12023
4565 12023
5875 12023
5118 12023
7681 12023
7745 12023
6934 12023
7368 12023
6891 12023
5581 12023
7260 12023
7981 12023
4060 12023
6076 12023
4480 12023
6336 12023
6496 12023
6244 12023
7578 12023
7054 12023
5042 12023
4040 12023
6738 12023
7539 12023
7144 12023
5011 12023
4231 12023
6403 12023
5659 12023
4017 12023
7804 12023
4990 12023
4433 12023
7374 12023
6863 12023
7861 12023
5040 12023
5433 12023
7292 12023
6220 12023
6953 12023
4710 12023
7659 12023
4192 12023
7400 12023
4158 12023
6586 12023
6644 12023
5505 12023
6970 12023
4965 12023
6300 12023
5538 12023
7088 12023
7676 12023
6236 12023
4285 12023
4108 12023
6820 12023
5681 12023
4259 12023
6828 12023
5916 12023
4168 12023
4802 12023
4301 12023
7318 12023
5180 12023
7061 12023
4916 12023
4407 12023
7665 12023
5675 12023
7037 12023
5320 12023
6390 12023
7893 12023
7743 12023
6016 12023
5862 12023
5508 12023
7865 12023
5552 12023
7582 12023
7568 12023
6599 12023
7393 12023
7001 12023
4599 12023
5155 12023
4295 12023
4074 12023
6318 12023
5791 12023
7645 12023
4314 12023
6921 12023
5046 12023
6045 12023
7233 12023
5922 12023
7945 12023
5470 12023
5570 12023
5201 12023
7071 12023
4552 12023
5312 12023
6159 12023
7549 12023
5716 12023
4195 12023
4422 12023
7976 12023
4638 12023
7323 12023
5097 12023
7864 12023
7496 12023
6400 12023
5699 12023
4506 12023
5993 12023
6881 12023
6270 12023
5240 12023
4793 12023
6297 12023
4187 12023
6700 12023
4918 12023
7475 12023
7611 12023
5377 12023
6774 12023
7360 12023
6027 12023
6409 12023
6467 12023
7009 12023
7137 12023
5473 12023
7241 12023
5133 12023
6926 12023
6346 12023
6527 12023
6710 12023
5609 12023
5971 12023
5079 12023
4577 12023
5780 12023
5408 12023
4894 12023
4642 12023
5495 12023
5726 12023
4137 12023
5766 12023
7140 12023
5918 12023
4887 12023
4751 12023
4465 12023
4274 12023
5727 12023
5386 12023
6789 12023
6087 12023
6194 12023
4866 12023
4561 12023
6780 12023
4713 12023
6451 12023
4796 12023
4184 12023
7403 12023
7640 12023
7281 12023
4821 12023
4208 12023
7973 12023
6634 12023
4097 12023
6707 12023
5484 12023
7655 12023
6413 12023
5904 12023
6481 12023
6607 12023
5957 12023
4126 12023
5017 12023
4447 12023
4255 12023
7371 12023
5599 12023
7663 12023
4345 12023
4332 12023
7890 12023
7143 12023
6978 12023
7916 12023
4888 12023
4784 12023
6562 12023
7284 12023
7731 12023
6458 12023
7790 12023
5667 12023
7378 12023
4457 12023
7391 12023
6968 12023
4786 12023
5616 12023
4737 12023
6850 12023
4618 12023
4968 12023
5482 12023
5525 12023
7245 12023
4225 12023
4980 12023
4093 12023
6642 12023
7135 12023
7065 12023
5368 12023
5568 12023
5837 12023
6161 12023
4470 12023
6340 12023
4185 12023
7846 12023
4243 12023
6787 12023
5786 12023
4193 12023
4943 12023
4403 12023
5177 12023
5422 12023
5860 12023
6448 12023
7577 12023
5471 12023
7125 12023
4213 12023
7523 12023
6434 12023
4436 12023
4277 12023
4059 12023
5541 12023
5025 12023
7866 12023
7199 12023
4275 12023
4948 12023
4752 12023
7128 12023
6913 12023
6235 12023
4445 12023
4248 12023
6648 12023
5294 12023
7619 12023
6526 12023
4497 12023
4501 12023
7690 12023
6002 12023
7813 12023
5664 12023
6845 12023
5157 12023
5645 12023
6909 12023
6510 12023
6367 12023
4482 12023
5145 12023
6697 12023
5591 12023
5859 12023
4272 12023
7069 12023
7114 12023
6179 12023
5058 12023
4372 12023
5226 12023
4194 12023
5406 12023
7995 12023
7761 12023
4089 12023
6061 12023
5071 12023
6522 12023
4554 12023
4685 12023
5906 12023
7126 12023
7853 12023
7449 12023
4189 12023
4984 12023
4366 12023
4799 12023
7477 12023
6280 12023
5516 12023
4729 12023
4621 12023
5613 12023
6896 12023
6825 12023
6331 12023
5365 12023
5935 12023
5415 12023
4473 12023
7703 12023
5165 12023
6174 12023
6201 12023
6574 12023
4954 12023
5647 12023
7632 12023
7742 12023
5144 12023
4746 12023
7760 12023
7598 12023
4030 12023
6917 12023
6207 12023
7367 12023
5064 12023
7197 12023
6580 12023
6150 12023
6950 12023
5066 12023
6214 12024
5437 12024
5136 12024
5467 12024
4322 12024
6228 12024
7441 12024
7151 12024
7603 12024
4828 12024
4716 12024
7509 12024
4804 12024
7165 12024
7298 12024
7704 12024
6843 12024
5583 12024
5762 12024
6945 12024
7085 12024
4655 12024
4399 12024
4956 12024
7680 12024
6344 12024
7766 12024
4810 12024
7438 12024
6475 12024
5099 12024
7258 12024
5409 12024
6264 12024
7328 12024
6246 12024
7883 12024
4485 12024
5331 12024
7145 12024
7793 12024
4488 12024
6507 12024
7425 12024
4893 12024
6376 12024
4434 12024
4013 12024
5052 12024
6584 12024
4778 12024
6010 12024
6479 12024
6532 12024
4959 12024
5730 12024
6066 12024
4860 12024
6427 12024
4715 12024
4584 12024
7399 12024
4903 12024
4563 12024
7448 12024
4290 12024
4083 12024
6572 12024
5627 12024
4708 12024
7789 12024
7375 12024
6566 12024
4031 12024
4830 12024
6847 12024
4062 12024
6337 12024
6601 12024
6832 12024
4507 12024
5562 12024
4289 12024
5740 12024
5789 12024
5498 12024
5905 12024
5565 12024
5170 12024
6973 12024
4169 12024
7286 12024
6441 12024
6600 12024
4988 12024
5617 12024
6802 12024
4241 12024
7314 12024
5319 12024
6484 12024
6299 12024
7297 12024
5689 12024
5738 12024
7170 12024
6440 12024
7718 12024
4813 12024
6084 12024
5527 12024
4333 12024
4325 12024
5085 12024
5977 12024
4521 12024
4978 12024
7563 12024
4646 12024
6823 12024
4779 12024
7631 12024
5865 12024
4236 12024
5544 12024
6261 12024
5293 12024
6783 12024
6032 12024
6646 12024
5785 12024
5445 12024
6090 12024
6436 12024
4032 12024
5083 12024
7387 12024
6365 12024
5909 12024
5974 12024
5169 12024
4066 12024
7854 12024
4384 12024
5204 12024
6673 12024
6935 12024
4992 12024
5596 12024
7040 12024
4545 12024
5832 12024
5173 12024
5247 12024
4432 12024
6860 12024
5142 12024
4636 12024
6866 12024
7350 12024
6647 12024
7780 12024
4512 12024
4472 12024
6782 12024
7139 12024
6330 12024
6302 12024
5871 12024
7479 12024
6418 12024
7086 12024
6960 12024
7646 12024
7250 12024
5928 12024
6965 12024
7214 12024
6942 12024
5828 12024
5814 12024
5114 12024
6195 12024
7194 12024
4823 12024
4249 12024
5271 12024
5353 12024
4999 12024
5117 12024
5045 12024
4258 12024
4567 12024
5206 12024
5238 12024
6453 12024
7600 12024
4897 12024
5007 12024
6827 12024
4252 12024
4935 12024
7169 12024
5287 12024
6003 12024
6513 12024
5898 12024
4719 12024
6359 12024
4551 12024
5015 12024
5387 12024
7312 12024
7022 12024
4711 12024
4707 12024
6698 12024
7580 12024
4291 12024
7406 12024
4096 12024
6290 12024
5172 12024
5431 12024
6592 12024
6452 12024
7990 12024
7870 12024
4787 12024
7638 12024
4050 12024
5449 12024
5556 12024
7301 12024
7392 12024
7826 12024
5994 12024
7620 12024
6384 12024
5094 12024
4548 12024
5248 12024
7700 12024
5624 12024
4669 12024
6106 12024
5873 12024
5513 12024
4881 12024
4335 12024
6089 12024
7786 12024
7243 12024
4055 12024
4854 12024
6839 12024
4771 12024
6287 12024
7209 12024
6570 12024
5323 12024
6124 12024
5182 12024
7372 12024
5220 12024
7188 12024
5555 12024
4201 12024
6541 12024
5959 12024
6602 12024
4156 12024
5692 12024
5325 12024
5037 12024
6218 12024
7590 12024
5884 12024
5456 12024
4209 12024
7445 12024
5969 12024
6771 12024
5330 12024
4974 12024
4370 12024
5717 12024
4152 12024
5687 12024
4928 12024
5137 12024
5440 12024
6279 12024
7920 12024
7028 12024
5029 12024
6747 12024
4593 12024
5713 12024
6922 12024
6217 12024
7382 12024
4406 12024
5091 12024
6801 12024
5267 12024
7963 12024
5088 12024
7512 12024
4440 12024
7296 12024
4173 12024
6534 12024
7822 12024
7504 12024
6060 12024
5876 12024
5774 12024
7196 12024
7486 12024
5682 12024
7975 12024
5840 12024
5925 12024
5055 12024
7206 12024
6769 12024
6096 12024
7972 12024
6940 12024
7349 12024
4742 12024
6075 12024
4526 12024
5629 12024
4944 12024
7693 12024
4546 12024
6412 12024
4557 12024
6834 12024
4822 12024
7186 12024
5636 12024
5990 12024
4503 12024
6328 12024
4260 12024
7998 12024
6948 12024
5688 12024
6900 12024
6569 12024
5130 12024
7658 12024
4755 12024
4745 12024
5503 12024
4111 12024
7439 12024
5233 12024
7105 12024
7914 12024
7932 12024
4223 12024
7236 12024
4455 12024
5835 12024
4735 12024
6442 12024
7112 12024
7315 12024
7178 12024
7885 12024
7003 12024
6053 12024
4892 12024
7505 12024
7227 12024
5082 12024
4326 12024
4319 12024
6284 12024
6585 12024
5292 12024
4573 12024
5732 12024
6112 12024
6375 12024
7922 12024
7627 12024
4886 12024
7106 12024
4429 12024
6369 12024
5000 12024
7856 12024
4494 12024
6182 12024
7089 12024
6104 12025
4663 12025
7726 12025
7605 12025
5628 12025
7685 12025
6203 12025
4515 12025
4937 12025
5302 12025
5573 12025
4962 12025
7190 12025
4045 12025
6937 12025
5444 12025
4071 12025
4431 12025
4391 12025
4305 12025
7421 12025
4202 12025
5660 12025
4726 12025
4853 12025
7492 12025
6043 12025
4790 12025
4769 12025
5722 12025
4500 12025
4287 12025
5283 12025
7986 12025
5987 12025
4075 12025
5221 12025
5825 12025
4596 12025
7792 12025
8006 12025
6294 12025
4373 12025
6415 12025
7456 12025
7398 12025
6503 12025
7408 12025
4385 12025
4181 12025
7572 12025
4127 12025
4662 12025
4412 12025
6902 12025
5907 12025
4085 12025
5018 12025
4283 12025
5128 12025
5317 12025
7958 12025
6555 12025
5519 12025
4979 12025
6041 12025
6035 12025
6149 12025
7031 12025
6399 12025
7259 12025
7797 12025
6795 12025
5584 12025
5375 12025
5455 12025
4591 12025
6305 12025
6004 12025
5958 12025
6753 12025
6001 12025
7536 12025
5443 12025
5602 12025
4559 12025
4424 12025
5672 12025
5686 12025
6135 12025
6350 12025
6983 12025
6627 12025
5536 12025
6857 12025
4819 12025
6685 12025
7153 12025
6454 12025
7991 12025
6317 12025
5728 12025
7971 12025
4294 12025
7345 12025
4047 12025
5604 12025
4827 12025
5997 12025
5140 12025
4104 12025
6798 12025
4890 12025
4690 12025
6597 12025
6221 12025
4147 12025
6928 12025
7067 12025
7476 12025
7806 12025
5702 12025
6729 12025
6024 12025
5414 12025
5430 12025
4035 12025
4079 12025
5637 12025
6248 12025
6057 12025
7203 12025
6837 12025
4061 12025
7735 12025
5521 12025
4514 12025
6393 12025
7528 12025
7412 12025
7643 12025
4845 12025
4027 12025
6298 12025
4950 12025
7363 12025
5926 12025
7636 12025
5298 12025
4541 12025
6959 12025
7831 12025
4600 12025
4330 12025
6786 12025
6456 12025
5574 12025
6811 12025
7734 12025
4358 12025
6042 12025
6324 12025
6706 12025
6416 12025
7746 12025
7175 12025
5043 12025
5607 12025
7962 12025
6758 12025
7092 12025
5809 12025
6116 12025
5338 12025
7365 12025
5398 12025
5651 12025
7413 12025
5899 12025
6192 12025
6500 12025
5752 12025
5153 12025
6039 12025
5110 12025
5630 12025
4575 12025
7176 12025
5436 12025
5388 12025
7730 12025
7838 12025
5858 12025
4036 12025
6867 12025
4441 12025
4367 12025
5915 12025
5751 12025
5680 12025
7621 12025
7896 12025
4344 12025
7851 12025
7877 12025
7500 12025
5522 12025
6976 12025
6361 12025
4490 12025
5677 12025
7581 12025
7555 12025
7647 12025
5790 12025
4265 12025
7343 12025
7224 12025
7211 12025
7039 12025
6529 12025
4342 12025
5245 12025
6347 12025
5269 12025
7275 12025
5092 12025
5754 12025
6573 12025
6581 12025
5020 12025
7695 12025
4664 12025
5281 12025
6893 12025
4219 12025
4477 12025
7359 12025
4607 12025
4874 12025
5451 12025
5736 12025
4186 12025
4394 12025
4613 12025
4818 12025
7133 12025
6156 12025
4123 12025
4461 12025
7370 12025
5975 12025
6705 12025
4789 12025
5539 12025
6865 12025
6875 12025
5510 12025
6714 12025
4520 12025
7545 12025
5534 12025
5405 12025
6652 12025
6779 12025
5956 12025
5803 12025
4865 12025
4360 12025
5633 12025
7935 12025
6058 12025
5890 12025
4975 12025
7080 12025
6848 12025
7740 12025
4450 12025
6955 12025
4239 12025
6411 12025
7723 12025
6038 12025
4555 12025
6556 12025
5528 12025
5833 12025
6621 12025
6081 12025
5489 12025
5821 12025
6776 12025
5480 12025
7207 12025
6656 12025
4331 12025
4474 12025
4064 12025
5608 12025
7959 12025
5758 12025
5351 12025
7651 12025
6721 12025
7905 12025
6625 12025
6095 12025
6735 12025
7801 12025
6494 12025
5799 12025
6227 12025
4680 12025
6952 12025
4581 12025
7251 12025
6050 12025
6733 12025
5297 12025
4456 12025
5502 12025
6745 12025
7832 12025
7013 12025
7373 12025
7859 12025
5996 12025
5778 12025
7816 12025
8005 12025
5600 12025
4867 12025
7520 12025
4448 12025
5016 12025
6306 12025
6871 12025
5656 12025
7688 12025
4934 12025
4263 12025
4215 12025
7823 12025
4684 12025
7488 12025
4630 12025
5196 12025
5164 12025
4654 12025
5690 12025
5972 12025
6951 12025
7776 12025
4240 12025
5236 12025
6912 12025
6107 12025
5202 12025
5197 12025
5270 12025
6196 12025
7675 12025
7070 12025
6658 12025
6696 12025
4703 12025
7886 12025
6282 12025
5705 12025
6286 12025
7081 12025
5288 12025
7671 12025
6358 12025
6999 12025
6497 12025
7329 12025
4351 12025
5481 12025
4675 12025
6011 12025
6292 12025
7212 12025
7183 12025
7551 12025
6164 12025
6762 12025
5199 12025
4882 12025
4493 12025
7820 12025
7597 12025
5606 12025
6713 12025
6168 12025
6396 12025
7091 12025
7517 12025
6323 12025
6026 12025
12018 12026
12007 12026
12012 12027
12022 12027
12020 12027
12022 12028
12020 12029
12024 12029
12013 12029
12024 12030
12023 12030
12013 12030
12021 12031
12011 12031
12007 12031
12006 12032
12022 12033
12006 12034
12010 12034
12025 12035
12008 12036
12016 12037
12015 12037
12017 12038
12010 12038
12013 12039
12019 12039
12019 12040
12018 12040
12010 12040
12019 12041
12012 12041
12021 12042
12013 12042
12008 12043
12014 12043
12010 12043
12012 12044
12022 12044
