7132 5
1 5
6819 6
5165 6
1 6
6459 7
4352 7
1 7
6819 8
5465 8
1 8
5853 9
1 9
1 10
6621 11
6278 11
4359 11
1 11
6020 12
5675 12
1 12
1 13
1 14
1 15
6241 16
1 16
5417 17
5329 17
1 17
7716 18
6863 18
1 18
1 19
6106 20
4010 20
1 20
7869 21
4645 21
1 21
5125 22
1 22
6472 23
1 23
1 24
6746 25
5235 25
1 25
7719 26
1 26
7838 27
7370 27
5116 27
4695 27
4200 27
1 27
5057 28
4208 28
1 28
1 29
1 30
7596 31
1 31
1 32
4306 33
1 33
5231 34
1 34
6993 35
1 35
5976 36
5281 36
1 36
5959 37
1 37
1 38
6109 39
4826 39
1 39
1 40
5242 41
1 41
6351 42
4290 42
1 42
4074 43
1 43
5092 44
4201 44
1 44
5371 45
1 45
7897 46
6676 46
1 46
5430 47
1 47
5991 48
5786 48
5295 48
5325 48
1 48
6267 49
4851 49
1 49
7054 50
4566 50
4232 50
1 50
5681 51
1 51
6626 52
5220 52
5254 52
1 52
7766 53
5319 53
5480 53
1 53
5761 54
4857 54
4297 54
1 54
7797 55
7243 55
1 55
7934 56
7846 56
6515 56
5032 56
4746 56
4714 56
4394 56
4303 56
1 56
7793 57
7885 57
6278 57
1 57
4693 58
1 58
7967 59
6207 59
4398 59
1 59
4771 60
1 60
1 61
4386 62
1 62
7259 63
7402 63
5114 63
1 63
6734 64
5846 64
5184 64
1 64
5859 65
5242 65
1 65
6134 66
4770 66
1 66
5463 67
1 67
6482 68
6565 68
1 68
1 69
6905 70
1 70
6273 71
1 71
7771 72
6586 72
1 72
6397 73
1 73
1 74
5582 75
1 75
7782 76
6057 76
1 76
6468 77
1 77
7900 78
7106 78
1 78
6513 79
1 79
7981 80
7650 80
7023 80
1 80
7030 81
5303 81
1 81
5811 82
1 82
7980 83
6052 83
5530 83
1 83
7593 84
7410 84
4594 84
1 84
7631 85
6689 85
5710 85
5402 85
5203 85
4296 85
1 85
1 86
1 87
6868 88
5430 88
4639 88
1 88
1 89
6734 90
5881 90
1 90
1 91
6380 92
5382 92
5194 92
4301 92
1 92
5564 93
1 93
5023 94
1 94
7096 95
5688 95
4402 95
1 95
7657 96
6310 96
4023 96
1 96
6614 97
4272 97
1 97
7302 98
7021 98
6985 98
1 98
7291 99
6868 99
4129 99
1 99
1 100
5714 101
4332 101
1 101
5749 102
1 102
6283 103
1 103
1 104
4214 105
1 105
7420 106
6197 106
5080 106
4645 106
1 106
7937 107
6333 107
5432 107
4396 107
4044 107
1 107
6156 108
1 108
1 109
5110 110
1 110
7617 111
5357 111
1 111
7068 112
1 112
6933 113
6451 113
1 113
6657 114
1 114
7053 115
6364 115
4218 115
1 115
1 116
1 117
1 118
7796 119
1 119
1 120
7693 121
4863 121
1 121
1 122
6800 123
5703 123
1 123
7409 124
5174 124
1 124
6761 125
4936 125
1 125
1 126
5311 127
4432 127
1 127
1 128
7545 129
1 129
6974 130
4809 130
1 130
5831 131
1 131
4561 132
1 132
7652 133
7560 133
6239 133
1 133
1 134
1 135
1 136
6196 137
4540 137
1 137
5493 138
4364 138
1 138
1 139
5945 140
4819 140
1 140
1 141
1 142
7657 143
5788 143
1 143
5843 144
1 144
1 145
1 146
7718 147
6852 147
4428 147
1 147
1 148
1 149
5297 150
1 150
6249 151
1 151
5926 152
5358 152
1 152
5958 153
4359 153
1 153
6299 154
1 154
5919 155
4558 155
1 155
1 156
1 157
1 158
4031 159
1 159
7779 160
1 160
6221 161
5872 161
4229 161
1 161
12000 162
1 162
6423 163
5877 163
4618 163
1 163
5280 164
1 164
1 165
1 166
4779 167
1 167
5355 168
1 168
6537 169
5069 169
4855 169
4214 169
4034 169
1 169
7532 170
6596 170
1 170
7822 171
1 171
7154 172
5307 172
1 172
5214 173
4350 173
1 173
1 174
5041 175
1 175
1 176
4720 177
4315 177
1 177
6822 178
5003 178
1 178
6293 179
4604 179
1 179
7235 180
1 180
5871 181
1 181
7522 182
1 182
7393 183
6271 183
1 183
7035 184
6676 184
6485 184
4918 184
1 184
7776 185
5186 185
1 185
1 186
4759 187
4874 187
1 187
6622 188
4089 188
1 188
5567 189
1 189
7029 190
4062 190
1 190
7987 191
4520 191
1 191
1 192
7566 193
7154 193
6472 193
4230 193
1 193
7729 194
7738 194
1 194
1 195
1 196
4151 197
1 197
1 198
1 199
4890 200
1 200
7503 201
7378 201
7233 201
6151 201
1 201
5817 202
4839 202
1 202
4806 203
1 203
1 204
1 205
7508 206
1 206
7091 207
6447 207
4063 207
1 207
7914 208
7125 208
6408 208
1 208
1 209
7420 210
1 210
6585 211
4450 211
4153 211
1 211
5509 212
1 212
7962 213
6054 213
1 213
6115 214
1 214
1 215
1 216
4862 217
1 217
6146 218
1 218
5856 219
1 219
6926 220
1 220
7507 221
5824 221
5816 221
4292 221
1 221
5265 222
1 222
4883 223
4564 223
1 223
7602 224
4980 224
1 224
6353 225
5579 225
4908 225
1 225
1 226
7635 227
4066 227
1 227
1 228
5743 229
4900 229
4221 229
1 229
1 230
1 231
6851 232
4798 232
1 232
1 233
1 234
1 235
4592 236
4276 236
1 236
1 237
5727 238
1 238
7836 239
5604 239
5252 239
4703 239
1 239
7043 240
6129 240
1 240
6294 241
5793 241
4385 241
4037 241
1 241
6484 242
4585 242
1 242
7467 243
1 243
6918 244
4305 244
1 244
1 245
4540 246
1 246
7948 247
7236 247
6687 247
6270 247
6193 247
4175 247
1 247
5438 248
5024 248
4188 248
1 248
1 249
5271 250
1 250
6447 251
5588 251
1 251
1 252
7761 253
6919 253
1 253
5639 254
4843 254
1 254
5296 255
1 255
1 256
6345 257
5846 257
1 257
6180 258
5148 258
1 258
5368 259
1 259
6415 260
4268 260
1 260
1 261
1 262
5633 263
4363 263
1 263
4160 264
1 264
5353 265
5316 265
1 265
5659 266
1 266
6225 267
5660 267
4916 267
1 267
7670 268
1 268
5111 269
4126 269
1 269
4507 270
1 270
5893 271
4334 271
1 271
1 272
6361 273
5811 273
4365 273
1 273
6539 274
1 274
6693 275
1 275
1 276
1 277
5715 278
5473 278
4426 278
4089 278
1 278
1 279
4090 280
1 280
7819 281
1 281
5367 282
1 282
6848 283
4581 283
1 283
6688 284
6304 284
1 284
8001 285
5253 285
5007 285
1 285
5124 286
1 286
7305 287
1 287
7755 288
7154 288
1 288
4753 289
1 289
6771 290
1 290
7577 291
4880 291
1 291
7800 292
4495 292
1 292
1 293
1 294
5528 295
1 295
5277 296
5493 296
1 296
1 297
5384 298
1 298
1 299
7474 300
6945 300
1 300
1 301
7780 302
5721 302
1 302
5647 303
1 303
5719 304
1 304
7422 305
1 305
7087 306
6270 306
5019 306
5201 306
1 306
4592 307
4296 307
1 307
4477 308
1 308
1 309
7507 310
7163 310
1 310
5031 311
4885 311
1 311
1 312
7522 313
6241 313
5310 313
4931 313
4663 313
4581 313
1 313
5244 314
1 314
7844 315
7274 315
6621 315
1 315
7573 316
5428 316
5108 316
1 316
7707 317
1 317
7288 318
1 318
1 319
1 320
6368 321
5293 321
4746 321
4877 321
4699 321
1 321
7264 322
1 322
1 323
7220 324
6328 324
1 324
6481 325
1 325
6146 326
1 326
5207 327
1 327
5763 328
1 328
7637 329
4329 329
1 329
6169 330
1 330
7926 331
5913 331
1 331
7635 332
4721 332
4823 332
1 332
4984 333
1 333
7415 334
7149 334
6661 334
5603 334
1 334
6078 335
4327 335
4450 335
1 335
5449 336
5543 336
1 336
5531 337
5302 337
4792 337
1 337
1 338
1 339
1 340
7156 341
1 341
7744 342
5507 342
4442 342
4453 342
1 342
7281 343
5383 343
1 343
7808 344
6568 344
5418 344
1 344
7103 345
6013 345
1 345
4850 346
4753 346
1 346
1 347
6214 348
5790 348
5056 348
1 348
5610 349
5657 349
5146 349
4751 349
1 349
7943 350
6095 350
1 350
6838 351
1 351
7719 352
7429 352
5539 352
5109 352
1 352
1 353
5927 354
1 354
5632 355
1 355
5250 356
1 356
5804 357
5376 357
1 357
5562 358
1 358
6139 359
1 359
1 360
7844 361
6456 361
1 361
6349 362
1 362
5145 363
5113 363
1 363
7155 364
6048 364
5358 364
1 364
6425 365
1 365
4975 366
1 366
1 367
1 368
1 369
5740 370
1 370
6123 371
5229 371
4448 371
1 371
4959 372
1 372
7250 373
6354 373
1 373
7402 374
7475 374
1 374
5707 375
1 375
4248 376
1 376
7240 377
1 377
1 378
5636 379
5394 379
4499 379
1 379
7896 380
1 380
6572 381
1 381
1 382
7203 383
5384 383
4561 383
1 383
6055 384
6172 384
1 384
7997 385
1 385
5273 386
1 386
5037 387
4701 387
1 387
6796 388
6652 388
4338 388
1 388
7883 389
6788 389
6240 389
5627 389
4007 389
1 389
7917 390
6519 390
6115 390
4958 390
1 390
7776 391
4910 391
1 391
5958 392
5346 392
1 392
7472 393
1 393
7618 394
5329 394
5360 394
1 394
4714 395
4230 395
1 395
5577 396
1 396
7880 397
1 397
6216 398
5276 398
1 398
7287 399
6207 399
1 399
4282 400
1 400
1 401
1 402
1 403
7229 404
4590 404
1 404
7688 405
7000 405
4065 405
1 405
7008 406
1 406
5331 407
1 407
7372 408
1 408
6165 409
1 409
4637 410
1 410
1 411
6325 412
1 412
1 413
4945 414
1 414
1 415
6828 416
6782 416
5003 416
1 416
4959 417
1 417
7720 418
5892 418
1 418
1 419
5430 420
5160 420
4341 420
1 420
6218 421
4871 421
1 421
1 422
7782 423
4780 423
1 423
1 424
7164 425
1 425
6904 426
4958 426
4852 426
1 426
7219 427
7172 427
6540 427
6155 427
5107 427
4962 427
4727 427
1 427
6908 428
5129 428
1 428
5774 429
1 429
5963 430
5304 430
5095 430
1 430
6323 431
5933 431
5669 431
5605 431
1 431
1 432
6921 433
5737 433
5383 433
4112 433
1 433
7899 434
6350 434
1 434
6892 435
4624 435
4812 435
1 435
7444 436
5775 436
5545 436
1 436
6905 437
4939 437
1 437
7807 438
1 438
5529 439
1 439
4434 440
1 440
7775 441
6059 441
1 441
4128 442
1 442
1 443
7590 444
5960 444
1 444
5617 445
5373 445
5392 445
1 445
1 446
6956 447
1 447
7192 448
4779 448
1 448
1 449
6598 450
1 450
6321 451
5655 451
5598 451
1 451
1 452
6645 453
1 453
1 454
6128 455
1 455
6629 456
4914 456
1 456
4045 457
1 457
7595 458
7087 458
6084 458
5426 458
1 458
1 459
8003 460
1 460
1 461
7235 462
4879 462
1 462
5450 463
5246 463
4493 463
1 463
5445 464
4482 464
4451 464
4020 464
1 464
7050 465
1 465
1 466
1 467
1 468
8004 469
1 469
5661 470
1 470
1 471
6090 472
4634 472
1 472
5543 473
4720 473
1 473
4627 474
4121 474
1 474
4491 475
1 475
7764 476
7886 476
5193 476
1 476
7974 477
1 477
6884 478
4418 478
1 478
1 479
1 480
6563 481
5855 481
4984 481
1 481
7368 482
6118 482
5211 482
1 482
7925 483
1 483
4135 484
1 484
5989 485
5399 485
4116 485
1 485
6818 486
5433 486
1 486
6450 487
1 487
7921 488
7550 488
5800 488
5825 488
1 488
6549 489
1 489
5271 490
1 490
5810 491
1 491
7014 492
6023 492
1 492
1 493
1 494
6252 495
5335 495
1 495
6510 496
6379 496
1 496
7482 497
1 497
1 498
1 499
7803 500
1 500
6647 501
1 501
6351 502
5618 502
4234 502
1 502
4900 503
1 503
7279 504
5154 504
1 504
5540 505
1 505
5820 506
1 506
7269 507
5392 507
1 507
6513 508
5180 508
4679 508
1 508
6263 509
1 509
6309 510
1 510
1 511
7238 512
5027 512
1 512
1 513
7130 514
4922 514
1 514
5497 515
4983 515
1 515
1 516
7747 517
7701 517
6688 517
6499 517
1 517
1 518
4496 519
1 519
6563 520
5421 520
1 520
1 521
4298 522
1 522
6989 523
1 523
1 524
5483 525
1 525
5159 526
4580 526
1 526
5678 527
1 527
7712 528
5953 528
4672 528
1 528
6710 529
1 529
4510 530
1 530
7287 531
6008 531
1 531
6645 532
1 532
6295 533
4720 533
1 533
7967 534
1 534
6598 535
6411 535
1 535
5612 536
4657 536
1 536
5694 537
1 537
7982 538
5792 538
1 538
7011 539
6867 539
6351 539
4571 539
4061 539
1 539
7272 540
7031 540
1 540
7763 541
4132 541
1 541
1 542
7434 543
5237 543
4567 543
4383 543
1 543
6874 544
6685 544
5166 544
4065 544
1 544
5258 545
4182 545
1 545
7772 546
4077 546
1 546
4234 547
1 547
7348 548
4038 548
1 548
5726 549
5122 549
1 549
4907 550
4198 550
1 550
1 551
1 552
1 553
6895 554
5963 554
1 554
7816 555
7170 555
7127 555
6660 555
4409 555
1 555
1 556
6863 557
1 557
7953 558
1 558
5084 559
4337 559
1 559
7829 560
1 560
6073 561
1 561
5019 562
1 562
6672 563
1 563
5913 564
6037 564
4063 564
1 564
4812 565
4381 565
4604 565
4082 565
1 565
7851 566
1 566
7057 567
5742 567
4532 567
4166 567
1 567
7504 568
6870 568
4091 568
1 568
7880 569
7813 569
6251 569
1 569
4172 570
1 570
5581 571
1 571
6990 572
6449 572
6224 572
1 572
4274 573
1 573
6692 574
4310 574
1 574
1 575
7243 576
5883 576
1 576
1 577
6782 578
4390 578
1 578
5282 579
1 579
7525 580
4650 580
4120 580
1 580
5512 581
1 581
5347 582
1 582
1 583
1 584
1 585
5224 586
1 586
1 587
1 588
1 589
7282 590
6046 590
5361 590
4193 590
1 590
7196 591
7078 591
6063 591
4376 591
1 591
1 592
7528 593
6270 593
1 593
1 594
7688 595
6421 595
1 595
4424 596
1 596
6850 597
4645 597
1 597
1 598
7611 599
5557 599
5102 599
1 599
6017 600
5730 600
5386 600
4641 600
1 600
7160 601
5445 601
5234 601
1 601
1 602
6966 603
1 603
5636 604
5449 604
4506 604
1 604
7950 605
1 605
7917 606
7815 606
7826 606
6808 606
5224 606
1 606
7029 607
6550 607
5139 607
4907 607
4180 607
1 607
7043 608
1 608
6697 609
5732 609
1 609
7550 610
4505 610
1 610
6574 611
1 611
4436 612
4545 612
1 612
6620 613
6232 613
1 613
6338 614
1 614
4941 615
1 615
7420 616
5915 616
1 616
5748 617
5515 617
4018 617
1 617
7540 618
5661 618
5437 618
1 618
6232 619
5567 619
5271 619
4310 619
4128 619
4223 619
1 619
6719 620
4575 620
1 620
7550 621
6507 621
6536 621
5664 621
4689 621
1 621
6502 622
6515 622
5839 622
1 622
1 623
7384 624
6442 624
1 624
6956 625
7161 625
4443 625
1 625
7375 626
6555 626
4887 626
1 626
5808 627
4814 627
1 627
6708 628
5306 628
1 628
7224 629
5966 629
5063 629
1 629
6396 630
1 630
7570 631
7317 631
1 631
5564 632
1 632
6861 633
1 633
6790 634
1 634
7373 635
6642 635
6566 635
5608 635
1 635
7360 636
7332 636
1 636
6639 637
4552 637
1 637
7951 638
1 638
4600 639
1 639
7701 640
5805 640
5203 640
4605 640
4259 640
1 640
6052 641
1 641
6551 642
1 642
7610 643
5064 643
1 643
1 644
1 645
1 646
6282 647
1 647
5682 648
1 648
5622 649
5410 649
4587 649
1 649
7882 650
6257 650
5171 650
5022 650
4131 650
1 650
1 651
7863 652
6137 652
1 652
7560 653
7417 653
1 653
7236 654
6204 654
4731 654
1 654
7848 655
1 655
1 656
5770 657
4103 657
4165 657
1 657
5875 658
5138 658
4506 658
1 658
1 659
7794 660
4620 660
1 660
7908 661
6968 661
1 661
1 662
4874 663
1 663
7293 664
6458 664
1 664
4453 665
1 665
1 666
1 667
4773 668
4175 668
1 668
1 669
1 670
1 671
1 672
1 673
7519 674
7171 674
1 674
4371 675
1 675
6319 676
6149 676
1 676
7723 677
6168 677
5374 677
5039 677
1 677
1 678
1 679
1 680
4319 681
1 681
6109 682
4837 682
1 682
7929 683
7745 683
5921 683
1 683
7872 684
7489 684
7355 684
1 684
6031 685
1 685
1 686
1 687
6672 688
6415 688
1 688
1 689
7650 690
4634 690
1 690
1 691
1 692
6162 693
5631 693
5069 693
1 693
5451 694
1 694
5579 695
4337 695
4259 695
1 695
5505 696
1 696
1 697
1 698
6827 699
1 699
4483 700
1 700
7089 701
5724 701
1 701
1 702
6289 703
4418 703
1 703
1 704
4909 705
1 705
1 706
6370 707
5305 707
4442 707
1 707
1 708
1 709
7627 710
1 710
6290 711
5857 711
5616 711
1 711
7194 712
6754 712
1 712
6850 713
4654 713
1 713
4669 714
4628 714
4026 714
1 714
4660 715
1 715
5514 716
1 716
7764 717
5871 717
4977 717
1 717
1 718
7739 719
5372 719
4332 719
1 719
1 720
1 721
7683 722
6913 722
6875 722
1 722
1 723
1 724
7324 725
1 725
5496 726
4809 726
1 726
5771 727
4532 727
4297 727
1 727
5922 728
1 728
7997 729
6833 729
6718 729
5197 729
4117 729
1 729
1 730
7653 731
6677 731
6290 731
5848 731
1 731
4098 732
1 732
1 733
7067 734
7012 734
1 734
1 735
1 736
1 737
1 738
7222 739
1 739
7979 740
5896 740
5351 740
5374 740
5054 740
4012 740
1 740
4875 741
1 741
5803 742
1 742
7501 743
6130 743
1 743
1 744
6122 745
4105 745
1 745
6359 746
5525 746
1 746
4922 747
1 747
6443 748
5876 748
4179 748
1 748
7555 749
7072 749
4023 749
4061 749
1 749
1 750
7532 751
1 751
7627 752
7519 752
6305 752
6215 752
1 752
6164 753
1 753
4726 754
4403 754
1 754
5268 755
1 755
7265 756
1 756
6474 757
1 757
5377 758
4186 758
1 758
1 759
6216 760
1 760
4596 761
1 761
6172 762
5047 762
1 762
5886 763
1 763
4161 764
1 764
5595 765
1 765
5356 766
5087 766
1 766
7887 767
7064 767
1 767
7699 768
7019 768
6425 768
5782 768
4066 768
1 768
4719 769
4263 769
1 769
5199 770
1 770
7430 771
1 771
7065 772
1 772
7718 773
1 773
4906 774
1 774
6623 775
5159 775
1 775
7865 776
5716 776
5277 776
4422 776
1 776
1 777
5118 778
1 778
1 779
4398 780
1 780
5766 781
1 781
5462 782
1 782
4553 783
1 783
7117 784
6435 784
4338 784
1 784
4663 785
4455 785
4021 785
1 785
1 786
5205 787
1 787
1 788
5639 789
1 789
1 790
7897 791
7812 791
7073 791
4134 791
1 791
7797 792
6492 792
1 792
6384 793
1 793
1 794
1 795
6813 796
1 796
7259 797
5897 797
1 797
5992 798
4151 798
1 798
5242 799
1 799
7506 800
1 800
5452 801
1 801
5595 802
1 802
7941 803
7094 803
5848 803
1 803
6984 804
1 804
6096 805
5295 805
1 805
6756 806
4550 806
1 806
1 807
7190 808
5629 808
1 808
1 809
6566 810
1 810
7781 811
7757 811
4084 811
1 811
7622 812
7344 812
5801 812
5326 812
1 812
6756 813
1 813
1 814
7434 815
4944 815
4593 815
4220 815
1 815
1 816
7553 817
1 817
1 818
1 819
5941 820
4610 820
1 820
5947 821
1 821
1 822
5904 823
4583 823
1 823
6915 824
5662 824
1 824
5467 825
4957 825
4265 825
1 825
4794 826
1 826
6788 827
6263 827
1 827
7041 828
4105 828
1 828
4233 829
1 829
5042 830
1 830
7077 831
1 831
5538 832
4498 832
4147 832
1 832
6435 833
6362 833
4863 833
1 833
6271 834
5373 834
5147 834
4550 834
4145 834
1 834
6915 835
5619 835
1 835
1 836
7828 837
7481 837
5233 837
1 837
5180 838
1 838
5796 839
5666 839
1 839
5460 840
1 840
7208 841
1 841
7164 842
1 842
6759 843
4937 843
1 843
7163 844
6526 844
1 844
6616 845
4813 845
1 845
7272 846
6665 846
1 846
7669 847
1 847
7310 848
4261 848
1 848
7628 849
1 849
7827 850
6913 850
6517 850
5341 850
5169 850
1 850
7938 851
1 851
7347 852
5134 852
1 852
7938 853
5319 853
1 853
7305 854
7306 854
6077 854
5910 854
4670 854
1 854
6314 855
5254 855
1 855
7392 856
7082 856
6875 856
6161 856
4279 856
1 856
1 857
7603 858
5251 858
1 858
6154 859
1 859
7908 860
7211 860
5419 860
4156 860
4209 860
1 860
1 861
7351 862
6195 862
4411 862
1 862
1 863
5158 864
1 864
6999 865
1 865
6791 866
5015 866
1 866
6414 867
1 867
7898 868
1 868
4904 869
1 869
5609 870
5256 870
4070 870
1 870
6838 871
1 871
7597 872
7175 872
6745 872
4135 872
1 872
6189 873
1 873
5635 874
1 874
1 875
1 876
5958 877
1 877
7549 878
5806 878
1 878
6701 879
4269 879
4226 879
1 879
1 880
6817 881
4903 881
4435 881
1 881
5392 882
4729 882
1 882
6163 883
1 883
1 884
7611 885
1 885
4723 886
1 886
7476 887
4706 887
1 887
4173 888
4095 888
1 888
7161 889
4966 889
4352 889
1 889
1 890
1 891
6360 892
6162 892
1 892
6058 893
5681 893
1 893
7640 894
6257 894
1 894
1 895
7292 896
4474 896
4554 896
1 896
1 897
7011 898
1 898
7921 899
7014 899
1 899
6575 900
6274 900
1 900
1 901
6438 902
4028 902
1 902
7762 903
4865 903
1 903
1 904
5644 905
1 905
1 906
6719 907
6449 907
1 907
1 908
4520 909
1 909
7934 910
7686 910
6717 910
6400 910
5726 910
1 910
7561 911
5904 911
5064 911
4313 911
1 911
6744 912
5737 912
4944 912
4854 912
1 912
7791 913
6246 913
1 913
7705 914
7181 914
5457 914
1 914
5476 915
1 915
7607 916
5466 916
1 916
7937 917
4217 917
1 917
4482 918
1 918
7924 919
7875 919
1 919
7670 920
1 920
7495 921
6686 921
1 921
1 922
6878 923
6340 923
5608 923
5709 923
1 923
7053 924
1 924
6124 925
1 925
4225 926
1 926
6884 927
6660 927
1 927
1 928
6670 929
6790 929
4953 929
1 929
1 930
7914 931
6299 931
6168 931
1 931
5473 932
1 932
1 933
5574 934
4400 934
1 934
5126 935
4530 935
1 935
7992 936
7220 936
6820 936
5656 936
1 936
4915 937
1 937
7680 938
4248 938
1 938
6857 939
4556 939
1 939
7870 940
5165 940
4274 940
1 940
5156 941
1 941
6702 942
4940 942
4111 942
1 942
7379 943
6046 943
4173 943
1 943
5911 944
1 944
7330 945
1 945
4677 946
1 946
5061 947
4756 947
1 947
5731 948
1 948
4531 949
1 949
1 950
5499 951
1 951
1 952
6301 953
5744 953
4110 953
1 953
7718 954
6786 954
5243 954
5154 954
1 954
7785 955
5193 955
1 955
6702 956
5655 956
5390 956
1 956
4688 957
4533 957
1 957
7312 958
6386 958
6072 958
1 958
1 959
1 960
7543 961
1 961
7283 962
1 962
7042 963
5612 963
1 963
1 964
7117 965
7062 965
1 965
6447 966
4483 966
4355 966
4395 966
1 966
7421 967
5116 967
4178 967
1 967
5637 968
1 968
5511 969
1 969
7661 970
5534 970
4726 970
4136 970
1 970
6342 971
1 971
5994 972
1 972
1 973
6762 974
6554 974
1 974
6969 975
6406 975
1 975
4468 976
4371 976
1 976
6339 977
1 977
4918 978
1 978
5797 979
4583 979
1 979
1 980
1 981
6224 982
5933 982
1 982
1 983
6921 984
1 984
7540 985
5018 985
1 985
7807 986
7747 986
5814 986
5095 986
1 986
6258 987
4504 987
1 987
6970 988
1 988
1 989
4052 990
1 990
7897 991
7280 991
7067 991
5168 991
1 991
6932 992
1 992
6844 993
1 993
7129 994
6115 994
4848 994
1 994
7305 995
1 995
1 996
7893 997
7115 997
4407 997
1 997
1 998
7150 999
6412 999
1 999
7695 1000
1 1000
6908 1001
4449 1001
1 1001
5951 1002
1 1002
6084 1003
1 1003
6394 1004
1 1004
7038 1005
5162 1005
4452 1005
1 1005
6292 1006
1 1006
7210 1007
1 1007
4596 1008
4482 1008
1 1008
4913 1009
1 1009
7176 1010
6754 1010
1 1010
6970 1011
6128 1011
4619 1011
1 1011
7360 1012
6956 1012
5106 1012
1 1012
7310 1013
1 1013
1 1014
6194 1015
1 1015
6817 1016
4919 1016
1 1016
6989 1017
7134 1017
4883 1017
1 1017
4357 1018
1 1018
7657 1019
7546 1019
5473 1019
4367 1019
1 1019
7876 1020
1 1020
1 1021
7062 1022
1 1022
5078 1023
1 1023
1 1024
6875 1025
5467 1025
1 1025
6345 1026
6544 1026
6002 1026
5828 1026
1 1026
5779 1027
1 1027
5659 1028
1 1028
7277 1029
1 1029
6741 1030
4965 1030
1 1030
7548 1031
5600 1031
1 1031
7145 1032
1 1032
6473 1033
1 1033
7322 1034
7094 1034
5240 1034
1 1034
6046 1035
5373 1035
4466 1035
1 1035
4076 1036
1 1036
7283 1037
1 1037
1 1038
7114 1039
1 1039
5880 1040
5593 1040
5279 1040
1 1040
7524 1041
6574 1041
6393 1041
5203 1041
1 1041
6851 1042
6101 1042
1 1042
6010 1043
1 1043
7892 1044
7467 1044
6593 1044
1 1044
1 1045
6440 1046
1 1046
5380 1047
1 1047
6387 1048
1 1048
7331 1049
1 1049
7544 1050
6912 1050
5488 1050
1 1050
7873 1051
7315 1051
5261 1051
1 1051
5616 1052
5677 1052
4752 1052
1 1052
1 1053
1 1054
6921 1055
7131 1055
6184 1055
5071 1055
1 1055
7347 1056
5417 1056
5482 1056
1 1056
4410 1057
1 1057
6725 1058
4599 1058
4115 1058
1 1058
1 1059
5704 1060
1 1060
7890 1061
7086 1061
1 1061
1 1062
7555 1063
1 1063
1 1064
4994 1065
1 1065
6012 1066
4261 1066
1 1066
5857 1067
1 1067
4013 1068
1 1068
7357 1069
6879 1069
5894 1069
1 1069
4069 1070
1 1070
8004 1071
1 1071
6261 1072
1 1072
5640 1073
1 1073
4970 1074
1 1074
1 1075
1 1076
7025 1077
4358 1077
1 1077
5140 1078
1 1078
6815 1079
4891 1079
1 1079
4762 1080
1 1080
5890 1081
1 1081
4982 1082
1 1082
7836 1083
6809 1083
5479 1083
5464 1083
1 1083
7833 1084
1 1084
6973 1085
1 1085
1 1086
1 1087
7239 1088
1 1088
6695 1089
1 1089
7190 1090
1 1090
7721 1091
7330 1091
4616 1091
4908 1091
1 1091
5115 1092
1 1092
6247 1093
1 1093
4873 1094
1 1094
7490 1095
6437 1095
1 1095
4281 1096
1 1096
6747 1097
6361 1097
4842 1097
4575 1097
1 1097
6108 1098
1 1098
1 1099
5725 1100
5081 1100
1 1100
1 1101
6623 1102
4269 1102
4256 1102
1 1102
1 1103
7082 1104
5231 1104
4618 1104
1 1104
4494 1105
1 1105
7654 1106
6601 1106
4973 1106
4028 1106
1 1106
1 1107
5849 1108
1 1108
7615 1109
7389 1109
6282 1109
5383 1109
1 1109
7041 1110
6373 1110
4935 1110
1 1110
5354 1111
4047 1111
1 1111
7259 1112
1 1112
1 1113
4743 1114
1 1114
1 1115
1 1116
7859 1117
4894 1117
1 1117
7916 1118
6459 1118
5582 1118
5456 1118
4505 1118
1 1118
6520 1119
4827 1119
1 1119
7623 1120
1 1120
5395 1121
5035 1121
4929 1121
4869 1121
1 1121
6646 1122
6561 1122
6238 1122
1 1122
4210 1123
1 1123
6116 1124
1 1124
6332 1125
4466 1125
4308 1125
1 1125
1 1126
1 1127
5941 1128
5907 1128
5369 1128
4270 1128
1 1128
7304 1129
6986 1129
1 1129
1 1130
1 1131
7892 1132
1 1132
1 1133
7538 1134
7037 1134
6398 1134
5331 1134
1 1134
5244 1135
4487 1135
4606 1135
1 1135
7088 1136
1 1136
4121 1137
1 1137
7392 1138
4808 1138
1 1138
7949 1139
1 1139
7720 1140
6746 1140
6545 1140
1 1140
6498 1141
5930 1141
5255 1141
1 1141
4548 1142
1 1142
7284 1143
5450 1143
5149 1143
4769 1143
1 1143
7309 1144
6892 1144
1 1144
6689 1145
4319 1145
1 1145
4688 1146
4606 1146
1 1146
6415 1147
1 1147
7988 1148
4649 1148
1 1148
6998 1149
6885 1149
1 1149
7931 1150
6018 1150
4580 1150
1 1150
5301 1151
1 1151
5344 1152
1 1152
6090 1153
5030 1153
4101 1153
4088 1153
1 1153
4270 1154
1 1154
1 1155
5307 1156
1 1156
7599 1157
1 1157
1 1158
7765 1159
5093 1159
1 1159
5590 1160
5390 1160
1 1160
5226 1161
4428 1161
1 1161
7803 1162
7706 1162
1 1162
6224 1163
1 1163
7095 1164
1 1164
6216 1165
1 1165
1 1166
4695 1167
4344 1167
4199 1167
1 1167
5293 1168
1 1168
1 1169
7033 1170
6782 1170
5679 1170
1 1170
5151 1171
1 1171
4112 1172
1 1172
4344 1173
1 1173
1 1174
7594 1175
1 1175
1 1176
7859 1177
5511 1177
1 1177
7969 1178
4314 1178
1 1178
7436 1179
1 1179
6666 1180
1 1180
5977 1181
1 1181
1 1182
1 1183
6072 1184
1 1184
5706 1185
4413 1185
1 1185
6831 1186
6214 1186
1 1186
7770 1187
6066 1187
1 1187
7317 1188
6833 1188
6237 1188
1 1188
1 1189
7023 1190
5024 1190
4776 1190
4423 1190
4235 1190
1 1190
6032 1191
5821 1191
5317 1191
1 1191
6882 1192
6714 1192
5935 1192
1 1192
6266 1193
6565 1193
4504 1193
1 1193
7494 1194
5752 1194
5706 1194
1 1194
7641 1195
6863 1195
6625 1195
1 1195
1 1196
7763 1197
7231 1197
7213 1197
6228 1197
4491 1197
1 1197
4586 1198
1 1198
7703 1199
7701 1199
1 1199
7543 1200
1 1200
7194 1201
7112 1201
6288 1201
1 1201
5768 1202
4884 1202
1 1202
4903 1203
1 1203
6811 1204
5437 1204
1 1204
6720 1205
5042 1205
4688 1205
1 1205
7612 1206
5193 1206
1 1206
7700 1207
1 1207
7312 1208
1 1208
1 1209
7981 1210
6537 1210
5934 1210
1 1210
4423 1211
4449 1211
1 1211
5738 1212
4217 1212
1 1212
6153 1213
4597 1213
4511 1213
1 1213
7531 1214
1 1214
5435 1215
4916 1215
1 1215
7827 1216
7059 1216
6424 1216
4116 1216
4238 1216
1 1216
1 1217
1 1218
7909 1219
7017 1219
6685 1219
1 1219
7733 1220
6371 1220
1 1220
4311 1221
1 1221
7086 1222
1 1222
7928 1223
1 1223
1 1224
6778 1225
4885 1225
4313 1225
1 1225
6879 1226
6581 1226
1 1226
5907 1227
1 1227
5724 1228
1 1228
6550 1229
6500 1229
4022 1229
1 1229
6510 1230
1 1230
5790 1231
1 1231
7680 1232
6932 1232
6269 1232
4809 1232
1 1232
1 1233
1 1234
1 1235
5559 1236
1 1236
7173 1237
1 1237
4240 1238
4252 1238
1 1238
1 1239
4986 1240
1 1240
7685 1241
1 1241
7708 1242
1 1242
1 1243
4744 1244
1 1244
6377 1245
4996 1245
4748 1245
4528 1245
1 1245
1 1246
7379 1247
6940 1247
5495 1247
4835 1247
1 1247
7999 1248
4630 1248
1 1248
5442 1249
4378 1249
1 1249
7826 1250
7268 1250
6286 1250
1 1250
6237 1251
1 1251
6703 1252
1 1252
7400 1253
1 1253
1 1254
5311 1255
1 1255
6193 1256
1 1256
1 1257
4121 1258
1 1258
5887 1259
1 1259
1 1260
5758 1261
1 1261
6812 1262
1 1262
5522 1263
1 1263
6603 1264
1 1264
7156 1265
6332 1265
1 1265
1 1266
6323 1267
1 1267
7354 1268
4339 1268
1 1268
7396 1269
4107 1269
1 1269
7846 1270
7908 1270
4221 1270
1 1270
7786 1271
6596 1271
5278 1271
1 1271
1 1272
7343 1273
6491 1273
4345 1273
1 1273
7266 1274
1 1274
5718 1275
5080 1275
4564 1275
1 1275
5081 1276
5110 1276
1 1276
7204 1277
1 1277
4757 1278
1 1278
7936 1279
1 1279
7320 1280
6523 1280
1 1280
4961 1281
1 1281
1 1282
1 1283
7772 1284
6635 1284
5093 1284
4195 1284
1 1284
6258 1285
4527 1285
1 1285
7831 1286
6979 1286
5105 1286
1 1286
6893 1287
1 1287
7390 1288
1 1288
6716 1289
5130 1289
1 1289
6602 1290
4831 1290
1 1290
7799 1291
7503 1291
7567 1291
4876 1291
4175 1291
1 1291
5200 1292
1 1292
1 1293
5657 1294
4430 1294
1 1294
6926 1295
6792 1295
1 1295
7148 1296
1 1296
7082 1297
1 1297
7919 1298
1 1298
1 1299
6602 1300
1 1300
4355 1301
4185 1301
1 1301
1 1302
6695 1303
1 1303
4415 1304
1 1304
5688 1305
5813 1305
1 1305
5472 1306
4805 1306
1 1306
7527 1307
7121 1307
1 1307
1 1308
6102 1309
1 1309
5998 1310
1 1310
6981 1311
1 1311
6167 1312
5589 1312
4209 1312
1 1312
4497 1313
1 1313
7959 1314
5716 1314
1 1314
6200 1315
4138 1315
1 1315
5058 1316
4061 1316
1 1316
4830 1317
1 1317
1 1318
4256 1319
1 1319
6733 1320
1 1320
1 1321
6799 1322
4311 1322
1 1322
1 1323
6381 1324
1 1324
5192 1325
4389 1325
1 1325
6513 1326
5137 1326
1 1326
7690 1327
7006 1327
6024 1327
1 1327
1 1328
7244 1329
1 1329
7073 1330
4013 1330
1 1330
4728 1331
4694 1331
1 1331
1 1332
1 1333
7552 1334
6377 1334
4546 1334
1 1334
1 1335
1 1336
7267 1337
1 1337
1 1338
1 1339
7692 1340
1 1340
5461 1341
1 1341
5829 1342
1 1342
5813 1343
4832 1343
1 1343
7462 1344
6395 1344
4238 1344
4148 1344
1 1344
4489 1345
1 1345
6561 1346
5324 1346
4811 1346
1 1346
6524 1347
5590 1347
5526 1347
4740 1347
1 1347
6865 1348
4928 1348
4323 1348
4497 1348
1 1348
1 1349
7898 1350
4826 1350
4437 1350
1 1350
5697 1351
5265 1351
5204 1351
1 1351
6486 1352
5002 1352
4407 1352
4103 1352
1 1352
1 1353
6475 1354
5799 1354
1 1354
1 1355
7739 1356
6628 1356
1 1356
7145 1357
6302 1357
1 1357
4381 1358
1 1358
6728 1359
1 1359
7963 1360
5405 1360
1 1360
7250 1361
6583 1361
6234 1361
5750 1361
5071 1361
5160 1361
1 1361
7414 1362
5959 1362
5090 1362
1 1362
6657 1363
1 1363
6916 1364
1 1364
5612 1365
1 1365
7029 1366
5068 1366
1 1366
7241 1367
1 1367
7991 1368
4232 1368
1 1368
7473 1369
5917 1369
4444 1369
1 1369
7254 1370
5968 1370
1 1370
1 1371
1 1372
7971 1373
5826 1373
1 1373
7396 1374
6391 1374
1 1374
7658 1375
6828 1375
1 1375
7462 1376
7311 1376
1 1376
6323 1377
6029 1377
1 1377
5934 1378
1 1378
7055 1379
1 1379
6608 1380
5517 1380
1 1380
4920 1381
1 1381
7342 1382
1 1382
7054 1383
1 1383
7526 1384
6187 1384
6075 1384
4080 1384
1 1384
6313 1385
6058 1385
4571 1385
1 1385
6915 1386
1 1386
1 1387
6457 1388
1 1388
7093 1389
6403 1389
6310 1389
4784 1389
1 1389
1 1390
6615 1391
5651 1391
4072 1391
4209 1391
1 1391
5365 1392
1 1392
6128 1393
1 1393
1 1394
7431 1395
6620 1395
4606 1395
1 1395
1 1396
7107 1397
6034 1397
1 1397
6639 1398
1 1398
7345 1399
6094 1399
4743 1399
1 1399
7529 1400
7299 1400
6177 1400
4051 1400
1 1400
5371 1401
4692 1401
1 1401
5618 1402
4656 1402
1 1402
5695 1403
1 1403
7709 1404
6589 1404
5506 1404
1 1404
6601 1405
1 1405
7620 1406
7762 1406
1 1406
5765 1407
1 1407
7549 1408
4410 1408
1 1408
6302 1409
5572 1409
4731 1409
4792 1409
1 1409
5329 1410
1 1410
4768 1411
1 1411
4946 1412
1 1412
4603 1413
1 1413
6997 1414
5195 1414
1 1414
5192 1415
1 1415
7889 1416
6204 1416
1 1416
6761 1417
5818 1417
1 1417
7578 1418
1 1418
4887 1419
1 1419
5843 1420
4310 1420
1 1420
4593 1421
1 1421
5806 1422
4928 1422
1 1422
5683 1423
1 1423
7742 1424
1 1424
7514 1425
1 1425
4377 1426
1 1426
4703 1427
1 1427
1 1428
6329 1429
4093 1429
1 1429
7531 1430
6012 1430
1 1430
7456 1431
6238 1431
1 1431
6658 1432
1 1432
1 1433
6089 1434
1 1434
5684 1435
1 1435
5181 1436
1 1436
1 1437
7376 1438
4395 1438
1 1438
7382 1439
6599 1439
1 1439
1 1440
1 1441
5358 1442
4454 1442
1 1442
6727 1443
1 1443
7626 1444
1 1444
5570 1445
1 1445
4049 1446
1 1446
1 1447
6133 1448
6162 1448
1 1448
1 1449
1 1450
7999 1451
5906 1451
5008 1451
4311 1451
1 1451
6568 1452
1 1452
7700 1453
1 1453
7801 1454
6127 1454
5317 1454
5004 1454
1 1454
5695 1455
5359 1455
1 1455
5866 1456
4719 1456
4179 1456
1 1456
7227 1457
1 1457
5586 1458
5417 1458
4357 1458
4087 1458
1 1458
6660 1459
4976 1459
4316 1459
1 1459
7761 1460
5752 1460
1 1460
7589 1461
4236 1461
4083 1461
1 1461
7913 1462
1 1462
1 1463
1 1464
7997 1465
7695 1465
6732 1465
5544 1465
1 1465
6540 1466
4992 1466
1 1466
5872 1467
4346 1467
1 1467
1 1468
7050 1469
1 1469
6581 1470
5412 1470
5106 1470
1 1470
1 1471
6167 1472
5391 1472
4208 1472
1 1472
4403 1473
1 1473
4846 1474
1 1474
7014 1475
6505 1475
5721 1475
1 1475
4469 1476
1 1476
5145 1477
1 1477
5974 1478
1 1478
6847 1479
6287 1479
4780 1479
1 1479
7136 1480
4733 1480
4196 1480
1 1480
6993 1481
1 1481
7866 1482
4105 1482
1 1482
6581 1483
6094 1483
4810 1483
4881 1483
4498 1483
1 1483
7526 1484
7083 1484
7165 1484
5299 1484
5396 1484
4078 1484
1 1484
5864 1485
1 1485
1 1486
6345 1487
4510 1487
4204 1487
1 1487
6720 1488
6728 1488
5627 1488
4363 1488
4051 1488
1 1488
5478 1489
4726 1489
1 1489
5211 1490
1 1490
5538 1491
1 1491
6958 1492
1 1492
6037 1493
1 1493
1 1494
1 1495
6804 1496
5610 1496
5005 1496
1 1496
7617 1497
1 1497
7049 1498
6111 1498
5407 1498
4054 1498
1 1498
7472 1499
1 1499
12000 1500
4872 1500
4592 1500
1 1500
5322 1501
1 1501
7926 1502
7136 1502
1 1502
7660 1503
1 1503
7858 1504
4614 1504
1 1504
6393 1505
4517 1505
1 1505
7386 1506
1 1506
4628 1507
1 1507
7167 1508
1 1508
7145 1509
6471 1509
6026 1509
4597 1509
1 1509
5656 1510
1 1510
4277 1511
1 1511
6312 1512
5908 1512
1 1512
6923 1513
6293 1513
5583 1513
1 1513
1 1514
7375 1515
6849 1515
4279 1515
1 1515
7751 1516
6030 1516
1 1516
7759 1517
4537 1517
1 1517
1 1518
6507 1519
1 1519
7281 1520
5208 1520
4935 1520
4702 1520
1 1520
5089 1521
4807 1521
4078 1521
1 1521
6675 1522
1 1522
4756 1523
1 1523
6004 1524
5438 1524
4821 1524
1 1524
1 1525
1 1526
5984 1527
1 1527
6530 1528
5964 1528
5487 1528
4546 1528
1 1528
1 1529
1 1530
7189 1531
5932 1531
4367 1531
1 1531
6058 1532
4992 1532
4425 1532
1 1532
7077 1533
4140 1533
1 1533
4211 1534
1 1534
6260 1535
4654 1535
1 1535
7808 1536
7364 1536
6968 1536
6733 1536
5936 1536
1 1536
4396 1537
1 1537
7341 1538
1 1538
1 1539
7807 1540
1 1540
6050 1541
1 1541
7721 1542
7263 1542
5099 1542
1 1542
6745 1543
1 1543
1 1544
7497 1545
4129 1545
1 1545
7363 1546
1 1546
4724 1547
1 1547
7453 1548
5411 1548
1 1548
1 1549
1 1550
4927 1551
1 1551
6672 1552
1 1552
5432 1553
1 1553
5441 1554
1 1554
1 1555
6988 1556
6585 1556
1 1556
1 1557
6917 1558
6022 1558
4734 1558
1 1558
7757 1559
1 1559
5575 1560
1 1560
7227 1561
1 1561
7335 1562
6827 1562
1 1562
6066 1563
4243 1563
1 1563
1 1564
7548 1565
1 1565
1 1566
5552 1567
1 1567
1 1568
4354 1569
1 1569
6514 1570
1 1570
6854 1571
4094 1571
1 1571
6984 1572
1 1572
5482 1573
1 1573
6842 1574
4674 1574
1 1574
6006 1575
1 1575
5247 1576
1 1576
5483 1577
1 1577
5900 1578
5725 1578
5747 1578
4189 1578
1 1578
7857 1579
5557 1579
1 1579
6014 1580
1 1580
1 1581
6878 1582
1 1582
7944 1583
7138 1583
6073 1583
5133 1583
1 1583
7582 1584
1 1584
5498 1585
5144 1585
1 1585
7002 1586
7101 1586
1 1586
1 1587
6852 1588
1 1588
6021 1589
1 1589
1 1590
4926 1591
1 1591
4785 1592
1 1592
7363 1593
6273 1593
5034 1593
4309 1593
1 1593
5894 1594
4882 1594
1 1594
5779 1595
1 1595
4801 1596
4296 1596
1 1596
6677 1597
5456 1597
5171 1597
4450 1597
1 1597
7898 1598
6942 1598
6161 1598
5728 1598
1 1598
5256 1599
5260 1599
1 1599
6700 1600
1 1600
6117 1601
4382 1601
1 1601
1 1602
7628 1603
7037 1603
6558 1603
5508 1603
1 1603
5877 1604
1 1604
7650 1605
7217 1605
6054 1605
1 1605
5865 1606
4793 1606
1 1606
5757 1607
1 1607
5968 1608
4913 1608
4239 1608
1 1608
6891 1609
1 1609
7309 1610
6219 1610
4043 1610
1 1610
5677 1611
1 1611
4085 1612
1 1612
6366 1613
1 1613
6710 1614
6364 1614
4913 1614
1 1614
7675 1615
7121 1615
1 1615
4192 1616
1 1616
7254 1617
1 1617
6480 1618
1 1618
5924 1619
5824 1619
1 1619
5237 1620
5233 1620
1 1620
1 1621
4854 1622
1 1622
7278 1623
6954 1623
6325 1623
1 1623
7031 1624
5089 1624
1 1624
7277 1625
7232 1625
4889 1625
4269 1625
1 1625
5462 1626
1 1626
1 1627
7255 1628
5164 1628
4382 1628
1 1628
6427 1629
4051 1629
1 1629
4607 1630
4331 1630
1 1630
7142 1631
6796 1631
6261 1631
1 1631
6396 1632
4993 1632
1 1632
7415 1633
7072 1633
6733 1633
1 1633
1 1634
4827 1635
1 1635
4949 1636
5041 1636
1 1636
7872 1637
7454 1637
1 1637
5396 1638
1 1638
1 1639
6885 1640
1 1640
6667 1641
1 1641
6492 1642
1 1642
7721 1643
6056 1643
4329 1643
1 1643
7319 1644
5973 1644
1 1644
5788 1645
1 1645
1 1646
6184 1647
4883 1647
1 1647
4626 1648
1 1648
1 1649
6642 1650
1 1650
1 1651
6338 1652
5263 1652
1 1652
1 1653
1 1654
5922 1655
5512 1655
1 1655
6930 1656
1 1656
1 1657
6104 1658
1 1658
6198 1659
4050 1659
1 1659
7751 1660
7372 1660
6706 1660
1 1660
5945 1661
1 1661
7978 1662
7486 1662
6232 1662
1 1662
5916 1663
5576 1663
1 1663
6392 1664
6186 1664
5807 1664
1 1664
7016 1665
5613 1665
5301 1665
1 1665
7796 1666
7260 1666
5322 1666
4312 1666
1 1666
7979 1667
6280 1667
4803 1667
1 1667
6684 1668
6431 1668
4832 1668
1 1668
7461 1669
6934 1669
4694 1669
1 1669
6035 1670
5235 1670
1 1670
6340 1671
1 1671
4207 1672
1 1672
5222 1673
1 1673
6554 1674
4340 1674
1 1674
1 1675
6886 1676
1 1676
1 1677
5177 1678
1 1678
7486 1679
1 1679
1 1680
1 1681
7714 1682
1 1682
7684 1683
5523 1683
4229 1683
4108 1683
1 1683
7472 1684
6971 1684
5458 1684
1 1684
6847 1685
1 1685
1 1686
1 1687
5709 1688
5859 1688
1 1688
5170 1689
1 1689
5964 1690
5856 1690
1 1690
5811 1691
1 1691
5965 1692
5951 1692
1 1692
7954 1693
1 1693
1 1694
6100 1695
5451 1695
5192 1695
1 1695
6556 1696
1 1696
7288 1697
4129 1697
4128 1697
1 1697
1 1698
7332 1699
4732 1699
1 1699
5955 1700
1 1700
1 1701
1 1702
7944 1703
1 1703
1 1704
4931 1705
1 1705
1 1706
1 1707
5571 1708
1 1708
7399 1709
1 1709
6465 1710
1 1710
6614 1711
1 1711
7280 1712
1 1712
6980 1713
6367 1713
6103 1713
1 1713
7168 1714
6398 1714
1 1714
6338 1715
6425 1715
1 1715
6140 1716
1 1716
1 1717
7788 1718
1 1718
1 1719
7265 1720
1 1720
4798 1721
4179 1721
1 1721
7690 1722
6430 1722
6255 1722
5852 1722
1 1722
4723 1723
4534 1723
1 1723
7838 1724
4109 1724
1 1724
6649 1725
6526 1725
4841 1725
1 1725
7038 1726
6527 1726
1 1726
4035 1727
1 1727
7467 1728
7157 1728
1 1728
5717 1729
1 1729
7258 1730
5455 1730
4967 1730
1 1730
1 1731
1 1732
1 1733
6459 1734
1 1734
1 1735
4174 1736
1 1736
1 1737
1 1738
7547 1739
5007 1739
4469 1739
4519 1739
1 1739
1 1740
5351 1741
1 1741
4547 1742
1 1742
6721 1743
4565 1743
1 1743
4449 1744
1 1744
7825 1745
5119 1745
1 1745
5768 1746
1 1746
1 1747
7309 1748
1 1748
4462 1749
1 1749
1 1750
7923 1751
4031 1751
1 1751
1 1752
1 1753
5942 1754
5805 1754
1 1754
1 1755
5918 1756
6149 1756
5409 1756
1 1756
5470 1757
1 1757
5898 1758
1 1758
5184 1759
1 1759
5703 1760
4978 1760
1 1760
6823 1761
1 1761
7977 1762
6817 1762
5703 1762
1 1762
7090 1763
1 1763
1 1764
6755 1765
4187 1765
1 1765
7582 1766
1 1766
5246 1767
1 1767
7601 1768
7210 1768
1 1768
7386 1769
6789 1769
6176 1769
1 1769
7404 1770
1 1770
1 1771
6049 1772
1 1772
6424 1773
5487 1773
4522 1773
4073 1773
1 1773
7635 1774
6801 1774
6888 1774
6054 1774
1 1774
4403 1775
1 1775
7786 1776
6619 1776
1 1776
6944 1777
1 1777
4156 1778
1 1778
1 1779
6751 1780
4961 1780
1 1780
1 1781
4044 1782
1 1782
7123 1783
6099 1783
5337 1783
1 1783
7662 1784
7238 1784
5990 1784
5508 1784
1 1784
7056 1785
5828 1785
1 1785
4943 1786
1 1786
5572 1787
4625 1787
1 1787
5865 1788
1 1788
5540 1789
1 1789
7860 1790
5678 1790
1 1790
4985 1791
1 1791
5996 1792
1 1792
7707 1793
6430 1793
5527 1793
5117 1793
1 1793
6696 1794
6604 1794
1 1794
5720 1795
4949 1795
1 1795
7060 1796
5696 1796
1 1796
7470 1797
4301 1797
1 1797
1 1798
1 1799
5415 1800
4786 1800
1 1800
4701 1801
4519 1801
1 1801
6663 1802
4343 1802
1 1802
7480 1803
7384 1803
4696 1803
4149 1803
1 1803
1 1804
7165 1805
1 1805
7436 1806
4690 1806
1 1806
1 1807
1 1808
1 1809
6036 1810
5683 1810
1 1810
1 1811
7976 1812
7288 1812
1 1812
7894 1813
5810 1813
5294 1813
4344 1813
1 1813
1 1814
6847 1815
5136 1815
4961 1815
1 1815
5103 1816
5088 1816
4441 1816
1 1816
4393 1817
1 1817
1 1818
7128 1819
5083 1819
1 1819
7895 1820
7500 1820
5433 1820
4444 1820
1 1820
7502 1821
4264 1821
1 1821
7982 1822
1 1822
7992 1823
1 1823
5165 1824
4708 1824
4197 1824
4043 1824
1 1824
6905 1825
5619 1825
4044 1825
1 1825
1 1826
1 1827
1 1828
6077 1829
5290 1829
1 1829
7644 1830
6464 1830
1 1830
6309 1831
1 1831
1 1832
7723 1833
1 1833
7446 1834
7448 1834
6959 1834
1 1834
6184 1835
5222 1835
1 1835
5467 1836
4777 1836
1 1836
6133 1837
1 1837
5911 1838
1 1838
1 1839
5734 1840
1 1840
4107 1841
1 1841
7345 1842
6848 1842
6319 1842
6180 1842
4118 1842
1 1842
5822 1843
4204 1843
1 1843
7844 1844
4438 1844
1 1844
4912 1845
1 1845
7366 1846
1 1846
6890 1847
1 1847
7286 1848
6930 1848
6280 1848
5774 1848
1 1848
4435 1849
4473 1849
1 1849
6166 1850
1 1850
4986 1851
1 1851
6201 1852
1 1852
6704 1853
5766 1853
5464 1853
1 1853
5107 1854
1 1854
6849 1855
5536 1855
1 1855
4502 1856
4200 1856
1 1856
7689 1857
1 1857
7906 1858
7124 1858
4624 1858
1 1858
1 1859
1 1860
6147 1861
1 1861
6277 1862
1 1862
6172 1863
4770 1863
1 1863
6084 1864
1 1864
7914 1865
6933 1865
6145 1865
5379 1865
1 1865
7664 1866
4891 1866
4763 1866
1 1866
1 1867
7545 1868
7567 1868
4102 1868
1 1868
7031 1869
5272 1869
1 1869
7652 1870
7156 1870
6149 1870
5379 1870
1 1870
5431 1871
1 1871
4049 1872
1 1872
5567 1873
1 1873
6464 1874
1 1874
1 1875
5578 1876
1 1876
7698 1877
6076 1877
4874 1877
4038 1877
1 1877
4637 1878
1 1878
7945 1879
7847 1879
1 1879
4570 1880
1 1880
6539 1881
4872 1881
1 1881
5861 1882
4151 1882
1 1882
7146 1883
4489 1883
1 1883
7303 1884
1 1884
6931 1885
7218 1885
1 1885
5712 1886
1 1886
6463 1887
4289 1887
1 1887
6675 1888
4456 1888
1 1888
5756 1889
1 1889
7594 1890
4455 1890
1 1890
5493 1891
4321 1891
4084 1891
1 1891
7612 1892
5594 1892
4901 1892
1 1892
6886 1893
4777 1893
4703 1893
4079 1893
1 1893
4734 1894
4081 1894
1 1894
6518 1895
1 1895
7223 1896
5292 1896
1 1896
7052 1897
1 1897
7429 1898
1 1898
7945 1899
5864 1899
1 1899
7111 1900
1 1900
7926 1901
4118 1901
1 1901
5543 1902
1 1902
1 1903
1 1904
1 1905
1 1906
1 1907
6375 1908
5825 1908
5290 1908
4632 1908
4222 1908
1 1908
7671 1909
4066 1909
1 1909
5452 1910
1 1910
4182 1911
1 1911
5944 1912
1 1912
7325 1913
6177 1913
5533 1913
1 1913
6604 1914
6097 1914
1 1914
7638 1915
7459 1915
1 1915
7724 1916
6607 1916
6012 1916
1 1916
7240 1917
5635 1917
1 1917
1 1918
6362 1919
1 1919
4993 1920
4232 1920
1 1920
4945 1921
1 1921
7004 1922
4281 1922
1 1922
7492 1923
6747 1923
5784 1923
5000 1923
4729 1923
4088 1923
1 1923
4909 1924
1 1924
7559 1925
6005 1925
1 1925
7284 1926
1 1926
6350 1927
1 1927
6703 1928
6322 1928
1 1928
5773 1929
4380 1929
1 1929
6312 1930
6106 1930
4931 1930
1 1930
5743 1931
5398 1931
4889 1931
1 1931
7930 1932
6261 1932
1 1932
7692 1933
7166 1933
5174 1933
1 1933
1 1934
1 1935
1 1936
7001 1937
4181 1937
1 1937
6354 1938
5393 1938
5009 1938
1 1938
5304 1939
1 1939
1 1940
4998 1941
1 1941
4056 1942
1 1942
1 1943
6681 1944
5378 1944
5181 1944
1 1944
4499 1945
4599 1945
1 1945
7167 1946
5044 1946
4383 1946
1 1946
4783 1947
1 1947
5125 1948
4040 1948
1 1948
5944 1949
4007 1949
1 1949
6264 1950
4978 1950
1 1950
6692 1951
5399 1951
1 1951
6064 1952
1 1952
7890 1953
7850 1953
5574 1953
5599 1953
5530 1953
4828 1953
1 1953
6463 1954
5476 1954
1 1954
6608 1955
6530 1955
1 1955
1 1956
1 1957
5408 1958
1 1958
1 1959
7541 1960
1 1960
1 1961
6186 1962
1 1962
6801 1963
6321 1963
5619 1963
4611 1963
1 1963
7622 1964
7249 1964
1 1964
5877 1965
1 1965
6225 1966
4924 1966
1 1966
7211 1967
5711 1967
4933 1967
1 1967
1 1968
6786 1969
1 1969
6919 1970
1 1970
7131 1971
6190 1971
1 1971
6985 1972
6653 1972
5867 1972
1 1972
7964 1973
4669 1973
4028 1973
4091 1973
1 1973
7110 1974
6803 1974
5355 1974
1 1974
5353 1975
4767 1975
4554 1975
1 1975
6535 1976
6075 1976
6156 1976
5072 1976
4952 1976
4120 1976
4034 1976
1 1976
1 1977
1 1978
1 1979
4898 1980
1 1980
5428 1981
5035 1981
1 1981
5010 1982
1 1982
4896 1983
1 1983
1 1984
6605 1985
5840 1985
5627 1985
5067 1985
1 1985
1 1986
4593 1987
1 1987
5987 1988
6045 1988
1 1988
6649 1989
5616 1989
1 1989
1 1990
1 1991
6707 1992
1 1992
1 1993
6112 1994
5648 1994
4903 1994
1 1994
7219 1995
5930 1995
5840 1995
1 1995
5015 1996
4488 1996
1 1996
5129 1997
4353 1997
1 1997
1 1998
7363 1999
1 1999
7935 2000
5893 2000
1 2000
5231 2001
1 2001
7858 2002
5096 2002
1 2002
7720 2003
1 2003
4982 2004
1 2004
6209 2005
4188 2005
4024 2005
1 2005
5210 2006
5187 2006
4243 2006
1 2006
6734 2007
4326 2007
1 2007
5699 2008
1 2008
1 2009
5880 2010
1 2010
6048 2011
5274 2011
4093 2011
1 2011
7453 2012
6699 2012
6320 2012
5980 2012
1 2012
1 2013
5831 2014
1 2014
4511 2015
1 2015
4973 2016
1 2016
5510 2017
4472 2017
1 2017
5706 2018
1 2018
4189 2019
1 2019
5685 2020
4473 2020
1 2020
7583 2021
1 2021
7442 2022
6542 2022
1 2022
4571 2023
1 2023
7535 2024
1 2024
4536 2025
1 2025
1 2026
4691 2027
1 2027
7427 2028
7258 2028
6474 2028
1 2028
4935 2029
1 2029
6580 2030
4967 2030
1 2030
7931 2031
7236 2031
5408 2031
5515 2031
1 2031
5164 2032
1 2032
5729 2033
1 2033
6878 2034
1 2034
1 2035
5200 2036
1 2036
7124 2037
1 2037
7093 2038
1 2038
4730 2039
1 2039
6827 2040
1 2040
6475 2041
1 2041
7610 2042
6304 2042
1 2042
5868 2043
4163 2043
1 2043
7912 2044
5861 2044
5115 2044
1 2044
1 2045
4099 2046
1 2046
6132 2047
5665 2047
4375 2047
1 2047
7614 2048
7092 2048
6542 2048
5410 2048
5017 2048
4332 2048
1 2048
7588 2049
6063 2049
1 2049
6486 2050
4328 2050
1 2050
1 2051
4326 2052
1 2052
5712 2053
1 2053
7680 2054
4849 2054
4437 2054
1 2054
1 2055
7437 2056
6714 2056
5639 2056
1 2056
7413 2057
1 2057
1 2058
5026 2059
1 2059
7758 2060
1 2060
1 2061
7109 2062
1 2062
6727 2063
1 2063
6848 2064
5994 2064
1 2064
5515 2065
4604 2065
1 2065
7563 2066
1 2066
6381 2067
4999 2067
4192 2067
4316 2067
1 2067
7820 2068
7510 2068
1 2068
5283 2069
1 2069
1 2070
7892 2071
4523 2071
1 2071
5509 2072
1 2072
4802 2073
4222 2073
1 2073
7466 2074
1 2074
4914 2075
1 2075
6391 2076
4981 2076
4884 2076
1 2076
5589 2077
4181 2077
1 2077
5881 2078
5389 2078
5144 2078
1 2078
5442 2079
1 2079
7929 2080
5452 2080
1 2080
7994 2081
6602 2081
5152 2081
4416 2081
4143 2081
1 2081
7214 2082
6097 2082
1 2082
4511 2083
4132 2083
1 2083
7794 2084
7509 2084
7075 2084
7208 2084
4714 2084
1 2084
7915 2085
1 2085
7347 2086
5774 2086
4390 2086
1 2086
6023 2087
1 2087
4415 2088
1 2088
7004 2089
6694 2089
5586 2089
1 2089
6197 2090
5389 2090
1 2090
4416 2091
1 2091
6409 2092
5345 2092
1 2092
1 2093
4758 2094
1 2094
1 2095
4828 2096
1 2096
7081 2097
5664 2097
5019 2097
4880 2097
1 2097
5952 2098
1 2098
5889 2099
4486 2099
1 2099
4540 2100
4207 2100
1 2100
7067 2101
6469 2101
1 2101
7295 2102
6462 2102
5446 2102
1 2102
1 2103
6056 2104
4574 2104
1 2104
1 2105
1 2106
7539 2107
5051 2107
5096 2107
4528 2107
1 2107
7724 2108
7302 2108
1 2108
1 2109
4983 2110
1 2110
6434 2111
5284 2111
4266 2111
1 2111
1 2112
6845 2113
6440 2113
6223 2113
1 2113
4644 2114
1 2114
7017 2115
4022 2115
1 2115
6999 2116
1 2116
5838 2117
1 2117
7864 2118
4764 2118
1 2118
6829 2119
6883 2119
1 2119
7277 2120
6592 2120
6601 2120
5773 2120
1 2120
5509 2121
4661 2121
1 2121
6487 2122
6038 2122
1 2122
7231 2123
1 2123
6877 2124
5562 2124
4757 2124
1 2124
6620 2125
6480 2125
5988 2125
5147 2125
1 2125
4484 2126
4522 2126
1 2126
7336 2127
5533 2127
1 2127
7879 2128
6050 2128
1 2128
7595 2129
7211 2129
1 2129
1 2130
4314 2131
1 2131
7784 2132
6482 2132
5005 2132
4837 2132
1 2132
1 2133
1 2134
4444 2135
1 2135
7328 2136
6647 2136
4365 2136
1 2136
5381 2137
4059 2137
1 2137
7631 2138
1 2138
7548 2139
7340 2139
5548 2139
1 2139
6410 2140
6109 2140
6125 2140
5878 2140
5085 2140
1 2140
7340 2141
6835 2141
1 2141
1 2142
1 2143
6182 2144
1 2144
1 2145
1 2146
6528 2147
5045 2147
1 2147
1 2148
5263 2149
4618 2149
1 2149
1 2150
6976 2151
1 2151
1 2152
5040 2153
4691 2153
4705 2153
1 2153
7579 2154
5901 2154
1 2154
5995 2155
1 2155
7708 2156
1 2156
6898 2157
1 2157
1 2158
7101 2159
5097 2159
1 2159
1 2160
6841 2161
6062 2161
1 2161
1 2162
7891 2163
1 2163
6535 2164
1 2164
4839 2165
4350 2165
4284 2165
1 2165
7457 2166
6123 2166
1 2166
6481 2167
1 2167
7464 2168
6757 2168
6064 2168
5595 2168
1 2168
1 2169
1 2170
6555 2171
6464 2171
4452 2171
1 2171
1 2172
7183 2173
4032 2173
1 2173
6044 2174
1 2174
6378 2175
4690 2175
4440 2175
4212 2175
1 2175
7640 2176
5213 2176
1 2176
6809 2177
1 2177
4991 2178
1 2178
4674 2179
1 2179
7012 2180
6262 2180
1 2180
5643 2181
4615 2181
1 2181
1 2182
4369 2183
1 2183
7957 2184
1 2184
6708 2185
6353 2185
1 2185
6794 2186
5625 2186
4144 2186
1 2186
1 2187
1 2188
1 2189
8004 2190
6923 2190
1 2190
6576 2191
4771 2191
1 2191
7601 2192
7311 2192
5614 2192
1 2192
7953 2193
4206 2193
4218 2193
1 2193
1 2194
6395 2195
5142 2195
1 2195
1 2196
1 2197
7041 2198
1 2198
5934 2199
1 2199
7643 2200
1 2200
6582 2201
1 2201
7760 2202
1 2202
6036 2203
1 2203
7879 2204
7886 2204
5830 2204
5114 2204
4499 2204
1 2204
4275 2205
1 2205
4445 2206
1 2206
1 2207
7468 2208
6707 2208
6160 2208
1 2208
4842 2209
1 2209
7691 2210
6409 2210
5629 2210
4300 2210
1 2210
6884 2211
1 2211
1 2212
6655 2213
6835 2213
6487 2213
4607 2213
1 2213
1 2214
6480 2215
1 2215
6049 2216
4974 2216
1 2216
1 2217
6954 2218
6062 2218
1 2218
7986 2219
1 2219
6725 2220
5314 2220
5139 2220
4187 2220
1 2220
7589 2221
6785 2221
1 2221
6189 2222
5204 2222
1 2222
7882 2223
5640 2223
1 2223
5500 2224
1 2224
6946 2225
5345 2225
1 2225
5195 2226
5129 2226
1 2226
5134 2227
4959 2227
1 2227
7873 2228
6016 2228
1 2228
5610 2229
4510 2229
1 2229
5799 2230
5071 2230
4875 2230
4388 2230
1 2230
1 2231
6707 2232
6587 2232
1 2232
7083 2233
6153 2233
1 2233
7544 2234
1 2234
6576 2235
5522 2235
4447 2235
4124 2235
1 2235
7397 2236
7460 2236
5625 2236
5524 2236
4607 2236
1 2236
6062 2237
4219 2237
1 2237
4471 2238
1 2238
5826 2239
4562 2239
1 2239
1 2240
1 2241
7127 2242
4010 2242
1 2242
7267 2243
7319 2243
7136 2243
1 2243
7575 2244
5347 2244
4642 2244
1 2244
6453 2245
1 2245
6279 2246
5888 2246
1 2246
4610 2247
4448 2247
1 2247
6976 2248
4144 2248
1 2248
4605 2249
4295 2249
1 2249
5140 2250
4208 2250
1 2250
6375 2251
5704 2251
5334 2251
4717 2251
1 2251
7676 2252
7246 2252
7488 2252
5058 2252
5134 2252
4199 2252
1 2252
7883 2253
5066 2253
1 2253
5090 2254
1 2254
4553 2255
1 2255
5077 2256
4715 2256
1 2256
6853 2257
1 2257
7196 2258
5689 2258
1 2258
7739 2259
7005 2259
6985 2259
4821 2259
1 2259
1 2260
6544 2261
5784 2261
4612 2261
4056 2261
1 2261
7943 2262
6919 2262
4533 2262
1 2262
4697 2263
4012 2263
1 2263
7264 2264
1 2264
6818 2265
4013 2265
1 2265
7459 2266
5290 2266
1 2266
5989 2267
4589 2267
4098 2267
1 2267
7417 2268
6557 2268
1 2268
5744 2269
5849 2269
5470 2269
4010 2269
1 2269
1 2270
5318 2271
4047 2271
1 2271
7815 2272
4211 2272
1 2272
6604 2273
6106 2273
5402 2273
1 2273
5458 2274
4335 2274
1 2274
6976 2275
5476 2275
1 2275
5968 2276
1 2276
1 2277
4502 2278
1 2278
7281 2279
7389 2279
4528 2279
1 2279
7081 2280
4939 2280
4079 2280
1 2280
6870 2281
6629 2281
1 2281
1 2282
6164 2283
4338 2283
1 2283
6188 2284
6126 2284
4551 2284
1 2284
5675 2285
1 2285
4690 2286
1 2286
7048 2287
1 2287
1 2288
5092 2289
1 2289
7783 2290
5632 2290
5813 2290
4932 2290
1 2290
5313 2291
1 2291
7348 2292
4984 2292
1 2292
4437 2293
4006 2293
1 2293
6811 2294
1 2294
5138 2295
4882 2295
4476 2295
4248 2295
1 2295
1 2296
7877 2297
4597 2297
1 2297
1 2298
6851 2299
6308 2299
4070 2299
1 2299
7797 2300
5040 2300
1 2300
4950 2301
4225 2301
1 2301
1 2302
4515 2303
1 2303
5848 2304
4725 2304
4265 2304
1 2304
6067 2305
1 2305
7129 2306
1 2306
1 2307
7312 2308
4490 2308
1 2308
7621 2309
1 2309
6758 2310
6168 2310
1 2310
6375 2311
5208 2311
4539 2311
1 2311
6445 2312
5018 2312
4181 2312
1 2312
4625 2313
4145 2313
1 2313
6258 2314
5758 2314
1 2314
1 2315
7703 2316
1 2316
5976 2317
1 2317
7007 2318
1 2318
7404 2319
4174 2319
1 2319
7109 2320
6508 2320
6209 2320
5942 2320
1 2320
7614 2321
5948 2321
1 2321
7116 2322
6055 2322
4312 2322
1 2322
7655 2323
7869 2323
1 2323
1 2324
7466 2325
6169 2325
4253 2325
1 2325
1 2326
1 2327
7986 2328
7468 2328
1 2328
4715 2329
1 2329
5787 2330
1 2330
5853 2331
1 2331
4306 2332
1 2332
1 2333
7052 2334
1 2334
6761 2335
1 2335
7376 2336
1 2336
7968 2337
1 2337
7033 2338
6262 2338
1 2338
7458 2339
1 2339
1 2340
7430 2341
1 2341
7128 2342
4776 2342
1 2342
1 2343
4792 2344
1 2344
1 2345
7241 2346
4393 2346
1 2346
6076 2347
1 2347
4532 2348
1 2348
6516 2349
5449 2349
1 2349
6282 2350
1 2350
5961 2351
1 2351
1 2352
6883 2353
4863 2353
4245 2353
1 2353
7123 2354
5957 2354
5789 2354
5125 2354
1 2354
1 2355
7286 2356
1 2356
5896 2357
1 2357
6326 2358
4648 2358
1 2358
7646 2359
6755 2359
6363 2359
5927 2359
1 2359
5296 2360
4572 2360
1 2360
6082 2361
5098 2361
1 2361
1 2362
1 2363
1 2364
7823 2365
4847 2365
1 2365
7238 2366
4744 2366
1 2366
1 2367
5103 2368
1 2368
6268 2369
6476 2369
1 2369
7745 2370
7652 2370
7147 2370
1 2370
6790 2371
6483 2371
1 2371
6600 2372
1 2372
7668 2373
1 2373
1 2374
5748 2375
1 2375
7357 2376
4717 2376
4027 2376
1 2376
4586 2377
1 2377
1 2378
5826 2379
1 2379
7168 2380
1 2380
1 2381
6869 2382
1 2382
7838 2383
5530 2383
1 2383
1 2384
4926 2385
1 2385
7761 2386
1 2386
4539 2387
4563 2387
1 2387
6612 2388
5390 2388
1 2388
7686 2389
4095 2389
1 2389
5078 2390
1 2390
7129 2391
7005 2391
6806 2391
1 2391
6326 2392
1 2392
1 2393
5357 2394
5183 2394
1 2394
5367 2395
1 2395
4074 2396
1 2396
7410 2397
6573 2397
1 2397
7581 2398
6866 2398
1 2398
6244 2399
5506 2399
1 2399
7610 2400
6519 2400
1 2400
7522 2401
6475 2401
5918 2401
4295 2401
1 2401
7441 2402
7075 2402
1 2402
5642 2403
1 2403
7183 2404
1 2404
7791 2405
4682 2405
1 2405
1 2406
7788 2407
4788 2407
1 2407
7559 2408
5395 2408
1 2408
6992 2409
1 2409
5821 2410
5485 2410
1 2410
7681 2411
5748 2411
1 2411
1 2412
4556 2413
1 2413
7019 2414
6328 2414
5179 2414
1 2414
6302 2415
6001 2415
4186 2415
1 2415
4406 2416
1 2416
7507 2417
6178 2417
5808 2417
5034 2417
4602 2417
4361 2417
4366 2417
4318 2417
1 2417
1 2418
1 2419
6182 2420
4724 2420
1 2420
1 2421
6695 2422
6852 2422
1 2422
1 2423
1 2424
6294 2425
4194 2425
1 2425
6616 2426
1 2426
1 2427
7403 2428
1 2428
7775 2429
5915 2429
6119 2429
1 2429
5281 2430
1 2430
6215 2431
4596 2431
1 2431
7594 2432
5536 2432
4224 2432
1 2432
6033 2433
6136 2433
1 2433
6889 2434
1 2434
5797 2435
1 2435
7651 2436
7085 2436
6143 2436
1 2436
1 2437
4360 2438
1 2438
7302 2439
1 2439
7494 2440
4775 2440
4512 2440
1 2440
4418 2441
1 2441
1 2442
7824 2443
1 2443
7172 2444
1 2444
5544 2445
1 2445
5575 2446
4515 2446
1 2446
5872 2447
4266 2447
1 2447
4373 2448
1 2448
4108 2449
1 2449
1 2450
7384 2451
1 2451
1 2452
6763 2453
1 2453
7975 2454
7660 2454
5956 2454
4356 2454
1 2454
5398 2455
1 2455
1 2456
1 2457
7008 2458
1 2458
7051 2459
5212 2459
1 2459
5836 2460
1 2460
5614 2461
1 2461
7636 2462
1 2462
4107 2463
4217 2463
1 2463
1 2464
5506 2465
5269 2465
4761 2465
4558 2465
1 2465
7437 2466
1 2466
6160 2467
1 2467
1 2468
5216 2469
4989 2469
4413 2469
1 2469
1 2470
6255 2471
5847 2471
5637 2471
1 2471
1 2472
4716 2473
1 2473
7568 2474
5133 2474
1 2474
1 2475
1 2476
5447 2477
1 2477
7510 2478
7011 2478
6653 2478
1 2478
7319 2479
6659 2479
5559 2479
1 2479
6667 2480
4394 2480
1 2480
7539 2481
6968 2481
5458 2481
4644 2481
1 2481
6569 2482
1 2482
7702 2483
7350 2483
1 2483
1 2484
6813 2485
6075 2485
1 2485
1 2486
7850 2487
1 2487
6605 2488
6621 2488
5204 2488
4754 2488
1 2488
1 2489
7394 2490
6868 2490
6511 2490
4721 2490
1 2490
4823 2491
4380 2491
1 2491
4673 2492
1 2492
7950 2493
7201 2493
6569 2493
1 2493
7148 2494
5409 2494
4785 2494
4744 2494
1 2494
1 2495
4512 2496
1 2496
6937 2497
5864 2497
1 2497
1 2498
7120 2499
1 2499
6503 2500
1 2500
7957 2501
1 2501
4696 2502
1 2502
4950 2503
4130 2503
1 2503
1 2504
1 2505
4974 2506
1 2506
6942 2507
5695 2507
1 2507
5280 2508
4665 2508
1 2508
1 2509
1 2510
5405 2511
1 2511
4399 2512
1 2512
1 2513
6728 2514
6346 2514
6553 2514
5620 2514
1 2514
7422 2515
5406 2515
1 2515
7765 2516
1 2516
1 2517
6517 2518
1 2518
4991 2519
4329 2519
1 2519
1 2520
1 2521
1 2522
7847 2523
1 2523
5177 2524
4036 2524
1 2524
4335 2525
4390 2525
1 2525
7631 2526
4625 2526
1 2526
6167 2527
5541 2527
5328 2527
1 2527
5917 2528
5838 2528
1 2528
5499 2529
1 2529
1 2530
7432 2531
4436 2531
1 2531
4237 2532
1 2532
7418 2533
5024 2533
1 2533
6442 2534
1 2534
1 2535
7924 2536
1 2536
4518 2537
4034 2537
1 2537
6783 2538
6551 2538
1 2538
7891 2539
1 2539
7109 2540
1 2540
5806 2541
5875 2541
4099 2541
1 2541
1 2542
1 2543
6678 2544
5014 2544
4767 2544
1 2544
6586 2545
1 2545
7792 2546
5871 2546
1 2546
7379 2547
4354 2547
1 2547
6981 2548
6622 2548
4552 2548
1 2548
7689 2549
7568 2549
4605 2549
1 2549
5599 2550
1 2550
7953 2551
4125 2551
1 2551
1 2552
6219 2553
5778 2553
1 2553
4085 2554
1 2554
7341 2555
1 2555
7172 2556
4695 2556
1 2556
1 2557
7621 2558
6792 2558
5243 2558
4773 2558
1 2558
5829 2559
1 2559
1 2560
5202 2561
4953 2561
1 2561
4538 2562
4276 2562
1 2562
6842 2563
4388 2563
1 2563
7785 2564
6699 2564
6751 2564
4884 2564
1 2564
7857 2565
7214 2565
1 2565
7951 2566
4663 2566
1 2566
4396 2567
1 2567
1 2568
5326 2569
1 2569
7348 2570
6981 2570
4981 2570
4791 2570
1 2570
5908 2571
1 2571
7330 2572
6957 2572
5980 2572
1 2572
7389 2573
5685 2573
5764 2573
4731 2573
1 2573
4639 2574
1 2574
4377 2575
1 2575
7509 2576
5996 2576
1 2576
5655 2577
4289 2577
1 2577
4537 2578
1 2578
6508 2579
5555 2579
4860 2579
4324 2579
1 2579
7441 2580
5331 2580
4547 2580
1 2580
1 2581
7320 2582
7179 2582
7112 2582
6735 2582
6564 2582
4020 2582
1 2582
7606 2583
1 2583
1 2584
1 2585
6849 2586
1 2586
7991 2587
7811 2587
6546 2587
6181 2587
1 2587
6430 2588
1 2588
6872 2589
6017 2589
1 2589
7856 2590
7593 2590
6612 2590
6364 2590
5587 2590
5698 2590
5240 2590
4477 2590
1 2590
5405 2591
4855 2591
1 2591
7505 2592
6195 2592
5797 2592
1 2592
7871 2593
4613 2593
4430 2593
1 2593
5201 2594
1 2594
4362 2595
1 2595
1 2596
1 2597
6599 2598
1 2598
1 2599
1 2600
1 2601
7064 2602
1 2602
4534 2603
1 2603
1 2604
7107 2605
7180 2605
5064 2605
1 2605
1 2606
1 2607
6228 2608
1 2608
4581 2609
1 2609
7969 2610
7699 2610
7547 2610
6636 2610
6337 2610
1 2610
7671 2611
7163 2611
1 2611
6078 2612
1 2612
6796 2613
5993 2613
6069 2613
5689 2613
1 2613
5593 2614
5508 2614
1 2614
7024 2615
1 2615
1 2616
6021 2617
5457 2617
1 2617
7944 2618
7118 2618
5894 2618
1 2618
6177 2619
5856 2619
1 2619
6496 2620
5704 2620
1 2620
6405 2621
6419 2621
1 2621
7320 2622
5830 2622
1 2622
7705 2623
6020 2623
5584 2623
5310 2623
5096 2623
1 2623
7975 2624
7293 2624
1 2624
7333 2625
5563 2625
4885 2625
4424 2625
1 2625
5978 2626
5199 2626
4018 2626
4091 2626
1 2626
1 2627
1 2628
1 2629
1 2630
5884 2631
5176 2631
1 2631
7971 2632
7564 2632
5113 2632
1 2632
6271 2633
5316 2633
1 2633
7499 2634
5711 2634
1 2634
7371 2635
7286 2635
5691 2635
1 2635
1 2636
5446 2637
1 2637
7590 2638
7567 2638
6655 2638
1 2638
1 2639
6654 2640
1 2640
1 2641
7842 2642
6343 2642
1 2642
4083 2643
1 2643
6249 2644
1 2644
4391 2645
1 2645
5474 2646
1 2646
7883 2647
5109 2647
1 2647
4354 2648
4027 2648
1 2648
7304 2649
4102 2649
1 2649
7534 2650
1 2650
6828 2651
4875 2651
1 2651
5161 2652
1 2652
6844 2653
4333 2653
1 2653
1 2654
5886 2655
5376 2655
5488 2655
5463 2655
1 2655
6336 2656
5463 2656
4718 2656
1 2656
4586 2657
1 2657
7917 2658
6966 2658
1 2658
5658 2659
1 2659
5766 2660
4505 2660
1 2660
7168 2661
1 2661
5980 2662
1 2662
6600 2663
1 2663
6163 2664
1 2664
4079 2665
1 2665
1 2666
1 2667
7820 2668
5335 2668
4479 2668
1 2668
6378 2669
1 2669
7966 2670
7528 2670
6763 2670
5043 2670
5166 2670
4348 2670
1 2670
1 2671
1 2672
1 2673
5273 2674
1 2674
7559 2675
5880 2675
4082 2675
1 2675
5749 2676
4056 2676
1 2676
7736 2677
1 2677
7762 2678
1 2678
5039 2679
1 2679
7326 2680
5661 2680
5184 2680
4872 2680
1 2680
5275 2681
1 2681
5582 2682
5110 2682
4202 2682
1 2682
4858 2683
1 2683
7966 2684
7494 2684
7395 2684
5563 2684
1 2684
6443 2685
1 2685
6024 2686
1 2686
7200 2687
4673 2687
1 2687
5578 2688
1 2688
1 2689
6253 2690
1 2690
6866 2691
4495 2691
1 2691
7977 2692
6002 2692
1 2692
6455 2693
1 2693
5464 2694
1 2694
1 2695
6843 2696
1 2696
6420 2697
4253 2697
1 2697
7730 2698
1 2698
7295 2699
1 2699
7962 2700
7421 2700
4123 2700
1 2700
1 2701
7576 2702
7416 2702
1 2702
1 2703
1 2704
5051 2705
1 2705
5003 2706
4420 2706
1 2706
5460 2707
1 2707
6720 2708
1 2708
1 2709
7606 2710
1 2710
6710 2711
1 2711
7150 2712
6212 2712
4440 2712
1 2712
7242 2713
5177 2713
4385 2713
1 2713
4929 2714
4402 2714
1 2714
5030 2715
1 2715
6121 2716
5557 2716
4535 2716
1 2716
6744 2717
6307 2717
4365 2717
1 2717
7942 2718
6441 2718
4753 2718
4436 2718
1 2718
7232 2719
5594 2719
1 2719
1 2720
1 2721
7630 2722
5917 2722
1 2722
7153 2723
6394 2723
1 2723
7110 2724
1 2724
6281 2725
5628 2725
4207 2725
1 2725
7325 2726
1 2726
5121 2727
1 2727
5940 2728
5247 2728
1 2728
4543 2729
1 2729
1 2730
6716 2731
1 2731
1 2732
5841 2733
4867 2733
4335 2733
1 2733
1 2734
7306 2735
6454 2735
6102 2735
5822 2735
1 2735
7669 2736
5902 2736
1 2736
6892 2737
6547 2737
5441 2737
1 2737
7558 2738
6931 2738
1 2738
8002 2739
6446 2739
6229 2739
5070 2739
1 2739
1 2740
6978 2741
4932 2741
1 2741
7876 2742
6030 2742
4171 2742
4287 2742
1 2742
6785 2743
4965 2743
1 2743
6259 2744
4906 2744
1 2744
7902 2745
1 2745
5838 2746
1 2746
1 2747
4765 2748
1 2748
5547 2749
1 2749
5498 2750
5117 2750
1 2750
1 2751
7781 2752
7147 2752
6552 2752
4922 2752
1 2752
7912 2753
1 2753
7504 2754
1 2754
4997 2755
4320 2755
1 2755
5372 2756
5213 2756
1 2756
5654 2757
1 2757
6552 2758
4040 2758
1 2758
6264 2759
5925 2759
5744 2759
4508 2759
1 2759
5854 2760
1 2760
7571 2761
6912 2761
4820 2761
1 2761
4552 2762
1 2762
1 2763
1 2764
7575 2765
7535 2765
7265 2765
6803 2765
1 2765
7399 2766
4055 2766
1 2766
6607 2767
1 2767
4378 2768
4273 2768
1 2768
7095 2769
1 2769
6404 2770
6190 2770
5342 2770
4019 2770
1 2770
7928 2771
6538 2771
4363 2771
1 2771
7834 2772
4325 2772
1 2772
7424 2773
1 2773
7551 2774
5699 2774
1 2774
5044 2775
1 2775
7266 2776
5336 2776
5163 2776
1 2776
7561 2777
6136 2777
5277 2777
5036 2777
4716 2777
1 2777
5845 2778
1 2778
1 2779
1 2780
4435 2781
4255 2781
1 2781
7842 2782
5218 2782
1 2782
1 2783
1 2784
6940 2785
5752 2785
4119 2785
1 2785
5823 2786
5142 2786
1 2786
7930 2787
7581 2787
1 2787
6564 2788
5462 2788
1 2788
7524 2789
5323 2789
5246 2789
1 2789
6203 2790
1 2790
1 2791
5126 2792
1 2792
1 2793
7401 2794
1 2794
1 2795
6888 2796
5088 2796
1 2796
1 2797
1 2798
7250 2799
1 2799
1 2800
4513 2801
1 2801
5633 2802
1 2802
7963 2803
6295 2803
1 2803
1 2804
6469 2805
5576 2805
5873 2805
5455 2805
1 2805
7368 2806
1 2806
1 2807
1 2808
5588 2809
1 2809
1 2810
6716 2811
1 2811
4617 2812
1 2812
5055 2813
4312 2813
1 2813
7196 2814
5707 2814
1 2814
1 2815
7973 2816
5999 2816
1 2816
6385 2817
5866 2817
5353 2817
1 2817
1 2818
7004 2819
6791 2819
4824 2819
1 2819
1 2820
4504 2821
1 2821
1 2822
7249 2823
6000 2823
4134 2823
1 2823
1 2824
7000 2825
5981 2825
5599 2825
1 2825
7963 2826
7633 2826
6652 2826
6004 2826
5059 2826
1 2826
1 2827
7471 2828
5892 2828
5497 2828
1 2828
5987 2829
4562 2829
1 2829
1 2830
1 2831
6898 2832
6134 2832
1 2832
4239 2833
1 2833
5656 2834
4356 2834
1 2834
7280 2835
1 2835
1 2836
5974 2837
1 2837
5995 2838
4189 2838
1 2838
4426 2839
1 2839
4115 2840
1 2840
6236 2841
5425 2841
4736 2841
1 2841
6593 2842
1 2842
4629 2843
4251 2843
1 2843
1 2844
6259 2845
1 2845
7428 2846
1 2846
7257 2847
1 2847
5529 2848
1 2848
4334 2849
1 2849
7984 2850
7764 2850
6558 2850
1 2850
4212 2851
1 2851
6009 2852
1 2852
1 2853
6571 2854
1 2854
5298 2855
1 2855
7889 2856
4901 2856
4037 2856
1 2856
7229 2857
4072 2857
1 2857
7182 2858
1 2858
7523 2859
5600 2859
5133 2859
1 2859
1 2860
4877 2861
4366 2861
1 2861
7490 2862
6988 2862
6301 2862
6540 2862
1 2862
6951 2863
5789 2863
1 2863
7457 2864
7151 2864
6333 2864
4856 2864
1 2864
1 2865
7941 2866
1 2866
4860 2867
1 2867
5067 2868
1 2868
6887 2869
4267 2869
1 2869
6460 2870
4710 2870
1 2870
7481 2871
7498 2871
7466 2871
5719 2871
1 2871
4932 2872
1 2872
1 2873
6904 2874
1 2874
5883 2875
4598 2875
1 2875
1 2876
4857 2877
4573 2877
1 2877
7972 2878
1 2878
4389 2879
1 2879
1 2880
6218 2881
4346 2881
1 2881
4476 2882
1 2882
6869 2883
6296 2883
4190 2883
1 2883
7636 2884
1 2884
6802 2885
5471 2885
1 2885
7190 2886
5889 2886
4295 2886
1 2886
1 2887
7438 2888
5685 2888
1 2888
6882 2889
5529 2889
4185 2889
1 2889
7592 2890
5873 2890
1 2890
6992 2891
5541 2891
4434 2891
1 2891
7051 2892
1 2892
6523 2893
4762 2893
1 2893
5963 2894
1 2894
6784 2895
4946 2895
1 2895
7878 2896
7547 2896
4239 2896
1 2896
6541 2897
5568 2897
4347 2897
1 2897
4665 2898
1 2898
7993 2899
7314 2899
1 2899
1 2900
7540 2901
5887 2901
5568 2901
5334 2901
1 2901
1 2902
6983 2903
1 2903
5679 2904
1 2904
6560 2905
4678 2905
1 2905
6841 2906
1 2906
7204 2907
4443 2907
1 2907
7902 2908
4839 2908
1 2908
6214 2909
4526 2909
1 2909
7840 2910
6033 2910
5232 2910
4202 2910
1 2910
6590 2911
6837 2911
5269 2911
1 2911
7934 2912
7071 2912
5289 2912
4496 2912
1 2912
1 2913
6287 2914
4096 2914
1 2914
6649 2915
1 2915
7579 2916
1 2916
1 2917
1 2918
7986 2919
7175 2919
5769 2919
1 2919
1 2920
1 2921
5694 2922
5084 2922
4157 2922
1 2922
5547 2923
1 2923
6574 2924
1 2924
7525 2925
1 2925
1 2926
7655 2927
6779 2927
6696 2927
6219 2927
1 2927
1 2928
5800 2929
1 2929
6211 2930
1 2930
7821 2931
5332 2931
1 2931
1 2932
6865 2933
1 2933
6867 2934
4830 2934
4622 2934
1 2934
5264 2935
4920 2935
1 2935
7985 2936
1 2936
1 2937
1 2938
7509 2939
5729 2939
1 2939
7552 2940
1 2940
7581 2941
4619 2941
1 2941
7139 2942
6647 2942
4492 2942
1 2942
5964 2943
1 2943
5751 2944
1 2944
7576 2945
1 2945
7794 2946
4794 2946
4369 2946
1 2946
7640 2947
7364 2947
1 2947
6399 2948
4835 2948
1 2948
5039 2949
4801 2949
1 2949
5326 2950
5315 2950
4674 2950
1 2950
4475 2951
1 2951
1 2952
6747 2953
6208 2953
1 2953
4395 2954
1 2954
1 2955
6238 2956
5291 2956
4543 2956
1 2956
1 2957
5504 2958
1 2958
1 2959
4835 2960
1 2960
7027 2961
1 2961
4797 2962
1 2962
6171 2963
1 2963
5164 2964
4187 2964
1 2964
7017 2965
6400 2965
1 2965
7817 2966
7615 2966
6189 2966
5166 2966
4109 2966
1 2966
7803 2967
6481 2967
1 2967
1 2968
1 2969
1 2970
1 2971
5895 2972
1 2972
6691 2973
1 2973
7255 2974
6772 2974
4848 2974
1 2974
7878 2975
1 2975
6924 2976
4770 2976
4045 2976
1 2976
4852 2977
4165 2977
1 2977
6730 2978
4327 2978
4096 2978
1 2978
7873 2979
5470 2979
1 2979
5114 2980
1 2980
7781 2981
1 2981
4470 2982
4076 2982
1 2982
5440 2983
1 2983
7935 2984
7437 2984
5118 2984
4012 2984
1 2984
7726 2985
6335 2985
5799 2985
1 2985
7410 2986
1 2986
4466 2987
1 2987
4988 2988
1 2988
4861 2989
1 2989
7834 2990
7402 2990
5150 2990
1 2990
6138 2991
5186 2991
4038 2991
1 2991
6066 2992
4249 2992
1 2992
5647 2993
5890 2993
1 2993
7564 2994
5272 2994
5334 2994
4659 2994
1 2994
7230 2995
6234 2995
1 2995
6555 2996
4683 2996
1 2996
1 2997
5608 2998
1 2998
7600 2999
7766 2999
5364 2999
1 2999
1 3000
1 3001
7609 3002
1 3002
7333 3003
6386 3003
6392 3003
4558 3003
1 3003
7736 3004
1 3004
5976 3005
5424 3005
1 3005
5962 3006
1 3006
4765 3007
1 3007
7865 3008
4545 3008
1 3008
5218 3009
4534 3009
1 3009
5757 3010
1 3010
1 3011
5876 3012
1 3012
7334 3013
7341 3013
5659 3013
4854 3013
1 3013
7478 3014
1 3014
1 3015
1 3016
7357 3017
1 3017
6813 3018
1 3018
1 3019
5664 3020
4661 3020
1 3020
7736 3021
4840 3021
4451 3021
1 3021
7682 3022
6355 3022
4374 3022
1 3022
7981 3023
5152 3023
1 3023
6900 3024
6274 3024
5580 3024
4523 3024
1 3024
7589 3025
7262 3025
6592 3025
4895 3025
1 3025
5372 3026
1 3026
7777 3027
7459 3027
4341 3027
1 3027
7373 3028
1 3028
6542 3029
6492 3029
4640 3029
4702 3029
1 3029
6718 3030
6556 3030
5364 3030
1 3030
6011 3031
4759 3031
1 3031
1 3032
7848 3033
4309 3033
1 3033
6600 3034
4946 3034
1 3034
5954 3035
1 3035
6642 3036
1 3036
6882 3037
1 3037
4769 3038
1 3038
4887 3039
1 3039
5362 3040
4036 3040
1 3040
6666 3041
5901 3041
1 3041
4394 3042
1 3042
1 3043
1 3044
7728 3045
1 3045
7732 3046
6816 3046
6290 3046
1 3046
1 3047
7668 3048
7580 3048
6176 3048
5866 3048
1 3048
7850 3049
5014 3049
4308 3049
1 3049
5948 3050
1 3050
7279 3051
5701 3051
1 3051
6497 3052
1 3052
7747 3053
6598 3053
4785 3053
1 3053
4905 3054
1 3054
7331 3055
6880 3055
5485 3055
1 3055
6712 3056
4654 3056
1 3056
1 3057
6002 3058
1 3058
6783 3059
4563 3059
1 3059
12000 3060
6772 3060
1 3060
6008 3061
5393 3061
1 3061
6368 3062
6195 3062
4258 3062
1 3062
6468 3063
1 3063
5255 3064
4434 3064
1 3064
8003 3065
4410 3065
1 3065
6777 3066
6217 3066
5568 3066
4977 3066
1 3066
7644 3067
7766 3067
7030 3067
1 3067
7573 3068
6065 3068
1 3068
7496 3069
1 3069
7383 3070
1 3070
6498 3071
6089 3071
5696 3071
5839 3071
1 3071
4439 3072
1 3072
7354 3073
7243 3073
5091 3073
5005 3073
1 3073
7002 3074
6678 3074
6654 3074
5350 3074
5099 3074
1 3074
7630 3075
5910 3075
4628 3075
4039 3075
1 3075
6595 3076
1 3076
5066 3077
1 3077
5740 3078
5431 3078
1 3078
6616 3079
1 3079
7748 3080
7057 3080
1 3080
4591 3081
1 3081
7235 3082
5875 3082
1 3082
5823 3083
1 3083
5927 3084
4986 3084
4538 3084
4098 3084
1 3084
7779 3085
1 3085
5356 3086
4351 3086
1 3086
1 3087
6792 3088
1 3088
1 3089
4667 3090
4183 3090
1 3090
6881 3091
6341 3091
1 3091
1 3092
7121 3093
1 3093
6865 3094
5218 3094
4255 3094
1 3094
7808 3095
1 3095
7059 3096
5238 3096
1 3096
1 3097
7171 3098
4389 3098
1 3098
5817 3099
4806 3099
4211 3099
1 3099
4488 3100
1 3100
1 3101
1 3102
7262 3103
7045 3103
6436 3103
6411 3103
6039 3103
5754 3103
4456 3103
1 3103
5965 3104
1 3104
1 3105
1 3106
6253 3107
1 3107
7964 3108
7774 3108
7193 3108
1 3108
4850 3109
1 3109
6971 3110
6254 3110
1 3110
1 3111
5069 3112
4150 3112
1 3112
7103 3113
5248 3113
1 3113
7142 3114
6024 3114
1 3114
1 3115
7824 3116
7549 3116
6081 3116
1 3116
1 3117
1 3118
5547 3119
1 3119
1 3120
7087 3121
6963 3121
5546 3121
1 3121
5845 3122
4173 3122
1 3122
1 3123
7867 3124
7227 3124
6627 3124
1 3124
6118 3125
5151 3125
1 3125
1 3126
1 3127
7204 3128
1 3128
1 3129
6635 3130
6208 3130
4033 3130
1 3130
6641 3131
5822 3131
4804 3131
1 3131
7822 3132
1 3132
5571 3133
5304 3133
1 3133
7653 3134
7611 3134
5475 3134
1 3134
7962 3135
1 3135
6913 3136
1 3136
1 3137
6393 3138
6037 3138
5144 3138
1 3138
4274 3139
1 3139
6387 3140
1 3140
6936 3141
5916 3141
5256 3141
1 3141
5865 3142
5278 3142
4747 3142
1 3142
1 3143
1 3144
7690 3145
7421 3145
4408 3145
1 3145
5705 3146
5220 3146
1 3146
7621 3147
7403 3147
7409 3147
6129 3147
1 3147
1 3148
1 3149
4615 3150
1 3150
1 3151
7534 3152
1 3152
6402 3153
4133 3153
1 3153
7412 3154
5993 3154
5396 3154
1 3154
7210 3155
5946 3155
1 3155
1 3156
7896 3157
5584 3157
5556 3157
1 3157
1 3158
7957 3159
1 3159
1 3160
1 3161
1 3162
5337 3163
4876 3163
4589 3163
1 3163
7140 3164
1 3164
7590 3165
1 3165
6614 3166
1 3166
6493 3167
4355 3167
1 3167
1 3168
7019 3169
1 3169
7728 3170
5577 3170
1 3170
7383 3171
4790 3171
1 3171
5208 3172
4847 3172
1 3172
6038 3173
5028 3173
1 3173
5291 3174
1 3174
7704 3175
7446 3175
6645 3175
6292 3175
1 3175
5882 3176
1 3176
5571 3177
5565 3177
1 3177
8003 3178
6608 3178
1 3178
1 3179
1 3180
1 3181
4460 3182
4470 3182
1 3182
5159 3183
1 3183
6844 3184
1 3184
4339 3185
1 3185
7959 3186
5382 3186
5042 3186
4019 3186
1 3186
1 3187
4812 3188
4613 3188
4148 3188
1 3188
7263 3189
6972 3189
5896 3189
1 3189
7445 3190
1 3190
1 3191
6552 3192
1 3192
7490 3193
1 3193
7778 3194
5999 3194
1 3194
4132 3195
1 3195
6996 3196
1 3196
6502 3197
5749 3197
4699 3197
4411 3197
1 3197
6820 3198
6119 3198
5907 3198
1 3198
5339 3199
1 3199
7593 3200
1 3200
7254 3201
6227 3201
4110 3201
1 3201
4880 3202
1 3202
4240 3203
1 3203
1 3204
7151 3205
5046 3205
1 3205
5900 3206
1 3206
7478 3207
1 3207
6635 3208
6505 3208
5459 3208
4620 3208
1 3208
6791 3209
1 3209
5945 3210
5669 3210
5108 3210
1 3210
6958 3211
1 3211
7322 3212
4531 3212
1 3212
6650 3213
4727 3213
4250 3213
1 3213
5883 3214
4615 3214
1 3214
7331 3215
1 3215
6089 3216
5609 3216
1 3216
7234 3217
1 3217
7368 3218
6424 3218
4975 3218
1 3218
7088 3219
5922 3219
4137 3219
1 3219
4496 3220
4472 3220
4440 3220
1 3220
6398 3221
4821 3221
4929 3221
1 3221
7200 3222
6975 3222
6301 3222
1 3222
1 3223
1 3224
6802 3225
5425 3225
1 3225
7359 3226
1 3226
1 3227
7782 3228
6917 3228
6594 3228
5531 3228
1 3228
4343 3229
1 3229
4759 3230
1 3230
7240 3231
1 3231
7554 3232
5589 3232
5512 3232
4369 3232
1 3232
4283 3233
1 3233
7333 3234
5344 3234
5059 3234
1 3234
5944 3235
5076 3235
1 3235
7060 3236
1 3236
4163 3237
1 3237
7676 3238
5361 3238
1 3238
7050 3239
1 3239
1 3240
6692 3241
5381 3241
1 3241
1 3242
6520 3243
4723 3243
1 3243
4407 3244
1 3244
6321 3245
5561 3245
1 3245
1 3246
7812 3247
6250 3247
5787 3247
1 3247
6333 3248
1 3248
7597 3249
7651 3249
4866 3249
1 3249
1 3250
7939 3251
4180 3251
1 3251
4195 3252
1 3252
6292 3253
4170 3253
1 3253
1 3254
1 3255
4798 3256
1 3256
7189 3257
5346 3257
4048 3257
1 3257
7218 3258
5291 3258
4871 3258
1 3258
7843 3259
7791 3259
5781 3259
4847 3259
1 3259
4320 3260
1 3260
7456 3261
5940 3261
1 3261
6507 3262
1 3262
5577 3263
1 3263
6247 3264
4729 3264
4548 3264
1 3264
1 3265
4708 3266
1 3266
6730 3267
6016 3267
1 3267
1 3268
7135 3269
7062 3269
6108 3269
4603 3269
1 3269
1 3270
1 3271
7943 3272
5852 3272
1 3272
5030 3273
4352 3273
1 3273
4268 3274
4252 3274
1 3274
4042 3275
1 3275
7785 3276
6853 3276
6277 3276
4200 3276
1 3276
1 3277
7269 3278
6267 3278
1 3278
6969 3279
1 3279
7875 3280
6777 3280
6181 3280
5660 3280
1 3280
4591 3281
1 3281
5279 3282
1 3282
7468 3283
7134 3283
5149 3283
1 3283
4657 3284
1 3284
7664 3285
4853 3285
1 3285
7388 3286
4546 3286
1 3286
7964 3287
1 3287
4185 3288
1 3288
6708 3289
6155 3289
5538 3289
1 3289
4229 3290
1 3290
5696 3291
5494 3291
4978 3291
1 3291
7741 3292
5244 3292
4895 3292
1 3292
6381 3293
4517 3293
1 3293
5658 3294
5103 3294
1 3294
6108 3295
1 3295
7529 3296
5505 3296
1 3296
7980 3297
7532 3297
7397 3297
4666 3297
1 3297
7890 3298
6637 3298
1 3298
1 3299
5617 3300
5180 3300
4470 3300
1 3300
1 3301
6826 3302
5149 3302
1 3302
1 3303
6279 3304
5486 3304
5540 3304
4762 3304
1 3304
4124 3305
1 3305
6936 3306
4845 3306
1 3306
6383 3307
4583 3307
4255 3307
1 3307
1 3308
1 3309
7248 3310
1 3310
7704 3311
6697 3311
6020 3311
5107 3311
4111 3311
1 3311
5409 3312
1 3312
7097 3313
1 3313
5972 3314
5620 3314
1 3314
7160 3315
4973 3315
4827 3315
1 3315
1 3316
7596 3317
7349 3317
6840 3317
4020 3317
1 3317
4734 3318
1 3318
6929 3319
5442 3319
1 3319
7423 3320
5487 3320
1 3320
6241 3321
1 3321
4371 3322
4072 3322
1 3322
4918 3323
1 3323
6922 3324
6609 3324
1 3324
7081 3325
5984 3325
5821 3325
5120 3325
1 3325
1 3326
6495 3327
5099 3327
1 3327
7597 3328
1 3328
6593 3329
6470 3329
1 3329
6559 3330
1 3330
6617 3331
6500 3331
5892 3331
4757 3331
4170 3331
1 3331
7732 3332
4582 3332
1 3332
1 3333
5613 3334
1 3334
1 3335
6429 3336
5451 3336
1 3336
4579 3337
1 3337
6881 3338
6472 3338
1 3338
5843 3339
1 3339
4752 3340
1 3340
1 3341
1 3342
6932 3343
5952 3343
4489 3343
1 3343
7278 3344
4486 3344
1 3344
1 3345
7909 3346
5764 3346
4949 3346
1 3346
7253 3347
5216 3347
1 3347
7397 3348
1 3348
1 3349
6385 3350
1 3350
6536 3351
5252 3351
4728 3351
1 3351
4806 3352
1 3352
6912 3353
5456 3353
5342 3353
1 3353
7378 3354
1 3354
1 3355
7221 3356
6408 3356
4648 3356
1 3356
4131 3357
1 3357
5240 3358
4184 3358
1 3358
7498 3359
5578 3359
5728 3359
1 3359
4927 3360
1 3360
7462 3361
1 3361
4783 3362
1 3362
6296 3363
1 3363
6217 3364
1 3364
1 3365
6619 3366
6856 3366
4666 3366
4867 3366
1 3366
7971 3367
7138 3367
6612 3367
1 3367
7668 3368
1 3368
7048 3369
5694 3369
4413 3369
1 3369
4176 3370
1 3370
5759 3371
4408 3371
1 3371
6511 3372
5210 3372
1 3372
1 3373
4991 3374
4617 3374
4642 3374
4902 3374
1 3374
5734 3375
1 3375
1 3376
7025 3377
6646 3377
4738 3377
1 3377
7394 3378
5267 3378
4331 3378
1 3378
1 3379
5357 3380
4963 3380
4619 3380
1 3380
7923 3381
1 3381
1 3382
1 3383
7866 3384
6862 3384
6208 3384
4637 3384
1 3384
7627 3385
6367 3385
5658 3385
5701 3385
5720 3385
1 3385
7602 3386
1 3386
7980 3387
4784 3387
1 3387
6753 3388
1 3388
7948 3389
7162 3389
4347 3389
1 3389
4531 3390
1 3390
5606 3391
1 3391
7670 3392
7779 3392
6596 3392
1 3392
1 3393
7344 3394
4138 3394
1 3394
7461 3395
7205 3395
5260 3395
1 3395
1 3396
5756 3397
5542 3397
1 3397
7023 3398
5093 3398
1 3398
4055 3399
1 3399
7352 3400
5562 3400
1 3400
1 3401
7130 3402
4938 3402
1 3402
1 3403
4682 3404
1 3404
6953 3405
5930 3405
4699 3405
1 3405
7857 3406
4833 3406
1 3406
7502 3407
1 3407
5679 3408
5049 3408
5176 3408
4426 3408
1 3408
4906 3409
1 3409
7536 3410
6904 3410
4738 3410
1 3410
6922 3411
1 3411
4533 3412
1 3412
1 3413
5330 3414
1 3414
7775 3415
7146 3415
6311 3415
6174 3415
4786 3415
4214 3415
1 3415
1 3416
5076 3417
1 3417
6313 3418
1 3418
6855 3419
1 3419
6410 3420
1 3420
1 3421
7164 3422
1 3422
6648 3423
5343 3423
1 3423
1 3424
7027 3425
1 3425
7486 3426
5131 3426
4704 3426
1 3426
5942 3427
1 3427
6286 3428
1 3428
6488 3429
6101 3429
5297 3429
5011 3429
1 3429
1 3430
6533 3431
5999 3431
1 3431
7295 3432
6229 3432
1 3432
4400 3433
1 3433
5778 3434
4382 3434
1 3434
7133 3435
1 3435
1 3436
5977 3437
1 3437
1 3438
1 3439
6739 3440
5433 3440
1 3440
6065 3441
4378 3441
1 3441
6664 3442
1 3442
4983 3443
4919 3443
1 3443
1 3444
1 3445
7246 3446
1 3446
5046 3447
1 3447
7636 3448
7161 3448
4855 3448
1 3448
1 3449
7655 3450
1 3450
5416 3451
1 3451
6205 3452
5574 3452
1 3452
6785 3453
1 3453
1 3454
7745 3455
5882 3455
1 3455
6231 3456
4750 3456
4135 3456
1 3456
1 3457
7478 3458
7531 3458
6607 3458
1 3458
5617 3459
1 3459
7787 3460
5182 3460
5031 3460
1 3460
1 3461
1 3462
7679 3463
1 3463
7471 3464
5168 3464
1 3464
5263 3465
4147 3465
1 3465
1 3466
7445 3467
5272 3467
1 3467
5375 3468
5156 3468
1 3468
1 3469
7813 3470
6836 3470
6111 3470
1 3470
7343 3471
4177 3471
1 3471
7994 3472
6658 3472
4715 3472
1 3472
6941 3473
5087 3473
1 3473
6013 3474
5916 3474
1 3474
7818 3475
1 3475
1 3476
7432 3477
7553 3477
1 3477
6972 3478
1 3478
7599 3479
4348 3479
1 3479
1 3480
4576 3481
1 3481
7342 3482
1 3482
7935 3483
6363 3483
1 3483
7059 3484
4732 3484
1 3484
7399 3485
7110 3485
5419 3485
4822 3485
1 3485
1 3486
7888 3487
1 3487
7676 3488
7517 3488
5398 3488
4114 3488
4147 3488
1 3488
5890 3489
5800 3489
1 3489
5495 3490
1 3490
4059 3491
1 3491
7448 3492
6562 3492
6402 3492
1 3492
7187 3493
1 3493
5611 3494
1 3494
4928 3495
1 3495
4275 3496
1 3496
6831 3497
1 3497
4790 3498
1 3498
7707 3499
6798 3499
1 3499
4424 3500
1 3500
1 3501
7073 3502
6565 3502
5080 3502
4837 3502
4486 3502
1 3502
6297 3503
4280 3503
1 3503
7060 3504
5501 3504
1 3504
6927 3505
4345 3505
1 3505
5613 3506
4348 3506
1 3506
6418 3507
6033 3507
6072 3507
1 3507
6903 3508
5814 3508
5324 3508
1 3508
4869 3509
4867 3509
1 3509
1 3510
4933 3511
4361 3511
1 3511
7783 3512
7546 3512
6812 3512
1 3512
6818 3513
4282 3513
1 3513
7371 3514
1 3514
1 3515
7138 3516
6998 3516
1 3516
4221 3517
1 3517
4340 3518
1 3518
7180 3519
1 3519
1 3520
1 3521
1 3522
1 3523
4026 3524
1 3524
7834 3525
5143 3525
4570 3525
1 3525
7678 3526
6787 3526
1 3526
7932 3527
7800 3527
1 3527
7203 3528
1 3528
5948 3529
5348 3529
1 3529
7226 3530
4612 3530
4752 3530
1 3530
5650 3531
1 3531
7671 3532
4728 3532
1 3532
5284 3533
5527 3533
4543 3533
1 3533
6580 3534
1 3534
6411 3535
5816 3535
1 3535
6303 3536
6063 3536
6073 3536
1 3536
1 3537
7916 3538
7162 3538
6173 3538
6019 3538
5252 3538
4340 3538
4515 3538
1 3538
4708 3539
1 3539
1 3540
7728 3541
6223 3541
6005 3541
5780 3541
1 3541
7851 3542
7601 3542
1 3542
1 3543
6643 3544
6811 3544
5720 3544
4594 3544
4506 3544
4057 3544
1 3544
4419 3545
4431 3545
1 3545
7709 3546
7474 3546
6900 3546
1 3546
6144 3547
5544 3547
5045 3547
4171 3547
1 3547
7630 3548
5773 3548
4692 3548
1 3548
7866 3549
7401 3549
1 3549
5550 3550
1 3550
6750 3551
1 3551
7260 3552
4644 3552
1 3552
7317 3553
1 3553
7575 3554
7474 3554
1 3554
7824 3555
7876 3555
6879 3555
5475 3555
4419 3555
1 3555
1 3556
6355 3557
1 3557
1 3558
5048 3559
4022 3559
1 3559
1 3560
7568 3561
6639 3561
4560 3561
1 3561
7371 3562
7065 3562
6313 3562
4960 3562
1 3562
7682 3563
5675 3563
1 3563
4234 3564
1 3564
7300 3565
5307 3565
1 3565
6563 3566
4646 3566
1 3566
6638 3567
1 3567
7537 3568
1 3568
1 3569
7103 3570
4886 3570
1 3570
7314 3571
6337 3571
5298 3571
1 3571
1 3572
7222 3573
5525 3573
1 3573
5022 3574
1 3574
1 3575
4665 3576
1 3576
6212 3577
4336 3577
1 3577
4288 3578
1 3578
7777 3579
6691 3579
5088 3579
4962 3579
1 3579
4616 3580
1 3580
1 3581
1 3582
1 3583
6980 3584
4045 3584
1 3584
6774 3585
1 3585
6005 3586
1 3586
6907 3587
1 3587
7755 3588
5647 3588
1 3588
7842 3589
5152 3589
4154 3589
1 3589
1 3590
6140 3591
5460 3591
5097 3591
1 3591
6595 3592
6457 3592
4277 3592
1 3592
5220 3593
1 3593
7222 3594
1 3594
6408 3595
1 3595
6438 3596
5881 3596
1 3596
6983 3597
4284 3597
1 3597
5172 3598
1 3598
7345 3599
1 3599
5984 3600
5356 3600
1 3600
1 3601
1 3602
7951 3603
7845 3603
4775 3603
4423 3603
1 3603
1 3604
1 3605
4886 3606
1 3606
1 3607
1 3608
1 3609
6570 3610
6358 3610
1 3610
6578 3611
6665 3611
4062 3611
1 3611
5282 3612
5200 3612
1 3612
7697 3613
1 3613
7909 3614
7191 3614
4385 3614
1 3614
7722 3615
4609 3615
1 3615
5148 3616
1 3616
4082 3617
1 3617
1 3618
1 3619
7888 3620
7270 3620
1 3620
7742 3621
7120 3621
4266 3621
1 3621
6559 3622
1 3622
7573 3623
1 3623
1 3624
1 3625
1 3626
6850 3627
1 3627
7270 3628
1 3628
7291 3629
5111 3629
1 3629
5410 3630
1 3630
7685 3631
5532 3631
1 3631
1 3632
1 3633
5985 3634
4799 3634
1 3634
1 3635
1 3636
6081 3637
1 3637
6829 3638
1 3638
5513 3639
1 3639
1 3640
6855 3641
4910 3641
1 3641
6127 3642
1 3642
7191 3643
4202 3643
1 3643
7052 3644
1 3644
5728 3645
5332 3645
1 3645
6948 3646
1 3646
6940 3647
1 3647
4315 3648
1 3648
7115 3649
1 3649
6736 3650
6496 3650
4206 3650
1 3650
1 3651
5536 3652
1 3652
6856 3653
5295 3653
1 3653
1 3654
6993 3655
4746 3655
1 3655
5758 3656
1 3656
6514 3657
5777 3657
1 3657
7001 3658
6798 3658
6328 3658
4474 3658
1 3658
1 3659
6803 3660
5413 3660
5395 3660
1 3660
1 3661
7708 3662
7561 3662
5527 3662
1 3662
7800 3663
4462 3663
1 3663
6174 3664
5389 3664
1 3664
7896 3665
7492 3665
6304 3665
5609 3665
5040 3665
1 3665
1 3666
4614 3667
1 3667
7000 3668
1 3668
7034 3669
6003 3669
5150 3669
1 3669
7080 3670
4841 3670
1 3670
6295 3671
4945 3671
5248 3671
1 3671
7189 3672
5137 3672
4773 3672
1 3672
4904 3673
4564 3673
1 3673
5960 3674
4347 3674
1 3674
7786 3675
4293 3675
1 3675
7833 3676
5734 3676
1 3676
5224 3677
1 3677
4712 3678
4479 3678
4461 3678
1 3678
5887 3679
4411 3679
1 3679
1 3680
5222 3681
1 3681
6739 3682
5879 3682
5587 3682
1 3682
7882 3683
5499 3683
5037 3683
4678 3683
1 3683
1 3684
6988 3685
5736 3685
5413 3685
4345 3685
1 3685
7332 3686
1 3686
5542 3687
5171 3687
1 3687
6497 3688
4912 3688
4223 3688
1 3688
1 3689
5425 3690
1 3690
4293 3691
1 3691
7436 3692
1 3692
6047 3693
1 3693
6257 3694
5447 3694
1 3694
4359 3695
1 3695
1 3696
7606 3697
1 3697
7092 3698
1 3698
6387 3699
1 3699
7183 3700
6254 3700
5266 3700
1 3700
7369 3701
7066 3701
7194 3701
5777 3701
5289 3701
1 3701
1 3702
6462 3703
4808 3703
1 3703
1 3704
7434 3705
6495 3705
1 3705
1 3706
1 3707
4858 3708
1 3708
7612 3709
5045 3709
1 3709
7576 3710
4047 3710
1 3710
6599 3711
5786 3711
4579 3711
1 3711
7858 3712
5667 3712
5816 3712
4924 3712
1 3712
1 3713
1 3714
7244 3715
5784 3715
5117 3715
1 3715
5941 3716
5600 3716
1 3716
7613 3717
4193 3717
1 3717
6085 3718
5615 3718
1 3718
5615 3719
1 3719
7829 3720
5377 3720
1 3720
7162 3721
5611 3721
4943 3721
1 3721
1 3722
6329 3723
5939 3723
5361 3723
4190 3723
1 3723
5146 3724
4292 3724
1 3724
7501 3725
6931 3725
6553 3725
1 3725
6041 3726
1 3726
6681 3727
4508 3727
4341 3727
1 3727
7932 3728
1 3728
7477 3729
1 3729
5477 3730
1 3730
6845 3731
4319 3731
1 3731
4780 3732
1 3732
6823 3733
4305 3733
1 3733
4536 3734
1 3734
7003 3735
5145 3735
1 3735
1 3736
7413 3737
7100 3737
1 3737
6050 3738
5986 3738
1 3738
7771 3739
1 3739
1 3740
5803 3741
1 3741
4206 3742
4073 3742
1 3742
4997 3743
4339 3743
1 3743
6550 3744
1 3744
6837 3745
1 3745
1 3746
6736 3747
5260 3747
1 3747
7699 3748
1 3748
5926 3749
1 3749
5775 3750
1 3750
5119 3751
1 3751
4622 3752
1 3752
6308 3753
6049 3753
1 3753
6528 3754
4350 3754
1 3754
1 3755
1 3756
6181 3757
1 3757
4096 3758
1 3758
1 3759
7406 3760
7035 3760
5338 3760
1 3760
7723 3761
1 3761
4579 3762
1 3762
6397 3763
5278 3763
1 3763
5341 3764
4869 3764
4527 3764
1 3764
6738 3765
1 3765
6826 3766
5756 3766
4083 3766
1 3766
7585 3767
4993 3767
1 3767
7506 3768
6474 3768
1 3768
6663 3769
5955 3769
5786 3769
4462 3769
1 3769
7208 3770
5369 3770
1 3770
1 3771
6157 3772
1 3772
1 3773
6061 3774
4719 3774
1 3774
7279 3775
4755 3775
4099 3775
1 3775
1 3776
6011 3777
1 3777
4817 3778
1 3778
7505 3779
1 3779
7729 3780
6407 3780
1 3780
6754 3781
1 3781
7354 3782
7025 3782
1 3782
4704 3783
1 3783
6294 3784
5147 3784
1 3784
7182 3785
6648 3785
5338 3785
1 3785
7524 3786
6687 3786
1 3786
6457 3787
6197 3787
1 3787
1 3788
7220 3789
5060 3789
1 3789
4804 3790
1 3790
1 3791
7386 3792
5031 3792
1 3792
6340 3793
6218 3793
4490 3793
4161 3793
1 3793
5354 3794
1 3794
7602 3795
5461 3795
5119 3795
1 3795
7414 3796
6960 3796
4849 3796
1 3796
6682 3797
1 3797
7244 3798
1 3798
6468 3799
6433 3799
1 3799
1 3800
1 3801
6883 3802
4447 3802
1 3802
7913 3803
7258 3803
5170 3803
4108 3803
1 3803
5151 3804
1 3804
7643 3805
1 3805
7744 3806
1 3806
4601 3807
1 3807
1 3808
6743 3809
6682 3809
6255 3809
5269 3809
1 3809
1 3810
6989 3811
6654 3811
1 3811
5375 3812
4272 3812
1 3812
4186 3813
1 3813
7913 3814
5925 3814
5837 3814
5446 3814
4622 3814
4315 3814
1 3814
6041 3815
4043 3815
1 3815
6299 3816
4988 3816
1 3816
6929 3817
6421 3817
5318 3817
1 3817
1 3818
1 3819
4270 3820
1 3820
7538 3821
1 3821
4032 3822
1 3822
6963 3823
4937 3823
1 3823
1 3824
6963 3825
4090 3825
1 3825
5247 3826
1 3826
1 3827
7475 3828
4393 3828
1 3828
5743 3829
4673 3829
1 3829
7600 3830
1 3830
1 3831
4161 3832
1 3832
5847 3833
1 3833
5898 3834
4925 3834
4751 3834
1 3834
6777 3835
6570 3835
1 3835
7095 3836
5711 3836
1 3836
7757 3837
5187 3837
1 3837
7942 3838
6034 3838
5402 3838
4926 3838
1 3838
7700 3839
7132 3839
1 3839
6978 3840
4634 3840
4642 3840
1 3840
6357 3841
6362 3841
4247 3841
1 3841
6373 3842
4059 3842
1 3842
6248 3843
5415 3843
1 3843
7007 3844
6341 3844
1 3844
7216 3845
4724 3845
1 3845
6410 3846
1 3846
1 3847
7942 3848
5028 3848
1 3848
5158 3849
4023 3849
1 3849
7124 3850
6200 3850
1 3850
1 3851
6691 3852
5901 3852
1 3852
1 3853
7828 3854
6869 3854
5131 3854
5162 3854
5072 3854
4982 3854
1 3854
5629 3855
1 3855
1 3856
1 3857
7481 3858
6274 3858
6151 3858
4777 3858
4833 3858
1 3858
4346 3859
1 3859
5095 3860
1 3860
8002 3861
7527 3861
6659 3861
6346 3861
5182 3861
5026 3861
4739 3861
1 3861
7429 3862
4006 3862
1 3862
1 3863
6861 3864
5961 3864
1 3864
6539 3865
1 3865
5033 3866
4253 3866
1 3866
4781 3867
1 3867
1 3868
6575 3869
5859 3869
4397 3869
1 3869
5327 3870
5225 3870
1 3870
6428 3871
5063 3871
4218 3871
1 3871
6998 3872
1 3872
7005 3873
6010 3873
5545 3873
4406 3873
1 3873
1 3874
1 3875
4689 3876
1 3876
7836 3877
6409 3877
4858 3877
1 3877
6948 3878
4873 3878
1 3878
4439 3879
1 3879
6485 3880
4638 3880
1 3880
4303 3881
1 3881
1 3882
5729 3883
5122 3883
1 3883
6619 3884
1 3884
6948 3885
1 3885
1 3886
5938 3887
1 3887
1 3888
1 3889
6450 3890
5084 3890
5118 3890
4133 3890
1 3890
7651 3891
6462 3891
6013 3891
5354 3891
1 3891
4205 3892
1 3892
7133 3893
5377 3893
1 3893
5059 3894
1 3894
5966 3895
4520 3895
4550 3895
1 3895
1 3896
7643 3897
6816 3897
1 3897
5510 3898
4820 3898
1 3898
7678 3899
1 3899
4660 3900
1 3900
6832 3901
5483 3901
1 3901
1 3902
5705 3903
5293 3903
4828 3903
1 3903
7307 3904
6207 3904
5556 3904
4853 3904
1 3904
7906 3905
5869 3905
1 3905
1 3906
4842 3907
1 3907
1 3908
5298 3909
1 3909
6799 3910
5526 3910
1 3910
1 3911
1 3912
7146 3913
1 3913
4924 3914
1 3914
6798 3915
6473 3915
6022 3915
1 3915
5186 3916
1 3916
7692 3917
1 3917
1 3918
5310 3919
4471 3919
1 3919
5318 3920
4156 3920
1 3920
5090 3921
1 3921
6517 3922
1 3922
5175 3923
1 3923
4474 3924
4331 3924
1 3924
6377 3925
1 3925
1 3926
5555 3927
1 3927
5187 3928
1 3928
6622 3929
6491 3929
1 3929
6242 3930
5087 3930
4491 3930
1 3930
5143 3931
1 3931
5602 3932
1 3932
1 3933
1 3934
7080 3935
6972 3935
1 3935
1 3936
6383 3937
4095 3937
1 3937
6006 3938
5445 3938
4124 3938
1 3938
6946 3939
4115 3939
1 3939
6094 3940
4391 3940
1 3940
7249 3941
5480 3941
1 3941
6765 3942
6520 3942
5793 3942
1 3942
7685 3943
7572 3943
6876 3943
6140 3943
4841 3943
1 3943
7260 3944
7134 3944
4412 3944
4401 3944
1 3944
1 3945
5195 3946
4131 3946
4014 3946
1 3946
7388 3947
6223 3947
1 3947
7314 3948
1 3948
7304 3949
6491 3949
4453 3949
1 3949
6843 3950
1 3950
6917 3951
1 3951
1 3952
6794 3953
5780 3953
4419 3953
1 3953
5628 3954
5333 3954
4890 3954
4718 3954
1 3954
7530 3955
6949 3955
1 3955
4814 3956
4291 3956
1 3956
1 3957
6949 3958
4998 3958
1 3958
5588 3959
5371 3959
1 3959
5905 3960
5622 3960
1 3960
7638 3961
5469 3961
4275 3961
1 3961
7895 3962
7886 3962
7187 3962
1 3962
7257 3963
1 3963
1 3964
7167 3965
1 3965
1 3966
7996 3967
6739 3967
1 3967
1 3968
6941 3969
5594 3969
1 3969
7994 3970
1 3970
6253 3971
1 3971
1 3972
1 3973
6531 3974
1 3974
6193 3975
5168 3975
4279 3975
4261 3975
1 3975
7173 3976
4049 3976
1 3976
6265 3977
5066 3977
1 3977
1 3978
7133 3979
6918 3979
6087 3979
4522 3979
4313 3979
1 3979
7528 3980
1 3980
6866 3981
4620 3981
4547 3981
4281 3981
1 3981
6730 3982
1 3982
7343 3983
6026 3983
1 3983
7659 3984
6008 3984
1 3984
7618 3985
7553 3985
5368 3985
1 3985
7403 3986
5279 3986
1 3986
6549 3987
1 3987
6315 3988
1 3988
6171 3989
4886 3989
1 3989
6861 3990
6633 3990
5936 3990
4877 3990
1 3990
7030 3991
6154 3991
1 3991
7430 3992
1 3992
7355 3993
7021 3993
6309 3993
1 3993
7978 3994
4857 3994
1 3994
7740 3995
6640 3995
6334 3995
1 3995
1 3996
6332 3997
5801 3997
4058 3997
1 3997
6161 3998
5191 3998
4611 3998
1 3998
7340 3999
6587 3999
5097 3999
1 3999
1 4000
7749 4001
5437 4001
5333 4001
1 4001
6799 4002
1 4002
7555 4003
1 4003
7724 4004
7252 4004
1 4004
4 4005
3 4005
10130 4006
11789 4006
10659 4006
10649 4006
8637 4006
9642 4006
11597 4006
10219 4006
8552 4006
8916 4006
8403 4006
2 4006
11211 4007
11013 4007
10702 4007
8092 4007
9685 4007
2 4007
9793 4008
9909 4008
8411 4008
9344 4008
11309 4008
2 4008
11710 4009
10894 4009
9677 4009
10226 4009
8432 4009
8526 4009
9330 4009
2 4009
10239 4010
9594 4010
10258 4010
11032 4010
9394 4010
9291 4010
10353 4010
10947 4010
2 4010
11840 4011
10078 4011
8953 4011
8062 4011
10409 4011
2 4011
8133 4012
9912 4012
10566 4012
9811 4012
9428 4012
8276 4012
2 4012
11580 4013
8660 4013
9251 4013
11706 4013
10053 4013
8364 4013
2 4013
9352 4014
11459 4014
8946 4014
8022 4014
11693 4014
11851 4014
10133 4014
8628 4014
10049 4014
10565 4014
2 4014
9481 4015
9150 4015
8637 4015
11616 4015
2 4015
8751 4016
8150 4016
9372 4016
10085 4016
8584 4016
8759 4016
10758 4016
2 4016
10120 4017
8970 4017
9262 4017
8234 4017
11190 4017
10077 4017
2 4017
9662 4018
10284 4018
8249 4018
9496 4018
8910 4018
9288 4018
8101 4018
8917 4018
11429 4018
10635 4018
2 4018
8794 4019
11209 4019
8940 4019
8565 4019
11103 4019
8911 4019
9091 4019
9107 4019
10929 4019
8049 4019
2 4019
8125 4020
11720 4020
8524 4020
10475 4020
11797 4020
10282 4020
2 4020
8964 4021
8426 4021
11166 4021
10605 4021
11577 4021
9328 4021
11079 4021
2 4021
9437 4022
10574 4022
11875 4022
11931 4022
9382 4022
9293 4022
10627 4022
11214 4022
2 4022
8506 4023
9953 4023
10400 4023
8905 4023
9504 4023
8837 4023
10379 4023
8033 4023
9482 4023
8100 4023
2 4023
8957 4024
10876 4024
8386 4024
10233 4024
10718 4024
11754 4024
10482 4024
11418 4024
2 4024
11393 4025
10410 4025
11675 4025
11739 4025
9958 4025
9827 4025
8439 4025
2 4025
11272 4026
9142 4026
9313 4026
10463 4026
9630 4026
8510 4026
9978 4026
8896 4026
11278 4026
2 4026
10483 4027
10624 4027
11129 4027
9191 4027
10314 4027
10992 4027
8600 4027
2 4027
10275 4028
9174 4028
11611 4028
10705 4028
10256 4028
11418 4028
11492 4028
2 4028
9672 4029
9195 4029
9476 4029
10980 4029
11946 4029
11631 4029
9207 4029
11951 4029
11919 4029
11377 4029
11156 4029
2 4029
11169 4030
9721 4030
10067 4030
10646 4030
2 4030
10561 4031
11160 4031
8610 4031
8896 4031
10984 4031
10027 4031
2 4031
8390 4032
8853 4032
10909 4032
9631 4032
8048 4032
9330 4032
10988 4032
9460 4032
2 4032
8750 4033
10588 4033
8893 4033
11176 4033
2 4033
11359 4034
10098 4034
8843 4034
10681 4034
8946 4034
10415 4034
2 4034
10960 4035
10472 4035
11369 4035
10970 4035
11392 4035
9016 4035
9903 4035
2 4035
8047 4036
8219 4036
8938 4036
11864 4036
9726 4036
9531 4036
11754 4036
9925 4036
11604 4036
10458 4036
8747 4036
2 4036
10022 4037
8626 4037
11784 4037
10818 4037
11275 4037
8187 4037
9654 4037
8929 4037
9623 4037
8011 4037
9101 4037
2 4037
11585 4038
11070 4038
11272 4038
8706 4038
9669 4038
8575 4038
11250 4038
10563 4038
8832 4038
8215 4038
2 4038
9310 4039
9808 4039
11493 4039
10690 4039
2 4039
11012 4040
8861 4040
8488 4040
10916 4040
11819 4040
8097 4040
10688 4040
2 4040
10519 4041
10237 4041
8971 4041
8967 4041
8355 4041
10001 4041
10526 4041
2 4041
8953 4042
9249 4042
10271 4042
9042 4042
10981 4042
11749 4042
8292 4042
9918 4042
11124 4042
11537 4042
9376 4042
2 4042
8794 4043
11284 4043
10490 4043
10146 4043
8601 4043
2 4043
10066 4044
11928 4044
10220 4044
8574 4044
9068 4044
2 4044
8819 4045
10069 4045
8708 4045
11481 4045
10890 4045
2 4045
8981 4046
8298 4046
10301 4046
9233 4046
11468 4046
2 4046
11489 4047
10038 4047
11521 4047
10244 4047
11778 4047
2 4047
9934 4048
8809 4048
10864 4048
10470 4048
8751 4048
8383 4048
8213 4048
11461 4048
11896 4048
10987 4048
8883 4048
2 4048
8538 4049
8238 4049
11037 4049
9443 4049
10837 4049
11455 4049
10074 4049
2 4049
10361 4050
9054 4050
9386 4050
11099 4050
9411 4050
11909 4050
2 4050
8105 4051
11316 4051
10764 4051
8220 4051
10481 4051
8472 4051
9448 4051
11830 4051
2 4051
11158 4052
10409 4052
11334 4052
9865 4052
8613 4052
10169 4052
10151 4052
11267 4052
9534 4052
11462 4052
2 4052
10882 4053
9198 4053
11999 4053
11071 4053
8530 4053
2 4053
8943 4054
11192 4054
8518 4054
11810 4054
8237 4054
11484 4054
10314 4054
9617 4054
8195 4054
10421 4054
8090 4054
2 4054
9463 4055
10303 4055
8204 4055
10127 4055
11684 4055
10928 4055
11531 4055
10772 4055
11910 4055
2 4055
9703 4056
9039 4056
11782 4056
8270 4056
10571 4056
8045 4056
10370 4056
10020 4056
8610 4056
8741 4056
2 4056
8741 4057
8682 4057
10289 4057
8442 4057
10379 4057
10110 4057
11703 4057
9084 4057
9753 4057
11594 4057
11863 4057
2 4057
9662 4058
8419 4058
10352 4058
10193 4058
2 4058
8242 4059
10558 4059
10283 4059
10373 4059
11627 4059
8132 4059
9828 4059
11307 4059
10130 4059
8427 4059
2 4059
11686 4060
9216 4060
9850 4060
11807 4060
9236 4060
9059 4060
8518 4060
10700 4060
9292 4060
8497 4060
9082 4060
2 4060
9296 4061
9276 4061
9639 4061
10565 4061
10539 4061
10327 4061
10016 4061
8169 4061
9781 4061
2 4061
9215 4062
11682 4062
11865 4062
9807 4062
8588 4062
10296 4062
10740 4062
2 4062
10086 4063
8952 4063
11774 4063
10984 4063
9794 4063
2 4063
9484 4064
11554 4064
8858 4064
11586 4064
2 4064
9019 4065
10201 4065
11878 4065
10993 4065
8578 4065
9360 4065
8527 4065
9214 4065
2 4065
11442 4066
9891 4066
9695 4066
10513 4066
2 4066
8359 4067
11364 4067
11416 4067
9264 4067
11808 4067
2 4067
10270 4068
8970 4068
11689 4068
10563 4068
10697 4068
8963 4068
8541 4068
2 4068
11974 4069
11972 4069
8257 4069
11469 4069
10573 4069
11683 4069
8577 4069
8278 4069
11968 4069
8181 4069
10782 4069
2 4069
8662 4070
10191 4070
11703 4070
9197 4070
8767 4070
10289 4070
10620 4070
10956 4070
10892 4070
10316 4070
2 4070
9696 4071
8899 4071
10247 4071
10048 4071
10181 4071
9009 4071
2 4071
10672 4072
11519 4072
11599 4072
11622 4072
8348 4072
8871 4072
9182 4072
2 4072
8560 4073
9255 4073
11309 4073
10021 4073
9450 4073
2 4073
11911 4074
9705 4074
10856 4074
11457 4074
9739 4074
8511 4074
11228 4074
11409 4074
8625 4074
2 4074
11447 4075
9980 4075
9927 4075
10618 4075
10220 4075
10997 4075
11703 4075
9897 4075
10265 4075
10030 4075
10027 4075
2 4075
8490 4076
11948 4076
9985 4076
10183 4076
11787 4076
2 4076
11635 4077
8545 4077
9434 4077
8331 4077
9990 4077
9170 4077
10837 4077
11444 4077
11913 4077
8311 4077
9354 4077
2 4077
8687 4078
11799 4078
10566 4078
9736 4078
10641 4078
2 4078
8448 4079
10618 4079
10959 4079
11221 4079
9598 4079
9147 4079
10902 4079
10757 4079
9084 4079
9680 4079
2 4079
10026 4080
10717 4080
8053 4080
9458 4080
8520 4080
2 4080
10283 4081
11216 4081
11319 4081
9873 4081
9228 4081
10354 4081
10659 4081
2 4081
8353 4082
11111 4082
9594 4082
10186 4082
10064 4082
8899 4082
9505 4082
2 4082
9737 4083
9386 4083
11301 4083
9740 4083
10045 4083
8812 4083
9950 4083
8158 4083
9650 4083
0 4083
2 4083
8026 4084
9759 4084
10673 4084
9078 4084
8923 4084
8437 4084
8596 4084
11811 4084
11855 4084
11551 4084
2 4084
11738 4085
8282 4085
9268 4085
8942 4085
2 4085
11961 4086
10632 4086
10784 4086
10591 4086
9657 4086
2 4086
11022 4087
9257 4087
8314 4087
9993 4087
10662 4087
11163 4087
8160 4087
10974 4087
11230 4087
2 4087
10621 4088
10234 4088
10127 4088
11826 4088
11975 4088
11652 4088
9706 4088
8153 4088
9960 4088
8326 4088
2 4088
10877 4089
9783 4089
8287 4089
11863 4089
2 4089
8344 4090
8286 4090
8006 4090
10487 4090
11095 4090
9542 4090
2 4090
10128 4091
9313 4091
11093 4091
9689 4091
2 4091
11271 4092
11502 4092
9667 4092
9073 4092
11121 4092
11388 4092
2 4092
10874 4093
11585 4093
9615 4093
8157 4093
2 4093
10003 4094
9094 4094
10427 4094
9617 4094
10198 4094
10217 4094
11738 4094
2 4094
11160 4095
10177 4095
8787 4095
10524 4095
9657 4095
9335 4095
10039 4095
2 4095
10783 4096
9601 4096
9780 4096
8281 4096
11724 4096
8859 4096
10715 4096
10531 4096
10460 4096
8368 4096
2 4096
11345 4097
10572 4097
9324 4097
10154 4097
9045 4097
2 4097
9367 4098
8594 4098
8882 4098
10379 4098
10004 4098
11843 4098
10625 4098
9138 4098
9735 4098
9368 4098
11547 4098
2 4098
10780 4099
8576 4099
9433 4099
10720 4099
10093 4099
2 4099
8068 4100
11308 4100
9492 4100
8442 4100
10029 4100
8018 4100
2 4100
10344 4101
10357 4101
8682 4101
10996 4101
9508 4101
8689 4101
9100 4101
2 4101
8106 4102
9047 4102
9575 4102
11190 4102
8724 4102
9583 4102
11844 4102
2 4102
10254 4103
10246 4103
9343 4103
9675 4103
11621 4103
2 4103
10026 4104
8606 4104
9084 4104
10902 4104
11650 4104
10940 4104
11949 4104
11217 4104
2 4104
8148 4105
11615 4105
8293 4105
8127 4105
9730 4105
11000 4105
8161 4105
11170 4105
11925 4105
9993 4105
2 4105
8230 4106
9067 4106
11607 4106
11094 4106
9376 4106
10154 4106
11239 4106
10932 4106
2 4106
10615 4107
9298 4107
10129 4107
10841 4107
9988 4107
2 4107
11099 4108
0 4108
9955 4108
10803 4108
9712 4108
9688 4108
10190 4108
9123 4108
9806 4108
2 4108
11483 4109
11674 4109
9601 4109
8486 4109
9496 4109
11745 4109
10686 4109
2 4109
8488 4110
9365 4110
11675 4110
8458 4110
11205 4110
9395 4110
2 4110
8739 4111
11552 4111
9368 4111
11745 4111
2 4111
8772 4112
10667 4112
10659 4112
11819 4112
8927 4112
11390 4112
11687 4112
8332 4112
8662 4112
2 4112
9956 4113
9888 4113
8137 4113
10538 4113
10894 4113
2 4113
9654 4114
8833 4114
10047 4114
11313 4114
10101 4114
10734 4114
9572 4114
10407 4114
11102 4114
2 4114
8199 4115
11111 4115
11115 4115
10018 4115
11666 4115
11233 4115
9880 4115
9613 4115
11973 4115
2 4115
10563 4116
10020 4116
10336 4116
8543 4116
8829 4116
8363 4116
10850 4116
11699 4116
10319 4116
8608 4116
8823 4116
2 4116
11817 4117
10277 4117
8716 4117
10101 4117
9791 4117
9639 4117
10761 4117
2 4117
11462 4118
9838 4118
8987 4118
10734 4118
8622 4118
10838 4118
8321 4118
9069 4118
10606 4118
10003 4118
8939 4118
2 4118
10332 4119
8544 4119
11246 4119
9802 4119
11429 4119
2 4119
10835 4120
10259 4120
8538 4120
10169 4120
8879 4120
9194 4120
10146 4120
11035 4120
10003 4120
2 4120
10771 4121
10933 4121
11863 4121
11062 4121
9025 4121
11108 4121
9099 4121
10106 4121
9829 4121
2 4121
8282 4122
8304 4122
11899 4122
9088 4122
9948 4122
8054 4122
8366 4122
9006 4122
2 4122
11623 4123
11787 4123
10206 4123
9874 4123
9919 4123
8651 4123
11262 4123
8012 4123
11816 4123
2 4123
11203 4124
8007 4124
8438 4124
10106 4124
9501 4124
11421 4124
2 4124
10019 4125
9778 4125
8044 4125
8697 4125
11899 4125
2 4125
8277 4126
11121 4126
10042 4126
9476 4126
10207 4126
11675 4126
10174 4126
9272 4126
8301 4126
11991 4126
2 4126
9722 4127
8440 4127
11821 4127
10212 4127
8112 4127
11158 4127
11953 4127
2 4127
9838 4128
10036 4128
8039 4128
11386 4128
9103 4128
10033 4128
11845 4128
2 4128
8902 4129
10724 4129
8337 4129
10434 4129
11709 4129
10141 4129
2 4129
11765 4130
8932 4130
11809 4130
9689 4130
11650 4130
9753 4130
8578 4130
11348 4130
2 4130
10071 4131
11454 4131
11840 4131
9070 4131
10228 4131
8871 4131
9088 4131
8565 4131
10681 4131
2 4131
9854 4132
10973 4132
8120 4132
11059 4132
11111 4132
11296 4132
2 4132
11545 4133
9273 4133
10495 4133
10029 4133
11610 4133
9452 4133
2 4133
9089 4134
8553 4134
9099 4134
11387 4134
11106 4134
9087 4134
9472 4134
2 4134
11440 4135
11849 4135
10286 4135
10321 4135
9298 4135
2 4135
10259 4136
10912 4136
10577 4136
8354 4136
9185 4136
10347 4136
10572 4136
9641 4136
11457 4136
2 4136
10551 4137
11520 4137
9653 4137
9536 4137
2 4137
8910 4138
11307 4138
8347 4138
9565 4138
11610 4138
8927 4138
8920 4138
11500 4138
9949 4138
9751 4138
9198 4138
2 4138
10552 4139
8862 4139
11489 4139
9503 4139
9715 4139
10859 4139
11383 4139
10089 4139
11889 4139
2 4139
9243 4140
8530 4140
9897 4140
11327 4140
8666 4140
8050 4140
10187 4140
2 4140
11365 4141
11226 4141
10089 4141
8135 4141
2 4141
9530 4142
9589 4142
10981 4142
9088 4142
10639 4142
10203 4142
9460 4142
10742 4142
9791 4142
2 4142
9165 4143
10672 4143
9643 4143
11249 4143
11312 4143
11363 4143
10280 4143
9364 4143
2 4143
8875 4144
9989 4144
11602 4144
8344 4144
10058 4144
10048 4144
9963 4144
2 4144
10520 4145
11836 4145
8944 4145
11859 4145
11964 4145
10512 4145
8999 4145
11688 4145
9407 4145
11472 4145
10614 4145
2 4145
8293 4146
8690 4146
9988 4146
11058 4146
9721 4146
2 4146
9042 4147
9713 4147
11874 4147
11192 4147
11068 4147
11546 4147
2 4147
9032 4148
9627 4148
11131 4148
9175 4148
2 4148
10578 4149
10997 4149
10028 4149
10902 4149
9745 4149
10267 4149
8085 4149
11271 4149
2 4149
8118 4150
10176 4150
11216 4150
9794 4150
10260 4150
10021 4150
9476 4150
9228 4150
8057 4150
9335 4150
2 4150
8316 4151
9710 4151
9668 4151
11010 4151
2 4151
8495 4152
9631 4152
10565 4152
8268 4152
8803 4152
9605 4152
11776 4152
10856 4152
2 4152
10488 4153
8624 4153
8169 4153
8592 4153
10349 4153
9589 4153
11201 4153
8213 4153
9202 4153
11347 4153
2 4153
11987 4154
9023 4154
9669 4154
8804 4154
11264 4154
9938 4154
9957 4154
10547 4154
11232 4154
8540 4154
10788 4154
2 4154
8084 4155
11065 4155
11944 4155
11388 4155
9160 4155
9718 4155
10077 4155
10833 4155
9524 4155
8485 4155
2 4155
10859 4156
11454 4156
8790 4156
11123 4156
8440 4156
9349 4156
2 4156
11989 4157
11983 4157
10729 4157
10064 4157
10777 4157
9543 4157
11344 4157
8387 4157
8536 4157
2 4157
11845 4158
10712 4158
8613 4158
9638 4158
2 4158
8137 4159
8381 4159
10271 4159
9878 4159
9859 4159
9817 4159
11827 4159
11817 4159
11461 4159
10920 4159
2 4159
10927 4160
9342 4160
8881 4160
8173 4160
10505 4160
2 4160
9996 4161
8385 4161
11792 4161
11280 4161
8110 4161
8647 4161
10609 4161
11678 4161
9950 4161
0 4161
8802 4161
2 4161
9253 4162
11930 4162
9923 4162
8922 4162
8005 4162
8091 4162
2 4162
10663 4163
11505 4163
10283 4163
10850 4163
11160 4163
10052 4163
2 4163
11364 4164
8103 4164
11138 4164
10969 4164
11769 4164
9518 4164
2 4164
9889 4165
8105 4165
11362 4165
8435 4165
10058 4165
9862 4165
2 4165
10273 4166
11727 4166
9784 4166
10439 4166
9454 4166
8162 4166
10841 4166
2 4166
9475 4167
8689 4167
10571 4167
9844 4167
11336 4167
2 4167
9323 4168
8534 4168
9349 4168
9424 4168
11873 4168
9346 4168
9808 4168
11555 4168
9020 4168
8592 4168
2 4168
8905 4169
8281 4169
10715 4169
9893 4169
2 4169
11616 4170
11250 4170
10632 4170
8303 4170
8020 4170
2 4170
10095 4171
9854 4171
11306 4171
11293 4171
11155 4171
9963 4171
8398 4171
10109 4171
2 4171
9978 4172
10791 4172
10388 4172
9577 4172
9233 4172
9609 4172
11270 4172
10872 4172
9087 4172
11999 4172
11794 4172
2 4172
8463 4173
11823 4173
8256 4173
8265 4173
11623 4173
11044 4173
11641 4173
9332 4173
8073 4173
8474 4173
8437 4173
2 4173
11226 4174
9070 4174
8262 4174
11599 4174
9263 4174
10102 4174
10409 4174
9305 4174
8327 4174
2 4174
10937 4175
9025 4175
9397 4175
8552 4175
9777 4175
2 4175
8894 4176
8370 4176
10698 4176
10972 4176
10359 4176
11809 4176
2 4176
8329 4177
11172 4177
10789 4177
9866 4177
8499 4177
2 4177
11260 4178
11264 4178
11878 4178
9760 4178
9609 4178
8741 4178
2 4178
8248 4179
10898 4179
8379 4179
10052 4179
9106 4179
2 4179
11408 4180
10994 4180
9550 4180
8911 4180
2 4180
8688 4181
9835 4181
8122 4181
11031 4181
9131 4181
8188 4181
10982 4181
2 4181
8985 4182
11954 4182
10358 4182
9510 4182
10396 4182
10764 4182
2 4182
11913 4183
11903 4183
11275 4183
11395 4183
11563 4183
8390 4183
2 4183
10851 4184
8324 4184
8065 4184
8995 4184
2 4184
11700 4185
10246 4185
10316 4185
11524 4185
10432 4185
8895 4185
9081 4185
10039 4185
2 4185
8179 4186
11572 4186
11347 4186
9088 4186
10299 4186
10907 4186
9460 4186
10376 4186
2 4186
10844 4187
9744 4187
9272 4187
8791 4187
9023 4187
11303 4187
11626 4187
11046 4187
8774 4187
11747 4187
9461 4187
2 4187
11004 4188
9355 4188
10194 4188
10093 4188
8047 4188
8845 4188
2 4188
10788 4189
8448 4189
10905 4189
10632 4189
9555 4189
9036 4189
10397 4189
8917 4189
9820 4189
2 4189
9626 4190
8585 4190
10026 4190
8948 4190
10491 4190
11424 4190
10524 4190
10831 4190
9183 4190
8839 4190
10547 4190
2 4190
9037 4191
9738 4191
8065 4191
8821 4191
2 4191
11480 4192
9803 4192
11654 4192
11184 4192
2 4192
9916 4193
8321 4193
11435 4193
9349 4193
11939 4193
10307 4193
2 4193
8047 4194
9890 4194
11426 4194
11551 4194
9355 4194
8799 4194
9773 4194
11641 4194
8559 4194
2 4194
10116 4195
9567 4195
8462 4195
10004 4195
10773 4195
10140 4195
9953 4195
11631 4195
9513 4195
10207 4195
10877 4195
2 4195
11868 4196
10987 4196
11338 4196
10835 4196
8946 4196
11749 4196
9776 4196
9948 4196
8443 4196
2 4196
9500 4197
11029 4197
10046 4197
8844 4197
10041 4197
9459 4197
8763 4197
9456 4197
0 4197
2 4197
11064 4198
11366 4198
11229 4198
8130 4198
11358 4198
9206 4198
9466 4198
10667 4198
11650 4198
9481 4198
11445 4198
2 4198
8011 4199
8186 4199
9787 4199
9791 4199
10155 4199
9645 4199
10421 4199
10886 4199
9001 4199
11234 4199
2 4199
10384 4200
11422 4200
9053 4200
10208 4200
8355 4200
9246 4200
10035 4200
9238 4200
11705 4200
2 4200
8817 4201
8727 4201
8342 4201
10853 4201
9349 4201
10567 4201
11312 4201
10597 4201
2 4201
9489 4202
10942 4202
11061 4202
11793 4202
9225 4202
2 4202
8415 4203
9024 4203
9303 4203
8691 4203
8601 4203
11182 4203
11056 4203
2 4203
11514 4204
11713 4204
9372 4204
8267 4204
9385 4204
9178 4204
11456 4204
9219 4204
11363 4204
10474 4204
2 4204
8700 4205
11080 4205
9046 4205
11061 4205
8013 4205
11727 4205
9018 4205
11183 4205
8061 4205
8397 4205
11865 4205
2 4205
9425 4206
9632 4206
11260 4206
11590 4206
8869 4206
9909 4206
10059 4206
10704 4206
11961 4206
9023 4206
2 4206
10699 4207
8768 4207
9359 4207
9062 4207
2 4207
9105 4208
9235 4208
11423 4208
10895 4208
8307 4208
11572 4208
8843 4208
8532 4208
10211 4208
10415 4208
2 4208
8097 4209
11552 4209
8836 4209
9723 4209
10176 4209
9455 4209
2 4209
8165 4210
8502 4210
10314 4210
8209 4210
9235 4210
11376 4210
9823 4210
9236 4210
9107 4210
2 4210
9615 4211
10386 4211
8720 4211
11088 4211
9567 4211
11656 4211
11411 4211
11122 4211
11417 4211
8332 4211
2 4211
11438 4212
10283 4212
9933 4212
9083 4212
10877 4212
8645 4212
2 4212
8137 4213
8476 4213
9742 4213
10151 4213
11086 4213
9104 4213
8299 4213
8078 4213
11401 4213
2 4213
11352 4214
11954 4214
11683 4214
10893 4214
9336 4214
2 4214
10590 4215
9599 4215
9581 4215
9969 4215
10811 4215
8032 4215
11306 4215
8365 4215
11923 4215
11436 4215
2 4215
8788 4216
9857 4216
9184 4216
11680 4216
11508 4216
11671 4216
10137 4216
10711 4216
11870 4216
2 4216
8567 4217
10495 4217
8216 4217
11843 4217
10021 4217
8149 4217
11575 4217
11879 4217
11089 4217
2 4217
8164 4218
8251 4218
10721 4218
11950 4218
11617 4218
8668 4218
8333 4218
8639 4218
9057 4218
10083 4218
9261 4218
2 4218
10792 4219
10115 4219
9055 4219
11943 4219
10229 4219
8340 4219
10869 4219
8719 4219
10422 4219
9318 4219
2 4219
8468 4220
9140 4220
10096 4220
9726 4220
10888 4220
10324 4220
10414 4220
9387 4220
2 4220
10800 4221
8306 4221
11976 4221
11751 4221
11628 4221
9794 4221
9753 4221
9447 4221
11631 4221
10117 4221
2 4221
10717 4222
8516 4222
8085 4222
11214 4222
9089 4222
11675 4222
2 4222
9099 4223
11046 4223
9051 4223
8102 4223
8206 4223
2 4223
10942 4224
11766 4224
8668 4224
9225 4224
2 4224
11486 4225
9956 4225
8613 4225
10049 4225
8999 4225
9085 4225
11234 4225
8311 4225
9787 4225
2 4225
10287 4226
8346 4226
8154 4226
8441 4226
10221 4226
8641 4226
10175 4226
11099 4226
11884 4226
8719 4226
2 4226
8129 4227
9253 4227
10740 4227
11669 4227
2 4227
10870 4228
8190 4228
8927 4228
10373 4228
10949 4228
9657 4228
10004 4228
2 4228
9472 4229
10188 4229
9720 4229
11369 4229
11216 4229
11712 4229
11576 4229
10591 4229
2 4229
10176 4230
10419 4230
10293 4230
10784 4230
10984 4230
8644 4230
9644 4230
11476 4230
11928 4230
10450 4230
8824 4230
2 4230
11979 4231
10704 4231
8711 4231
10997 4231
9150 4231
9220 4231
9380 4231
8093 4231
8645 4231
10260 4231
11260 4231
2 4231
11814 4232
9585 4232
10170 4232
8056 4232
2 4232
8978 4233
10976 4233
8365 4233
9924 4233
8474 4233
8627 4233
10557 4233
11634 4233
10054 4233
10112 4233
2 4233
8927 4234
11246 4234
10744 4234
9745 4234
11502 4234
9234 4234
11133 4234
11918 4234
10834 4234
2 4234
10341 4235
11100 4235
9198 4235
8910 4235
10205 4235
2 4235
8858 4236
8086 4236
11146 4236
8885 4236
10206 4236
8627 4236
10235 4236
10608 4236
10275 4236
11362 4236
8521 4236
2 4236
10727 4237
8093 4237
9780 4237
10006 4237
11877 4237
10745 4237
2 4237
10453 4238
11973 4238
8305 4238
11983 4238
11374 4238
10973 4238
11971 4238
11027 4238
10092 4238
10323 4238
2 4238
10783 4239
11655 4239
9868 4239
9331 4239
9766 4239
8544 4239
9014 4239
8310 4239
8832 4239
11588 4239
9949 4239
2 4239
9536 4240
11057 4240
10725 4240
8545 4240
10818 4240
2 4240
11022 4241
11453 4241
9810 4241
10678 4241
11240 4241
11705 4241
9518 4241
2 4241
11104 4242
8440 4242
8318 4242
8994 4242
8632 4242
9593 4242
8919 4242
8937 4242
2 4242
10878 4243
10984 4243
8910 4243
10849 4243
2 4243
10977 4244
10871 4244
10634 4244
8713 4244
2 4244
11340 4245
10751 4245
11904 4245
10639 4245
10787 4245
9435 4245
9983 4245
9686 4245
8640 4245
11025 4245
2 4245
11232 4246
9583 4246
9689 4246
11214 4246
10954 4246
8810 4246
11271 4246
2 4246
10946 4247
8151 4247
8035 4247
9130 4247
2 4247
11075 4248
11495 4248
11676 4248
8983 4248
8932 4248
10555 4248
11366 4248
8207 4248
11210 4248
11308 4248
8419 4248
2 4248
9549 4249
10698 4249
8637 4249
9073 4249
8838 4249
8368 4249
9557 4249
9365 4249
10097 4249
9004 4249
8523 4249
2 4249
10403 4250
8442 4250
8567 4250
8766 4250
8773 4250
10970 4250
9228 4250
9958 4250
10956 4250
2 4250
11922 4251
10585 4251
9039 4251
8175 4251
10617 4251
8266 4251
10388 4251
8501 4251
9470 4251
9461 4251
2 4251
9194 4252
10100 4252
10171 4252
9534 4252
8394 4252
2 4252
8559 4253
9134 4253
8577 4253
8468 4253
9914 4253
11923 4253
8723 4253
8125 4253
11980 4253
2 4253
10994 4254
11717 4254
9666 4254
10752 4254
2 4254
11552 4255
9367 4255
9353 4255
9294 4255
10831 4255
9751 4255
10238 4255
9287 4255
2 4255
8624 4256
11493 4256
10575 4256
8844 4256
9984 4256
2 4256
8010 4257
8041 4257
8096 4257
8400 4257
11488 4257
10367 4257
11068 4257
9495 4257
2 4257
11669 4258
8586 4258
8174 4258
9136 4258
11684 4258
11950 4258
9526 4258
10760 4258
2 4258
10124 4259
10295 4259
9448 4259
11362 4259
9141 4259
2 4259
11217 4260
9720 4260
10105 4260
8755 4260
11907 4260
8068 4260
2 4260
8444 4261
8639 4261
8971 4261
8005 4261
9729 4261
8797 4261
9445 4261
11061 4261
2 4261
8237 4262
8354 4262
10404 4262
10681 4262
11874 4262
10691 4262
11005 4262
9401 4262
8702 4262
8703 4262
2 4262
9622 4263
11340 4263
9931 4263
11201 4263
2 4263
8015 4264
10858 4264
11161 4264
8561 4264
11399 4264
9851 4264
10963 4264
2 4264
10175 4265
11478 4265
11008 4265
11280 4265
10072 4265
10477 4265
11799 4265
9694 4265
8133 4265
8421 4265
2 4265
10812 4266
11699 4266
9900 4266
8769 4266
10193 4266
2 4266
8769 4267
8462 4267
10289 4267
9582 4267
9632 4267
9160 4267
8859 4267
11529 4267
10717 4267
11918 4267
2 4267
9310 4268
10794 4268
8833 4268
11405 4268
8292 4268
10977 4268
11614 4268
9354 4268
10297 4268
11463 4268
10204 4268
2 4268
8587 4269
8464 4269
8795 4269
10011 4269
9647 4269
2 4269
8381 4270
9407 4270
11710 4270
10503 4270
11279 4270
9495 4270
2 4270
8274 4271
10152 4271
10484 4271
8602 4271
9736 4271
9406 4271
10229 4271
2 4271
11186 4272
9558 4272
11138 4272
9246 4272
11921 4272
11504 4272
11149 4272
11287 4272
11925 4272
11181 4272
10266 4272
2 4272
10638 4273
10877 4273
10531 4273
9306 4273
11852 4273
8789 4273
8689 4273
9146 4273
9199 4273
11077 4273
11244 4273
2 4273
8143 4274
9705 4274
9840 4274
9920 4274
2 4274
10346 4275
8957 4275
10811 4275
10291 4275
9117 4275
9797 4275
10458 4275
11828 4275
9553 4275
2 4275
9292 4276
11536 4276
11005 4276
9304 4276
2 4276
10415 4277
10380 4277
10179 4277
10345 4277
8210 4277
9878 4277
11536 4277
2 4277
8623 4278
10254 4278
8861 4278
9926 4278
8516 4278
2 4278
8600 4279
8010 4279
11780 4279
11127 4279
8714 4279
8958 4279
8811 4279
9127 4279
10987 4279
11102 4279
11338 4279
2 4279
11291 4280
10215 4280
9491 4280
10927 4280
2 4280
10139 4281
11276 4281
8659 4281
10935 4281
2 4281
8403 4282
11272 4282
8649 4282
8459 4282
2 4282
11205 4283
11676 4283
11160 4283
9958 4283
9975 4283
11976 4283
2 4283
9146 4284
10310 4284
9679 4284
8277 4284
10495 4284
11278 4284
11699 4284
8837 4284
10135 4284
2 4284
9403 4285
10560 4285
9499 4285
8381 4285
9130 4285
9322 4285
2 4285
9322 4286
11899 4286
11723 4286
11671 4286
2 4286
11288 4287
11106 4287
11066 4287
9587 4287
8020 4287
10733 4287
9207 4287
2 4287
11261 4288
10527 4288
10640 4288
11604 4288
2 4288
10112 4289
11551 4289
9890 4289
9124 4289
2 4289
8529 4290
10628 4290
10004 4290
9465 4290
10061 4290
8935 4290
8895 4290
2 4290
9745 4291
9718 4291
11949 4291
11468 4291
2 4291
11201 4292
9948 4292
9203 4292
11474 4292
10314 4292
8477 4292
2 4292
11141 4293
9961 4293
11642 4293
8891 4293
10806 4293
11717 4293
9364 4293
8565 4293
10894 4293
8879 4293
8961 4293
2 4293
10673 4294
11084 4294
9213 4294
11977 4294
10411 4294
2 4294
9930 4295
10731 4295
11772 4295
9157 4295
11110 4295
10579 4295
2 4295
10930 4296
10508 4296
11591 4296
9420 4296
2 4296
10392 4297
11506 4297
11840 4297
11035 4297
8904 4297
2 4297
8954 4298
9111 4298
9755 4298
11694 4298
8273 4298
10644 4298
10590 4298
10828 4298
9378 4298
9321 4298
10893 4298
2 4298
8425 4299
11660 4299
10805 4299
10657 4299
11415 4299
9321 4299
10365 4299
11114 4299
10692 4299
9553 4299
9484 4299
2 4299
10012 4300
10499 4300
8951 4300
8447 4300
11017 4300
2 4300
9252 4301
9334 4301
8223 4301
11256 4301
10038 4301
10581 4301
9460 4301
11978 4301
10385 4301
9677 4301
2 4301
11072 4302
10765 4302
9461 4302
8673 4302
11387 4302
2 4302
11051 4303
8976 4303
9999 4303
8553 4303
11704 4303
2 4303
9711 4304
9374 4304
10273 4304
10621 4304
11837 4304
2 4304
10965 4305
8485 4305
8775 4305
11412 4305
2 4305
8026 4306
9037 4306
10505 4306
9079 4306
9336 4306
10612 4306
9491 4306
11492 4306
10876 4306
11415 4306
8437 4306
2 4306
9021 4307
8115 4307
9037 4307
11027 4307
2 4307
8878 4308
10860 4308
11823 4308
9433 4308
11420 4308
11864 4308
8378 4308
11980 4308
10476 4308
11004 4308
2 4308
11760 4309
9986 4309
10477 4309
9269 4309
8154 4309
9358 4309
9289 4309
9038 4309
8849 4309
9209 4309
2 4309
9690 4310
9760 4310
9014 4310
9072 4310
11117 4310
8202 4310
10610 4310
10403 4310
2 4310
9019 4311
8496 4311
9344 4311
11545 4311
2 4311
10037 4312
11233 4312
11660 4312
9696 4312
10489 4312
11897 4312
8517 4312
10826 4312
2 4312
8776 4313
8628 4313
8227 4313
10349 4313
11488 4313
8139 4313
9584 4313
10719 4313
2 4313
9110 4314
10209 4314
10519 4314
8967 4314
10873 4314
9944 4314
2 4314
11491 4315
9148 4315
9925 4315
8923 4315
11004 4315
8559 4315
11830 4315
8451 4315
10631 4315
11418 4315
2 4315
10799 4316
8578 4316
11391 4316
10145 4316
10246 4316
9977 4316
10393 4316
2 4316
11322 4317
9182 4317
9666 4317
11874 4317
11696 4317
8940 4317
11295 4317
11523 4317
11579 4317
9121 4317
2 4317
10193 4318
10006 4318
11075 4318
10090 4318
8578 4318
11648 4318
10170 4318
9337 4318
8585 4318
10238 4318
9487 4318
2 4318
11050 4319
10165 4319
10410 4319
10223 4319
9196 4319
8020 4319
10267 4319
8281 4319
2 4319
8318 4320
11537 4320
8994 4320
10742 4320
11048 4320
11128 4320
10685 4320
11489 4320
8030 4320
10907 4320
2 4320
9243 4321
8698 4321
11990 4321
8430 4321
10582 4321
9913 4321
10238 4321
2 4321
8130 4322
11012 4322
8270 4322
11832 4322
9465 4322
9825 4322
9501 4322
9554 4322
11286 4322
9583 4322
8194 4322
2 4322
8578 4323
10571 4323
11949 4323
10735 4323
9370 4323
11804 4323
8510 4323
2 4323
8786 4324
10678 4324
11063 4324
9453 4324
8909 4324
9275 4324
8251 4324
9833 4324
9410 4324
10303 4324
11921 4324
2 4324
11105 4325
9761 4325
10695 4325
11089 4325
9575 4325
9198 4325
11372 4325
2 4325
10540 4326
10381 4326
10991 4326
8476 4326
9858 4326
9435 4326
8958 4326
10244 4326
2 4326
11460 4327
8482 4327
9967 4327
9604 4327
10011 4327
10827 4327
9647 4327
9229 4327
8285 4327
11355 4327
2 4327
9334 4328
11226 4328
10459 4328
9308 4328
10742 4328
2 4328
11383 4329
8556 4329
9917 4329
11023 4329
8702 4329
9562 4329
8168 4329
9241 4329
9865 4329
8911 4329
2 4329
11816 4330
10377 4330
9430 4330
8750 4330
10564 4330
10637 4330
11744 4330
10852 4330
11609 4330
11857 4330
2 4330
9396 4331
11543 4331
8040 4331
9936 4331
8537 4331
11586 4331
9132 4331
9907 4331
11052 4331
9124 4331
11818 4331
2 4331
10424 4332
9756 4332
9867 4332
10591 4332
9760 4332
11922 4332
11882 4332
9991 4332
10833 4332
8074 4332
2 4332
11202 4333
8132 4333
11143 4333
11043 4333
9949 4333
10009 4333
11640 4333
11637 4333
8580 4333
10652 4333
2 4333
9334 4334
9224 4334
9177 4334
9552 4334
9189 4334
10252 4334
8186 4334
11537 4334
11691 4334
2 4334
8670 4335
10786 4335
8258 4335
11940 4335
9050 4335
8694 4335
11367 4335
9052 4335
8015 4335
10296 4335
9000 4335
2 4335
10787 4336
11842 4336
8364 4336
9322 4336
10903 4336
8805 4336
2 4336
8923 4337
10976 4337
10583 4337
9254 4337
8566 4337
11362 4337
8408 4337
11434 4337
8651 4337
9726 4337
2 4337
10538 4338
9263 4338
11408 4338
10702 4338
10865 4338
10789 4338
2 4338
10940 4339
9937 4339
9285 4339
11901 4339
10649 4339
11116 4339
9583 4339
11636 4339
2 4339
11191 4340
8213 4340
9781 4340
9593 4340
10829 4340
8223 4340
9237 4340
2 4340
11211 4341
10146 4341
11691 4341
11395 4341
11614 4341
2 4341
9761 4342
11372 4342
11264 4342
9636 4342
10419 4342
10373 4342
8247 4342
2 4342
10147 4343
11902 4343
8708 4343
10951 4343
11541 4343
11069 4343
11705 4343
9157 4343
8015 4343
9485 4343
2 4343
11506 4344
8475 4344
9252 4344
11222 4344
10520 4344
8390 4344
2 4344
11487 4345
11909 4345
10683 4345
9610 4345
8982 4345
2 4345
11336 4346
9245 4346
10834 4346
8332 4346
2 4346
10859 4347
11721 4347
9525 4347
9559 4347
9190 4347
8498 4347
9666 4347
8997 4347
11267 4347
11596 4347
2 4347
10330 4348
8982 4348
9606 4348
11943 4348
8951 4348
2 4348
11005 4349
10019 4349
10946 4349
10024 4349
9951 4349
2 4349
8418 4350
9836 4350
8135 4350
11471 4350
2 4350
9744 4351
10697 4351
10668 4351
11996 4351
11270 4351
8363 4351
8439 4351
8827 4351
8861 4351
10625 4351
2 4351
9820 4352
9642 4352
10123 4352
9345 4352
8270 4352
9896 4352
8471 4352
9328 4352
2 4352
10269 4353
10083 4353
8160 4353
10305 4353
2 4353
8728 4354
11573 4354
9797 4354
10930 4354
10288 4354
9041 4354
10939 4354
9852 4354
8218 4354
11923 4354
8086 4354
2 4354
11891 4355
11849 4355
11941 4355
10521 4355
10161 4355
11208 4355
9833 4355
9393 4355
2 4355
8079 4356
10050 4356
9130 4356
9295 4356
8063 4356
9311 4356
9808 4356
2 4356
10829 4357
10038 4357
11442 4357
9713 4357
2 4357
11059 4358
8199 4358
9342 4358
10899 4358
11885 4358
8938 4358
10692 4358
8621 4358
2 4358
8467 4359
10516 4359
11671 4359
8237 4359
10920 4359
10010 4359
11868 4359
9423 4359
2 4359
9467 4360
8991 4360
9999 4360
10870 4360
11108 4360
11122 4360
8775 4360
11645 4360
8126 4360
10765 4360
2 4360
8338 4361
8615 4361
9041 4361
11513 4361
11326 4361
11028 4361
8073 4361
2 4361
10473 4362
8466 4362
11773 4362
9683 4362
10850 4362
10715 4362
8689 4362
2 4362
11145 4363
9196 4363
8965 4363
10704 4363
8637 4363
10113 4363
9932 4363
10289 4363
11309 4363
8828 4363
8998 4363
2 4363
9384 4364
11562 4364
8987 4364
9460 4364
11413 4364
11351 4364
11642 4364
2 4364
8063 4365
9189 4365
10470 4365
11375 4365
9984 4365
2 4365
8029 4366
8581 4366
9400 4366
9301 4366
11501 4366
11099 4366
10099 4366
8110 4366
9411 4366
8864 4366
10281 4366
2 4366
9493 4367
9526 4367
9514 4367
10129 4367
9018 4367
2 4367
10169 4368
8440 4368
11933 4368
10459 4368
9605 4368
11840 4368
11041 4368
11410 4368
9162 4368
2 4368
8959 4369
9091 4369
10934 4369
9858 4369
11209 4369
11363 4369
10245 4369
8857 4369
8518 4369
11174 4369
2 4369
10899 4370
9596 4370
11641 4370
11733 4370
11220 4370
11082 4370
11985 4370
10692 4370
10058 4370
2 4370
9745 4371
8117 4371
9081 4371
9402 4371
11961 4371
8505 4371
11577 4371
2 4371
10060 4372
8720 4372
10087 4372
8246 4372
11961 4372
9580 4372
8401 4372
2 4372
9075 4373
10212 4373
8944 4373
10204 4373
10920 4373
8507 4373
11427 4373
2 4373
10805 4374
9159 4374
11528 4374
8398 4374
9302 4374
2 4374
11813 4375
8012 4375
10480 4375
10782 4375
2 4375
8014 4376
9519 4376
9679 4376
9693 4376
10514 4376
9198 4376
11122 4376
10591 4376
8981 4376
2 4376
9557 4377
10027 4377
11535 4377
10983 4377
9501 4377
2 4377
11575 4378
8036 4378
11739 4378
11809 4378
10940 4378
11382 4378
2 4378
8454 4379
8642 4379
9139 4379
11119 4379
10907 4379
11964 4379
9252 4379
11465 4379
10016 4379
2 4379
10836 4380
8754 4380
8057 4380
9603 4380
10283 4380
10882 4380
8100 4380
11077 4380
10419 4380
2 4380
10624 4381
8790 4381
9981 4381
10602 4381
10153 4381
10073 4381
10871 4381
10149 4381
2 4381
8643 4382
8393 4382
9071 4382
10570 4382
8680 4382
8425 4382
8095 4382
10486 4382
2 4382
10748 4383
8477 4383
10378 4383
11912 4383
9752 4383
8620 4383
11454 4383
11175 4383
10595 4383
8079 4383
8729 4383
2 4383
8949 4384
10483 4384
9884 4384
10195 4384
10761 4384
2 4384
11892 4385
8151 4385
10406 4385
11378 4385
8483 4385
11846 4385
11697 4385
2 4385
11280 4386
10045 4386
11017 4386
9058 4386
8154 4386
10351 4386
11914 4386
11073 4386
10287 4386
11937 4386
2 4386
9954 4387
8855 4387
11541 4387
9964 4387
10147 4387
10822 4387
9602 4387
8397 4387
11769 4387
8658 4387
9061 4387
2 4387
11530 4388
10281 4388
8641 4388
10300 4388
8193 4388
10936 4388
8558 4388
10361 4388
9731 4388
10658 4388
9895 4388
2 4388
10638 4389
11843 4389
10220 4389
10709 4389
11529 4389
11045 4389
11621 4389
8840 4389
2 4389
10567 4390
9781 4390
8049 4390
8997 4390
8992 4390
8646 4390
9521 4390
10865 4390
2 4390
10421 4391
9934 4391
10503 4391
10599 4391
2 4391
11420 4392
8816 4392
8420 4392
11968 4392
11362 4392
8305 4392
11245 4392
2 4392
9880 4393
9543 4393
9621 4393
9894 4393
9702 4393
10518 4393
11177 4393
11362 4393
2 4393
8606 4394
9243 4394
10268 4394
9365 4394
10025 4394
11270 4394
8672 4394
9523 4394
11916 4394
8328 4394
2 4394
11171 4395
11899 4395
9182 4395
8371 4395
10880 4395
10366 4395
10560 4395
2 4395
10495 4396
8201 4396
10009 4396
11476 4396
11091 4396
11915 4396
10121 4396
9789 4396
11077 4396
11942 4396
2 4396
8881 4397
9569 4397
9732 4397
10673 4397
11044 4397
11337 4397
9803 4397
2 4397
8747 4398
11257 4398
10423 4398
10194 4398
8648 4398
8902 4398
10815 4398
10648 4398
2 4398
8477 4399
11677 4399
11182 4399
11853 4399
8805 4399
11119 4399
8713 4399
11798 4399
11313 4399
8625 4399
9032 4399
2 4399
8209 4400
10887 4400
8862 4400
11289 4400
9024 4400
2 4400
8801 4401
10640 4401
9048 4401
11426 4401
9159 4401
10163 4401
2 4401
11209 4402
10513 4402
11488 4402
9308 4402
10159 4402
10103 4402
11868 4402
8371 4402
10567 4402
2 4402
8765 4403
8912 4403
8482 4403
10927 4403
8801 4403
11666 4403
10964 4403
8856 4403
10040 4403
2 4403
8527 4404
11308 4404
11260 4404
10009 4404
8248 4404
10123 4404
8553 4404
2 4404
8571 4405
8115 4405
9597 4405
9430 4405
2 4405
11430 4406
8936 4406
10712 4406
11297 4406
9156 4406
8600 4406
9643 4406
11395 4406
2 4406
10147 4407
10305 4407
10736 4407
8009 4407
11766 4407
2 4407
10778 4408
10165 4408
11241 4408
9519 4408
10223 4408
8661 4408
9756 4408
2 4408
8401 4409
8671 4409
10514 4409
9966 4409
11875 4409
10410 4409
2 4409
10406 4410
10529 4410
8191 4410
9589 4410
11113 4410
11820 4410
11442 4410
8710 4410
10252 4410
2 4410
10468 4411
11061 4411
8915 4411
11038 4411
9282 4411
8798 4411
2 4411
10402 4412
8884 4412
9892 4412
9340 4412
0 4412
11354 4412
9439 4412
10499 4412
11678 4412
8512 4412
2 4412
8743 4413
9850 4413
8476 4413
8730 4413
9115 4413
9979 4413
8949 4413
11430 4413
2 4413
11477 4414
8517 4414
9573 4414
11735 4414
8872 4414
2 4414
10030 4415
10984 4415
10087 4415
11936 4415
11745 4415
9197 4415
2 4415
10914 4416
8914 4416
11787 4416
8350 4416
10141 4416
2 4416
11717 4417
8498 4417
8241 4417
10178 4417
10565 4417
9449 4417
11827 4417
8532 4417
11788 4417
11171 4417
8987 4417
2 4417
11151 4418
9031 4418
8496 4418
9033 4418
2 4418
10896 4419
8302 4419
9561 4419
8561 4419
8061 4419
2 4419
9822 4420
8205 4420
10093 4420
9907 4420
8221 4420
11315 4420
8593 4420
11173 4420
2 4420
9382 4421
9404 4421
10428 4421
11429 4421
9825 4421
9363 4421
8829 4421
8570 4421
9475 4421
9293 4421
2 4421
11036 4422
8555 4422
8653 4422
9316 4422
8984 4422
10009 4422
11079 4422
2 4422
9088 4423
9244 4423
11182 4423
8753 4423
10880 4423
2 4423
11327 4424
8984 4424
9160 4424
11751 4424
8050 4424
9466 4424
9754 4424
8182 4424
9205 4424
8007 4424
2 4424
9159 4425
11084 4425
9256 4425
10640 4425
2 4425
8431 4426
10780 4426
11954 4426
10556 4426
11431 4426
11649 4426
11283 4426
8795 4426
2 4426
10373 4427
10848 4427
9642 4427
8459 4427
10997 4427
11411 4427
10086 4427
11789 4427
2 4427
11262 4428
10449 4428
8757 4428
10227 4428
9028 4428
8456 4428
11586 4428
8615 4428
8120 4428
9822 4428
10095 4428
2 4428
8283 4429
10663 4429
11051 4429
11091 4429
10497 4429
11962 4429
8608 4429
10514 4429
2 4429
11968 4430
8941 4430
8350 4430
11767 4430
9505 4430
2 4430
9322 4431
9101 4431
9808 4431
9714 4431
11394 4431
8139 4431
8929 4431
9456 4431
2 4431
11276 4432
10142 4432
11998 4432
8803 4432
2 4432
9929 4433
9449 4433
9372 4433
8825 4433
10643 4433
9752 4433
9616 4433
9062 4433
9976 4433
9838 4433
2 4433
8312 4434
11731 4434
8316 4434
11620 4434
11032 4434
11746 4434
11291 4434
8907 4434
10489 4434
9117 4434
11735 4434
2 4434
10497 4435
8693 4435
8976 4435
9287 4435
8149 4435
11987 4435
10322 4435
11349 4435
10697 4435
11380 4435
2 4435
9084 4436
11804 4436
10812 4436
9733 4436
2 4436
11104 4437
9139 4437
9984 4437
8710 4437
2 4437
8578 4438
10418 4438
10059 4438
8457 4438
11655 4438
2 4438
11980 4439
11497 4439
8312 4439
8219 4439
8536 4439
2 4439
8595 4440
8565 4440
11153 4440
11800 4440
8136 4440
11790 4440
11339 4440
10348 4440
8972 4440
9486 4440
8348 4440
2 4440
10605 4441
11559 4441
9689 4441
11878 4441
10445 4441
11274 4441
2 4441
11037 4442
10895 4442
10572 4442
9127 4442
8519 4442
10818 4442
8776 4442
2 4442
10001 4443
10519 4443
9493 4443
9135 4443
8317 4443
8922 4443
8336 4443
10356 4443
9974 4443
10576 4443
11698 4443
2 4443
11472 4444
10540 4444
9184 4444
11212 4444
10577 4444
2 4444
9042 4445
9983 4445
9322 4445
9713 4445
11339 4445
11820 4445
9164 4445
8354 4445
11329 4445
11104 4445
2 4445
8593 4446
10947 4446
11543 4446
11159 4446
9390 4446
8931 4446
10720 4446
10808 4446
8934 4446
2 4446
10014 4447
10562 4447
10176 4447
9432 4447
10387 4447
10704 4447
11050 4447
10013 4447
8546 4447
8106 4447
2 4447
10519 4448
8302 4448
10896 4448
11959 4448
8103 4448
9558 4448
10739 4448
10002 4448
11223 4448
10786 4448
2 4448
8451 4449
10092 4449
11658 4449
10910 4449
8604 4449
9985 4449
8245 4449
2 4449
8083 4450
8490 4450
11634 4450
9132 4450
11426 4450
8648 4450
11811 4450
10766 4450
2 4450
9551 4451
10496 4451
10491 4451
11391 4451
9005 4451
2 4451
9848 4452
9772 4452
10918 4452
11301 4452
9468 4452
8657 4452
2 4452
10416 4453
8832 4453
9587 4453
10386 4453
10866 4453
2 4453
8509 4454
10129 4454
9497 4454
10942 4454
9964 4454
8786 4454
2 4454
10162 4455
9126 4455
11108 4455
11524 4455
9087 4455
11190 4455
9012 4455
8653 4455
11466 4455
9651 4455
11424 4455
2 4455
11502 4456
8653 4456
10136 4456
9450 4456
10791 4456
10309 4456
9273 4456
10649 4456
10328 4456
10866 4456
11782 4456
2 4456
11872 4457
11332 4457
8745 4457
9906 4457
10517 4457
9908 4457
9393 4457
9427 4457
10521 4457
10438 4457
11097 4457
2 4457
8052 4458
9793 4458
9395 4458
10429 4458
8460 4458
11529 4458
9243 4458
9753 4458
8767 4458
10440 4458
2 4458
8173 4459
9830 4459
11923 4459
10777 4459
11460 4459
10481 4459
8524 4459
9544 4459
10570 4459
2 4459
9144 4460
10776 4460
11539 4460
10064 4460
10901 4460
2 4460
8766 4461
11009 4461
11879 4461
11106 4461
9004 4461
11631 4461
11616 4461
2 4461
10761 4462
11612 4462
8549 4462
8968 4462
8492 4462
2 4462
8667 4463
8447 4463
8421 4463
8631 4463
10995 4463
10682 4463
9123 4463
9428 4463
11034 4463
8279 4463
2 4463
9696 4464
11150 4464
9997 4464
11692 4464
8095 4464
9546 4464
8995 4464
9812 4464
2 4464
11070 4465
8772 4465
9368 4465
10954 4465
11266 4465
8779 4465
9262 4465
9207 4465
9667 4465
8527 4465
10116 4465
2 4465
11387 4466
8711 4466
8653 4466
9675 4466
10541 4466
10628 4466
11307 4466
2 4466
9644 4467
8050 4467
8246 4467
11062 4467
8020 4467
9328 4467
9766 4467
2 4467
11436 4468
8243 4468
8806 4468
9759 4468
9767 4468
10840 4468
10080 4468
11997 4468
2 4468
10158 4469
8798 4469
9944 4469
11452 4469
9453 4469
11230 4469
2 4469
8040 4470
10680 4470
11315 4470
10233 4470
10705 4470
9924 4470
2 4470
10014 4471
9642 4471
8606 4471
9524 4471
2 4471
10592 4472
8957 4472
8107 4472
9122 4472
8398 4472
9985 4472
9133 4472
2 4472
8484 4473
9317 4473
9979 4473
8642 4473
10911 4473
10417 4473
10196 4473
9403 4473
8348 4473
2 4473
10571 4474
10628 4474
8170 4474
9523 4474
2 4474
8194 4475
11918 4475
8411 4475
9945 4475
11468 4475
10177 4475
10135 4475
8637 4475
10629 4475
10980 4475
8894 4475
2 4475
9463 4476
11606 4476
9988 4476
8847 4476
11240 4476
10858 4476
9057 4476
11574 4476
2 4476
11180 4477
11915 4477
10450 4477
9438 4477
9881 4477
11321 4477
9475 4477
8401 4477
2 4477
11005 4478
8756 4478
8522 4478
10758 4478
10372 4478
2 4478
9294 4479
9754 4479
8570 4479
10966 4479
9609 4479
8661 4479
2 4479
9353 4480
9555 4480
9014 4480
8471 4480
11747 4480
8500 4480
9725 4480
11976 4480
2 4480
10575 4481
8961 4481
9866 4481
9589 4481
9237 4481
2 4481
11466 4482
8579 4482
11372 4482
11689 4482
2 4482
10678 4483
10519 4483
10896 4483
9518 4483
2 4483
9690 4484
9422 4484
11597 4484
8118 4484
8473 4484
8459 4484
11443 4484
9780 4484
2 4484
11949 4485
9829 4485
9362 4485
9663 4485
8382 4485
8485 4485
10531 4485
9306 4485
8772 4485
11026 4485
10009 4485
2 4485
10397 4486
11372 4486
10240 4486
10959 4486
9226 4486
8102 4486
10638 4486
10905 4486
9513 4486
2 4486
11590 4487
10849 4487
10336 4487
11511 4487
2 4487
9190 4488
9888 4488
8268 4488
8195 4488
11171 4488
8526 4488
10236 4488
2 4488
10023 4489
10765 4489
9492 4489
8351 4489
9630 4489
11045 4489
8916 4489
10165 4489
9577 4489
9426 4489
2 4489
11418 4490
10559 4490
11233 4490
10754 4490
10431 4490
8593 4490
2 4490
9422 4491
8101 4491
8281 4491
9945 4491
2 4491
10281 4492
8602 4492
11995 4492
8421 4492
2 4492
10331 4493
11910 4493
9518 4493
9814 4493
9757 4493
9453 4493
10237 4493
9298 4493
2 4493
11930 4494
10209 4494
11022 4494
9261 4494
9574 4494
11253 4494
10971 4494
9518 4494
8797 4494
2 4494
10678 4495
9876 4495
9535 4495
9711 4495
8969 4495
8960 4495
8699 4495
10736 4495
2 4495
11027 4496
8172 4496
9755 4496
9394 4496
10823 4496
11746 4496
2 4496
11240 4497
11183 4497
10579 4497
10847 4497
9497 4497
8253 4497
8945 4497
11453 4497
9842 4497
8786 4497
11950 4497
2 4497
8158 4498
10792 4498
8558 4498
9775 4498
10108 4498
9400 4498
9811 4498
2 4498
8857 4499
10639 4499
11395 4499
11172 4499
8538 4499
11310 4499
8848 4499
2 4499
9229 4500
8086 4500
8026 4500
11692 4500
8890 4500
2 4500
11623 4501
8651 4501
9773 4501
10948 4501
9117 4501
11293 4501
8032 4501
9812 4501
8398 4501
9066 4501
2 4501
8534 4502
8497 4502
8311 4502
9279 4502
2 4502
10745 4503
10472 4503
9208 4503
9437 4503
8837 4503
9196 4503
10943 4503
10025 4503
9363 4503
10230 4503
9690 4503
2 4503
9798 4504
9202 4504
9389 4504
9861 4504
8010 4504
8209 4504
8759 4504
10743 4504
8794 4504
10871 4504
9826 4504
2 4504
9205 4505
10908 4505
8721 4505
8656 4505
9827 4505
8332 4505
8760 4505
11640 4505
10225 4505
2 4505
11026 4506
11382 4506
10844 4506
8249 4506
11387 4506
11358 4506
8766 4506
10359 4506
10260 4506
9809 4506
2 4506
11533 4507
11118 4507
9485 4507
9026 4507
11629 4507
9560 4507
10426 4507
11891 4507
8336 4507
8392 4507
2 4507
9260 4508
10706 4508
9777 4508
9183 4508
9537 4508
9147 4508
9458 4508
9642 4508
8990 4508
10120 4508
2 4508
8140 4509
10864 4509
10501 4509
10614 4509
10376 4509
8122 4509
9884 4509
10887 4509
9648 4509
8968 4509
2 4509
8775 4510
11077 4510
11908 4510
9900 4510
10882 4510
8064 4510
11403 4510
11142 4510
9693 4510
11202 4510
2 4510
9194 4511
8591 4511
10192 4511
10244 4511
2 4511
11162 4512
11446 4512
8039 4512
8933 4512
8862 4512
11123 4512
2 4512
9294 4513
11137 4513
8419 4513
11509 4513
8637 4513
11307 4513
11106 4513
9362 4513
10652 4513
10587 4513
2 4513
11781 4514
9295 4514
9625 4514
8883 4514
11323 4514
10789 4514
11383 4514
11359 4514
11031 4514
10271 4514
10452 4514
2 4514
9878 4515
8876 4515
9369 4515
8702 4515
9653 4515
8584 4515
9305 4515
2 4515
11324 4516
8731 4516
9340 4516
8252 4516
8631 4516
2 4516
9264 4517
11208 4517
11152 4517
11092 4517
9052 4517
11353 4517
2 4517
11108 4518
10120 4518
10284 4518
10313 4518
8399 4518
9467 4518
11560 4518
10077 4518
8234 4518
8804 4518
9391 4518
2 4518
8143 4519
10299 4519
9891 4519
8407 4519
10196 4519
10348 4519
10503 4519
9013 4519
10311 4519
9921 4519
2 4519
8353 4520
11132 4520
10494 4520
10611 4520
9286 4520
11477 4520
2 4520
10600 4521
10365 4521
8845 4521
11988 4521
9079 4521
2 4521
9725 4522
10949 4522
10265 4522
8423 4522
10574 4522
10765 4522
10689 4522
8739 4522
10820 4522
9564 4522
2 4522
9194 4523
9385 4523
8751 4523
9641 4523
8714 4523
11763 4523
2 4523
10108 4524
10119 4524
10807 4524
9571 4524
11478 4524
10918 4524
9511 4524
11678 4524
11714 4524
9299 4524
10435 4524
2 4524
11788 4525
8476 4525
8308 4525
10538 4525
10407 4525
8197 4525
9559 4525
10693 4525
11978 4525
2 4525
11233 4526
10458 4526
11218 4526
8433 4526
10487 4526
8380 4526
11497 4526
10480 4526
11728 4526
8337 4526
2 4526
8721 4527
11232 4527
8828 4527
8389 4527
2 4527
10474 4528
8081 4528
11400 4528
8329 4528
9376 4528
8196 4528
2 4528
10699 4529
10691 4529
11334 4529
9521 4529
8751 4529
9643 4529
8308 4529
9401 4529
2 4529
10880 4530
8109 4530
10231 4530
8879 4530
8483 4530
11671 4530
8011 4530
11853 4530
9764 4530
8143 4530
8591 4530
2 4530
11752 4531
11550 4531
9049 4531
11082 4531
10564 4531
8172 4531
11497 4531
11666 4531
11185 4531
2 4531
11913 4532
10607 4532
8268 4532
11702 4532
9614 4532
10660 4532
9934 4532
10979 4532
10577 4532
2 4532
8695 4533
10479 4533
11729 4533
10928 4533
11281 4533
2 4533
11457 4534
9310 4534
8887 4534
11131 4534
9457 4534
9292 4534
11851 4534
11920 4534
11761 4534
11174 4534
8889 4534
2 4534
10710 4535
8204 4535
9928 4535
11906 4535
8362 4535
8695 4535
2 4535
9635 4536
10000 4536
9171 4536
10237 4536
8131 4536
10928 4536
9221 4536
8922 4536
10305 4536
2 4536
8397 4537
10822 4537
10521 4537
10740 4537
9060 4537
10126 4537
11682 4537
9230 4537
10444 4537
11399 4537
2 4537
9482 4538
8192 4538
10322 4538
10954 4538
2 4538
11047 4539
11481 4539
11930 4539
8557 4539
10500 4539
8770 4539
9493 4539
8996 4539
8561 4539
11854 4539
8694 4539
2 4539
11383 4540
9317 4540
8049 4540
9905 4540
2 4540
11165 4541
11835 4541
9724 4541
11261 4541
11398 4541
9941 4541
8464 4541
11730 4541
9522 4541
8034 4541
2 4541
11340 4542
9804 4542
10536 4542
8519 4542
8335 4542
9566 4542
9235 4542
8763 4542
8176 4542
10887 4542
10036 4542
2 4542
9699 4543
10468 4543
9489 4543
9383 4543
8569 4543
9393 4543
9810 4543
8326 4543
10156 4543
11808 4543
2 4543
11116 4544
9897 4544
10344 4544
9382 4544
10659 4544
11500 4544
8501 4544
11556 4544
10034 4544
9337 4544
10110 4544
2 4544
8222 4545
9307 4545
11787 4545
9420 4545
9494 4545
8111 4545
11985 4545
11828 4545
2 4545
9229 4546
10640 4546
10608 4546
10377 4546
9066 4546
2 4546
8562 4547
10238 4547
11852 4547
8098 4547
10091 4547
2 4547
11073 4548
9763 4548
9029 4548
10351 4548
8982 4548
9800 4548
8605 4548
9740 4548
2 4548
9084 4549
8527 4549
8117 4549
11133 4549
10866 4549
11077 4549
9537 4549
8900 4549
2 4549
9903 4550
8050 4550
9014 4550
11676 4550
9578 4550
10632 4550
9615 4550
10066 4550
9760 4550
9753 4550
2 4550
9713 4551
11899 4551
10252 4551
8010 4551
11876 4551
11912 4551
10259 4551
9045 4551
10781 4551
8790 4551
11113 4551
2 4551
10431 4552
10184 4552
8995 4552
10081 4552
2 4552
8471 4553
9287 4553
10446 4553
8157 4553
9575 4553
9556 4553
8053 4553
10709 4553
11576 4553
11814 4553
2 4553
9991 4554
10689 4554
9126 4554
9903 4554
10310 4554
8506 4554
9476 4554
10727 4554
8368 4554
10773 4554
2 4554
9447 4555
8653 4555
10136 4555
10744 4555
10205 4555
8671 4555
11804 4555
11083 4555
11878 4555
9717 4555
2 4555
11198 4556
8927 4556
9482 4556
9519 4556
9248 4556
9498 4556
2 4556
8888 4557
10747 4557
8363 4557
11388 4557
10872 4557
8473 4557
8184 4557
2 4557
10209 4558
10331 4558
10925 4558
9851 4558
10506 4558
9489 4558
8153 4558
9247 4558
2 4558
11725 4559
8659 4559
8508 4559
9194 4559
11226 4559
2 4559
11348 4560
11388 4560
8423 4560
8836 4560
10697 4560
11229 4560
11390 4560
10140 4560
2 4560
10422 4561
8802 4561
8849 4561
11478 4561
2 4561
11240 4562
9427 4562
9506 4562
11353 4562
11932 4562
10906 4562
10623 4562
9993 4562
2 4562
9002 4563
8890 4563
9473 4563
9885 4563
2 4563
9429 4564
8853 4564
10381 4564
8143 4564
11211 4564
10102 4564
11329 4564
10900 4564
11521 4564
11474 4564
2 4564
8630 4565
10497 4565
11789 4565
9438 4565
8445 4565
11089 4565
2 4565
10761 4566
10743 4566
8329 4566
11867 4566
10421 4566
2 4566
8439 4567
10916 4567
10996 4567
11438 4567
8037 4567
10437 4567
2 4567
11612 4568
9075 4568
9838 4568
10613 4568
9006 4568
2 4568
11468 4569
11984 4569
8754 4569
11655 4569
8796 4569
2 4569
8436 4570
11464 4570
10229 4570
9800 4570
8951 4570
8590 4570
11343 4570
8441 4570
11487 4570
2 4570
8361 4571
10593 4571
11343 4571
10330 4571
10255 4571
8259 4571
10854 4571
10435 4571
10281 4571
2 4571
8762 4572
8067 4572
8166 4572
10732 4572
10973 4572
8868 4572
10095 4572
11233 4572
11997 4572
2 4572
9173 4573
10119 4573
8812 4573
9650 4573
2 4573
9009 4574
9822 4574
10326 4574
10250 4574
8954 4574
10493 4574
2 4574
11561 4575
11746 4575
10852 4575
10434 4575
9041 4575
11666 4575
2 4575
11409 4576
9947 4576
8191 4576
10031 4576
8196 4576
9139 4576
8087 4576
8112 4576
2 4576
11190 4577
8618 4577
10933 4577
8328 4577
9978 4577
9626 4577
8540 4577
2 4577
10686 4578
9962 4578
10574 4578
8948 4578
10172 4578
2 4578
9967 4579
9509 4579
8517 4579
8254 4579
10754 4579
11983 4579
11972 4579
8316 4579
2 4579
8579 4580
11071 4580
10440 4580
10289 4580
8403 4580
9047 4580
10997 4580
10937 4580
10747 4580
8653 4580
2 4580
9278 4581
11187 4581
10043 4581
9723 4581
11542 4581
9977 4581
2 4581
10978 4582
11849 4582
8854 4582
10576 4582
9988 4582
2 4582
10728 4583
10064 4583
11434 4583
8107 4583
2 4583
9546 4584
8040 4584
10413 4584
11159 4584
10564 4584
10826 4584
11945 4584
8816 4584
9877 4584
11759 4584
9176 4584
2 4584
11515 4585
11940 4585
8236 4585
11022 4585
2 4585
11814 4586
11618 4586
9208 4586
10917 4586
2 4586
11745 4587
8246 4587
9426 4587
11229 4587
11303 4587
8149 4587
10524 4587
11164 4587
2 4587
11490 4588
9541 4588
11759 4588
10430 4588
11825 4588
10728 4588
11059 4588
9141 4588
8393 4588
9982 4588
2 4588
9277 4589
10001 4589
9747 4589
9974 4589
2 4589
8831 4590
9967 4590
8173 4590
11283 4590
2 4590
8516 4591
9760 4591
11216 4591
9980 4591
10355 4591
9498 4591
11676 4591
10983 4591
11616 4591
11133 4591
9036 4591
2 4591
8481 4592
11860 4592
9938 4592
11151 4592
8007 4592
10094 4592
2 4592
9972 4593
8688 4593
10699 4593
10830 4593
8255 4593
2 4593
10414 4594
8120 4594
10458 4594
10756 4594
8059 4594
10323 4594
11658 4594
11561 4594
8250 4594
9531 4594
9726 4594
2 4594
9149 4595
10482 4595
11494 4595
11926 4595
10239 4595
11731 4595
9874 4595
10590 4595
8617 4595
9145 4595
9678 4595
2 4595
9481 4596
10440 4596
11372 4596
8859 4596
11066 4596
10636 4596
11075 4596
9601 4596
9598 4596
10706 4596
9273 4596
2 4596
10098 4597
8165 4597
10957 4597
11913 4597
2 4597
10140 4598
10116 4598
8882 4598
10220 4598
8910 4598
8789 4598
9326 4598
9496 4598
11718 4598
10605 4598
10285 4598
2 4598
11346 4599
8997 4599
10987 4599
11900 4599
11749 4599
10931 4599
10656 4599
8600 4599
2 4599
9007 4600
11616 4600
10285 4600
9565 4600
10667 4600
2 4600
11522 4601
11258 4601
10927 4601
9474 4601
2 4601
8801 4602
8842 4602
11326 4602
11436 4602
8451 4602
11767 4602
2 4602
9566 4603
11750 4603
8311 4603
11920 4603
2 4603
10722 4604
8901 4604
11684 4604
9547 4604
10526 4604
8572 4604
10890 4604
9574 4604
8153 4604
2 4604
10655 4605
9396 4605
10776 4605
11273 4605
11709 4605
8621 4605
11857 4605
2 4605
8817 4606
9788 4606
10084 4606
11201 4606
8383 4606
10762 4606
8022 4606
9322 4606
8759 4606
9552 4606
2 4606
9160 4607
11210 4607
10113 4607
8175 4607
11288 4607
9258 4607
10960 4607
8766 4607
8544 4607
9242 4607
2 4607
8059 4608
8265 4608
11176 4608
11660 4608
10553 4608
10542 4608
8899 4608
11419 4608
2 4608
9977 4609
11137 4609
10337 4609
8510 4609
11217 4609
10688 4609
10727 4609
8206 4609
2 4609
9131 4610
11589 4610
10380 4610
11614 4610
9622 4610
8817 4610
8179 4610
9191 4610
9815 4610
9165 4610
11514 4610
2 4610
10994 4611
11938 4611
8853 4611
10829 4611
11016 4611
10528 4611
11113 4611
2 4611
8172 4612
8107 4612
10769 4612
8845 4612
11857 4612
11779 4612
8271 4612
9573 4612
9342 4612
9037 4612
8431 4612
2 4612
11763 4613
8189 4613
9778 4613
11104 4613
10378 4613
11386 4613
9921 4613
10785 4613
8443 4613
2 4613
10544 4614
10556 4614
10891 4614
10808 4614
11895 4614
8431 4614
9291 4614
10037 4614
11150 4614
2 4614
8317 4615
11076 4615
10621 4615
11955 4615
2 4615
10872 4616
11404 4616
9927 4616
8932 4616
9306 4616
11403 4616
9727 4616
9825 4616
8829 4616
9160 4616
10629 4616
2 4616
9162 4617
10033 4617
10503 4617
9330 4617
2 4617
10260 4618
8546 4618
9556 4618
9047 4618
9309 4618
10086 4618
8101 4618
8014 4618
9780 4618
11424 4618
2 4618
11400 4619
8749 4619
8753 4619
10169 4619
10033 4619
9456 4619
11614 4619
9223 4619
8532 4619
2 4619
8600 4620
10222 4620
11717 4620
9674 4620
8159 4620
2 4620
8539 4621
11259 4621
9163 4621
9940 4621
11887 4621
10695 4621
2 4621
10332 4622
10412 4622
11961 4622
10980 4622
11848 4622
8649 4622
10531 4622
2 4622
9079 4623
11254 4623
9830 4623
11730 4623
10318 4623
8892 4623
10295 4623
8398 4623
8316 4623
8178 4623
2 4623
10633 4624
8524 4624
11551 4624
8885 4624
11974 4624
8474 4624
8120 4624
11565 4624
2 4624
10712 4625
10982 4625
11651 4625
8642 4625
8515 4625
9161 4625
11192 4625
10919 4625
9843 4625
9423 4625
8261 4625
2 4625
9215 4626
8005 4626
8091 4626
11698 4626
9729 4626
11147 4626
11371 4626
8854 4626
8945 4626
2 4626
10723 4627
10442 4627
10022 4627
10865 4627
8655 4627
2 4627
8216 4628
10733 4628
11928 4628
11931 4628
2 4628
8984 4629
11547 4629
8928 4629
9366 4629
11919 4629
8303 4629
11309 4629
11265 4629
10342 4629
2 4629
11719 4630
11740 4630
9863 4630
10853 4630
11725 4630
10457 4630
9742 4630
9310 4630
11845 4630
11873 4630
2 4630
11635 4631
8470 4631
8143 4631
8705 4631
8622 4631
10676 4631
10380 4631
11056 4631
9631 4631
2 4631
11815 4632
11032 4632
11112 4632
11974 4632
11426 4632
8593 4632
11623 4632
10095 4632
9716 4632
8243 4632
8893 4632
2 4632
10997 4633
9074 4633
10605 4633
10473 4633
9345 4633
11143 4633
9160 4633
9233 4633
8504 4633
2 4633
11629 4634
9280 4634
10234 4634
8315 4634
8815 4634
11020 4634
11047 4634
9635 4634
10873 4634
2 4634
8749 4635
8805 4635
8691 4635
11851 4635
2 4635
11119 4636
10242 4636
9354 4636
8966 4636
10642 4636
8551 4636
8140 4636
10900 4636
8415 4636
8432 4636
11086 4636
2 4636
10402 4637
8042 4637
10012 4637
10152 4637
10945 4637
10868 4637
9439 4637
9289 4637
2 4637
10053 4638
10408 4638
9190 4638
8342 4638
9479 4638
2 4638
8059 4639
11398 4639
11883 4639
11573 4639
8923 4639
9187 4639
10692 4639
11716 4639
2 4639
9262 4640
9007 4640
8373 4640
10140 4640
10774 4640
11387 4640
9945 4640
11843 4640
2 4640
8094 4641
8846 4641
11635 4641
8862 4641
11582 4641
11681 4641
2 4641
9004 4642
11796 4642
8416 4642
9370 4642
9425 4642
2 4642
10006 4643
9977 4643
10388 4643
8501 4643
8416 4643
8167 4643
10393 4643
8513 4643
9258 4643
8706 4643
10750 4643
2 4643
10039 4644
11783 4644
8711 4644
10165 4644
9023 4644
9208 4644
2 4644
8438 4645
11907 4645
11126 4645
9965 4645
8287 4645
11505 4645
8130 4645
9932 4645
2 4645
10568 4646
9333 4646
10029 4646
9114 4646
10913 4646
10086 4646
10497 4646
9228 4646
2 4646
11766 4647
10521 4647
9290 4647
8908 4647
8409 4647
9453 4647
11921 4647
11416 4647
9270 4647
10646 4647
2 4647
9426 4648
9662 4648
8287 4648
8746 4648
8423 4648
10716 4648
11051 4648
10603 4648
8836 4648
11135 4648
2 4648
8495 4649
10861 4649
8568 4649
8039 4649
9276 4649
8268 4649
10991 4649
11642 4649
11622 4649
10855 4649
2 4649
9995 4650
10102 4650
10101 4650
9175 4650
2 4650
11263 4651
11491 4651
9963 4651
8221 4651
8536 4651
11379 4651
10544 4651
2 4651
10350 4652
10466 4652
9650 4652
11571 4652
11464 4652
10330 4652
11324 4652
2 4652
11685 4653
10725 4653
8264 4653
8752 4653
9823 4653
10073 4653
9951 4653
11593 4653
11892 4653
2 4653
11709 4654
8793 4654
10056 4654
11306 4654
8435 4654
11139 4654
11731 4654
2 4654
8220 4655
8758 4655
8757 4655
8535 4655
8451 4655
11374 4655
9009 4655
2 4655
10095 4656
8235 4656
8468 4656
8465 4656
11010 4656
8821 4656
11736 4656
8047 4656
11708 4656
11611 4656
2 4656
9142 4657
11893 4657
9615 4657
11081 4657
9629 4657
2 4657
9561 4658
9215 4658
11353 4658
11515 4658
11525 4658
8134 4658
9257 4658
2 4658
10268 4659
10674 4659
8645 4659
11288 4659
10610 4659
2 4659
9754 4660
8357 4660
11919 4660
10638 4660
9466 4660
11768 4660
9844 4660
8462 4660
10933 4660
10874 4660
10620 4660
2 4660
9008 4661
9660 4661
10763 4661
10490 4661
9495 4661
10528 4661
2 4661
8759 4662
9942 4662
10690 4662
9297 4662
11671 4662
11347 4662
11055 4662
8432 4662
9435 4662
9593 4662
2 4662
9245 4663
11366 4663
8990 4663
9087 4663
11700 4663
11062 4663
11676 4663
2 4663
8469 4664
11729 4664
11311 4664
8131 4664
9097 4664
11682 4664
11399 4664
8650 4664
8977 4664
2 4664
9276 4665
8879 4665
10813 4665
10761 4665
10748 4665
10809 4665
8371 4665
2 4665
9261 4666
11698 4666
10922 4666
9060 4666
8808 4666
10662 4666
9018 4666
9602 4666
10305 4666
11727 4666
11574 4666
2 4666
9598 4667
9331 4667
11236 4667
8402 4667
8347 4667
8543 4667
9126 4667
10177 4667
10225 4667
2 4667
9550 4668
10554 4668
10880 4668
9059 4668
10049 4668
9870 4668
8354 4668
2 4668
10919 4669
9462 4669
8443 4669
9739 4669
9178 4669
8112 4669
9006 4669
9042 4669
8862 4669
10197 4669
8094 4669
2 4669
9110 4670
11981 4670
11235 4670
10479 4670
2 4670
10362 4671
9295 4671
9369 4671
10173 4671
10146 4671
9746 4671
11688 4671
11842 4671
8021 4671
11333 4671
2 4671
10282 4672
11420 4672
11985 4672
8388 4672
10564 4672
9925 4672
11335 4672
10729 4672
2 4672
8689 4673
10060 4673
9802 4673
11356 4673
11190 4673
10057 4673
8473 4673
2 4673
11530 4674
10945 4674
9892 4674
11107 4674
9406 4674
8982 4674
8558 4674
10383 4674
10609 4674
8951 4674
2 4674
9522 4675
11451 4675
8218 4675
8856 4675
10423 4675
9483 4675
2 4675
11526 4676
11760 4676
10658 4676
10807 4676
10190 4676
2 4676
8947 4677
10769 4677
10883 4677
11898 4677
9291 4677
11155 4677
8271 4677
2 4677
11502 4678
10965 4678
8666 4678
11387 4678
11407 4678
9234 4678
9651 4678
2 4678
11329 4679
8716 4679
10311 4679
8212 4679
8483 4679
9252 4679
10548 4679
2 4679
8469 4680
11422 4680
9526 4680
11517 4680
8658 4680
9805 4680
2 4680
9165 4681
9961 4681
10271 4681
8613 4681
8502 4681
10101 4681
11053 4681
11661 4681
8185 4681
8519 4681
2 4681
10268 4682
10207 4682
8645 4682
11203 4682
8975 4682
9676 4682
11999 4682
10172 4682
9827 4682
8769 4682
2 4682
9322 4683
9237 4683
11249 4683
11430 4683
8871 4683
11127 4683
11486 4683
9185 4683
2 4683
10013 4684
9382 4684
11109 4684
8706 4684
11266 4684
2 4684
8621 4685
8289 4685
11733 4685
10447 4685
11112 4685
10302 4685
8747 4685
11355 4685
9871 4685
11997 4685
11948 4685
2 4685
9174 4686
9336 4686
8490 4686
11513 4686
8024 4686
9176 4686
10312 4686
10258 4686
8831 4686
8107 4686
2 4686
9684 4687
11306 4687
11980 4687
8856 4687
8629 4687
11660 4687
9597 4687
2 4687
8290 4688
11750 4688
8716 4688
8366 4688
10197 4688
9327 4688
9030 4688
8956 4688
8027 4688
8048 4688
2 4688
11805 4689
11975 4689
10730 4689
11092 4689
10760 4689
9635 4689
2 4689
10206 4690
10480 4690
11934 4690
9145 4690
11188 4690
8627 4690
9390 4690
2 4690
11707 4691
10368 4691
8944 4691
10681 4691
2 4691
8830 4692
9319 4692
9593 4692
11549 4692
8023 4692
10529 4692
8237 4692
2 4692
10862 4693
9148 4693
11634 4693
10487 4693
11945 4693
11490 4693
8872 4693
2 4693
9257 4694
9053 4694
11630 4694
8564 4694
9930 4694
10129 4694
10161 4694
2 4694
8331 4695
11523 4695
9224 4695
11707 4695
8112 4695
9818 4695
10032 4695
2 4695
10076 4696
11211 4696
9495 4696
10003 4696
2 4696
10272 4697
8539 4697
9487 4697
8736 4697
8608 4697
9464 4697
10707 4697
2 4697
8164 4698
11161 4698
11872 4698
11000 4698
11584 4698
8161 4698
10000 4698
10401 4698
11924 4698
10306 4698
2 4698
11012 4699
9717 4699
10534 4699
10582 4699
9783 4699
8298 4699
2 4699
11490 4700
9315 4700
10288 4700
9681 4700
9491 4700
10114 4700
10891 4700
8924 4700
10095 4700
11834 4700
2 4700
10690 4701
11158 4701
10392 4701
10789 4701
9190 4701
8958 4701
10348 4701
9971 4701
11681 4701
9479 4701
9152 4701
2 4701
11872 4702
9946 4702
8658 4702
10873 4702
2 4702
10450 4703
9458 4703
11893 4703
8427 4703
11098 4703
9557 4703
10687 4703
10342 4703
9467 4703
10836 4703
11433 4703
2 4703
8390 4704
11532 4704
9082 4704
8476 4704
2 4704
11370 4705
9039 4705
8760 4705
9248 4705
10771 4705
10191 4705
10028 4705
9809 4705
10357 4705
9197 4705
9909 4705
2 4705
11974 4706
10879 4706
10396 4706
11263 4706
8219 4706
8198 4706
11315 4706
8111 4706
2 4706
9270 4707
8043 4707
10439 4707
8977 4707
11992 4707
9795 4707
9261 4707
11357 4707
10262 4707
10070 4707
2 4707
10295 4708
10486 4708
11957 4708
10141 4708
11513 4708
10258 4708
9997 4708
9546 4708
10805 4708
2 4708
11330 4709
11103 4709
8400 4709
11563 4709
10569 4709
2 4709
10503 4710
11662 4710
11365 4710
10843 4710
9819 4710
10345 4710
10224 4710
11670 4710
2 4710
9461 4711
8085 4711
8546 4711
11944 4711
10121 4711
11690 4711
9197 4711
8523 4711
8419 4711
2 4711
8749 4712
8940 4712
8848 4712
9666 4712
11911 4712
8096 4712
11859 4712
10159 4712
2 4712
10085 4713
8911 4713
9739 4713
11563 4713
10381 4713
11279 4713
10008 4713
10015 4713
9525 4713
9870 4713
2 4713
11472 4714
10703 4714
9534 4714
9105 4714
8063 4714
11395 4714
11510 4714
8121 4714
9674 4714
11761 4714
2 4714
11920 4715
9529 4715
8600 4715
9605 4715
9172 4715
10391 4715
9156 4715
2 4715
9492 4716
10060 4716
8190 4716
10249 4716
2 4716
8193 4717
10682 4717
9055 4717
8864 4717
8146 4717
2 4717
9245 4718
10628 4718
10135 4718
10440 4718
10898 4718
11285 4718
10316 4718
9770 4718
2 4718
11052 4719
9361 4719
10180 4719
8890 4719
11733 4719
2 4719
8699 4720
9547 4720
11902 4720
10356 4720
2 4720
8436 4721
11678 4721
8679 4721
9571 4721
9883 4721
2 4721
11445 4722
9206 4722
11349 4722
11991 4722
8839 4722
9380 4722
10495 4722
11724 4722
11650 4722
2 4722
11963 4723
8837 4723
10162 4723
10315 4723
9004 4723
9397 4723
8510 4723
11844 4723
8671 4723
2 4723
11991 4724
10086 4724
10738 4724
10243 4724
11577 4724
10341 4724
10325 4724
10582 4724
10087 4724
2 4724
9638 4725
11486 4725
11174 4725
11167 4725
8776 4725
10024 4725
10196 4725
10538 4725
8169 4725
9646 4725
2 4725
8478 4726
9668 4726
8865 4726
11857 4726
8166 4726
8893 4726
2 4726
9626 4727
9501 4727
8391 4727
8214 4727
9365 4727
11844 4727
8411 4727
8190 4727
9137 4727
2 4727
11732 4728
9682 4728
8183 4728
9970 4728
11034 4728
8217 4728
11785 4728
2 4728
9833 4729
10621 4729
10596 4729
10126 4729
2 4729
9878 4730
11191 4730
8565 4730
10798 4730
11593 4730
11174 4730
8862 4730
9951 4730
10932 4730
11867 4730
9479 4730
2 4730
9764 4731
11239 4731
10935 4731
8843 4731
9131 4731
11456 4731
2 4731
8370 4732
9672 4732
10403 4732
11369 4732
2 4732
10891 4733
8463 4733
8865 4733
10096 4733
2 4733
8871 4734
8334 4734
10931 4734
11810 4734
10390 4734
9349 4734
11363 4734
8354 4734
11395 4734
9866 4734
10920 4734
2 4734
9974 4735
11865 4735
11826 4735
10969 4735
9193 4735
8355 4735
8639 4735
2 4735
9020 4736
11613 4736
8751 4736
8889 4736
11892 4736
8642 4736
10231 4736
10252 4736
2 4736
9786 4737
9718 4737
8102 4737
9867 4737
2 4737
8227 4738
9743 4738
8640 4738
8366 4738
2 4738
8456 4739
9716 4739
10292 4739
9852 4739
11694 4739
8627 4739
11692 4739
11643 4739
2 4739
8541 4740
8988 4740
11105 4740
10531 4740
10726 4740
8249 4740
11956 4740
10523 4740
2 4740
9569 4741
10011 4741
11368 4741
9879 4741
9516 4741
9124 4741
9017 4741
2 4741
9986 4742
8667 4742
10950 4742
11714 4742
8385 4742
8986 4742
11943 4742
9029 4742
11659 4742
11914 4742
11034 4742
2 4742
11351 4743
10101 4743
11042 4743
8642 4743
9589 4743
9279 4743
10343 4743
11454 4743
2 4743
8972 4744
9032 4744
11489 4744
10755 4744
11570 4744
11310 4744
10903 4744
2 4744
8061 4745
11669 4745
11982 4745
10454 4745
9270 4745
2 4745
10686 4746
9444 4746
8661 4746
9450 4746
9272 4746
2 4746
9438 4747
11944 4747
8689 4747
9656 4747
9587 4747
2 4747
11998 4748
10734 4748
11566 4748
8655 4748
8094 4748
2 4748
10619 4749
8113 4749
9513 4749
10877 4749
11928 4749
2 4749
10444 4750
8232 4750
8603 4750
9964 4750
9454 4750
10731 4750
10579 4750
9774 4750
11682 4750
2 4750
10016 4751
10192 4751
11935 4751
11521 4751
8230 4751
8443 4751
8212 4751
9645 4751
11347 4751
8476 4751
8660 4751
2 4751
9452 4752
8070 4752
9262 4752
10980 4752
11860 4752
9380 4752
8850 4752
10514 4752
2 4752
9920 4753
8911 4753
8518 4753
9840 4753
2 4753
11154 4754
11472 4754
8072 4754
9625 4754
9182 4754
9008 4754
10173 4754
11298 4754
2 4754
8787 4755
11724 4755
9353 4755
10120 4755
8829 4755
8767 4755
8543 4755
8672 4755
8438 4755
10357 4755
8686 4755
2 4755
9865 4756
11427 4756
9479 4756
10861 4756
9449 4756
11810 4756
9637 4756
2 4756
8593 4757
8372 4757
9553 4757
8353 4757
11869 4757
11112 4757
8398 4757
2 4757
10832 4758
8602 4758
10945 4758
9022 4758
10593 4758
11678 4758
9712 4758
2 4758
11611 4759
8465 4759
9102 4759
8665 4759
8166 4759
8095 4759
10210 4759
11634 4759
10827 4759
2 4759
8168 4760
11851 4760
11512 4760
10748 4760
10775 4760
11462 4760
9182 4760
11124 4760
8790 4760
9364 4760
2 4760
9498 4761
9957 4761
10793 4761
10659 4761
11942 4761
8466 4761
2 4761
11867 4762
9305 4762
10982 4762
10307 4762
8331 4762
10203 4762
11345 4762
8974 4762
8809 4762
10763 4762
2 4762
9458 4763
11626 4763
9915 4763
9100 4763
10916 4763
9991 4763
8618 4763
8466 4763
10696 4763
10030 4763
2 4763
11072 4764
9618 4764
8288 4764
9690 4764
11070 4764
2 4764
9593 4765
8876 4765
8284 4765
8390 4765
11363 4765
11351 4765
10796 4765
8556 4765
9244 4765
2 4765
8523 4766
9036 4766
10747 4766
9074 4766
2 4766
11747 4767
8007 4767
10388 4767
11096 4767
8827 4767
9932 4767
8504 4767
10983 4767
2 4767
11353 4768
9314 4768
8815 4768
11000 4768
9171 4768
8569 4768
8017 4768
11328 4768
9383 4768
2 4768
10453 4769
8256 4769
10413 4769
10318 4769
8493 4769
10947 4769
10669 4769
10431 4769
2 4769
11804 4770
11751 4770
9160 4770
8910 4770
8990 4770
11242 4770
2 4770
8041 4771
10912 4771
8871 4771
9401 4771
10992 4771
2 4771
9511 4772
10012 4772
8986 4772
9406 4772
11884 4772
8676 4772
10918 4772
9386 4772
2 4772
9228 4773
9467 4773
11274 4773
11949 4773
9717 4773
11198 4773
9040 4773
10523 4773
11737 4773
8438 4773
10220 4773
2 4773
10571 4774
8496 4774
11922 4774
9466 4774
10933 4774
11468 4774
8523 4774
2 4774
10700 4775
11226 4775
11153 4775
10666 4775
10742 4775
10457 4775
2 4775
9963 4776
11997 4776
9187 4776
9576 4776
11565 4776
2 4776
11616 4777
11065 4777
8741 4777
11624 4777
10757 4777
2 4777
10599 4778
9713 4778
10375 4778
8811 4778
9559 4778
11935 4778
8087 4778
10595 4778
9600 4778
2 4778
10367 4779
11209 4779
8077 4779
11005 4779
8062 4779
8619 4779
11158 4779
11518 4779
9863 4779
2 4779
11209 4780
9223 4780
10900 4780
8475 4780
10690 4780
2 4780
9161 4781
8238 4781
9674 4781
11094 4781
11537 4781
11124 4781
2 4781
11650 4782
11577 4782
8520 4782
9882 4782
11996 4782
9680 4782
8820 4782
11500 4782
9909 4782
2 4782
9047 4783
10970 4783
9004 4783
10322 4783
10355 4783
8074 4783
2 4783
10929 4784
11298 4784
11653 4784
11057 4784
11459 4784
2 4784
11340 4785
9235 4785
11067 4785
9184 4785
11820 4785
11201 4785
2 4785
9464 4786
9519 4786
9692 4786
8506 4786
11961 4786
8567 4786
11675 4786
9465 4786
2 4786
8855 4787
11063 4787
8291 4787
8531 4787
10951 4787
11002 4787
2 4787
10425 4788
10837 4788
9180 4788
10846 4788
8999 4788
2 4788
10947 4789
11177 4789
11554 4789
9078 4789
8095 4789
11420 4789
9830 4789
9302 4789
8524 4789
8576 4789
8893 4789
2 4789
11111 4790
10633 4790
8845 4790
10815 4790
10055 4790
2 4790
11556 4791
9802 4791
10418 4791
8567 4791
11277 4791
11755 4791
8102 4791
2 4791
11493 4792
9405 4792
9843 4792
11123 4792
2 4792
11223 4793
11805 4793
10067 4793
11179 4793
8009 4793
8225 4793
2 4793
10216 4794
10070 4794
10454 4794
8134 4794
11917 4794
11504 4794
2 4794
9493 4795
9393 4795
8103 4795
11682 4795
11525 4795
10746 4795
11000 4795
9212 4795
9602 4795
2 4795
11284 4796
9979 4796
8241 4796
10137 4796
10146 4796
8763 4796
10584 4796
11644 4796
8342 4796
2 4796
11020 4797
9607 4797
9842 4797
11038 4797
11163 4797
11230 4797
9993 4797
2 4797
10146 4798
11413 4798
9490 4798
11958 4798
10047 4798
2 4798
9324 4799
8716 4799
8495 4799
9479 4799
8335 4799
8140 4799
10806 4799
2 4799
11532 4800
8069 4800
11322 4800
9920 4800
9403 4800
11435 4800
11521 4800
8021 4800
10008 4800
9172 4800
10259 4800
2 4800
9140 4801
9982 4801
11871 4801
10184 4801
2 4801
11540 4802
10291 4802
11420 4802
11262 4802
8636 4802
11660 4802
11797 4802
9483 4802
11658 4802
8178 4802
2 4802
8879 4803
10425 4803
11935 4803
8348 4803
11829 4803
10702 4803
9801 4803
8663 4803
8062 4803
11518 4803
2 4803
8136 4804
11913 4804
9776 4804
10134 4804
10919 4804
2 4804
11230 4805
10615 4805
8696 4805
11311 4805
9179 4805
9261 4805
2 4805
9551 4806
10605 4806
10030 4806
10009 4806
10495 4806
9242 4806
11545 4806
11588 4806
8970 4806
10140 4806
2 4806
8458 4807
9326 4807
10473 4807
8370 4807
8471 4807
9827 4807
8184 4807
2 4807
9721 4808
8977 4808
9514 4808
9747 4808
10209 4808
11837 4808
9046 4808
9526 4808
11033 4808
8204 4808
2 4808
10462 4809
11096 4809
10663 4809
9077 4809
2 4809
11072 4810
10123 4810
9437 4810
9953 4810
10779 4810
11294 4810
8829 4810
11314 4810
9206 4810
8516 4810
2 4810
10561 4811
11100 4811
11639 4811
8309 4811
11098 4811
8068 4811
11305 4811
2 4811
10133 4812
10101 4812
10711 4812
11685 4812
10024 4812
8614 4812
8515 4812
2 4812
8594 4813
11936 4813
8056 4813
9554 4813
2 4813
11397 4814
10648 4814
11883 4814
9520 4814
9885 4814
9592 4814
11985 4814
8750 4814
2 4814
10449 4815
10058 4815
8422 4815
9086 4815
8536 4815
2 4815
8734 4816
11696 4816
11078 4816
9094 4816
10639 4816
9235 4816
2 4816
9945 4817
9326 4817
9770 4817
8828 4817
0 4817
2 4817
10001 4818
11152 4818
10858 4818
8336 4818
11328 4818
10730 4818
8174 4818
8395 4818
2 4818
11891 4819
11253 4819
8076 4819
11673 4819
10331 4819
11213 4819
10308 4819
9930 4819
9635 4819
9774 4819
2 4819
8136 4820
10560 4820
10865 4820
8191 4820
0 4820
2 4820
11618 4821
10515 4821
8306 4821
8277 4821
10472 4821
11628 4821
8773 4821
10659 4821
2 4821
10398 4822
10308 4822
8336 4822
9157 4822
8326 4822
10821 4822
8091 4822
11002 4822
10790 4822
9453 4822
2 4822
8145 4823
9970 4823
8154 4823
11571 4823
11499 4823
9811 4823
2 4823
9428 4824
9113 4824
10072 4824
8986 4824
10854 4824
9772 4824
11034 4824
8133 4824
0 4824
9340 4824
11196 4824
2 4824
10846 4825
9637 4825
9863 4825
10630 4825
10395 4825
10146 4825
9008 4825
8959 4825
9817 4825
2 4825
11208 4826
11152 4826
10308 4826
11047 4826
11138 4826
11849 4826
10925 4826
2 4826
8397 4827
9463 4827
8376 4827
11033 4827
11932 4827
9277 4827
9257 4827
11038 4827
11766 4827
2 4827
9035 4828
8997 4828
9911 4828
11401 4828
10041 4828
2 4828
11139 4829
10948 4829
11578 4829
11095 4829
11257 4829
10282 4829
11184 4829
11494 4829
2 4829
8864 4830
10045 4830
9096 4830
10435 4830
8835 4830
8104 4830
9090 4830
9606 4830
9740 4830
10533 4830
2 4830
8445 4831
11348 4831
11252 4831
9337 4831
8707 4831
2 4831
10485 4832
11371 4832
8326 4832
8996 4832
10545 4832
8745 4832
10369 4832
2 4832
8253 4833
11902 4833
8855 4833
10262 4833
11906 4833
9730 4833
11047 4833
10127 4833
11357 4833
2 4833
8027 4834
9917 4834
8022 4834
11938 4834
11154 4834
8475 4834
11521 4834
2 4834
11866 4835
10735 4835
11144 4835
9466 4835
11915 4835
2 4835
11196 4836
9955 4836
8019 4836
10868 4836
9386 4836
10175 4836
11140 4836
2 4836
11772 4837
10801 4837
11698 4837
8798 4837
2 4837
10133 4838
11842 4838
10595 4838
10903 4838
10748 4838
9517 4838
10488 4838
2 4838
9104 4839
10829 4839
8940 4839
11889 4839
11614 4839
10924 4839
11172 4839
11465 4839
9666 4839
10366 4839
9929 4839
2 4839
11605 4840
8232 4840
8909 4840
10969 4840
8434 4840
11584 4840
9136 4840
10051 4840
9960 4840
10896 4840
9257 4840
2 4840
11596 4841
9327 4841
10762 4841
11536 4841
11912 4841
9486 4841
9808 4841
10089 4841
11141 4841
2 4841
10721 4842
8960 4842
8251 4842
8996 4842
11038 4842
11906 4842
11069 4842
10306 4842
8908 4842
2 4842
11444 4843
10101 4843
11657 4843
8825 4843
2 4843
10982 4844
10345 4844
9327 4844
8768 4844
2 4844
8090 4845
8109 4845
9407 4845
11697 4845
10921 4845
10139 4845
8264 4845
11677 4845
11564 4845
2 4845
8182 4846
11349 4846
8231 4846
11443 4846
8775 4846
8894 4846
8548 4846
9860 4846
11070 4846
2 4846
11209 4847
9570 4847
11800 4847
9190 4847
8702 4847
2 4847
11271 4848
11214 4848
11942 4848
9628 4848
9556 4848
8832 4848
2 4848
11696 4849
8054 4849
10464 4849
8122 4849
9175 4849
8749 4849
8790 4849
2 4849
8704 4850
11430 4850
8519 4850
8956 4850
11644 4850
2 4850
9271 4851
8254 4851
8978 4851
9124 4851
8636 4851
8088 4851
9505 4851
8571 4851
10247 4851
10141 4851
10018 4851
2 4851
10617 4852
8769 4852
8466 4852
11984 4852
10359 4852
10059 4852
10131 4852
11576 4852
10589 4852
2 4852
9158 4853
8170 4853
10496 4853
9680 4853
2 4853
11494 4854
8726 4854
10292 4854
10312 4854
8198 4854
2 4854
11296 4855
9373 4855
11611 4855
10879 4855
11767 4855
10064 4855
10511 4855
8604 4855
9998 4855
9732 4855
2 4855
9805 4856
8509 4856
10546 4856
10468 4856
2 4856
10172 4857
10254 4857
8877 4857
11663 4857
11421 4857
9872 4857
10885 4857
8930 4857
10328 4857
10563 4857
9010 4857
2 4857
8678 4858
8253 4858
10822 4858
11682 4858
8967 4858
11667 4858
11772 4858
10594 4858
9526 4858
10384 4858
11170 4858
2 4858
8686 4859
9962 4859
9704 4859
9915 4859
9266 4859
8877 4859
9258 4859
8850 4859
8442 4859
10342 4859
8458 4859
2 4859
8719 4860
8605 4860
9123 4860
11200 4860
10351 4860
8687 4860
9096 4860
10484 4860
2 4860
8400 4861
9653 4861
10992 4861
10244 4861
9593 4861
10614 4861
11454 4861
10360 4861
11802 4861
0 4861
2 4861
9487 4862
10965 4862
9844 4862
8895 4862
8471 4862
10779 4862
9926 4862
11392 4862
9601 4862
2 4862
8007 4863
9915 4863
9258 4863
11081 4863
2 4863
8239 4864
11696 4864
8321 4864
8142 4864
11661 4864
8886 4864
10677 4864
9310 4864
9263 4864
11603 4864
2 4864
9432 4865
9248 4865
8773 4865
11424 4865
9672 4865
8645 4865
8672 4865
10472 4865
9226 4865
9084 4865
2 4865
10785 4866
11846 4866
9091 4866
9069 4866
11939 4866
9617 4866
2 4866
11930 4867
11981 4867
8815 4867
10841 4867
11130 4867
8670 4867
9560 4867
2 4867
8842 4868
11469 4868
9187 4868
11985 4868
8938 4868
8313 4868
11625 4868
11539 4868
11638 4868
9831 4868
9388 4868
2 4868
11427 4869
8619 4869
11057 4869
8449 4869
9488 4869
2 4869
10953 4870
10477 4870
9301 4870
8654 4870
9054 4870
2 4870
9971 4871
9899 4871
11607 4871
10204 4871
8092 4871
8096 4871
10552 4871
8841 4871
9687 4871
2 4871
10644 4872
9148 4872
10040 4872
8926 4872
9133 4872
10413 4872
10713 4872
9596 4872
10414 4872
8938 4872
2 4872
11031 4873
11749 4873
9631 4873
9673 4873
8109 4873
10041 4873
11596 4873
10725 4873
10407 4873
8942 4873
8121 4873
2 4873
8402 4874
11986 4874
11597 4874
8683 4874
8310 4874
11774 4874
10561 4874
10784 4874
10744 4874
10240 4874
2 4874
10910 4875
10802 4875
9755 4875
11578 4875
9541 4875
2 4875
9249 4876
8803 4876
11471 4876
8889 4876
9968 4876
10843 4876
8709 4876
10111 4876
9790 4876
8066 4876
10089 4876
2 4876
9149 4877
11983 4877
8456 4877
9413 4877
8947 4877
11398 4877
2 4877
9081 4878
8303 4878
8608 4878
10105 4878
8442 4878
9233 4878
8810 4878
9056 4878
8917 4878
11636 4878
2 4878
10601 4879
10359 4879
10774 4879
9313 4879
10301 4879
2 4879
11941 4880
8009 4880
9050 4880
10517 4880
8450 4880
9807 4880
2 4880
10700 4881
9139 4881
8691 4881
10016 4881
9224 4881
10368 4881
8911 4881
10278 4881
8972 4881
8308 4881
2 4881
11985 4882
8845 4882
10720 4882
8799 4882
11027 4882
9874 4882
8463 4882
8393 4882
8801 4882
8596 4882
10109 4882
2 4882
10634 4883
9910 4883
10880 4883
9462 4883
10703 4883
8826 4883
10415 4883
10806 4883
11141 4883
11284 4883
10079 4883
2 4883
10045 4884
8732 4884
9912 4884
10361 4884
8436 4884
8193 4884
8812 4884
0 4884
8104 4884
10221 4884
2 4884
11015 4885
9509 4885
8482 4885
9885 4885
8468 4885
9414 4885
9332 4885
10592 4885
8517 4885
2 4885
8545 4886
9550 4886
11295 4886
10759 4886
11394 4886
11548 4886
8069 4886
11691 4886
9819 4886
2 4886
9678 4887
11032 4887
11550 4887
10080 4887
8652 4887
8067 4887
9086 4887
10239 4887
2 4887
8594 4888
9404 4888
10603 4888
8430 4888
10550 4888
9644 4888
8543 4888
9539 4888
10029 4888
11314 4888
2 4888
11438 4889
8608 4889
9744 4889
10068 4889
10541 4889
2 4889
10844 4890
11507 4890
10784 4890
10116 4890
10191 4890
10028 4890
9167 4890
11701 4890
11292 4890
2 4890
8592 4891
11743 4891
10252 4891
11824 4891
9981 4891
11333 4891
8830 4891
8598 4891
10581 4891
2 4891
8763 4892
11042 4892
9961 4892
11154 4892
10195 4892
9905 4892
2 4892
10448 4893
9740 4893
9848 4893
8687 4893
8274 4893
8275 4893
8217 4893
9849 4893
10854 4893
2 4893
11295 4894
9768 4894
8660 4894
11820 4894
2 4894
10534 4895
10970 4895
11833 4895
9999 4895
10561 4895
10652 4895
2 4895
9929 4896
10490 4896
9778 4896
11267 4896
11868 4896
11677 4896
8304 4896
8997 4896
8614 4896
8794 4896
2 4896
10578 4897
10561 4897
11424 4897
9555 4897
10006 4897
8356 4897
9630 4897
9158 4897
2 4897
8171 4898
10167 4898
8625 4898
11763 4898
10452 4898
10703 4898
11613 4898
2 4898
8166 4899
11855 4899
9321 4899
11683 4899
10622 4899
8478 4899
11431 4899
2 4899
10705 4900
11744 4900
8034 4900
10815 4900
2 4900
10683 4901
11786 4901
11678 4901
11909 4901
11034 4901
10953 4901
2 4901
8434 4902
11367 4902
11927 4902
9670 4902
10535 4902
9171 4902
8116 4902
11399 4902
2 4902
11858 4903
10697 4903
8287 4903
9507 4903
10130 4903
9095 4903
11592 4903
10870 4903
2 4903
11928 4904
9255 4904
8106 4904
9582 4904
10993 4904
11466 4904
11144 4904
9881 4904
11221 4904
2 4904
9585 4905
9160 4905
9690 4905
10698 4905
9465 4905
8374 4905
10653 4905
9872 4905
9779 4905
8527 4905
2 4905
9686 4906
9808 4906
11011 4906
8049 4906
10032 4906
10920 4906
10074 4906
11384 4906
2 4906
11955 4907
8563 4907
10951 4907
9876 4907
8409 4907
2 4907
11829 4908
8415 4908
10047 4908
11312 4908
8624 4908
8886 4908
11876 4908
2 4908
8375 4909
9114 4909
8401 4909
9667 4909
8773 4909
11467 4909
9353 4909
9278 4909
9496 4909
10462 4909
2 4909
10432 4910
9577 4910
9089 4910
10088 4910
2 4910
10214 4911
11469 4911
10879 4911
11539 4911
9531 4911
2 4911
10728 4912
10964 4912
8464 4912
8344 4912
9474 4912
8369 4912
2 4912
9465 4913
8773 4913
9242 4913
11942 4913
10424 4913
9587 4913
11585 4913
11321 4913
8975 4913
11636 4913
2 4913
8456 4914
8105 4914
11551 4914
9140 4914
11864 4914
11754 4914
9028 4914
11558 4914
11759 4914
8433 4914
2 4914
10812 4915
11237 4915
11650 4915
11944 4915
2 4915
8030 4916
8498 4916
9905 4916
10806 4916
8499 4916
10968 4916
2 4916
9762 4917
8359 4917
11183 4917
9923 4917
10678 4917
2 4917
8553 4918
8093 4918
9072 4918
9903 4918
11168 4918
2 4918
8618 4919
9099 4919
8053 4919
11576 4919
10316 4919
11560 4919
8248 4919
2 4919
11185 4920
10312 4920
9771 4920
10680 4920
10927 4920
9390 4920
8577 4920
2 4920
11085 4921
9114 4921
9351 4921
11703 4921
10201 4921
8991 4921
11433 4921
8442 4921
8721 4921
2 4921
11974 4922
11010 4922
9599 4922
10590 4922
2 4922
10615 4923
11332 4923
8434 4923
9282 4923
9729 4923
9044 4923
8695 4923
2 4923
8086 4924
9342 4924
10964 4924
11767 4924
10557 4924
10441 4924
8422 4924
11818 4924
8514 4924
10611 4924
2 4924
10222 4925
11738 4925
9305 4925
10007 4925
10529 4925
11384 4925
11953 4925
2 4925
11629 4926
11399 4926
11891 4926
11481 4926
2 4926
10777 4927
9187 4927
11004 4927
10324 4927
11010 4927
2 4927
11335 4928
11623 4928
11194 4928
8648 4928
11492 4928
9071 4928
9841 4928
9027 4928
11494 4928
10247 4928
2 4928
10412 4929
11687 4929
10497 4929
8084 4929
9137 4929
11577 4929
11370 4929
0 4929
2 4929
8969 4930
10305 4930
8569 4930
11632 4930
10884 4930
10963 4930
9649 4930
8302 4930
9136 4930
2 4930
8711 4931
8351 4931
11274 4931
8462 4931
11976 4931
8895 4931
11089 4931
10874 4931
8442 4931
9108 4931
9287 4931
2 4931
10037 4932
10317 4932
10927 4932
10449 4932
8744 4932
11522 4932
10180 4932
11611 4932
11460 4932
11733 4932
10544 4932
2 4932
10725 4933
9858 4933
9305 4933
10024 4933
8876 4933
2 4933
9133 4934
10647 4934
10141 4934
10258 4934
8621 4934
8437 4934
9569 4934
8254 4934
8995 4934
11649 4934
2 4934
11404 4935
11039 4935
8739 4935
8840 4935
2 4935
9884 4936
8814 4936
10624 4936
8343 4936
11141 4936
2 4936
9726 4937
8437 4937
11731 4937
11812 4937
11420 4937
10819 4937
2 4937
10075 4938
10105 4938
8804 4938
8689 4938
11753 4938
2 4938
9654 4939
9612 4939
10139 4939
9131 4939
11564 4939
2 4939
8539 4940
10908 4940
9208 4940
9356 4940
11577 4940
11286 4940
9977 4940
10225 4940
10028 4940
11199 4940
2 4940
8462 4941
11636 4941
10866 4941
10870 4941
2 4941
9027 4942
10718 4942
8989 4942
10441 4942
11759 4942
11431 4942
8926 4942
10938 4942
8198 4942
2 4942
10928 4943
8569 4943
10083 4943
8317 4943
9110 4943
10580 4943
10296 4943
11373 4943
2 4943
9056 4944
11747 4944
8530 4944
8018 4944
11640 4944
11843 4944
2 4944
9084 4945
9689 4945
9064 4945
8424 4945
10359 4945
2 4945
9680 4946
9487 4946
9868 4946
8270 4946
11847 4946
11960 4946
2 4946
9032 4947
9305 4947
10685 4947
11516 4947
8866 4947
11651 4947
9185 4947
2 4947
11697 4948
9815 4948
11016 4948
9705 4948
8663 4948
2 4948
11424 4949
10006 4949
9146 4949
9471 4949
9909 4949
9475 4949
8637 4949
8895 4949
2 4949
8405 4950
8992 4950
8151 4950
9722 4950
9947 4950
10327 4950
2 4950
10952 4951
11283 4951
9967 4951
8872 4951
9159 4951
9594 4951
8047 4951
10414 4951
11897 4951
10692 4951
8514 4951
2 4951
9951 4952
9407 4952
9713 4952
9364 4952
9495 4952
9548 4952
8390 4952
8614 4952
2 4952
10829 4953
9947 4953
8519 4953
10794 4953
9409 4953
11580 4953
9423 4953
9320 4953
11874 4953
10425 4953
2 4953
9114 4954
10820 4954
8832 4954
9146 4954
8910 4954
9362 4954
9287 4954
11137 4954
8240 4954
9047 4954
2 4954
8922 4955
8616 4955
11865 4955
9282 4955
11063 4955
11557 4955
8148 4955
8847 4955
8967 4955
11769 4955
2 4955
9419 4956
8617 4956
10724 4956
9668 4956
2 4956
9232 4957
11818 4957
11114 4957
11315 4957
11283 4957
11243 4957
8372 4957
10494 4957
11269 4957
2 4957
11432 4958
9432 4958
11901 4958
11656 4958
10388 4958
11538 4958
11070 4958
9365 4958
10689 4958
11318 4958
2 4958
10749 4959
8395 4959
11902 4959
11574 4959
2 4959
10495 4960
9163 4960
8373 4960
10709 4960
9657 4960
11309 4960
2 4960
8053 4961
9391 4961
8630 4961
10541 4961
2 4961
10761 4962
9297 4962
8239 4962
8329 4962
2 4962
10127 4963
11147 4963
9923 4963
10469 4963
11058 4963
11769 4963
9833 4963
8251 4963
10051 4963
9157 4963
11130 4963
2 4963
10844 4964
8505 4964
8555 4964
9628 4964
2 4964
8898 4965
8390 4965
8142 4965
9752 4965
10699 4965
8936 4965
9661 4965
11475 4965
8329 4965
10078 4965
11695 4965
2 4965
10350 4966
9763 4966
9650 4966
11760 4966
11120 4966
8269 4966
2 4966
9691 4967
11452 4967
10662 4967
9110 4967
10426 4967
11992 4967
11959 4967
9044 4967
2 4967
8429 4968
9804 4968
9659 4968
8959 4968
2 4968
11965 4969
10180 4969
11748 4969
10669 4969
11084 4969
11864 4969
9854 4969
11490 4969
9997 4969
2 4969
11073 4970
8719 4970
9428 4970
8295 4970
0 4970
2 4970
8709 4971
8121 4971
9443 4971
9959 4971
10781 4971
9739 4971
2 4971
9023 4972
9068 4972
10432 4972
11009 4972
9718 4972
9339 4972
10943 4972
2 4972
8151 4973
11743 4973
9249 4973
9878 4973
2 4973
8822 4974
11712 4974
10088 4974
10301 4974
8543 4974
11545 4974
10400 4974
8649 4974
11585 4974
8623 4974
11072 4974
2 4974
11507 4975
10839 4975
10582 4975
9344 4975
10561 4975
2 4975
9232 4976
11539 4976
9759 4976
8845 4976
11320 4976
9901 4976
10481 4976
8747 4976
8957 4976
2 4976
8843 4977
9499 4977
11859 4977
9372 4977
11523 4977
9714 4977
11579 4977
10169 4977
8549 4977
10257 4977
9590 4977
2 4977
11881 4978
9862 4978
8059 4978
8715 4978
11638 4978
10080 4978
11218 4978
10764 4978
8722 4978
8040 4978
2 4978
8663 4979
11734 4979
10375 4979
11234 4979
10142 4979
11899 4979
2 4979
8446 4980
11551 4980
8795 4980
11415 4980
10559 4980
0 4980
2 4980
10294 4981
10649 4981
10241 4981
11535 4981
11411 4981
8149 4981
8739 4981
10106 4981
9492 4981
9881 4981
2 4981
10970 4982
10465 4982
9228 4982
8207 4982
9609 4982
2 4982
9830 4983
8006 4983
8065 4983
9102 4983
11762 4983
11825 4983
10288 4983
2 4983
11798 4984
9436 4984
8331 4984
8784 4984
11094 4984
11124 4984
2 4984
10696 4985
10352 4985
8810 4985
9703 4985
9025 4985
11942 4985
2 4985
10637 4986
10081 4986
9527 4986
10914 4986
8559 4986
8330 4986
8728 4986
8474 4986
11451 4986
2 4986
9174 4987
9009 4987
10828 4987
10655 4987
11666 4987
11218 4987
11220 4987
8393 4987
2 4987
8873 4988
10383 4988
11943 4988
10854 4988
9284 4988
2 4988
10696 4989
8553 4989
8541 4989
11618 4989
10265 4989
11237 4989
11077 4989
2 4989
9311 4990
9457 4990
8870 4990
10846 4990
10700 4990
8598 4990
8428 4990
9920 4990
2 4990
11739 4991
9640 4991
10065 4991
10410 4991
10445 4991
8439 4991
2 4991
10704 4992
8630 4992
11206 4992
10472 4992
11404 4992
8283 4992
10874 4992
11789 4992
8618 4992
9379 4992
8837 4992
2 4992
11583 4993
11530 4993
8605 4993
9610 4993
8835 4993
2 4993
11448 4994
8039 4994
10036 4994
10137 4994
10031 4994
10203 4994
8632 4994
9130 4994
9856 4994
11462 4994
2 4994
10851 4995
8378 4995
9259 4995
9387 4995
2 4995
10082 4996
10713 4996
11779 4996
8435 4996
2 4996
8720 4997
8025 4997
11610 4997
9248 4997
10844 4997
10686 4997
8644 4997
8772 4997
0 4997
2 4997
9204 4998
11014 4998
8355 4998
10822 4998
9898 4998
11930 4998
2 4998
11868 4999
8031 4999
10244 4999
10616 4999
9184 4999
10843 4999
8599 4999
9169 4999
11312 4999
9697 4999
10889 4999
2 4999
8789 5000
8991 5000
10052 5000
8970 5000
10943 5000
10061 5000
10424 5000
2 5000
10220 5001
9438 5001
11272 5001
10667 5001
8644 5001
9938 5001
9496 5001
8084 5001
11801 5001
2 5001
11854 5002
11367 5002
11118 5002
11000 5002
8355 5002
10517 5002
2 5002
9642 5003
9679 5003
9014 5003
10578 5003
11108 5003
8457 5003
9106 5003
2 5003
9042 5004
10536 5004
10345 5004
8659 5004
2 5004
9488 5005
11350 5005
10924 5005
10311 5005
10719 5005
2 5005
10881 5006
11146 5006
11795 5006
10181 5006
11293 5006
9904 5006
11528 5006
10247 5006
10037 5006
11601 5006
2 5006
10718 5007
11660 5007
10927 5007
9516 5007
10494 5007
11839 5007
10573 5007
11812 5007
2 5007
10120 5008
11724 5008
11963 5008
9444 5008
2 5008
10648 5009
11291 5009
11497 5009
11634 5009
9028 5009
2 5009
8657 5010
10044 5010
8396 5010
9922 5010
10961 5010
9775 5010
2 5010
8178 5011
11985 5011
8593 5011
9388 5011
10573 5011
2 5011
11912 5012
9674 5012
10222 5012
8511 5012
10470 5012
10923 5012
8021 5012
11174 5012
8282 5012
2 5012
9579 5013
11320 5013
8856 5013
9998 5013
10487 5013
11923 5013
8265 5013
9599 5013
8297 5013
9684 5013
2 5013
10302 5014
8474 5014
9719 5014
11522 5014
10291 5014
8482 5014
10486 5014
2 5014
11969 5015
10135 5015
10765 5015
10707 5015
9143 5015
11524 5015
10839 5015
11699 5015
10419 5015
10172 5015
2 5015
11953 5016
9959 5016
10894 5016
11723 5016
11800 5016
11131 5016
8826 5016
11400 5016
2 5016
10652 5017
8216 5017
11848 5017
9820 5017
2 5017
8129 5018
8251 5018
10978 5018
11698 5018
9595 5018
9795 5018
9944 5018
2 5018
11294 5019
11567 5019
9233 5019
10956 5019
8575 5019
11507 5019
11590 5019
9587 5019
9887 5019
11358 5019
8736 5019
2 5019
9400 5020
9736 5020
9123 5020
8884 5020
8104 5020
11441 5020
11792 5020
2 5020
10178 5021
11840 5021
11473 5021
9024 5021
11820 5021
11899 5021
11385 5021
2 5021
11254 5022
10694 5022
11554 5022
8493 5022
8629 5022
9387 5022
9543 5022
10948 5022
2 5022
10501 5023
8176 5023
10212 5023
10149 5023
10712 5023
10789 5023
10867 5023
2 5023
11254 5024
9803 5024
9678 5024
9009 5024
8285 5024
11426 5024
9148 5024
11451 5024
2 5024
10674 5025
11553 5025
9582 5025
9779 5025
10218 5025
9549 5025
9978 5025
11773 5025
8466 5025
11768 5025
2 5025
11018 5026
10524 5026
11205 5026
11639 5026
11133 5026
8473 5026
8520 5026
2 5026
11683 5027
11730 5027
10114 5027
11554 5027
9522 5027
10423 5027
11551 5027
8577 5027
11136 5027
10194 5027
2 5027
11204 5028
10969 5028
9988 5028
8960 5028
8808 5028
11665 5028
10469 5028
9699 5028
9257 5028
2 5028
10032 5029
8371 5029
10345 5029
11580 5029
11619 5029
9460 5029
11023 5029
10464 5029
9478 5029
8090 5029
9130 5029
2 5029
11066 5030
11960 5030
11961 5030
11542 5030
10424 5030
8589 5030
11412 5030
2 5030
8471 5031
9362 5031
10162 5031
11083 5031
10491 5031
11575 5031
11050 5031
2 5031
10699 5032
9296 5032
9776 5032
9469 5032
11339 5032
9995 5032
11102 5032
8119 5032
2 5032
8754 5033
10091 5033
8505 5033
9233 5033
2 5033
11547 5034
8882 5034
9644 5034
11949 5034
11270 5034
9068 5034
9325 5034
9704 5034
11088 5034
2 5034
8879 5035
8591 5035
9638 5035
11234 5035
8705 5035
2 5035
9482 5036
9260 5036
9760 5036
11745 5036
8379 5036
2 5036
8730 5037
10762 5037
10513 5037
11697 5037
11598 5037
2 5037
8074 5038
8144 5038
8084 5038
8530 5038
11458 5038
9333 5038
8466 5038
2 5038
9102 5039
11273 5039
8032 5039
9037 5039
10876 5039
8615 5039
10828 5039
9907 5039
9421 5039
8451 5039
9491 5039
2 5039
10636 5040
10138 5040
9441 5040
11305 5040
10696 5040
8084 5040
8368 5040
9077 5040
2 5040
8723 5041
11132 5041
11306 5041
11522 5041
9969 5041
9845 5041
2 5041
10163 5042
8478 5042
11830 5042
10493 5042
10275 5042
9668 5042
8088 5042
11262 5042
10411 5042
2 5042
11109 5043
8823 5043
8368 5043
10313 5043
9273 5043
2 5043
10131 5044
8028 5044
11676 5044
8791 5044
9496 5044
2 5044
10945 5045
8542 5045
9772 5045
10845 5045
11479 5045
9986 5045
8158 5045
2 5045
8483 5046
9281 5046
8062 5046
8937 5046
10408 5046
11329 5046
8307 5046
10159 5046
2 5046
9062 5047
11375 5047
11670 5047
9590 5047
11905 5047
8390 5047
2 5047
9129 5048
8187 5048
8140 5048
11005 5048
10522 5048
10935 5048
8307 5048
10520 5048
8642 5048
10797 5048
2 5048
9770 5049
9820 5049
8328 5049
11908 5049
9031 5049
8681 5049
2 5049
9004 5050
10285 5050
11984 5050
9575 5050
8906 5050
11648 5050
2 5050
9603 5051
8427 5051
11349 5051
10663 5051
2 5051
11025 5052
9085 5052
9459 5052
9224 5052
10723 5052
9156 5052
9659 5052
10755 5052
2 5052
9377 5053
11986 5053
10933 5053
10610 5053
10059 5053
2 5053
9019 5054
10342 5054
9754 5054
11621 5054
11648 5054
9016 5054
10039 5054
2 5054
9027 5055
9071 5055
9803 5055
9520 5055
10122 5055
10815 5055
2 5055
11806 5056
9306 5056
10959 5056
9325 5056
9377 5056
11915 5056
9210 5056
2 5056
10582 5057
9524 5057
8755 5057
9893 5057
11377 5057
10370 5057
8192 5057
10261 5057
11969 5057
2 5057
9541 5058
10489 5058
11828 5058
9021 5058
11988 5058
11850 5058
9581 5058
11994 5058
8372 5058
11428 5058
2 5058
11104 5059
9768 5059
9435 5059
8296 5059
11011 5059
11201 5059
10345 5059
10166 5059
11693 5059
2 5059
11285 5060
11650 5060
11636 5060
9733 5060
9690 5060
9294 5060
10632 5060
10182 5060
9789 5060
2 5060
11360 5061
8535 5061
11494 5061
10186 5061
8465 5061
2 5061
10584 5062
10656 5062
11123 5062
9156 5062
10672 5062
8601 5062
8625 5062
8077 5062
9042 5062
2 5062
9614 5063
9994 5063
9623 5063
11717 5063
10751 5063
9858 5063
2 5063
9223 5064
10348 5064
10178 5064
11334 5064
8968 5064
8781 5064
8321 5064
8477 5064
2 5064
10580 5065
9974 5065
9607 5065
8161 5065
11756 5065
9393 5065
2 5065
10405 5066
11162 5066
9956 5066
8470 5066
8311 5066
2 5066
10385 5067
10111 5067
8891 5067
10036 5067
9085 5067
8876 5067
8185 5067
2 5067
10750 5068
11349 5068
9903 5068
10113 5068
10833 5068
10363 5068
9391 5068
2 5068
10740 5069
10985 5069
8616 5069
11223 5069
10519 5069
8588 5069
9691 5069
2 5069
11777 5070
9284 5070
10566 5070
9970 5070
10918 5070
11995 5070
9055 5070
8807 5070
9892 5070
2 5070
10558 5071
9766 5071
11588 5071
11083 5071
9789 5071
11901 5071
9809 5071
8580 5071
10839 5071
11495 5071
8200 5071
2 5071
10553 5072
10862 5072
8125 5072
9181 5072
10480 5072
11983 5072
9048 5072
8431 5072
8851 5072
9421 5072
9597 5072
2 5072
10997 5073
9150 5073
10582 5073
9452 5073
10462 5073
11252 5073
11567 5073
10340 5073
8610 5073
9565 5073
2 5073
8079 5074
8066 5074
8551 5074
8730 5074
8809 5074
9219 5074
11334 5074
2 5074
9135 5075
10525 5075
11357 5075
9805 5075
8658 5075
11186 5075
9954 5075
11161 5075
8557 5075
9851 5075
2 5075
11104 5076
11734 5076
8238 5076
8620 5076
10098 5076
2 5076
10770 5077
8040 5077
11787 5077
11015 5077
11754 5077
11293 5077
2 5077
8253 5078
11906 5078
11669 5078
8854 5078
10951 5078
10594 5078
8945 5078
11574 5078
10615 5078
9810 5078
11632 5078
2 5078
9411 5079
9468 5079
11034 5079
9986 5079
10484 5079
9318 5079
8441 5079
11668 5079
2 5079
11994 5080
8455 5080
9522 5080
11032 5080
10673 5080
8514 5080
8365 5080
9862 5080
8393 5080
11245 5080
11897 5080
2 5080
8580 5081
9938 5081
9690 5081
8741 5081
9288 5081
8754 5081
10695 5081
10589 5081
8894 5081
2 5081
10192 5082
11234 5082
8936 5082
11472 5082
8467 5082
10752 5082
8534 5082
2 5082
10525 5083
11328 5083
10001 5083
11533 5083
8480 5083
10507 5083
11063 5083
11014 5083
11371 5083
2 5083
10109 5084
11233 5084
10910 5084
8931 5084
8369 5084
10556 5084
8723 5084
9122 5084
2 5084
10794 5085
8415 5085
11472 5085
10864 5085
2 5085
10977 5086
9566 5086
10931 5086
8467 5086
9959 5086
10741 5086
8169 5086
9617 5086
9952 5086
8292 5086
9500 5086
2 5086
9972 5087
11153 5087
8688 5087
9200 5087
2 5087
10199 5088
9712 5088
9406 5088
9022 5088
8019 5088
10190 5088
11196 5088
8295 5088
11786 5088
2 5088
8890 5089
8219 5089
11897 5089
11337 5089
9009 5089
2 5089
9788 5090
11192 5090
10257 5090
11548 5090
10314 5090
8619 5090
8848 5090
11845 5090
10148 5090
9673 5090
2 5090
11035 5091
11952 5091
11713 5091
10073 5091
11322 5091
8565 5091
11086 5091
9715 5091
2 5091
10630 5092
10280 5092
8476 5092
11820 5092
2 5092
10732 5093
8073 5093
9771 5093
8456 5093
9302 5093
11477 5093
8651 5093
2 5093
10425 5094
8135 5094
11279 5094
10886 5094
8953 5094
9177 5094
11679 5094
2 5094
8143 5095
8591 5095
8069 5095
10921 5095
9469 5095
10015 5095
8597 5095
2 5095
9233 5096
11757 5096
9195 5096
11369 5096
10105 5096
10771 5096
2 5096
10372 5097
9533 5097
9312 5097
8565 5097
9385 5097
8341 5097
11563 5097
9921 5097
2 5097
9427 5098
11921 5098
10978 5098
9842 5098
11665 5098
9518 5098
8908 5098
10001 5098
11169 5098
9602 5098
10303 5098
2 5098
11576 5099
10043 5099
9266 5099
8452 5099
10220 5099
8927 5099
9444 5099
10342 5099
9425 5099
11270 5099
2 5099
9125 5100
9145 5100
8420 5100
11436 5100
2 5100
9823 5101
8794 5101
11778 5101
9495 5101
8264 5101
9334 5101
11873 5101
11548 5101
10539 5101
10179 5101
2 5101
11775 5102
9468 5102
10330 5102
10936 5102
10255 5102
9209 5102
8849 5102
2 5102
10778 5103
9825 5103
10294 5103
11690 5103
11482 5103
8975 5103
10834 5103
11144 5103
11083 5103
11214 5103
9492 5103
2 5103
9435 5104
11520 5104
9752 5104
9032 5104
10753 5104
2 5104
9735 5105
11969 5105
8773 5105
11424 5105
9095 5105
10342 5105
8382 5105
2 5105
10937 5106
9077 5106
11021 5106
9927 5106
10778 5106
9023 5106
9717 5106
2 5106
8796 5107
8007 5107
8246 5107
11439 5107
11656 5107
2 5107
11710 5108
11870 5108
8470 5108
10528 5108
8961 5108
11845 5108
11912 5108
10197 5108
10567 5108
11781 5108
2 5108
9290 5109
10150 5109
8658 5109
9247 5109
9201 5109
10401 5109
8127 5109
2 5109
10749 5110
10969 5110
11240 5110
10679 5110
10535 5110
9930 5110
9547 5110
8909 5110
2 5110
9290 5111
10506 5111
9747 5111
11955 5111
10978 5111
10746 5111
11253 5111
9493 5111
8967 5111
11854 5111
2 5111
11698 5112
9193 5112
9649 5112
8669 5112
9374 5112
11416 5112
9749 5112
2 5112
11324 5113
8339 5113
9055 5113
10119 5113
2 5113
9482 5114
11164 5114
11500 5114
9063 5114
2 5114
10373 5115
11907 5115
10972 5115
11882 5115
11592 5115
2 5115
9603 5116
10965 5116
10340 5116
8948 5116
11942 5116
11050 5116
9487 5116
8402 5116
2 5116
8893 5117
11709 5117
11871 5117
8107 5117
10559 5117
8218 5117
8172 5117
2 5117
9709 5118
10427 5118
9165 5118
8817 5118
10339 5118
8936 5118
11423 5118
2 5118
9597 5119
9969 5119
9491 5119
11480 5119
8627 5119
10441 5119
10018 5119
8218 5119
2 5119
8670 5120
10269 5120
9691 5120
11169 5120
8013 5120
8161 5120
11440 5120
10369 5120
11063 5120
2 5120
11617 5121
11888 5121
8725 5121
10286 5121
11240 5121
8359 5121
8293 5121
10678 5121
8131 5121
2 5121
11238 5122
8763 5122
10167 5122
8826 5122
10084 5122
2 5122
10927 5123
11923 5123
10684 5123
10431 5123
2 5123
8066 5124
10409 5124
8477 5124
8613 5124
9241 5124
2 5124
11866 5125
8827 5125
11166 5125
9827 5125
11156 5125
11066 5125
10261 5125
10653 5125
9567 5125
9770 5125
9940 5125
2 5125
9839 5126
8691 5126
9768 5126
11672 5126
8704 5126
8343 5126
11896 5126
9799 5126
2 5126
8194 5127
11285 5127
9199 5127
9464 5127
11045 5127
10585 5127
11991 5127
9809 5127
8608 5127
10812 5127
2 5127
8260 5128
9915 5128
10750 5128
11018 5128
2 5128
10663 5129
8370 5129
8832 5129
11594 5129
8287 5129
9524 5129
9064 5129
2 5129
8887 5130
10024 5130
9748 5130
8311 5130
8953 5130
10490 5130
8710 5130
10203 5130
10407 5130
9488 5130
2 5130
11321 5131
8782 5131
8402 5131
9331 5131
8836 5131
8175 5131
2 5131
9832 5132
9134 5132
10756 5132
11838 5132
10232 5132
10608 5132
9724 5132
8095 5132
11934 5132
9265 5132
9413 5132
2 5132
10286 5133
8960 5133
11130 5133
8699 5133
11632 5133
2 5133
10163 5134
11028 5134
9613 5134
11420 5134
8173 5134
11494 5134
8831 5134
2 5134
9680 5135
10491 5135
8277 5135
11407 5135
2 5135
9333 5136
10283 5136
8973 5136
9735 5136
10034 5136
8820 5136
2 5136
10676 5137
10763 5137
10073 5137
8949 5137
2 5137
9227 5138
10231 5138
11068 5138
8169 5138
8545 5138
10755 5138
9297 5138
10642 5138
8492 5138
2 5138
9298 5139
9729 5139
9765 5139
8569 5139
2 5139
9898 5140
10978 5140
8314 5140
10985 5140
8945 5140
8082 5140
11504 5140
10621 5140
8291 5140
8317 5140
9257 5140
2 5140
10786 5141
11805 5141
9535 5141
9785 5141
10545 5141
2 5141
9797 5142
8938 5142
9586 5142
10251 5142
2 5142
11546 5143
11282 5143
11234 5143
11154 5143
11723 5143
11005 5143
9951 5143
9776 5143
10501 5143
8818 5143
10979 5143
2 5143
10849 5144
10496 5144
8882 5144
8416 5144
10834 5144
11814 5144
9205 5144
10733 5144
11424 5144
9999 5144
2 5144
8380 5145
8535 5145
10453 5145
10718 5145
10295 5145
9813 5145
2 5145
8644 5146
11070 5146
10219 5146
8427 5146
9507 5146
10695 5146
8101 5146
2 5146
8147 5147
11681 5147
9032 5147
11001 5147
10988 5147
9863 5147
11446 5147
8135 5147
8534 5147
2 5147
11322 5148
9490 5148
11201 5148
8371 5148
11297 5148
11323 5148
11653 5148
8714 5148
10865 5148
10171 5148
2 5148
9711 5149
10398 5149
9383 5149
9545 5149
10469 5149
9974 5149
9701 5149
8700 5149
11069 5149
9261 5149
10273 5149
2 5149
11971 5150
8535 5150
10302 5150
9773 5150
8851 5150
10518 5150
8254 5150
10631 5150
10183 5150
2 5150
10087 5151
9040 5151
9441 5151
8488 5151
10848 5151
9504 5151
2 5151
11433 5152
11690 5152
9397 5152
11180 5152
8637 5152
10543 5152
2 5152
10007 5153
11334 5153
10859 5153
8545 5153
11842 5153
11457 5153
10810 5153
2 5153
11175 5154
11219 5154
8321 5154
11339 5154
8189 5154
11127 5154
10599 5154
10371 5154
8241 5154
9666 5154
9219 5154
2 5154
9771 5155
10876 5155
10713 5155
9963 5155
2 5155
11411 5156
9248 5156
10165 5156
9199 5156
11358 5156
8820 5156
9245 5156
8462 5156
8266 5156
11466 5156
10013 5156
2 5156
8664 5157
9213 5157
8479 5157
8995 5157
2 5157
9551 5158
8925 5158
8403 5158
8580 5158
2 5158
8725 5159
11910 5159
8561 5159
11169 5159
2 5159
8874 5160
8099 5160
11510 5160
10212 5160
11333 5160
2 5160
11354 5161
8404 5161
8812 5161
10854 5161
10499 5161
11200 5161
2 5161
8404 5162
8340 5162
9269 5162
9800 5162
10108 5162
8864 5162
2 5162
10714 5163
8098 5163
8910 5163
8234 5163
10472 5163
11969 5163
9458 5163
2 5163
9753 5164
9887 5164
9966 5164
11527 5164
2 5164
8599 5165
10046 5165
10919 5165
9435 5165
10228 5165
9746 5165
2 5165
8295 5166
10499 5166
9386 5166
0 5166
8679 5166
2 5166
9518 5167
9988 5167
10126 5167
11087 5167
11179 5167
8915 5167
9774 5167
11481 5167
9992 5167
8588 5167
2 5167
11637 5168
8117 5168
10960 5168
8782 5168
9395 5168
11106 5168
2 5168
9155 5169
8891 5169
10911 5169
10643 5169
11952 5169
2 5169
9713 5170
10049 5170
10691 5170
10912 5170
10501 5170
11761 5170
8294 5170
2 5170
8536 5171
11926 5171
8995 5171
11586 5171
8178 5171
9144 5171
8978 5171
10811 5171
2 5171
11219 5172
10017 5172
11845 5172
11952 5172
2 5172
9292 5173
8550 5173
8239 5173
8939 5173
9840 5173
9920 5173
10560 5173
8595 5173
2 5173
11208 5174
11531 5174
9547 5174
9908 5174
11204 5174
9277 5174
2 5174
11652 5175
9215 5175
9050 5175
9253 5175
8376 5175
10580 5175
9706 5175
11515 5175
2 5175
11622 5176
11570 5176
8054 5176
11113 5176
9801 5176
10160 5176
2 5176
11470 5177
10423 5177
10346 5177
11263 5177
10476 5177
2 5177
8672 5178
11265 5178
10461 5178
9580 5178
8442 5178
9909 5178
10636 5178
9896 5178
8260 5178
8416 5178
2 5178
8267 5179
10339 5179
9091 5179
9614 5179
11128 5179
8714 5179
11068 5179
2 5179
11611 5180
10600 5180
8181 5180
9259 5180
9265 5180
10964 5180
8633 5180
10557 5180
10423 5180
8747 5180
9002 5180
2 5180
9224 5181
9252 5181
8830 5181
8255 5181
2 5181
10122 5182
9726 5182
10826 5182
11540 5182
10556 5182
8138 5182
2 5182
10996 5183
8736 5183
11388 5183
9326 5183
11483 5183
11214 5183
2 5183
11765 5184
8085 5184
11637 5184
8055 5184
2 5184
10912 5185
9297 5185
9653 5185
11488 5185
9798 5185
11706 5185
8994 5185
10103 5185
8177 5185
9175 5185
2 5185
8305 5186
10247 5186
10141 5186
10631 5186
10802 5186
8593 5186
9071 5186
8799 5186
11059 5186
2 5186
8588 5187
10951 5187
9231 5187
8808 5187
9558 5187
9410 5187
8355 5187
8129 5187
11014 5187
8695 5187
10308 5187
2 5187
8038 5188
10641 5188
11343 5188
9022 5188
11073 5188
10276 5188
11786 5188
8657 5188
9168 5188
8635 5188
9571 5188
2 5188
11257 5189
8338 5189
10288 5189
8180 5189
10037 5189
9520 5189
10776 5189
8330 5189
11967 5189
8271 5189
2 5189
9355 5190
10883 5190
9414 5190
11716 5190
9387 5190
11573 5190
11787 5190
8985 5190
11262 5190
2 5190
9683 5191
10332 5191
10589 5191
9472 5191
11741 5191
10131 5191
9868 5191
11390 5191
10370 5191
8582 5191
10709 5191
2 5191
9507 5192
9425 5192
10933 5192
11538 5192
10619 5192
11794 5192
11628 5192
9158 5192
9455 5192
2 5192
11228 5193
11154 5193
9295 5193
10522 5193
10078 5193
9815 5193
8713 5193
9536 5193
9659 5193
9385 5193
2 5193
11892 5194
11124 5194
8108 5194
10222 5194
8152 5194
8407 5194
10368 5194
10606 5194
2 5194
9008 5195
10787 5195
9088 5195
9869 5195
11506 5195
8168 5195
9714 5195
10442 5195
9082 5195
2 5195
11045 5196
10504 5196
8897 5196
9564 5196
11919 5196
10653 5196
10120 5196
10023 5196
10632 5196
9072 5196
2 5196
9148 5197
10441 5197
9592 5197
11419 5197
9390 5197
9011 5197
10334 5197
9336 5197
11326 5197
2 5197
9800 5198
11487 5198
11914 5198
10658 5198
8676 5198
10044 5198
9112 5198
11668 5198
9386 5198
11478 5198
2 5198
9442 5199
11367 5199
10858 5199
10394 5199
10971 5199
9595 5199
10150 5199
2 5199
8525 5200
10139 5200
8709 5200
11238 5200
8946 5200
11725 5200
9405 5200
9823 5200
9184 5200
8341 5200
10074 5200
2 5200
8690 5201
8745 5201
11726 5201
11632 5201
10507 5201
10740 5201
10000 5201
2 5201
9197 5202
8485 5202
9226 5202
10138 5202
9656 5202
11106 5202
2 5202
8737 5203
11348 5203
10246 5203
9004 5203
9167 5203
9464 5203
11552 5203
2 5203
9069 5204
10089 5204
10010 5204
8188 5204
9984 5204
8526 5204
11427 5204
10280 5204
2 5204
10697 5205
10249 5205
8928 5205
8347 5205
11476 5205
9064 5205
8194 5205
2 5205
10551 5206
8262 5206
9850 5206
11820 5206
2 5206
8796 5207
11676 5207
10174 5207
10113 5207
9476 5207
11907 5207
10337 5207
8277 5207
9717 5207
10562 5207
10399 5207
2 5207
10042 5208
10972 5208
8920 5208
8505 5208
9575 5208
2 5208
8904 5209
8196 5209
8177 5209
11710 5209
9979 5209
2 5209
8959 5210
11587 5210
11691 5210
9407 5210
10616 5210
10259 5210
11672 5210
11725 5210
9972 5210
8943 5210
2 5210
11715 5211
9263 5211
9322 5211
8467 5211
8987 5211
8233 5211
8063 5211
8211 5211
2 5211
8871 5212
8121 5212
8614 5212
10197 5212
9043 5212
10998 5212
9067 5212
9917 5212
11717 5212
10139 5212
2 5212
10832 5213
10990 5213
11799 5213
8396 5213
8812 5213
11786 5213
11732 5213
10281 5213
10422 5213
2 5213
8606 5214
10745 5214
8948 5214
9754 5214
8673 5214
8246 5214
11890 5214
9072 5214
9644 5214
2 5214
11667 5215
9282 5215
11652 5215
11253 5215
8699 5215
11240 5215
8156 5215
2 5215
9320 5216
10408 5216
10748 5216
11488 5216
11859 5216
2 5216
11669 5217
11729 5217
11328 5217
8148 5217
11063 5217
10662 5217
9935 5217
2 5217
8906 5218
11232 5218
10704 5218
10738 5218
11618 5218
2 5218
11597 5219
10285 5219
11424 5219
11403 5219
8618 5219
9472 5219
2 5219
8654 5220
8802 5220
10361 5220
9571 5220
2 5220
10025 5221
10603 5221
11468 5221
11597 5221
2 5221
10091 5222
10254 5222
10504 5222
11783 5222
10885 5222
9142 5222
8460 5222
2 5222
11250 5223
9119 5223
10937 5223
8580 5223
9844 5223
9065 5223
9665 5223
8510 5223
9523 5223
11915 5223
2 5223
8729 5224
8209 5224
8135 5224
9405 5224
10032 5224
10271 5224
10919 5224
10867 5224
9118 5224
8940 5224
10604 5224
2 5224
10360 5225
9530 5225
9263 5225
10038 5225
10196 5225
9024 5225
9605 5225
10375 5225
10010 5225
9752 5225
2 5225
9209 5226
10533 5226
11200 5226
11499 5226
10402 5226
10361 5226
8512 5226
10807 5226
10044 5226
10281 5226
2 5226
10574 5227
9651 5227
10225 5227
11045 5227
11236 5227
10892 5227
11043 5227
11628 5227
10668 5227
10555 5227
9501 5227
2 5227
10912 5228
11807 5228
8933 5228
11011 5228
10999 5228
9184 5228
10597 5228
2 5228
9119 5229
11942 5229
11757 5229
11844 5229
11271 5229
11272 5229
8018 5229
11336 5229
10765 5229
2 5229
8929 5230
11679 5230
11516 5230
11442 5230
8883 5230
11471 5230
11764 5230
9666 5230
11920 5230
2 5230
10260 5231
8309 5231
8897 5231
11544 5231
10116 5231
2 5231
11123 5232
8349 5232
9823 5232
8646 5232
10264 5232
8304 5232
2 5232
10271 5233
9624 5233
9118 5233
8534 5233
9808 5233
9861 5233
10813 5233
2 5233
8987 5234
9085 5234
8508 5234
10084 5234
11781 5234
8911 5234
8592 5234
11276 5234
8944 5234
2 5234
11866 5235
11847 5235
9146 5235
11505 5235
11096 5235
9783 5235
10610 5235
9828 5235
9068 5235
9587 5235
2 5235
11690 5236
9980 5236
11663 5236
8775 5236
10386 5236
10340 5236
9220 5236
11387 5236
2 5236
11765 5237
10066 5237
8246 5237
8823 5237
8589 5237
9498 5237
9481 5237
8782 5237
8894 5237
2 5237
11717 5238
11566 5238
9070 5238
11810 5238
2 5238
10485 5239
8005 5239
8971 5239
11069 5239
11080 5239
2 5239
8999 5240
10975 5240
10809 5240
11867 5240
9891 5240
8147 5240
10381 5240
10367 5240
10575 5240
9916 5240
9303 5240
2 5240
8999 5241
10634 5241
10575 5241
8825 5241
8887 5241
9617 5241
2 5241
10427 5242
9486 5242
8519 5242
9836 5242
10501 5242
10554 5242
9104 5242
10725 5242
8933 5242
2 5242
8991 5243
11259 5243
10352 5243
9633 5243
10515 5243
8822 5243
9072 5243
8093 5243
10543 5243
10193 5243
9933 5243
2 5243
11807 5244
9129 5244
8390 5244
9951 5244
10101 5244
11749 5244
11446 5244
11905 5244
10512 5244
10509 5244
8186 5244
2 5244
10857 5245
9935 5245
11849 5245
8531 5245
2 5245
11154 5246
10741 5246
11862 5246
9659 5246
2 5246
11383 5247
8264 5247
8360 5247
8267 5247
11182 5247
11719 5247
9836 5247
9127 5247
10998 5247
10470 5247
2 5247
9300 5248
11903 5248
8883 5248
9462 5248
8743 5248
11406 5248
9311 5248
2 5248
10840 5249
11591 5249
8924 5249
11188 5249
10782 5249
10092 5249
9176 5249
2 5249
10495 5250
10933 5250
10701 5250
9076 5250
2 5250
9034 5251
11583 5251
10593 5251
11381 5251
8667 5251
8647 5251
10190 5251
10281 5251
11501 5251
9775 5251
2 5251
11345 5252
10923 5252
11284 5252
8054 5252
8177 5252
8613 5252
9643 5252
11938 5252
9870 5252
10794 5252
8109 5252
2 5252
9746 5253
10036 5253
8371 5253
11892 5253
8233 5253
2 5253
8832 5254
8637 5254
8473 5254
8649 5254
10418 5254
10399 5254
10628 5254
2 5254
9470 5255
11639 5255
10177 5255
10814 5255
9825 5255
2 5255
11330 5256
10033 5256
11042 5256
8764 5256
9478 5256
2 5256
11028 5257
11812 5257
11320 5257
10973 5257
8821 5257
9880 5257
8446 5257
10411 5257
9176 5257
9003 5257
2 5257
10518 5258
11850 5258
9871 5258
8576 5258
9078 5258
11754 5258
10782 5258
11895 5258
8816 5258
8369 5258
2 5258
11416 5259
11667 5259
10596 5259
9928 5259
9261 5259
8043 5259
10710 5259
11440 5259
11682 5259
9545 5259
2 5259
8534 5260
10078 5260
10742 5260
8191 5260
11548 5260
11840 5260
10153 5260
9677 5260
8551 5260
2 5260
11673 5261
8815 5261
9231 5261
11020 5261
2 5261
8992 5262
10864 5262
9612 5262
9839 5262
11510 5262
11222 5262
11227 5262
10712 5262
2 5262
8978 5263
10914 5263
11733 5263
8125 5263
2 5263
8070 5264
11429 5264
11144 5264
11026 5264
10006 5264
11986 5264
10120 5264
9887 5264
2 5264
11570 5265
10380 5265
10348 5265
10934 5265
2 5265
8630 5266
9893 5266
10531 5266
9662 5266
10836 5266
2 5266
10501 5267
9043 5267
9750 5267
10502 5267
8663 5267
8534 5267
2 5267
11416 5268
11110 5268
10922 5268
8434 5268
8612 5268
11367 5268
8127 5268
8163 5268
9225 5268
2 5268
11099 5269
8692 5269
8154 5269
9173 5269
9269 5269
8404 5269
9015 5269
8252 5269
10144 5269
8864 5269
2 5269
11172 5270
8354 5270
10197 5270
10297 5270
11346 5270
9637 5270
2 5270
11938 5271
11685 5271
10554 5271
11201 5271
11347 5271
11958 5271
9488 5271
8595 5271
2 5271
11816 5272
9846 5272
11491 5272
8323 5272
2 5272
8644 5273
9432 5273
8037 5273
11722 5273
8832 5273
10849 5273
10850 5273
8877 5273
9370 5273
0 5273
2 5273
10291 5274
11528 5274
11586 5274
9181 5274
2 5274
8011 5275
9857 5275
9768 5275
11222 5275
8121 5275
2 5275
9907 5276
10647 5276
8263 5276
10553 5276
8615 5276
8166 5276
9132 5276
9755 5276
8893 5276
11974 5276
2 5276
8435 5277
11965 5277
10518 5277
11643 5277
11568 5277
8006 5277
11850 5277
10876 5277
10258 5277
11973 5277
11694 5277
2 5277
11190 5278
8905 5278
11774 5278
11751 5278
10393 5278
2 5278
11305 5279
10201 5279
9703 5279
8916 5279
11753 5279
11987 5279
11321 5279
8459 5279
8074 5279
8528 5279
2 5279
11023 5280
9105 5280
8663 5280
11322 5280
11935 5280
10307 5280
8814 5280
9743 5280
11788 5280
8788 5280
10257 5280
2 5280
10975 5281
11175 5281
9436 5281
9115 5281
10010 5281
9178 5281
8756 5281
10314 5281
9169 5281
11589 5281
8614 5281
2 5281
9639 5282
9490 5282
11191 5282
11078 5282
11693 5282
10024 5282
2 5282
11493 5283
8329 5283
9236 5283
11011 5283
10768 5283
11359 5283
8601 5283
11001 5283
9616 5283
8331 5283
2 5283
11899 5284
8407 5284
11023 5284
9799 5284
11800 5284
9748 5284
2 5284
8434 5285
10739 5285
11756 5285
8127 5285
9238 5285
9670 5285
10216 5285
9493 5285
11930 5285
9960 5285
10858 5285
2 5285
10703 5286
9686 5286
8866 5286
11442 5286
9746 5286
8867 5286
10242 5286
8776 5286
11899 5286
9859 5286
2 5286
9929 5287
9398 5287
11454 5287
9536 5287
2 5287
10310 5288
11567 5288
8266 5288
8281 5288
10460 5288
11674 5288
11907 5288
10532 5288
2 5288
11635 5289
11715 5289
10880 5289
8751 5289
8600 5289
11920 5289
8730 5289
10656 5289
10380 5289
11702 5289
9354 5289
2 5289
10395 5290
9674 5290
11824 5290
9283 5290
8730 5290
10829 5290
2 5290
11121 5291
11567 5291
11331 5291
11270 5291
11117 5291
8754 5291
8132 5291
10625 5291
10663 5291
2 5291
11992 5292
10576 5292
8786 5292
9749 5292
11584 5292
9383 5292
8043 5292
2 5292
11938 5293
11446 5293
9617 5293
9624 5293
10053 5293
10366 5293
11644 5293
2 5293
9991 5294
9796 5294
11404 5294
10561 5294
8578 5294
9519 5294
9056 5294
10238 5294
8123 5294
11098 5294
2 5294
11685 5295
10349 5295
10723 5295
10178 5295
8688 5295
9798 5295
11471 5295
2 5295
11342 5296
8662 5296
11960 5296
9975 5296
10638 5296
11305 5296
2 5296
11450 5297
8346 5297
10044 5297
11464 5297
2 5297
8387 5298
10058 5298
9430 5298
11015 5298
11762 5298
8032 5298
9271 5298
8726 5298
11733 5298
10184 5298
11997 5298
2 5298
9183 5299
11081 5299
9703 5299
8567 5299
11251 5299
10249 5299
10717 5299
10029 5299
9143 5299
9089 5299
8782 5299
2 5299
9679 5300
8789 5300
10735 5300
8541 5300
8513 5300
9827 5300
9120 5300
11648 5300
9656 5300
2 5300
9593 5301
11227 5301
10921 5301
11013 5301
10864 5301
8632 5301
2 5301
11230 5302
9193 5302
11169 5302
10126 5302
11865 5302
10621 5302
9560 5302
10127 5302
10978 5302
2 5302
11236 5303
9370 5303
9477 5303
11627 5303
10561 5303
10138 5303
9501 5303
11433 5303
9363 5303
9288 5303
2 5303
11832 5304
10582 5304
8368 5304
8840 5304
11648 5304
2 5304
9699 5305
8013 5305
10739 5305
8658 5305
9518 5305
9700 5305
8293 5305
10303 5305
10454 5305
11531 5305
10338 5305
2 5305
8581 5306
10533 5306
9400 5306
0 5306
10953 5306
8447 5306
11479 5306
11995 5306
8183 5306
9610 5306
2 5306
8598 5307
11856 5307
8476 5307
9164 5307
11048 5307
10371 5307
11119 5307
11351 5307
10755 5307
10427 5307
2 5307
8237 5308
10167 5308
8296 5308
8484 5308
9888 5308
9605 5308
2 5308
11521 5309
11734 5309
11798 5309
11764 5309
10796 5309
2 5309
9009 5310
8330 5310
10430 5310
10875 5310
10232 5310
9528 5310
11818 5310
8890 5310
2 5310
9906 5311
10000 5311
9547 5311
10526 5311
9561 5311
9463 5311
11917 5311
8564 5311
10306 5311
9151 5311
9246 5311
2 5311
9354 5312
8169 5312
11633 5312
9866 5312
10817 5312
8176 5312
11662 5312
8171 5312
2 5312
11161 5313
10790 5313
9298 5313
10969 5313
2 5313
10497 5314
9087 5314
10267 5314
8778 5314
10066 5314
10025 5314
10182 5314
2 5314
9999 5315
10601 5315
9351 5315
8056 5315
9065 5315
9524 5315
9501 5315
2 5315
11954 5316
8218 5316
8205 5316
10654 5316
11591 5316
10092 5316
11024 5316
11015 5316
2 5316
10755 5317
10794 5317
8697 5317
10645 5317
10597 5317
10348 5317
9525 5317
2 5317
8433 5318
8464 5318
9321 5318
9125 5318
10486 5318
8872 5318
10037 5318
11528 5318
8369 5318
2 5318
9763 5319
10682 5319
10641 5319
11937 5319
11450 5319
10435 5319
9269 5319
10144 5319
8812 5319
8042 5319
2 5319
11208 5320
10329 5320
10678 5320
8163 5320
10269 5320
11061 5320
11950 5320
8668 5320
2 5320
10699 5321
10672 5321
9525 5321
11856 5321
8703 5321
9200 5321
8209 5321
10664 5321
11758 5321
2 5321
10881 5322
11573 5322
10729 5322
8420 5322
2 5322
9731 5323
9650 5323
8421 5323
8581 5323
9112 5323
8128 5323
10477 5323
2 5323
10348 5324
9570 5324
11359 5324
9653 5324
9153 5324
10236 5324
10602 5324
8714 5324
8584 5324
10007 5324
2 5324
11175 5325
9947 5325
10560 5325
11696 5325
10195 5325
10595 5325
8413 5325
9094 5325
8697 5325
2 5325
10758 5326
11284 5326
11074 5326
8031 5326
8788 5326
2 5326
11486 5327
11256 5327
9075 5327
10912 5327
11672 5327
8841 5327
8191 5327
10613 5327
8972 5327
2 5327
8473 5328
11050 5328
8207 5328
10068 5328
10344 5328
9150 5328
10917 5328
11703 5328
11624 5328
2 5328
10465 5329
11782 5329
8114 5329
10585 5329
11757 5329
9628 5329
10716 5329
11569 5329
2 5329
10714 5330
8356 5330
11117 5330
10496 5330
8101 5330
11447 5330
11274 5330
10791 5330
8368 5330
10765 5330
11064 5330
2 5330
8684 5331
10987 5331
10755 5331
8212 5331
8710 5331
9722 5331
8477 5331
11471 5331
8135 5331
9639 5331
2 5331
10694 5332
9894 5332
10724 5332
9413 5332
11004 5332
9989 5332
2 5332
11028 5333
11883 5333
11368 5333
8765 5333
9608 5333
9286 5333
11895 5333
9041 5333
9017 5333
8111 5333
10186 5333
2 5333
9718 5334
8991 5334
8527 5334
11214 5334
8488 5334
2 5334
10620 5335
11079 5335
11466 5335
11724 5335
8789 5335
8322 5335
10568 5335
11476 5335
2 5335
8574 5336
11117 5336
8373 5336
10110 5336
8496 5336
9487 5336
10589 5336
11197 5336
8216 5336
0 5336
2 5336
8151 5337
10033 5337
11442 5337
8498 5337
9739 5337
8179 5337
2 5337
10571 5338
10445 5338
8306 5338
8543 5338
11860 5338
10316 5338
11264 5338
9444 5338
9343 5338
8779 5338
11429 5338
2 5338
10716 5339
11742 5339
8918 5339
8925 5339
8114 5339
9913 5339
2 5339
11228 5340
9152 5340
9268 5340
8776 5340
8141 5340
8069 5340
11841 5340
11234 5340
2 5340
8136 5341
9916 5341
10421 5341
8440 5341
9861 5341
8790 5341
10417 5341
2 5341
11891 5342
10237 5342
11667 5342
8314 5342
11865 5342
2 5342
10343 5343
11363 5343
10846 5343
9305 5343
2 5343
9283 5344
9750 5344
11821 5344
10835 5344
9139 5344
11599 5344
8413 5344
2 5344
11782 5345
11443 5345
8028 5345
11156 5345
9667 5345
10651 5345
9825 5345
10872 5345
2 5345
8878 5346
9430 5346
9586 5346
10732 5346
8793 5346
8872 5346
9759 5346
11551 5346
2 5346
11422 5347
10821 5347
10740 5347
10500 5347
9762 5347
8127 5347
10083 5347
11615 5347
10519 5347
2 5347
9862 5348
10633 5348
9446 5348
8979 5348
2 5348
11965 5349
9707 5349
11460 5349
11929 5349
8795 5349
8924 5349
2 5349
9021 5350
9541 5350
10927 5350
9009 5350
11112 5350
8821 5350
11315 5350
2 5350
10553 5351
11550 5351
9286 5351
11649 5351
8924 5351
2 5351
10001 5352
9943 5352
9053 5352
10519 5352
2 5352
8533 5353
11177 5353
11361 5353
10505 5353
11233 5353
9342 5353
9597 5353
2 5353
11310 5354
11892 5354
8691 5354
11463 5354
11758 5354
10762 5354
10613 5354
9349 5354
8887 5354
9219 5354
10038 5354
2 5354
11726 5355
11179 5355
9044 5355
10841 5355
9964 5355
10485 5355
8469 5355
10001 5355
2 5355
10745 5356
10088 5356
11483 5356
11585 5356
9447 5356
10696 5356
11205 5356
9214 5356
9873 5356
10783 5356
2 5356
11579 5357
8030 5357
11780 5357
10934 5357
11820 5357
11719 5357
10762 5357
2 5357
8300 5358
10988 5358
8228 5358
9224 5358
2 5358
11999 5359
8144 5359
9114 5359
11286 5359
2 5359
10753 5360
11471 5360
11947 5360
9593 5360
11323 5360
9030 5360
11455 5360
10483 5360
2 5360
8401 5361
8123 5361
11712 5361
9004 5361
11585 5361
10653 5361
11133 5361
11305 5361
11757 5361
10958 5361
9966 5361
2 5361
9048 5362
9889 5362
10930 5362
11965 5362
10769 5362
10860 5362
2 5362
11664 5363
9894 5363
8337 5363
9831 5363
11150 5363
10592 5363
2 5363
8318 5364
9660 5364
8185 5364
10425 5364
10079 5364
11672 5364
9863 5364
11455 5364
10809 5364
2 5364
11098 5365
11774 5365
11439 5365
11831 5365
9272 5365
11156 5365
2 5365
11477 5366
11787 5366
11611 5366
11720 5366
8934 5366
10729 5366
10875 5366
2 5366
8332 5367
10773 5367
9735 5367
10714 5367
8800 5367
2 5367
10793 5368
11575 5368
8053 5368
9019 5368
8124 5368
9873 5368
8215 5368
2 5368
9080 5369
10178 5369
9818 5369
10089 5369
8048 5369
9312 5369
11067 5369
8228 5369
11174 5369
11702 5369
10102 5369
2 5369
8973 5370
10283 5370
10793 5370
10872 5370
9662 5370
11592 5370
2 5370
8193 5371
11571 5371
11799 5371
9694 5371
2 5371
10101 5372
9853 5372
11856 5372
10676 5372
11672 5372
11896 5372
2 5372
11770 5373
10240 5373
10750 5373
10097 5373
2 5373
11623 5374
8801 5374
9390 5374
10657 5374
11262 5374
11578 5374
8398 5374
8220 5374
9250 5374
8437 5374
2 5374
10031 5375
8054 5375
11614 5375
9840 5375
0 5375
2 5375
8438 5376
10364 5376
11197 5376
8782 5376
10954 5376
10428 5376
9197 5376
11318 5376
10897 5376
8481 5376
2 5376
9922 5377
10593 5377
9955 5377
8692 5377
8276 5377
8835 5377
9986 5377
11280 5377
11354 5377
10990 5377
2 5377
9766 5378
9233 5378
9758 5378
9829 5378
9395 5378
9432 5378
11936 5378
2 5378
10698 5379
10757 5379
8288 5379
8528 5379
11393 5379
10176 5379
9481 5379
8552 5379
11552 5379
10419 5379
10504 5379
2 5379
8608 5380
9051 5380
10270 5380
8990 5380
9860 5380
9829 5380
9004 5380
11285 5380
2 5380
8890 5381
9759 5381
8675 5381
8947 5381
11968 5381
9315 5381
8885 5381
9941 5381
2 5381
8547 5382
10341 5382
8126 5382
9551 5382
9656 5382
11318 5382
8666 5382
10788 5382
11143 5382
10342 5382
9782 5382
2 5382
8204 5383
11705 5383
8392 5383
9000 5383
10485 5383
8678 5383
8901 5383
2 5383
8392 5384
8082 5384
9574 5384
11727 5384
9275 5384
10525 5384
2 5384
9002 5385
10114 5385
10411 5385
8265 5385
10842 5385
2 5385
8196 5386
11715 5386
9994 5386
9156 5386
2 5386
10385 5387
9572 5387
9697 5387
10415 5387
8508 5387
10929 5387
2 5387
11965 5388
9608 5388
8256 5388
9832 5388
10489 5388
8633 5388
11165 5388
2 5388
8070 5389
8452 5389
8607 5389
11051 5389
2 5389
9784 5390
9018 5390
9097 5390
8786 5390
10951 5390
11163 5390
8392 5390
9493 5390
9526 5390
11452 5390
10369 5390
2 5390
10741 5391
9118 5391
9697 5391
8943 5391
8381 5391
9869 5391
10084 5391
9637 5391
9952 5391
9856 5391
2 5391
8531 5392
8164 5392
9729 5392
11584 5392
10306 5392
8563 5392
8777 5392
8745 5392
9454 5392
9445 5392
11605 5392
2 5392
8908 5393
11515 5393
8815 5393
9270 5393
11281 5393
2 5393
9826 5394
9979 5394
9227 5394
9008 5394
10781 5394
11749 5394
8597 5394
11040 5394
10417 5394
2 5394
9057 5395
10710 5395
11147 5395
10678 5395
11054 5395
8362 5395
8127 5395
10127 5395
9489 5395
10675 5395
9052 5395
2 5395
8077 5396
11013 5396
9664 5396
11275 5396
8717 5396
2 5396
11887 5397
11105 5397
9040 5397
8824 5397
11286 5397
10848 5397
10908 5397
2 5397
10049 5398
9486 5398
9942 5398
8968 5398
9971 5398
9094 5398
8051 5398
11461 5398
10242 5398
11889 5398
10212 5398
2 5398
11241 5399
11392 5399
11984 5399
10877 5399
2 5399
8973 5400
8496 5400
8363 5400
11046 5400
8184 5400
11852 5400
10313 5400
8201 5400
11773 5400
10193 5400
2 5400
8108 5401
8538 5401
8063 5401
10212 5401
11401 5401
10311 5401
10759 5401
8887 5401
11471 5401
2 5401
11640 5402
10784 5402
9482 5402
11157 5402
10293 5402
9076 5402
11592 5402
2 5402
10699 5403
8659 5403
11520 5403
10911 5403
10552 5403
9951 5403
2 5403
10660 5404
10540 5404
11695 5404
11532 5404
10102 5404
9354 5404
10630 5404
9961 5404
11873 5404
10204 5404
11824 5404
2 5404
8474 5405
10590 5405
8455 5405
11720 5405
8596 5405
9159 5405
11744 5405
11929 5405
9619 5405
8912 5405
8503 5405
2 5405
11840 5406
8497 5406
11153 5406
9521 5406
10789 5406
2 5406
8069 5407
11154 5407
10071 5407
9162 5407
8366 5407
11853 5407
2 5407
11685 5408
8817 5408
8140 5408
9188 5408
2 5408
9320 5409
10987 5409
10089 5409
10650 5409
9709 5409
9536 5409
8809 5409
11911 5409
10861 5409
10829 5409
2 5409
8914 5410
9531 5410
11010 5410
10080 5410
9378 5410
11945 5410
10592 5410
9767 5410
9696 5410
2 5410
11174 5411
9080 5411
8730 5411
8087 5411
11395 5411
2 5411
10302 5412
8521 5412
8842 5412
10054 5412
8463 5412
9117 5412
11528 5412
11561 5412
11159 5412
2 5412
9189 5413
10501 5413
9165 5413
8137 5413
8410 5413
10089 5413
11042 5413
9739 5413
11514 5413
8487 5413
2 5413
9952 5414
8511 5414
9091 5414
10376 5414
10758 5414
9241 5414
8268 5414
11153 5414
11619 5414
2 5414
8594 5415
8310 5415
11309 5415
11411 5415
11960 5415
10240 5415
9692 5415
8791 5415
9630 5415
10218 5415
2 5415
8877 5416
11221 5416
9886 5416
8192 5416
11157 5416
11915 5416
8438 5416
11271 5416
11251 5416
10191 5416
2 5416
11139 5417
8576 5417
11561 5417
9543 5417
8278 5417
11895 5417
8178 5417
11084 5417
11591 5417
8604 5417
2 5417
8348 5418
8341 5418
11055 5418
9235 5418
11423 5418
10371 5418
8936 5418
11892 5418
8887 5418
8151 5418
11048 5418
2 5418
8887 5419
10154 5419
11127 5419
11102 5419
9024 5419
9639 5419
2 5419
11148 5420
8661 5420
8682 5420
8712 5420
10652 5420
8755 5420
9754 5420
10105 5420
8510 5420
9523 5420
11050 5420
2 5420
9798 5421
10924 5421
9401 5421
11802 5421
9389 5421
8624 5421
2 5421
9812 5422
11812 5422
10770 5422
8344 5422
8437 5422
8478 5422
11436 5422
11945 5422
9388 5422
11112 5422
2 5422
10235 5423
8566 5423
8263 5423
11897 5423
11374 5423
11477 5423
10770 5423
11855 5423
2 5423
10860 5424
11095 5424
9086 5424
8985 5424
10600 5424
10202 5424
10482 5424
9229 5424
2 5424
11988 5425
10570 5425
8490 5425
11258 5425
8577 5425
2 5425
11309 5426
10504 5426
10771 5426
10086 5426
10514 5426
9214 5426
11782 5426
9867 5426
8952 5426
2 5426
10052 5427
10128 5427
9328 5427
9210 5427
8917 5427
10996 5427
9828 5427
9475 5427
8527 5427
10497 5427
8689 5427
2 5427
9598 5428
9927 5428
8246 5428
11071 5428
10059 5428
8157 5428
11369 5428
10765 5428
9138 5428
11143 5428
2 5428
10720 5429
9394 5429
9963 5429
9852 5429
8890 5429
10684 5429
9375 5429
11084 5429
10962 5429
9390 5429
2 5429
10229 5430
8154 5430
9811 5430
10804 5430
11017 5430
0 5430
2 5430
11076 5431
8314 5431
11332 5431
8678 5431
2 5431
11563 5432
11123 5432
8956 5432
8342 5432
2 5432
10924 5433
10031 5433
9804 5433
8212 5433
8035 5433
2 5433
9367 5434
9609 5434
11088 5434
8287 5434
11135 5434
10788 5434
9532 5434
10495 5434
8998 5434
10219 5434
8775 5434
2 5434
10880 5435
10132 5435
10166 5435
11661 5435
11947 5435
9334 5435
8738 5435
9317 5435
8753 5435
8096 5435
8354 5435
2 5435
10923 5436
10932 5436
11048 5436
11953 5436
10391 5436
2 5436
10336 5437
9735 5437
9676 5437
9285 5437
11704 5437
9077 5437
11928 5437
11890 5437
11594 5437
2 5437
10728 5438
10227 5438
10302 5438
9338 5438
8380 5438
8872 5438
10235 5438
11550 5438
9803 5438
2 5438
8033 5439
9629 5439
10783 5439
10440 5439
8706 5439
9945 5439
8046 5439
8711 5439
9551 5439
11986 5439
8118 5439
2 5439
10119 5440
8154 5440
8019 5440
11120 5440
9034 5440
11140 5440
8104 5440
8183 5440
9318 5440
2 5440
8351 5441
9873 5441
11482 5441
11626 5441
2 5441
11468 5442
9680 5442
11908 5442
10333 5442
10187 5442
11676 5442
8832 5442
2 5442
8316 5443
10282 5443
10480 5443
11352 5443
10654 5443
9728 5443
8256 5443
10795 5443
10505 5443
2 5443
10421 5444
10280 5444
11284 5444
8499 5444
2 5444
10398 5445
9635 5445
11617 5445
10338 5445
11665 5445
10615 5445
2 5445
9745 5446
11773 5446
11088 5446
9770 5446
10783 5446
11495 5446
9007 5446
8578 5446
8050 5446
2 5446
9660 5447
11603 5447
11297 5447
8507 5447
2 5447
8932 5448
9100 5448
10456 5448
8488 5448
8975 5448
11922 5448
8543 5448
10562 5448
8485 5448
2 5448
10844 5449
8618 5449
9723 5449
9228 5449
2 5449
9715 5450
11351 5450
10474 5450
9979 5450
10089 5450
2 5450
9996 5451
9386 5451
8193 5451
10995 5451
9055 5451
2 5451
8732 5452
9439 5452
8687 5452
8269 5452
9406 5452
9392 5452
11381 5452
11501 5452
2 5452
9830 5453
9375 5453
8892 5453
9144 5453
9302 5453
9707 5453
8923 5453
10901 5453
11522 5453
10335 5453
2 5453
10653 5454
11969 5454
11232 5454
9064 5454
8246 5454
2 5454
10887 5455
10934 5455
9088 5455
8550 5455
0 5455
2 5455
10118 5456
9489 5456
11414 5456
8695 5456
10329 5456
8225 5456
2 5456
11751 5457
10128 5457
10783 5457
8056 5457
8829 5457
2 5457
9853 5458
8041 5458
8768 5458
11472 5458
9910 5458
9817 5458
2 5458
8771 5459
8888 5459
11915 5459
11214 5459
10344 5459
8895 5459
11675 5459
10839 5459
10034 5459
8084 5459
8401 5459
2 5459
10261 5460
8053 5460
9073 5460
9656 5460
10530 5460
10625 5460
11117 5460
2 5460
11986 5461
11509 5461
9565 5461
8130 5461
8070 5461
11145 5461
2 5461
9051 5462
9618 5462
10571 5462
10465 5462
10735 5462
2 5462
10856 5463
11312 5463
8467 5463
8108 5463
10031 5463
8993 5463
9739 5463
10008 5463
9674 5463
10992 5463
9917 5463
2 5463
10981 5464
11125 5464
9931 5464
10711 5464
8237 5464
9162 5464
9155 5464
9709 5464
10624 5464
11952 5464
9398 5464
2 5464
11281 5465
8777 5465
11808 5465
8808 5465
9238 5465
8786 5465
2 5465
9396 5466
10275 5466
10732 5466
11243 5466
11825 5466
2 5466
10665 5467
8873 5467
9173 5467
8145 5467
10869 5467
11301 5467
9054 5467
8635 5467
9299 5467
9848 5467
2 5467
10583 5468
9502 5468
8482 5468
9871 5468
9176 5468
10210 5468
2 5468
11061 5469
8174 5469
10158 5469
9485 5469
8009 5469
10884 5469
11982 5469
8392 5469
11826 5469
11921 5469
2 5469
9308 5470
10228 5470
8768 5470
9334 5470
9666 5470
10681 5470
10789 5470
11947 5470
11472 5470
11536 5470
9835 5470
2 5470
8626 5471
11449 5471
10759 5471
9177 5471
10607 5471
10036 5471
10242 5471
11657 5471
8898 5471
11238 5471
9677 5471
2 5471
8962 5472
10685 5472
9715 5472
10677 5472
9094 5472
10381 5472
2 5472
9008 5473
10089 5473
9067 5473
11563 5473
11761 5473
2 5473
8424 5474
9065 5474
8546 5474
11377 5474
9630 5474
10249 5474
2 5474
11567 5475
9337 5475
8928 5475
11999 5475
8283 5475
11553 5475
2 5475
10475 5476
10879 5476
8088 5476
9271 5476
9889 5476
9149 5476
10754 5476
8537 5476
11898 5476
2 5476
9124 5477
10430 5477
8180 5477
11194 5477
8350 5477
11165 5477
11335 5477
9541 5477
11159 5477
2 5477
9146 5478
8442 5478
9294 5478
8683 5478
8775 5478
10429 5478
2 5478
8961 5479
10552 5479
9115 5479
11688 5479
11911 5479
8646 5479
2 5479
9393 5480
9574 5480
9179 5480
8293 5480
10772 5480
9729 5480
9988 5480
9545 5480
8668 5480
9954 5480
2 5480
10474 5481
11516 5481
10179 5481
8135 5481
10676 5481
8826 5481
2 5481
10157 5482
11191 5482
9798 5482
11706 5482
2 5482
10640 5483
10901 5483
11460 5483
11754 5483
8926 5483
8726 5483
11498 5483
10570 5483
11494 5483
2 5483
8999 5484
9224 5484
8519 5484
10179 5484
9798 5484
2 5484
8868 5485
11115 5485
9086 5485
9302 5485
2 5485
8012 5486
10082 5486
10095 5486
9588 5486
9822 5486
10487 5486
8221 5486
11815 5486
8978 5486
10669 5486
2 5486
11861 5487
11522 5487
9213 5487
11477 5487
10058 5487
11839 5487
8926 5487
8250 5487
2 5487
8724 5488
8973 5488
10322 5488
9014 5488
8539 5488
8445 5488
9220 5488
2 5488
9303 5489
10395 5489
9808 5489
8718 5489
9184 5489
10700 5489
11127 5489
2 5489
10585 5490
9365 5490
11303 5490
9718 5490
8501 5490
10471 5490
10110 5490
2 5490
8206 5491
10359 5491
10965 5491
9126 5491
8539 5491
11308 5491
9362 5491
9601 5491
2 5491
9012 5492
10582 5492
11999 5492
8471 5492
8473 5492
9347 5492
8439 5492
10220 5492
10014 5492
9325 5492
9903 5492
2 5492
9133 5493
11233 5493
8180 5493
11787 5493
10141 5493
10494 5493
10802 5493
11573 5493
10860 5493
11258 5493
9342 5493
2 5493
10266 5494
9201 5494
9485 5494
11515 5494
10158 5494
10216 5494
10321 5494
2 5494
11624 5495
9437 5495
8132 5495
9192 5495
8382 5495
9725 5495
11392 5495
2 5495
10142 5496
10837 5496
11384 5496
8958 5496
10602 5496
2 5496
11777 5497
10792 5497
11017 5497
8154 5497
9123 5497
10229 5497
8404 5497
9883 5497
10108 5497
11732 5497
8687 5497
2 5497
8919 5498
9435 5498
8211 5498
8188 5498
9223 5498
10946 5498
8809 5498
10666 5498
11340 5498
10835 5498
11784 5498
2 5498
10872 5499
8836 5499
8527 5499
9465 5499
9353 5499
2 5499
11996 5500
8071 5500
11712 5500
9214 5500
8424 5500
9397 5500
10671 5500
8224 5500
8037 5500
9585 5500
2 5500
9111 5501
8858 5501
9473 5501
9240 5501
11052 5501
8482 5501
10780 5501
8845 5501
10318 5501
9702 5501
9710 5501
2 5501
10930 5502
10842 5502
11177 5502
10235 5502
10318 5502
9543 5502
10647 5502
9271 5502
8437 5502
2 5502
9214 5503
10866 5503
9313 5503
8804 5503
11794 5503
2 5503
11303 5504
8053 5504
11770 5504
9077 5504
10182 5504
8829 5504
11342 5504
2 5504
9047 5505
9683 5505
8888 5505
8683 5505
2 5505
10471 5506
10578 5506
10587 5506
11949 5506
10619 5506
10727 5506
8379 5506
11021 5506
8562 5506
2 5506
9601 5507
8132 5507
9192 5507
11712 5507
10201 5507
9064 5507
11133 5507
9083 5507
8828 5507
10418 5507
2 5507
10312 5508
9387 5508
8115 5508
10180 5508
9134 5508
8902 5508
11362 5508
8880 5508
11620 5508
2 5508
10231 5509
8919 5509
8137 5509
11713 5509
9517 5509
2 5509
8193 5510
8252 5510
10477 5510
11478 5510
10276 5510
2 5510
10310 5511
8306 5511
11433 5511
8246 5511
9662 5511
8850 5511
11247 5511
10090 5511
11858 5511
10824 5511
2 5511
9035 5512
10159 5512
8843 5512
10934 5512
8550 5512
2 5512
10702 5513
11057 5513
10643 5513
11334 5513
11706 5513
11182 5513
11013 5513
10861 5513
10829 5513
10919 5513
10368 5513
2 5513
9330 5514
8620 5514
9956 5514
10932 5514
2 5514
10777 5515
9658 5515
10598 5515
9509 5515
2 5515
11645 5516
10039 5516
9744 5516
10892 5516
8780 5516
9999 5516
9618 5516
8975 5516
9555 5516
9796 5516
9258 5516
2 5516
9733 5517
10121 5517
10424 5517
11142 5517
8529 5517
2 5517
10147 5518
8668 5518
10549 5518
8808 5518
11422 5518
11178 5518
8127 5518
8901 5518
9652 5518
2 5518
8533 5519
11419 5519
11948 5519
10494 5519
11304 5519
11881 5519
9250 5519
11436 5519
11220 5519
8629 5519
8243 5519
2 5519
9799 5520
11614 5520
9115 5520
9405 5520
11345 5520
11226 5520
11102 5520
11671 5520
9279 5520
2 5520
10098 5521
8011 5521
8334 5521
10197 5521
11853 5521
2 5521
11955 5522
11371 5522
10969 5522
11054 5522
11161 5522
9701 5522
11240 5522
10506 5522
8908 5522
2 5522
11101 5523
10069 5523
9453 5523
11253 5523
2 5523
9525 5524
8343 5524
9279 5524
11810 5524
11408 5524
8632 5524
8891 5524
9172 5524
8705 5524
2 5524
11851 5525
9605 5525
10173 5525
8919 5525
10955 5525
8764 5525
8549 5525
10931 5525
8788 5525
10395 5525
2 5525
11392 5526
8918 5526
8671 5526
10201 5526
9368 5526
11844 5526
2 5526
9944 5527
10069 5527
10580 5527
8434 5527
11058 5527
9222 5527
8815 5527
2 5527
10154 5528
11905 5528
10259 5528
9768 5528
10101 5528
8147 5528
9459 5528
9156 5528
9534 5528
9194 5528
8911 5528
2 5528
8644 5529
8567 5529
9192 5529
11407 5529
11631 5529
11676 5529
8157 5529
11135 5529
2 5529
9889 5530
10823 5530
10590 5530
8115 5530
8491 5530
9342 5530
9985 5530
9767 5530
8111 5530
2 5530
10195 5531
9910 5531
10417 5531
9241 5531
10762 5531
10464 5531
11131 5531
8870 5531
10575 5531
2 5531
10507 5532
8163 5532
11130 5532
9602 5532
8161 5532
8668 5532
2 5532
9280 5533
8650 5533
8061 5533
8996 5533
11097 5533
10740 5533
2 5533
11164 5534
11640 5534
9147 5534
11915 5534
8737 5534
8240 5534
10956 5534
2 5534
9757 5535
9204 5535
10069 5535
10985 5535
11230 5535
8336 5535
8561 5535
11673 5535
2 5535
11044 5536
11977 5536
8297 5536
8059 5536
9579 5536
9726 5536
2 5536
9466 5537
9471 5537
11483 5537
9379 5537
8829 5537
11737 5537
11595 5537
8488 5537
10649 5537
11650 5537
8698 5537
2 5537
11696 5538
11465 5538
10853 5538
8413 5538
11127 5538
11810 5538
10703 5538
9961 5538
9435 5538
2 5538
11918 5539
9958 5539
10589 5539
9360 5539
9313 5539
11942 5539
2 5539
9709 5540
11903 5540
8197 5540
9200 5540
2 5540
9472 5541
9065 5541
9756 5541
8935 5541
9672 5541
9626 5541
9033 5541
9644 5541
8860 5541
10332 5541
8100 5541
2 5541
11274 5542
9007 5542
11806 5542
8100 5542
10113 5542
10388 5542
8562 5542
9873 5542
11545 5542
2 5542
8165 5543
10153 5543
10895 5543
11546 5543
8021 5543
11153 5543
2 5543
9366 5544
11232 5544
9933 5544
9074 5544
11135 5544
2 5544
10707 5545
10027 5545
11043 5545
8952 5545
9226 5545
2 5545
11209 5546
11523 5546
10376 5546
8228 5546
10584 5546
11817 5546
11964 5546
8751 5546
11536 5546
11001 5546
2 5546
8105 5547
8978 5547
10947 5547
11150 5547
10608 5547
2 5547
11363 5548
10073 5548
8883 5548
11068 5548
10488 5548
10167 5548
8862 5548
9972 5548
9372 5548
2 5548
9645 5549
9153 5549
9790 5549
10988 5549
10408 5549
9566 5549
2 5549
8555 5550
9033 5550
11882 5550
9047 5550
11594 5550
8955 5550
10128 5550
2 5550
8177 5551
8929 5551
8041 5551
11876 5551
10483 5551
11401 5551
10926 5551
2 5551
9870 5552
9165 5552
10987 5552
11998 5552
11717 5552
8282 5552
8188 5552
11706 5552
10417 5552
9666 5552
2 5552
11860 5553
11466 5553
8523 5553
8132 5553
10294 5553
2 5553
8247 5554
11621 5554
8850 5554
11327 5554
2 5554
10054 5555
8380 5555
9473 5555
8208 5555
8629 5555
10334 5555
9919 5555
9336 5555
11972 5555
11692 5555
2 5555
9152 5556
10098 5556
9281 5556
11413 5556
11824 5556
10643 5556
9869 5556
10829 5556
10406 5556
2 5556
10428 5557
8649 5557
11327 5557
10917 5557
10716 5557
11753 5557
9567 5557
9477 5557
10104 5557
9335 5557
8896 5557
2 5557
8691 5558
11589 5558
9572 5558
9686 5558
8992 5558
11549 5558
2 5558
8327 5559
8476 5559
10967 5559
11781 5559
11635 5559
8051 5559
9251 5559
10031 5559
2 5559
8644 5560
9703 5560
11390 5560
8098 5560
11305 5560
10627 5560
10714 5560
11882 5560
11676 5560
9183 5560
2 5560
9724 5561
10518 5561
11296 5561
10141 5561
10777 5561
8286 5561
9474 5561
2 5561
10549 5562
9561 5562
8668 5562
11727 5562
9560 5562
9964 5562
10398 5562
8225 5562
11605 5562
8129 5562
8770 5562
2 5562
11342 5563
9444 5563
9512 5563
8332 5563
8623 5563
9720 5563
8963 5563
11447 5563
11091 5563
9628 5563
2 5563
8092 5564
8660 5564
9664 5564
9622 5564
8887 5564
11579 5564
10552 5564
8349 5564
8614 5564
8790 5564
2 5564
10927 5565
11720 5565
8680 5565
8478 5565
11861 5565
11600 5565
11060 5565
11744 5565
10654 5565
10947 5565
2 5565
11824 5566
8440 5566
9080 5566
9856 5566
11644 5566
9162 5566
11900 5566
10676 5566
8041 5566
11330 5566
2 5566
11698 5567
9314 5567
10234 5567
11932 5567
11213 5567
8708 5567
2 5567
10194 5568
11082 5568
8377 5568
9728 5568
8456 5568
9254 5568
8316 5568
10054 5568
9338 5568
2 5568
9264 5569
8725 5569
11673 5569
8127 5569
10304 5569
11054 5569
11452 5569
10510 5569
11652 5569
2 5569
11773 5570
9867 5570
8184 5570
8074 5570
9040 5570
9868 5570
9441 5570
8827 5570
9933 5570
9492 5570
10737 5570
2 5570
8305 5571
11558 5571
11296 5571
10927 5571
2 5571
11685 5572
11903 5572
9778 5572
11761 5572
8381 5572
10676 5572
9431 5572
8857 5572
10490 5572
2 5572
8965 5573
9482 5573
11724 5573
10028 5573
10077 5573
8033 5573
2 5573
8818 5574
11868 5574
9188 5574
10846 5574
2 5574
9917 5575
8227 5575
10597 5575
11128 5575
11238 5575
2 5575
10127 5576
11414 5576
10000 5576
9701 5576
9670 5576
10067 5576
2 5576
9562 5577
10977 5577
9172 5577
10830 5577
11461 5577
10932 5577
10606 5577
10725 5577
11192 5577
9069 5577
11215 5577
2 5577
8045 5578
8828 5578
8720 5578
10717 5578
11645 5578
10610 5578
0 5578
2 5578
11586 5579
10290 5579
11032 5579
8034 5579
11402 5579
11262 5579
10910 5579
9841 5579
9378 5579
10782 5579
8289 5579
2 5579
9988 5580
10579 5580
9489 5580
9217 5580
9061 5580
10338 5580
11453 5580
11179 5580
10126 5580
10623 5580
2 5580
9098 5581
9132 5581
11664 5581
9491 5581
2 5581
8680 5582
10823 5582
10891 5582
8989 5582
10910 5582
9989 5582
11218 5582
10795 5582
10124 5582
2 5582
10084 5583
9436 5583
10010 5583
8697 5583
10372 5583
10512 5583
10560 5583
8790 5583
2 5583
10089 5584
8646 5584
11953 5584
11239 5584
9372 5584
10307 5584
10488 5584
10017 5584
2 5584
11709 5585
10862 5585
10215 5585
9111 5585
8312 5585
2 5585
8906 5586
8755 5586
11722 5586
9565 5586
11936 5586
2 5586
10665 5587
9054 5587
9015 5587
11099 5587
11343 5587
10953 5587
10658 5587
10448 5587
8029 5587
2 5587
9243 5588
10820 5588
10986 5588
11071 5588
9337 5588
8144 5588
2 5588
9980 5589
10201 5589
8981 5589
8928 5589
9825 5589
11246 5589
9051 5589
9893 5589
2 5589
11389 5590
11337 5590
9415 5590
9597 5590
2 5590
10960 5591
10020 5591
8822 5591
8055 5591
8541 5591
8052 5591
9467 5591
9425 5591
8249 5591
11144 5591
2 5591
10640 5592
11231 5592
11601 5592
10823 5592
2 5592
8301 5593
11081 5593
10316 5593
8828 5593
11260 5593
2 5593
8148 5594
8658 5594
10067 5594
9282 5594
9445 5594
8815 5594
11515 5594
8650 5594
10746 5594
8376 5594
11906 5594
2 5594
9104 5595
8756 5595
9911 5595
8412 5595
11123 5595
8883 5595
8601 5595
8366 5595
8023 5595
8705 5595
8953 5595
2 5595
9735 5596
8896 5596
10284 5596
9556 5596
2 5596
11110 5597
11138 5597
9810 5597
10679 5597
9225 5597
9097 5597
10083 5597
2 5597
8282 5598
10837 5598
10853 5598
8168 5598
9435 5598
9835 5598
11691 5598
8296 5598
10639 5598
10595 5598
2 5598
11083 5599
11722 5599
8829 5599
9909 5599
10498 5599
11782 5599
10472 5599
10432 5599
2 5599
9327 5600
11383 5600
8349 5600
10222 5600
8143 5600
11520 5600
2 5600
8351 5601
11794 5601
9640 5601
11774 5601
9657 5601
8910 5601
9683 5601
2 5601
10565 5602
10711 5602
11587 5602
8515 5602
11406 5602
10488 5602
10047 5602
8264 5602
9184 5602
8041 5602
2 5602
10965 5603
10704 5603
9036 5603
11500 5603
8822 5603
10341 5603
8247 5603
8877 5603
2 5603
8131 5604
8043 5604
10678 5604
9060 5604
8696 5604
11955 5604
10730 5604
8901 5604
10969 5604
10279 5604
10519 5604
2 5604
11490 5605
11957 5605
9390 5605
11491 5605
10611 5605
11291 5605
11746 5605
2 5605
8581 5606
10792 5606
9712 5606
9811 5606
11343 5606
9168 5606
9970 5606
2 5606
11639 5607
10735 5607
11722 5607
8379 5607
9068 5607
2 5607
10006 5608
11882 5608
11288 5608
11411 5608
10778 5608
9754 5608
9564 5608
10980 5608
11336 5608
2 5608
9367 5609
9438 5609
9656 5609
11187 5609
10726 5609
11931 5609
8452 5609
11893 5609
11126 5609
2 5609
9298 5610
11281 5610
10398 5610
10338 5610
10296 5610
9774 5610
10469 5610
2 5610
10603 5611
9868 5611
8056 5611
9470 5611
11585 5611
10771 5611
9683 5611
11077 5611
2 5611
8093 5612
11560 5612
8673 5612
9782 5612
10635 5612
9208 5612
8084 5612
10698 5612
2 5612
11816 5613
9982 5613
8652 5613
9174 5613
9413 5613
2 5613
8377 5614
10414 5614
10729 5614
10826 5614
10122 5614
11948 5614
8353 5614
9394 5614
2 5614
0 5615
8183 5615
8951 5615
9340 5615
9411 5615
11196 5615
10950 5615
9029 5615
2 5615
9266 5616
8301 5616
9335 5616
8426 5616
11288 5616
10009 5616
11922 5616
9860 5616
11590 5616
10530 5616
10558 5616
2 5616
8597 5617
11131 5617
11127 5617
9631 5617
2 5617
11234 5618
11614 5618
11911 5618
9617 5618
11555 5618
8054 5618
2 5618
8590 5619
10466 5619
11207 5619
8019 5619
10448 5619
10807 5619
2 5619
10148 5620
8515 5620
10599 5620
10372 5620
2 5620
9767 5621
8758 5621
9702 5621
8369 5621
9592 5621
8611 5621
8880 5621
11262 5621
11293 5621
10475 5621
2 5621
9161 5622
8997 5622
9697 5622
11845 5622
11978 5622
10345 5622
11572 5622
8407 5622
2 5622
9604 5623
11736 5623
8858 5623
11733 5623
9414 5623
10914 5623
9239 5623
9852 5623
8912 5623
9520 5623
2 5623
10052 5624
11252 5624
8351 5624
10737 5624
8711 5624
10359 5624
2 5624
9967 5625
11470 5625
9936 5625
9546 5625
10518 5625
11469 5625
11477 5625
10181 5625
8665 5625
2 5625
8045 5626
9539 5626
11036 5626
8182 5626
10086 5626
2 5626
10968 5627
11103 5627
10723 5627
10151 5627
11312 5627
2 5627
9531 5628
9336 5628
11418 5628
9387 5628
8398 5628
9875 5628
9419 5628
9719 5628
9133 5628
8380 5628
2 5628
8259 5629
11880 5629
8158 5629
10383 5629
8542 5629
8447 5629
8146 5629
2 5629
10997 5630
9549 5630
8789 5630
9404 5630
9937 5630
2 5630
8664 5631
9889 5631
11967 5631
11885 5631
2 5631
10354 5632
9676 5632
9827 5632
9065 5632
8724 5632
11445 5632
10060 5632
10714 5632
2 5632
8944 5633
11612 5633
8974 5633
8942 5633
10967 5633
9910 5633
2 5633
11335 5634
11666 5634
10728 5634
8422 5634
9109 5634
8435 5634
2 5634
11514 5635
9241 5635
10551 5635
10371 5635
11846 5635
2 5635
9033 5636
11198 5636
10294 5636
11552 5636
2 5636
10419 5637
11770 5637
10706 5637
8020 5637
11321 5637
11077 5637
8018 5637
9991 5637
2 5637
10024 5638
8122 5638
11672 5638
11958 5638
8041 5638
9843 5638
11378 5638
2 5638
11036 5639
11327 5639
9583 5639
9243 5639
11908 5639
9913 5639
2 5639
10184 5640
8198 5640
8765 5640
10952 5640
8377 5640
11480 5640
9854 5640
2 5640
11912 5641
9781 5641
10554 5641
11333 5641
8063 5641
10642 5641
8413 5641
9295 5641
10626 5641
9905 5641
2 5641
10942 5642
10469 5642
8480 5642
9026 5642
9261 5642
10821 5642
2 5642
8337 5643
11568 5643
9415 5643
8587 5643
9880 5643
9813 5643
8398 5643
11273 5643
11894 5643
2 5643
8240 5644
10097 5644
8755 5644
11006 5644
9975 5644
9347 5644
2 5644
9807 5645
11705 5645
10262 5645
9814 5645
11007 5645
2 5645
9496 5646
10750 5646
10249 5646
10387 5646
11237 5646
11757 5646
10313 5646
10824 5646
2 5646
9386 5647
9671 5647
8340 5647
9218 5647
8864 5647
11140 5647
8193 5647
8252 5647
10533 5647
2 5647
10444 5648
9046 5648
9526 5648
8153 5648
2 5648
10184 5649
10673 5649
10598 5649
10888 5649
10648 5649
8222 5649
10930 5649
11767 5649
11261 5649
2 5649
10419 5650
9501 5650
8681 5650
8505 5650
9704 5650
10445 5650
9339 5650
2 5650
8440 5651
9648 5651
9790 5651
11903 5651
11691 5651
9200 5651
11523 5651
9185 5651
10442 5651
2 5651
11893 5652
9472 5652
8459 5652
10113 5652
9465 5652
11597 5652
9703 5652
8018 5652
10686 5652
11595 5652
11879 5652
2 5652
10108 5653
9763 5653
11017 5653
10854 5653
11381 5653
9970 5653
8385 5653
2 5653
8191 5654
10380 5654
11886 5654
10551 5654
11719 5654
11474 5654
2 5654
10764 5655
8740 5655
9239 5655
10826 5655
11304 5655
9291 5655
9531 5655
11638 5655
11568 5655
11994 5655
2 5655
10117 5656
8683 5656
8224 5656
11277 5656
8637 5656
11433 5656
11009 5656
9199 5656
2 5656
8998 5657
9786 5657
10882 5657
9672 5657
2 5657
8074 5658
9068 5658
9368 5658
8287 5658
9782 5658
10767 5658
8653 5658
11294 5658
2 5658
9323 5659
10691 5659
9979 5659
11681 5659
9884 5659
9170 5659
9308 5659
8974 5659
2 5659
11219 5660
11889 5660
11016 5660
10775 5660
10062 5660
11646 5660
9617 5660
11396 5660
9638 5660
2 5660
11560 5661
9582 5661
10416 5661
8310 5661
8791 5661
8882 5661
2 5661
9826 5662
11297 5662
9697 5662
9008 5662
10650 5662
9968 5662
8595 5662
8811 5662
8432 5662
9080 5662
8640 5662
2 5662
10650 5663
9612 5663
9130 5663
10101 5663
11435 5663
11911 5663
10867 5663
10513 5663
9443 5663
8360 5663
10407 5663
2 5663
10436 5664
8644 5664
11544 5664
9640 5664
11542 5664
9167 5664
11012 5664
8736 5664
11190 5664
10820 5664
2 5664
10114 5665
11554 5665
10092 5665
9483 5665
8178 5665
11095 5665
9174 5665
10608 5665
8947 5665
2 5665
10362 5666
10923 5666
11239 5666
11516 5666
10063 5666
10385 5666
2 5666
11041 5667
8147 5667
11904 5667
9858 5667
9661 5667
11570 5667
9746 5667
8169 5667
8495 5667
11239 5667
9891 5667
2 5667
9868 5668
11956 5668
9258 5668
8905 5668
2 5668
9815 5669
10864 5669
11442 5669
11086 5669
8079 5669
8526 5669
10994 5669
8841 5669
2 5669
10728 5670
11193 5670
10654 5670
11522 5670
8285 5670
11415 5670
11194 5670
9315 5670
11402 5670
11973 5670
2 5670
11827 5671
8060 5671
10047 5671
9824 5671
11455 5671
10929 5671
11549 5671
11067 5671
2 5671
9297 5672
8749 5672
11681 5672
9861 5672
8267 5672
8366 5672
8600 5672
8498 5672
8066 5672
9116 5672
11078 5672
2 5672
10467 5673
9436 5673
9423 5673
11933 5673
9617 5673
11548 5673
8318 5673
10417 5673
10656 5673
11119 5673
10427 5673
2 5673
10699 5674
11706 5674
8039 5674
9685 5674
10794 5674
10017 5674
11904 5674
9062 5674
8826 5674
2 5674
11471 5675
9968 5675
8660 5675
11195 5675
11350 5675
10988 5675
8597 5675
8010 5675
2 5675
9293 5676
11314 5676
10357 5676
8430 5676
2 5676
9972 5677
8197 5677
10775 5677
10137 5677
8870 5677
8031 5677
2 5677
8340 5678
9034 5678
8110 5678
10287 5678
10845 5678
8676 5678
10144 5678
9428 5678
10792 5678
9318 5678
9996 5678
2 5678
8642 5679
11284 5679
9778 5679
10634 5679
8944 5679
2 5679
10743 5680
11023 5680
11920 5680
10643 5680
10442 5680
10244 5680
10924 5680
11351 5680
11662 5680
2 5680
11426 5681
10037 5681
8604 5681
10092 5681
11923 5681
10622 5681
8245 5681
11428 5681
10964 5681
2 5681
10150 5682
10394 5682
8967 5682
10129 5682
8819 5682
9974 5682
8531 5682
10675 5682
10164 5682
11178 5682
10126 5682
2 5682
8937 5683
10690 5683
10539 5683
8147 5683
11493 5683
2 5683
11605 5684
9560 5684
11525 5684
10164 5684
11253 5684
9518 5684
11022 5684
8444 5684
11101 5684
9652 5684
2 5684
11162 5685
10552 5685
9129 5685
11410 5685
2 5685
8366 5686
11653 5686
10921 5686
11295 5686
2 5686
10527 5687
11746 5687
10654 5687
8652 5687
9541 5687
10080 5687
11283 5687
11402 5687
11184 5687
2 5687
9316 5688
8118 5688
11538 5688
10523 5688
9465 5688
9004 5688
9099 5688
2 5688
8743 5689
8400 5689
9162 5689
8756 5689
8415 5689
8519 5689
9059 5689
2 5689
11399 5690
10978 5690
10971 5690
10739 5690
9649 5690
10925 5690
8009 5690
11058 5690
9757 5690
2 5690
8857 5691
10385 5691
8159 5691
10690 5691
11859 5691
8475 5691
8360 5691
10751 5691
9105 5691
9769 5691
11758 5691
2 5691
10459 5692
8039 5692
10362 5692
9385 5692
2 5692
11141 5693
9162 5693
10886 5693
9456 5693
10509 5693
10758 5693
11587 5693
11448 5693
11025 5693
10830 5693
9562 5693
2 5693
9353 5694
10972 5694
11990 5694
8895 5694
8445 5694
2 5694
9027 5695
9596 5695
9028 5695
8821 5695
11609 5695
10802 5695
8899 5695
2 5695
11741 5696
10188 5696
8673 5696
9754 5696
8473 5696
9679 5696
8548 5696
10065 5696
8828 5696
11765 5696
2 5696
8232 5697
10338 5697
8174 5697
11793 5697
10722 5697
11541 5697
8129 5697
2 5697
10475 5698
11397 5698
8985 5698
9239 5698
10058 5698
11561 5698
10324 5698
9919 5698
10888 5698
2 5698
8242 5699
9756 5699
10771 5699
11270 5699
9492 5699
8836 5699
11144 5699
9471 5699
2 5699
9964 5700
10621 5700
11425 5700
10156 5700
9341 5700
11161 5700
2 5700
9471 5701
10902 5701
9347 5701
9927 5701
9450 5701
10960 5701
9557 5701
10128 5701
2 5701
10212 5702
9858 5702
9776 5702
10676 5702
10063 5702
9637 5702
11900 5702
9616 5702
8341 5702
9659 5702
2 5702
8317 5703
9908 5703
9052 5703
8616 5703
8586 5703
11673 5703
9097 5703
8700 5703
9833 5703
9558 5703
2 5703
11925 5704
8061 5704
10974 5704
9261 5704
11253 5704
11092 5704
9246 5704
2 5704
10455 5705
9333 5705
10898 5705
11318 5705
11144 5705
11993 5705
11765 5705
10241 5705
2 5705
9725 5706
11305 5706
9343 5706
8374 5706
10294 5706
10541 5706
8984 5706
9344 5706
8242 5706
2 5706
9878 5707
8096 5707
11563 5707
9686 5707
11123 5707
2 5707
10360 5708
9062 5708
10935 5708
10597 5708
10228 5708
8730 5708
9639 5708
11680 5708
9116 5708
8522 5708
2 5708
8281 5709
9760 5709
10996 5709
11318 5709
10416 5709
2 5709
9675 5710
10310 5710
10043 5710
9753 5710
9266 5710
2 5710
9981 5711
11275 5711
9931 5711
9121 5711
8143 5711
11226 5711
8147 5711
2 5711
10003 5712
11721 5712
11310 5712
8159 5712
8545 5712
2 5712
8569 5713
9497 5713
8777 5713
11975 5713
8225 5713
2 5713
10256 5714
10475 5714
9021 5714
11857 5714
10433 5714
11957 5714
2 5714
9787 5715
10016 5715
8090 5715
10894 5715
9320 5715
9268 5715
8717 5715
11947 5715
2 5715
10206 5716
11694 5716
8629 5716
10232 5716
10640 5716
10586 5716
9803 5716
11813 5716
10542 5716
2 5716
9112 5717
11030 5717
11280 5717
8339 5717
8019 5717
9986 5717
11530 5717
8252 5717
2 5717
9420 5718
8566 5718
10795 5718
9213 5718
11813 5718
10647 5718
10842 5718
11972 5718
11262 5718
10505 5718
2 5718
8603 5719
8639 5719
10156 5719
8798 5719
11169 5719
10329 5719
9535 5719
8127 5719
10847 5719
9257 5719
9595 5719
2 5719
10564 5720
11926 5720
10335 5720
8821 5720
9681 5720
8408 5720
11258 5720
8615 5720
8765 5720
8425 5720
2 5720
8803 5721
11463 5721
11633 5721
9424 5721
11810 5721
2 5721
11659 5722
9029 5722
9289 5722
11034 5722
8581 5722
10641 5722
9606 5722
10807 5722
9054 5722
2 5722
10438 5723
11504 5723
9944 5723
10858 5723
8174 5723
2 5723
10753 5724
11375 5724
8155 5724
10604 5724
10926 5724
11750 5724
11345 5724
2 5724
11554 5725
11985 5725
10564 5725
8312 5725
11304 5725
2 5725
10879 5726
11540 5726
11600 5726
8324 5726
8723 5726
11257 5726
2 5726
9902 5727
9804 5727
8943 5727
10999 5727
10149 5727
2 5727
9321 5728
8111 5728
9894 5728
10288 5728
2 5728
9264 5729
10906 5729
9026 5729
9061 5729
11328 5729
9179 5729
11230 5729
11208 5729
9765 5729
2 5729
9550 5730
11430 5730
10212 5730
10178 5730
11653 5730
9317 5730
10797 5730
2 5730
9679 5731
10670 5731
10116 5731
11986 5731
8118 5731
9667 5731
2 5731
9740 5732
8029 5732
8244 5732
10221 5732
11583 5732
10350 5732
2 5732
10100 5733
8826 5733
10932 5733
11599 5733
9279 5733
10796 5733
9486 5733
8189 5733
9525 5733
8081 5733
8784 5733
2 5733
9230 5734
11399 5734
8251 5734
8678 5734
10678 5734
11061 5734
11605 5734
9442 5734
11684 5734
8797 5734
0 5734
2 5734
11733 5735
9509 5735
10180 5735
11957 5735
10185 5735
10598 5735
9502 5735
2 5735
11517 5736
10069 5736
11727 5736
9561 5736
2 5736
11342 5737
9829 5737
10393 5737
10088 5737
10020 5737
11085 5737
8984 5737
2 5737
11683 5738
8881 5738
9759 5738
8369 5738
10141 5738
9484 5738
10413 5738
10964 5738
11379 5738
9875 5738
2 5738
8093 5739
8510 5739
8157 5739
10309 5739
11595 5739
11745 5739
9014 5739
10025 5739
8184 5739
10706 5739
2 5739
10289 5740
11071 5740
11567 5740
8769 5740
2 5740
10803 5741
9610 5741
9173 5741
10119 5741
8269 5741
2 5741
9771 5742
8095 5742
11426 5742
8456 5742
2 5742
8500 5743
8249 5743
10958 5743
10908 5743
11918 5743
8828 5743
10013 5743
2 5743
11919 5744
10738 5744
9471 5744
9896 5744
9208 5744
2 5744
8311 5745
8743 5745
11329 5745
11537 5745
11998 5745
2 5745
10332 5746
8370 5746
9051 5746
9063 5746
11108 5746
8932 5746
2 5746
9557 5747
9820 5747
9896 5747
8207 5747
11286 5747
11135 5747
9306 5747
11690 5747
11424 5747
2 5747
10603 5748
9040 5748
9896 5748
11438 5748
11403 5748
2 5748
10910 5749
10275 5749
11315 5749
10214 5749
2 5749
11631 5750
11189 5750
10333 5750
10471 5750
8645 5750
2 5750
10835 5751
9354 5751
10719 5751
10179 5751
11904 5751
9359 5751
9203 5751
10157 5751
8318 5751
9857 5751
2 5751
11940 5752
10594 5752
9855 5752
10873 5752
11665 5752
9261 5752
8203 5752
9784 5752
8808 5752
10216 5752
2 5752
8908 5753
8061 5753
9427 5753
11667 5753
9898 5753
8251 5753
8509 5753
10189 5753
2 5753
9219 5754
10538 5754
10195 5754
8866 5754
2 5754
9472 5755
11439 5755
11370 5755
9786 5755
8965 5755
11699 5755
11091 5755
8045 5755
10984 5755
10110 5755
2 5755
8492 5756
9094 5756
8595 5756
11827 5756
8518 5756
8943 5756
8415 5756
8794 5756
10719 5756
11800 5756
2 5756
11537 5757
8223 5757
11124 5757
8685 5757
8992 5757
8788 5757
9153 5757
11409 5757
8109 5757
2 5757
10134 5758
10516 5758
10159 5758
8151 5758
9714 5758
10074 5758
8940 5758
2 5758
11577 5759
10436 5759
9966 5759
10315 5759
8840 5759
8645 5759
8266 5759
11045 5759
10463 5759
8459 5759
10496 5759
2 5759
8676 5760
9428 5760
8421 5760
9468 5760
9731 5760
8158 5760
11302 5760
8635 5760
11760 5760
2 5760
11447 5761
8379 5761
11991 5761
9325 5761
11893 5761
10025 5761
10117 5761
10966 5761
11214 5761
10558 5761
2 5761
10245 5762
10257 5762
11889 5762
8825 5762
8329 5762
11174 5762
10861 5762
11276 5762
10904 5762
11405 5762
2 5762
9594 5763
9302 5763
10210 5763
9109 5763
9854 5763
10122 5763
8899 5763
11460 5763
2 5763
10034 5764
10207 5764
11712 5764
11156 5764
10733 5764
8014 5764
11160 5764
9966 5764
11831 5764
2 5764
8634 5765
10935 5765
8334 5765
10252 5765
10019 5765
8526 5765
8830 5765
8429 5765
2 5765
11068 5766
11661 5766
8094 5766
9637 5766
8763 5766
8817 5766
10946 5766
11041 5766
11212 5766
2 5766
8892 5767
10239 5767
9509 5767
9394 5767
2 5767
8572 5768
11223 5768
10500 5768
9493 5768
11927 5768
11170 5768
9427 5768
11181 5768
9453 5768
10051 5768
2 5768
11969 5769
8736 5769
9704 5769
9467 5769
9196 5769
9587 5769
11045 5769
8859 5769
2 5769
9884 5770
11423 5770
10859 5770
8763 5770
8646 5770
2 5770
8596 5771
8095 5771
9009 5771
11490 5771
11004 5771
8577 5771
9259 5771
2 5771
10878 5772
11597 5772
9444 5772
10917 5772
11391 5772
11198 5772
9367 5772
2 5772
8435 5773
10413 5773
9907 5773
8032 5773
2 5773
11862 5774
9319 5774
8811 5774
10604 5774
11670 5774
9091 5774
8843 5774
9790 5774
2 5774
10040 5775
10318 5775
9647 5775
10141 5775
2 5775
8701 5776
8903 5776
10746 5776
10922 5776
8160 5776
10521 5776
9374 5776
10279 5776
11163 5776
8569 5776
2 5776
8691 5777
10142 5777
10074 5777
11275 5777
10073 5777
9115 5777
9456 5777
10924 5777
11385 5777
2 5777
10118 5778
10790 5778
11179 5778
9547 5778
2 5778
10531 5779
10120 5779
8036 5779
10424 5779
2 5779
9536 5780
11510 5780
8866 5780
8094 5780
11580 5780
10903 5780
9981 5780
2 5780
8446 5781
8596 5781
10612 5781
8398 5781
9728 5781
8740 5781
9543 5781
11816 5781
11838 5781
2 5781
8639 5782
11101 5782
9795 5782
8397 5782
2 5782
10615 5783
11452 5783
9706 5783
9649 5783
2 5783
9344 5784
10123 5784
10498 5784
11676 5784
9953 5784
2 5784
11942 5785
10246 5785
10261 5785
11036 5785
10933 5785
10238 5785
11142 5785
9083 5785
9662 5785
11675 5785
2 5785
10841 5786
9230 5786
8314 5786
11975 5786
8091 5786
2 5786
11562 5787
9995 5787
10320 5787
9180 5787
11462 5787
8418 5787
9645 5787
8768 5787
8159 5787
2 5787
9073 5788
10336 5788
8582 5788
10532 5788
8504 5788
8389 5788
9450 5788
11852 5788
10850 5788
10812 5788
2 5788
10722 5789
11092 5789
10070 5789
11941 5789
8253 5789
9230 5789
9729 5789
2 5789
11034 5790
10661 5790
9301 5790
9112 5790
8807 5790
9340 5790
8295 5790
2 5790
10394 5791
11531 5791
8236 5791
9171 5791
8700 5791
11058 5791
10525 5791
9383 5791
10164 5791
10426 5791
2 5791
10980 5792
8417 5792
10866 5792
10791 5792
10455 5792
10399 5792
10416 5792
11039 5792
2 5792
11018 5793
10135 5793
11006 5793
8681 5793
8510 5793
8932 5793
10030 5793
10495 5793
8574 5793
2 5793
9828 5794
11100 5794
10241 5794
8810 5794
2 5794
10895 5795
11593 5795
10409 5795
8853 5795
8432 5795
11211 5795
9384 5795
10981 5795
2 5795
10319 5796
10892 5796
8424 5796
9766 5796
10364 5796
10034 5796
10498 5796
8389 5796
2 5796
9526 5797
8564 5797
9270 5797
9518 5797
11453 5797
9700 5797
8161 5797
2 5797
9747 5798
10161 5798
8013 5798
10001 5798
2 5798
11154 5799
10768 5799
9131 5799
10991 5799
11580 5799
9405 5799
11868 5799
10154 5799
9429 5799
10222 5799
8264 5799
2 5799
10209 5800
9485 5800
11667 5800
11854 5800
10331 5800
11525 5800
2 5800
9361 5801
8198 5801
9904 5801
8989 5801
2 5801
11169 5802
9128 5802
8163 5802
8376 5802
2 5802
9679 5803
11942 5803
11621 5803
9451 5803
8820 5803
9137 5803
8020 5803
11064 5803
8580 5803
8190 5803
2 5803
11904 5804
8511 5804
11023 5804
9329 5804
8853 5804
2 5804
11728 5805
10612 5805
8615 5805
11355 5805
2 5805
11342 5806
10547 5806
9160 5806
11407 5806
10793 5806
9498 5806
11745 5806
2 5806
11293 5807
11496 5807
11283 5807
8722 5807
9176 5807
9419 5807
2 5807
9368 5808
10523 5808
11610 5808
8448 5808
8382 5808
9999 5808
8489 5808
10996 5808
11984 5808
2 5808
10739 5809
8572 5809
11729 5809
9595 5809
10985 5809
11213 5809
9700 5809
11667 5809
11332 5809
2 5809
9930 5810
10479 5810
9418 5810
9151 5810
9855 5810
9730 5810
11163 5810
11682 5810
8469 5810
8017 5810
2 5810
8651 5811
8715 5811
11797 5811
11565 5811
10235 5811
2 5811
8756 5812
10539 5812
11086 5812
11094 5812
8237 5812
8429 5812
10084 5812
9641 5812
8467 5812
2 5812
9692 5813
9016 5813
10042 5813
9704 5813
11893 5813
8007 5813
11244 5813
9195 5813
8100 5813
10140 5813
10009 5813
2 5813
10318 5814
11293 5814
8006 5814
9388 5814
10282 5814
10292 5814
11306 5814
8278 5814
8893 5814
9250 5814
8723 5814
2 5814
10242 5815
11633 5815
10813 5815
11056 5815
8092 5815
2 5815
10319 5816
9260 5816
10778 5816
10704 5816
10450 5816
10023 5816
2 5816
9527 5817
9271 5817
8263 5817
8795 5817
11762 5817
11850 5817
8490 5817
8801 5817
2 5817
9790 5818
10360 5818
8354 5818
10931 5818
9330 5818
8809 5818
9165 5818
9223 5818
8702 5818
8717 5818
8704 5818
2 5818
8311 5819
8753 5819
9686 5819
10660 5819
8685 5819
11706 5819
11182 5819
10483 5819
8063 5819
2 5819
11927 5820
10942 5820
11849 5820
8317 5820
8557 5820
11910 5820
11440 5820
9558 5820
2 5820
11639 5821
11062 5821
10874 5821
8402 5821
8033 5821
2 5821
11659 5822
10845 5822
11909 5822
11501 5822
9816 5822
8676 5822
0 5822
10961 5822
2 5822
11060 5823
11257 5823
8040 5823
10447 5823
9969 5823
8271 5823
11052 5823
9594 5823
2 5823
10201 5824
8918 5824
9195 5824
8310 5824
10877 5824
10878 5824
2 5824
8381 5825
10349 5825
8022 5825
10886 5825
11607 5825
11086 5825
8919 5825
11536 5825
11128 5825
11781 5825
9952 5825
2 5825
9627 5826
10017 5826
11128 5826
10595 5826
11827 5826
8262 5826
2 5826
10410 5827
8489 5827
11577 5827
11285 5827
2 5827
8009 5828
11865 5828
10269 5828
10884 5828
11002 5828
9410 5828
2 5828
8008 5829
10763 5829
10516 5829
10488 5829
8492 5829
11427 5829
8177 5829
10360 5829
8112 5829
8937 5829
2 5829
8119 5830
8946 5830
9116 5830
11463 5830
10245 5830
2 5830
11470 5831
11811 5831
11176 5831
8437 5831
11539 5831
9250 5831
11337 5831
2 5831
8007 5832
8905 5832
11656 5832
10897 5832
11241 5832
11205 5832
10021 5832
11458 5832
9047 5832
9476 5832
2 5832
8658 5833
11437 5833
10623 5833
11208 5833
9393 5833
8293 5833
9341 5833
2 5833
11665 5834
8161 5834
9729 5834
8336 5834
9171 5834
8376 5834
9201 5834
8164 5834
11888 5834
2 5834
10999 5835
10565 5835
9654 5835
9631 5835
9559 5835
9283 5835
9276 5835
2 5835
9003 5836
9941 5836
8664 5836
9256 5836
11491 5836
9879 5836
8386 5836
2 5836
9037 5837
9831 5837
8757 5837
11625 5837
9594 5837
9755 5837
10396 5837
10914 5837
9387 5837
2 5837
9882 5838
9926 5838
8391 5838
11577 5838
11699 5838
8927 5838
9555 5838
8553 5838
2 5838
8242 5839
10437 5839
9031 5839
8266 5839
10424 5839
11286 5839
8560 5839
8459 5839
9099 5839
8637 5839
11538 5839
2 5839
8463 5840
10611 5840
8795 5840
8380 5840
8985 5840
11368 5840
2 5840
9882 5841
8530 5841
10737 5841
8575 5841
11986 5841
8528 5841
10207 5841
10021 5841
10201 5841
2 5841
11355 5842
9936 5842
10811 5842
10802 5842
9894 5842
11660 5842
8245 5842
2 5842
11829 5843
8230 5843
10797 5843
9324 5843
11693 5843
9979 5843
11048 5843
2 5843
9145 5844
11188 5844
11716 5844
9569 5844
8305 5844
11641 5844
11748 5844
8923 5844
11320 5844
9889 5844
2 5844
10559 5845
9159 5845
9286 5845
8934 5845
10720 5845
9889 5845
9542 5845
9841 5845
10754 5845
9544 5845
11115 5845
2 5845
10938 5846
11835 5846
10881 5846
10433 5846
11059 5846
9355 5846
9620 5846
2 5846
11461 5847
9638 5847
11340 5847
8987 5847
10073 5847
8418 5847
10155 5847
2 5847
11370 5848
9987 5848
8827 5848
8829 5848
9100 5848
9693 5848
11318 5848
8224 5848
10582 5848
2 5848
9172 5849
11339 5849
8176 5849
9837 5849
8756 5849
8335 5849
2 5849
11266 5850
8983 5850
10340 5850
10128 5850
2 5850
10365 5851
11779 5851
11360 5851
8350 5851
2 5851
10438 5852
8531 5852
10841 5852
11076 5852
11950 5852
2 5852
9841 5853
9413 5853
10976 5853
8926 5853
11397 5853
9989 5853
2 5853
8572 5854
9935 5854
10439 5854
8082 5854
8392 5854
9231 5854
2 5854
8973 5855
8272 5855
10605 5855
11987 5855
9351 5855
9507 5855
9339 5855
2 5855
11284 5856
9934 5856
10196 5856
8264 5856
8738 5856
8734 5856
8334 5856
8179 5856
9959 5856
2 5856
9717 5857
10668 5857
11290 5857
9379 5857
10066 5857
8488 5857
11987 5857
2 5857
10609 5858
11775 5858
9386 5858
9996 5858
8441 5858
8029 5858
11880 5858
8340 5858
9970 5858
2 5858
11077 5859
10687 5859
8374 5859
8481 5859
11852 5859
8052 5859
11663 5859
8742 5859
11062 5859
2 5859
8174 5860
10760 5860
8588 5860
10356 5860
11959 5860
8669 5860
8225 5860
10786 5860
2 5860
8199 5861
8750 5861
9141 5861
8095 5861
10005 5861
2 5861
8290 5862
9865 5862
9268 5862
9910 5862
2 5862
9725 5863
10531 5863
8712 5863
11755 5863
11018 5863
2 5863
10590 5864
10227 5864
10910 5864
10973 5864
10492 5864
9336 5864
2 5864
10662 5865
9749 5865
8777 5865
8293 5865
10816 5865
10675 5865
10951 5865
11669 5865
2 5865
11475 5866
9295 5866
9616 5866
10259 5866
9154 5866
8121 5866
9327 5866
8933 5866
10010 5866
11078 5866
2 5866
10553 5867
10018 5867
11032 5867
8834 5867
8181 5867
2 5867
8411 5868
8202 5868
10418 5868
10635 5868
9780 5868
2 5868
9146 5869
11071 5869
11251 5869
8523 5869
10309 5869
10403 5869
10779 5869
11577 5869
10418 5869
10812 5869
2 5869
8699 5870
8573 5870
8855 5870
10500 5870
10401 5870
2 5870
11688 5871
11653 5871
11546 5871
9645 5871
9139 5871
9709 5871
8304 5871
10846 5871
8919 5871
10830 5871
9534 5871
2 5871
8171 5872
11822 5872
10864 5872
11312 5872
8196 5872
10634 5872
8987 5872
9424 5872
9155 5872
9990 5872
2 5872
10439 5873
10069 5873
9026 5873
9518 5873
2 5873
11829 5874
10392 5874
10003 5874
10666 5874
9929 5874
8660 5874
9593 5874
10539 5874
8300 5874
9931 5874
2 5874
11640 5875
11135 5875
8618 5875
10340 5875
8736 5875
2 5875
9243 5876
11366 5876
9937 5876
10400 5876
8510 5876
10315 5876
11524 5876
2 5876
10690 5877
9185 5877
8284 5877
10664 5877
9319 5877
9013 5877
9865 5877
11396 5877
11427 5877
8044 5877
2 5877
11270 5878
11232 5878
10587 5878
10902 5878
9077 5878
2 5878
10878 5879
9019 5879
11387 5879
11588 5879
9004 5879
10870 5879
10848 5879
11556 5879
8266 5879
10562 5879
2 5879
9156 5880
11900 5880
11563 5880
8943 5880
11743 5880
11376 5880
2 5880
10501 5881
8262 5881
9866 5881
9308 5881
11365 5881
11827 5881
10073 5881
11191 5881
2 5881
10660 5882
11896 5882
10153 5882
8946 5882
2 5882
9046 5883
8302 5883
8444 5883
9225 5883
10304 5883
9212 5883
2 5883
9544 5884
9724 5884
8105 5884
10828 5884
9111 5884
10346 5884
11344 5884
8278 5884
10808 5884
11664 5884
9767 5884
2 5884
10391 5885
10794 5885
10362 5885
8407 5885
9088 5885
9300 5885
10999 5885
11978 5885
10645 5885
10372 5885
2 5885
10514 5886
11916 5886
11294 5886
8574 5886
11303 5886
10436 5886
9735 5886
9881 5886
9770 5886
9258 5886
2 5886
10070 5887
9222 5887
8153 5887
11652 5887
10722 5887
8005 5887
8161 5887
10857 5887
10286 5887
10519 5887
9691 5887
2 5887
11233 5888
10290 5888
11573 5888
8524 5888
11352 5888
8762 5888
11513 5888
11787 5888
2 5888
8118 5889
10030 5889
8653 5889
8575 5889
8712 5889
9693 5889
10836 5889
8606 5889
8774 5889
2 5889
8880 5890
9421 5890
8875 5890
10449 5890
11658 5890
10673 5890
9767 5890
2 5890
10911 5891
8843 5891
9156 5891
11719 5891
10307 5891
9155 5891
10932 5891
9043 5891
11174 5891
10063 5891
10503 5891
2 5891
9855 5892
9442 5892
10822 5892
11930 5892
8395 5892
2 5892
9298 5893
10841 5893
9044 5893
11000 5893
8572 5893
10485 5893
2 5893
9610 5894
9113 5894
9511 5894
9386 5894
9671 5894
0 5894
2 5894
9943 5895
9171 5895
11414 5895
8696 5895
9993 5895
11054 5895
10786 5895
11982 5895
2 5895
11353 5896
8678 5896
11766 5896
11213 5896
10710 5896
11705 5896
8855 5896
9136 5896
8225 5896
9930 5896
2 5896
10864 5897
8550 5897
9435 5897
10537 5897
9952 5897
9695 5897
11566 5897
8136 5897
9778 5897
10467 5897
8538 5897
2 5897
9220 5898
11072 5898
8925 5898
10574 5898
9106 5898
2 5898
10497 5899
9438 5899
10902 5899
8918 5899
11072 5899
10363 5899
8391 5899
11703 5899
2 5899
9293 5900
11217 5900
10364 5900
8149 5900
10352 5900
11559 5900
11271 5900
9675 5900
9339 5900
9437 5900
2 5900
11661 5901
9479 5901
8010 5901
10734 5901
8428 5901
8179 5901
8943 5901
11074 5901
10798 5901
9155 5901
11758 5901
2 5901
11356 5902
9363 5902
10625 5902
11079 5902
9437 5902
9196 5902
10670 5902
10268 5902
8281 5902
10373 5902
2 5902
9192 5903
10954 5903
8053 5903
8097 5903
9452 5903
9683 5903
8746 5903
11627 5903
10014 5903
9126 5903
2 5903
9480 5904
8709 5904
8334 5904
10895 5904
11548 5904
11131 5904
11279 5904
11873 5904
2 5904
11842 5905
9818 5905
11824 5905
10264 5905
8592 5905
10537 5905
10155 5905
9653 5905
11486 5905
10311 5905
2 5905
9618 5906
10689 5906
11887 5906
9335 5906
11770 5906
2 5906
11235 5907
11437 5907
8013 5907
9526 5907
8359 5907
10525 5907
11854 5907
9204 5907
8639 5907
11014 5907
2 5907
10692 5908
9684 5908
8652 5908
10183 5908
10777 5908
11231 5908
11543 5908
2 5908
8985 5909
9797 5909
10112 5909
9141 5909
11573 5909
11600 5909
8931 5909
2 5909
11680 5910
10880 5910
10529 5910
11457 5910
10100 5910
10838 5910
8751 5910
2 5910
10202 5911
11233 5911
11263 5911
8793 5911
11839 5911
2 5911
8805 5912
10343 5912
10139 5912
11725 5912
11851 5912
9538 5912
2 5912
10511 5913
11402 5913
11059 5913
9696 5913
10489 5913
2 5913
11871 5914
9541 5914
11326 5914
8899 5914
8420 5914
9941 5914
2 5914
9745 5915
11560 5915
8724 5915
11180 5915
2 5915
8226 5916
11360 5916
10092 5916
9759 5916
8957 5916
10494 5916
8034 5916
11720 5916
2 5916
8927 5917
9072 5917
11294 5917
10610 5917
2 5917
8992 5918
11710 5918
8776 5918
10405 5918
9631 5918
11711 5918
8223 5918
2 5918
8402 5919
11755 5919
8020 5919
11594 5919
10834 5919
2 5919
10607 5920
9188 5920
10843 5920
9959 5920
9559 5920
11413 5920
2 5920
8517 5921
10754 5921
11111 5921
9890 5921
10288 5921
10411 5921
11243 5921
9822 5921
10011 5921
10588 5921
2 5921
11843 5922
8547 5922
8920 5922
11877 5922
9539 5922
10866 5922
8016 5922
11467 5922
8707 5922
10563 5922
9272 5922
2 5922
9039 5923
9143 5923
8787 5923
11675 5923
8552 5923
9033 5923
10954 5923
8430 5923
11765 5923
11739 5923
8207 5923
2 5923
11915 5924
8301 5924
9072 5924
9564 5924
9786 5924
11544 5924
11108 5924
2 5924
9820 5925
11588 5925
10230 5925
8272 5925
8578 5925
9949 5925
11039 5925
9733 5925
8861 5925
2 5925
10818 5926
10063 5926
11454 5926
10204 5926
11427 5926
9713 5926
10981 5926
10015 5926
11493 5926
9435 5926
9127 5926
2 5926
10331 5927
8639 5927
9221 5927
9454 5927
9635 5927
10721 5927
11849 5927
8708 5927
9246 5927
2 5927
10944 5928
11625 5928
11850 5928
9569 5928
11165 5928
10449 5928
11269 5928
2 5928
10387 5929
11701 5929
10997 5929
8471 5929
8231 5929
10649 5929
9266 5929
10773 5929
11250 5929
9987 5929
2 5929
8701 5930
11101 5930
10822 5930
8043 5930
10321 5930
11805 5930
9427 5930
8708 5930
10873 5930
11630 5930
2 5930
8821 5931
8733 5931
10728 5931
8621 5931
9941 5931
9969 5931
9813 5931
9378 5931
8878 5931
2 5931
8685 5932
8632 5932
10192 5932
8727 5932
11598 5932
8031 5932
8294 5932
8432 5932
8241 5932
8857 5932
2 5932
8363 5933
10504 5933
8544 5933
9326 5933
9306 5933
9208 5933
10176 5933
11210 5933
10605 5933
11741 5933
2 5933
9187 5934
8235 5934
8524 5934
9049 5934
9265 5934
11283 5934
10544 5934
11787 5934
11470 5934
8324 5934
2 5934
9722 5935
11376 5935
9024 5935
9654 5935
9405 5935
9781 5935
8959 5935
11446 5935
8364 5935
2 5935
10948 5936
9133 5936
11948 5936
11304 5936
11084 5936
2 5936
8099 5937
10071 5937
11119 5937
8904 5937
9101 5937
9748 5937
8956 5937
9067 5937
2 5937
8554 5938
11615 5938
8315 5938
11525 5938
8236 5938
2 5938
11988 5939
9924 5939
10842 5939
11813 5939
11895 5939
10647 5939
9597 5939
8733 5939
9494 5939
8858 5939
2 5939
9147 5940
8053 5940
10370 5940
10498 5940
9683 5940
8916 5940
11096 5940
10709 5940
8175 5940
2 5940
9528 5941
11578 5941
9728 5941
10553 5941
9516 5941
10256 5941
11897 5941
8222 5941
10124 5941
11114 5941
8611 5941
2 5941
9563 5942
11566 5942
8968 5942
11228 5942
9976 5942
10050 5942
9249 5942
8992 5942
8094 5942
10169 5942
11192 5942
2 5942
9031 5943
11703 5943
9692 5943
9751 5943
8247 5943
11198 5943
2 5943
11037 5944
11589 5944
8776 5944
10407 5944
10853 5944
10153 5944
11715 5944
9865 5944
8599 5944
11191 5944
2 5944
8429 5945
10577 5945
8716 5945
9929 5945
11215 5945
9175 5945
2 5945
9455 5946
11403 5946
9016 5946
8126 5946
8113 5946
11043 5946
10370 5946
2 5946
11468 5947
8796 5947
11594 5947
11626 5947
9306 5947
8888 5947
10587 5947
8074 5947
8721 5947
2 5947
11293 5948
8324 5948
8040 5948
9738 5948
11355 5948
2 5948
10388 5949
8594 5949
10706 5949
9472 5949
10831 5949
9551 5949
8489 5949
9476 5949
2 5949
10682 5950
10099 5950
10961 5950
11501 5950
11937 5950
2 5950
11219 5951
9244 5951
10934 5951
9194 5951
8176 5951
2 5951
9189 5952
9352 5952
9359 5952
11016 5952
9836 5952
8360 5952
11824 5952
2 5952
8091 5953
8444 5953
9274 5953
11179 5953
2 5953
10015 5954
10529 5954
8507 5954
8663 5954
2 5954
9504 5955
11618 5955
8827 5955
8052 5955
9628 5955
8682 5955
2 5955
9961 5956
10702 5956
10864 5956
9175 5956
8624 5956
8475 5956
8729 5956
8502 5956
9327 5956
2 5956
11971 5957
11869 5957
9122 5957
9830 5957
10109 5957
9003 5957
9491 5957
8393 5957
9002 5957
9078 5957
2 5957
10534 5958
11121 5958
11236 5958
10783 5958
9197 5958
2 5958
8268 5959
9297 5959
10664 5959
10101 5959
2 5959
10775 5960
9191 5960
10490 5960
9436 5960
8959 5960
8655 5960
8994 5960
8185 5960
9865 5960
8121 5960
2 5960
9409 5961
8165 5961
8702 5961
9653 5961
8381 5961
9249 5961
8814 5961
11023 5961
8663 5961
10459 5961
2 5961
9595 5962
8557 5962
8317 5962
11854 5962
10439 5962
10083 5962
8668 5962
8336 5962
11183 5962
9923 5962
9179 5962
2 5962
9736 5963
10658 5963
8346 5963
10190 5963
10484 5963
11354 5963
2 5963
9771 5964
11895 5964
8437 5964
9361 5964
10805 5964
10876 5964
2 5964
11394 5965
10171 5965
11238 5965
9742 5965
10257 5965
11041 5965
10142 5965
2 5965
10818 5966
8188 5966
9297 5966
9866 5966
8304 5966
10375 5966
10137 5966
10488 5966
11680 5966
9059 5966
11226 5966
2 5966
10451 5967
11885 5967
9573 5967
11539 5967
9291 5967
10476 5967
2 5967
9815 5968
8090 5968
8406 5968
11385 5968
11761 5968
8734 5968
10149 5968
9677 5968
9990 5968
10154 5968
8551 5968
2 5968
9381 5969
9063 5969
10582 5969
10373 5969
10997 5969
10285 5969
2 5969
10182 5970
11650 5970
11960 5970
9897 5970
8976 5970
9025 5970
8520 5970
9196 5970
9266 5970
2 5970
9403 5971
8413 5971
8817 5971
10520 5971
9152 5971
2 5971
11371 5972
9280 5972
11726 5972
8480 5972
10896 5972
11849 5972
11007 5972
2 5972
11677 5973
11029 5973
8919 5973
11781 5973
11056 5973
11840 5973
9819 5973
2 5973
11645 5974
9636 5974
9575 5974
8033 5974
8224 5974
10687 5974
11242 5974
2 5974
10649 5975
11901 5975
8458 5975
11783 5975
2 5975
11877 5976
8662 5976
8927 5976
10848 5976
10578 5976
11266 5976
2 5976
11661 5977
11873 5977
9080 5977
11952 5977
9153 5977
11514 5977
8069 5977
9349 5977
0 5977
2 5977
10609 5978
9439 5978
9970 5978
8676 5978
9650 5978
9112 5978
9267 5978
10918 5978
11799 5978
10361 5978
8732 5978
2 5978
10703 5979
8495 5979
8060 5979
8072 5979
10565 5979
8176 5979
2 5979
10037 5980
9419 5980
10480 5980
10876 5980
10449 5980
8218 5980
11898 5980
2 5980
11574 5981
11399 5981
8434 5981
11020 5981
11910 5981
10356 5981
11311 5981
8572 5981
2 5981
11614 5982
11599 5982
8090 5982
11449 5982
8763 5982
10015 5982
9952 5982
8022 5982
9525 5982
2 5982
9518 5983
10884 5983
9418 5983
9157 5983
9211 5983
11955 5983
8232 5983
11606 5983
2 5983
10241 5984
8201 5984
9466 5984
9477 5984
11877 5984
8402 5984
8430 5984
2 5984
9498 5985
9881 5985
11412 5985
10779 5985
9512 5985
10698 5985
8496 5985
10455 5985
9829 5985
11259 5985
2 5985
11536 5986
10103 5986
11817 5986
11400 5986
10768 5986
10464 5986
8151 5986
9685 5986
2 5986
8387 5987
9229 5987
10185 5987
8765 5987
8125 5987
11052 5987
8643 5987
10556 5987
11997 5987
11835 5987
2 5987
9397 5988
8399 5988
8772 5988
9285 5988
11417 5988
10060 5988
10956 5988
2 5988
8501 5989
11922 5989
9438 5989
11009 5989
9147 5989
8266 5989
9143 5989
2 5989
10320 5990
8939 5990
9311 5990
11635 5990
8021 5990
10871 5990
10903 5990
2 5990
10596 5991
11092 5991
11287 5991
9908 5991
9442 5991
9833 5991
11981 5991
2 5991
9710 5992
10586 5992
8596 5992
8747 5992
11716 5992
8059 5992
8537 5992
10756 5992
8902 5992
11243 5992
2 5992
9589 5993
8284 5993
9189 5993
8405 5993
11646 5993
2 5993
10126 5994
9201 5994
11152 5994
8531 5994
8658 5994
2 5994
11776 5995
8171 5995
9103 5995
8031 5995
2 5995
11860 5996
8877 5996
8368 5996
9395 5996
11229 5996
10670 5996
11928 5996
10420 5996
2 5996
11206 5997
8672 5997
8976 5997
11077 5997
10075 5997
10697 5997
10333 5997
8589 5997
2 5997
9276 5998
10063 5998
10137 5998
10297 5998
2 5998
10340 5999
11916 5999
11718 5999
11121 5999
8351 5999
10773 5999
8773 5999
11639 5999
11079 5999
2 5999
10335 6000
10720 6000
10527 6000
9254 6000
11184 6000
11522 6000
11194 6000
8899 6000
2 6000
10312 6001
10441 6001
8890 6001
11638 6001
8180 6001
9239 6001
8615 6001
11857 6001
2 6001
9056 6002
8780 6002
11956 6002
8215 6002
11949 6002
2 6002
8467 6003
8889 6003
10022 6003
8958 6003
11201 6003
11238 6003
9646 6003
8079 6003
9121 6003
9191 6003
10311 6003
2 6003
8337 6004
8178 6004
10055 6004
8125 6004
10247 6004
9415 6004
9969 6004
11733 6004
2 6004
8564 6005
9453 6005
10549 6005
11161 6005
10426 6005
9814 6005
10127 6005
10507 6005
9231 6005
10971 6005
2 6005
9389 6006
8352 6006
11113 6006
10900 6006
10371 6006
8449 6006
11593 6006
11486 6006
2 6006
8618 6007
9886 6007
10989 6007
11309 6007
2 6007
8763 6008
10178 6008
11472 6008
10409 6008
11536 6008
11493 6008
8716 6008
10751 6008
9080 6008
9088 6008
2 6008
11098 6009
9975 6009
11527 6009
11246 6009
10897 6009
10246 6009
11796 6009
9926 6009
2 6009
9357 6010
11795 6010
9111 6010
11728 6010
11573 6010
8491 6010
9484 6010
2 6010
10844 6011
11168 6011
11737 6011
8813 6011
9657 6011
9999 6011
10021 6011
11217 6011
8724 6011
11745 6011
2 6011
11535 6012
9379 6012
8439 6012
9953 6012
8585 6012
2 6012
10909 6013
10008 6013
10919 6013
11749 6013
11338 6013
10923 6013
11454 6013
11840 6013
2 6013
11560 6014
10765 6014
10619 6014
10791 6014
9549 6014
9603 6014
8016 6014
0 6014
2 6014
11836 6015
10146 6015
9043 6015
8122 6015
8331 6015
9456 6015
11406 6015
9645 6015
8467 6015
2 6015
11635 6016
10829 6016
8078 6016
11405 6016
9252 6016
10887 6016
11131 6016
9979 6016
9570 6016
8522 6016
2 6016
10105 6017
11198 6017
11922 6017
8240 6017
9371 6017
8859 6017
8130 6017
8761 6017
9278 6017
10913 6017
9099 6017
2 6017
11618 6018
9036 6018
11936 6018
9461 6018
10949 6018
10128 6018
11318 6018
10322 6018
8126 6018
2 6018
11081 6019
9205 6019
11590 6019
10123 6019
10839 6019
11467 6019
2 6019
8301 6020
11656 6020
11270 6020
10788 6020
9900 6020
11342 6020
9926 6020
8423 6020
9163 6020
10543 6020
10989 6020
2 6020
9364 6021
10920 6021
8625 6021
8454 6021
11472 6021
11459 6021
10968 6021
10467 6021
2 6021
9635 6022
10721 6022
8658 6022
10969 6022
10710 6022
8336 6022
9774 6022
9762 6022
2 6022
8456 6023
10973 6023
9491 6023
9874 6023
10282 6023
9098 6023
9936 6023
8890 6023
11263 6023
2 6023
9563 6024
10242 6024
8874 6024
9107 6024
10911 6024
11546 6024
9001 6024
8862 6024
8364 6024
11723 6024
10923 6024
2 6024
9773 6025
8218 6025
11825 6025
10542 6025
11787 6025
2 6025
11170 6026
8302 6026
8362 6026
9018 6026
10305 6026
8699 6026
11970 6026
11178 6026
9721 6026
10321 6026
0 6026
2 6026
11281 6027
9217 6027
8616 6027
9212 6027
10454 6027
8901 6027
8808 6027
11076 6027
9954 6027
2 6027
11966 6028
10942 6028
8563 6028
10296 6028
11022 6028
11630 6028
8564 6028
11927 6028
9514 6028
2 6028
8918 6029
9628 6029
9465 6029
11576 6029
9745 6029
8630 6029
9380 6029
2 6029
11896 6030
9297 6030
8598 6030
8632 6030
10197 6030
2 6030
10219 6031
11626 6031
10176 6031
10496 6031
11991 6031
10771 6031
9733 6031
9492 6031
8427 6031
2 6031
11974 6032
8220 6032
9901 6032
10317 6032
11293 6032
11989 6032
10185 6032
9803 6032
8479 6032
11379 6032
2 6032
11496 6033
10227 6033
11084 6033
10648 6033
2 6033
11130 6034
8333 6034
8977 6034
8690 6034
8815 6034
9757 6034
9050 6034
8314 6034
11287 6034
11682 6034
11940 6034
2 6034
9864 6035
9933 6035
11036 6035
8706 6035
2 6035
10319 6036
11006 6036
11757 6036
8760 6036
8607 6036
8374 6036
2 6036
8737 6037
10182 6037
9056 6037
10021 6037
10619 6037
8820 6037
10515 6037
11915 6037
9496 6037
2 6037
10349 6038
8366 6038
11078 6038
8961 6038
11338 6038
8143 6038
9352 6038
9093 6038
2 6038
10766 6039
10081 6039
11491 6039
11728 6039
11188 6039
9528 6039
10447 6039
0 6039
2 6039
10599 6040
9984 6040
10003 6040
9252 6040
8993 6040
8255 6040
11448 6040
2 6040
9115 6041
8150 6041
9559 6041
9529 6041
2 6041
10417 6042
11523 6042
8394 6042
8090 6042
2 6042
8895 6043
9077 6043
8823 6043
11524 6043
9039 6043
9293 6043
10791 6043
10707 6043
2 6043
8605 6044
9299 6044
9358 6044
11073 6044
0 6044
11464 6044
10144 6044
9763 6044
11995 6044
10448 6044
11775 6044
2 6044
10111 6045
9308 6045
10314 6045
8688 6045
8483 6045
8538 6045
9533 6045
8176 6045
2 6045
8869 6046
9335 6046
11266 6046
11860 6046
8481 6046
11156 6046
2 6046
8182 6047
8301 6047
10778 6047
10547 6047
9207 6047
8970 6047
2 6047
9581 6048
11420 6048
11233 6048
10811 6048
10232 6048
2 6048
10461 6049
8200 6049
9192 6049
11019 6049
8504 6049
10416 6049
10207 6049
10460 6049
2 6049
10874 6050
9754 6050
10121 6050
9138 6050
2 6050
11983 6051
11948 6051
10054 6051
9361 6051
9421 6051
9307 6051
10770 6051
11895 6051
8907 6051
8435 6051
11344 6051
2 6051
9122 6052
8378 6052
10048 6052
8533 6052
11028 6052
10862 6052
11551 6052
10430 6052
9773 6052
11957 6052
8593 6052
2 6052
8292 6053
11124 6053
10375 6053
9743 6053
8640 6053
10226 6053
10575 6053
2 6053
11496 6054
8633 6054
10396 6054
8514 6054
8464 6054
8257 6054
8289 6054
9684 6054
8892 6054
2 6054
8833 6055
10955 6055
9069 6055
10520 6055
10405 6055
9961 6055
2 6055
11469 6056
11864 6056
8747 6056
10109 6056
9901 6056
10423 6056
10815 6056
11193 6056
9484 6056
8464 6056
11428 6056
2 6056
9574 6057
9217 6057
10974 6057
11517 6057
9257 6057
8251 6057
11328 6057
11992 6057
10906 6057
2 6057
10566 6058
9970 6058
8269 6058
10609 6058
8404 6058
8735 6058
9209 6058
9406 6058
8453 6058
2 6058
9814 6059
10369 6059
9762 6059
10801 6059
8251 6059
11364 6059
9225 6059
2 6059
11847 6060
10765 6060
10006 6060
9377 6060
10791 6060
8546 6060
11018 6060
10393 6060
2 6060
10337 6061
10707 6061
10412 6061
11500 6061
10814 6061
2 6061
11449 6062
9826 6062
10723 6062
10581 6062
11472 6062
10327 6062
11903 6062
8159 6062
2 6062
11524 6063
11407 6063
10207 6063
10784 6063
9977 6063
9953 6063
11106 6063
11796 6063
2 6063
9862 6064
9474 6064
11825 6064
11194 6064
8024 6064
10842 6064
9813 6064
10939 6064
10081 6064
2 6064
9894 6065
10430 6065
8012 6065
9265 6065
10598 6065
10840 6065
10705 6065
2 6065
10355 6066
10310 6066
10014 6066
8720 6066
11272 6066
8748 6066
8214 6066
10039 6066
8582 6066
9683 6066
2 6066
8947 6067
10232 6067
8221 6067
8617 6067
8604 6067
9542 6067
2 6067
11883 6068
11084 6068
9140 6068
9708 6068
11494 6068
10334 6068
8954 6068
9880 6068
8463 6068
9767 6068
9613 6068
2 6068
9606 6069
10402 6069
9428 6069
8104 6069
10044 6069
10143 6069
11659 6069
8542 6069
9912 6069
2 6069
11771 6070
10001 6070
10468 6070
9052 6070
11925 6070
10485 6070
11606 6070
11033 6070
2 6070
10170 6071
11404 6071
10117 6071
11588 6071
9782 6071
11198 6071
2 6071
8344 6072
11828 6072
11245 6072
11971 6072
8222 6072
10648 6072
9734 6072
10559 6072
9229 6072
9375 6072
2 6072
9118 6073
8140 6073
8210 6073
11889 6073
10257 6073
8632 6073
8109 6073
11642 6073
9317 6073
10741 6073
9687 6073
2 6073
11505 6074
8578 6074
10145 6074
10213 6074
8813 6074
2 6074
10701 6075
10117 6075
9063 6075
11789 6075
8231 6075
9796 6075
8585 6075
2 6075
8550 6076
11141 6076
11055 6076
9781 6076
11489 6076
11113 6076
10643 6076
11711 6076
2 6076
9211 6077
10822 6077
11453 6077
11925 6077
11054 6077
2 6077
9573 6078
8912 6078
11815 6078
11335 6078
9546 6078
10447 6078
2 6078
8010 6079
9976 6079
8526 6079
10932 6079
9166 6079
8515 6079
2 6079
11947 6080
8239 6080
10111 6080
10257 6080
9714 6080
11365 6080
11238 6080
9934 6080
9948 6080
2 6080
8229 6081
9284 6081
11196 6081
8631 6081
10484 6081
8361 6081
2 6081
8237 6082
8296 6082
11824 6082
11086 6082
8749 6082
10171 6082
9043 6082
10955 6082
11395 6082
2 6082
10430 6083
10724 6083
8425 6083
9355 6083
8758 6083
10910 6083
9079 6083
9256 6083
10764 6083
10122 6083
2 6083
8918 6084
11098 6084
11229 6084
9513 6084
11411 6084
10632 6084
2 6084
11081 6085
8123 6085
11936 6085
8505 6085
8609 6085
11704 6085
9365 6085
10555 6085
2 6085
11721 6086
8655 6086
10032 6086
10599 6086
11938 6086
8051 6086
2 6086
11101 6087
11422 6087
11793 6087
11629 6087
2 6087
8704 6088
10864 6088
8099 6088
11859 6088
8140 6088
10103 6088
11238 6088
2 6088
8086 6089
11611 6089
11898 6089
11795 6089
9002 6089
11641 6089
9728 6089
11736 6089
10282 6089
11815 6089
2 6089
11386 6090
11001 6090
11516 6090
11413 6090
11653 6090
9091 6090
8072 6090
11289 6090
11607 6090
2 6090
8717 6091
8454 6091
10222 6091
9180 6091
11323 6091
8196 6091
2 6091
11299 6092
11342 6092
9036 6092
9344 6092
9087 6092
9328 6092
10205 6092
11246 6092
8085 6092
2 6092
11915 6093
11411 6093
10848 6093
11724 6093
9498 6093
10106 6093
9628 6093
10933 6093
10812 6093
10986 6093
8927 6093
2 6093
11116 6094
8672 6094
9016 6094
8778 6094
9679 6094
10727 6094
2 6094
8505 6095
9913 6095
8773 6095
11036 6095
10213 6095
11197 6095
8541 6095
11594 6095
8582 6095
2 6095
10982 6096
10755 6096
11820 6096
8290 6096
9488 6096
2 6096
9793 6097
11916 6097
11529 6097
11251 6097
11380 6097
2 6097
10977 6098
8044 6098
11226 6098
10102 6098
8159 6098
11518 6098
9263 6098
8449 6098
9817 6098
10257 6098
10613 6098
2 6098
11658 6099
10728 6099
11004 6099
11620 6099
2 6099
9968 6100
10734 6100
10613 6100
8534 6100
9645 6100
10015 6100
8063 6100
11661 6100
2 6100
9912 6101
11803 6101
9694 6101
8735 6101
2 6101
10894 6102
10231 6102
10098 6102
11222 6102
8360 6102
2 6102
10234 6103
9412 6103
10444 6103
10369 6103
2 6103
8985 6104
10431 6104
8088 6104
9967 6104
9668 6104
2 6104
8946 6105
9956 6105
10008 6105
11171 6105
11598 6105
2 6105
10373 6106
11407 6106
11164 6106
8543 6106
10563 6106
9014 6106
9756 6106
8928 6106
2 6106
8922 6107
9222 6107
11729 6107
9000 6107
11981 6107
2 6107
9715 6108
8625 6108
11103 6108
8717 6108
11998 6108
10751 6108
8508 6108
8716 6108
2 6108
8480 6109
9246 6109
8616 6109
10646 6109
9762 6109
9151 6109
11557 6109
2 6109
9294 6110
10625 6110
9585 6110
8298 6110
11804 6110
10547 6110
10461 6110
9587 6110
2 6110
11260 6111
10738 6111
10698 6111
10322 6111
8320 6111
10110 6111
9288 6111
9089 6111
9065 6111
11618 6111
2 6111
9580 6112
11999 6112
8126 6112
9828 6112
9519 6112
2 6112
8770 6113
10394 6113
11353 6113
11092 6113
9810 6113
2 6113
11481 6114
10035 6114
11179 6114
10925 6114
9842 6114
11038 6114
11353 6114
8434 6114
10790 6114
2 6114
9036 6115
11088 6115
9197 6115
11804 6115
11421 6115
2 6115
9668 6116
9832 6116
10282 6116
10862 6116
10754 6116
10542 6116
10323 6116
10214 6116
11692 6116
11611 6116
9875 6116
2 6116
11910 6117
9762 6117
10507 6117
8977 6117
11481 6117
11517 6117
11921 6117
8397 6117
2 6117
10348 6118
8919 6118
9884 6118
8871 6118
10407 6118
11820 6118
10015 6118
8958 6118
9572 6118
2 6118
10962 6119
10879 6119
8593 6119
10096 6119
11173 6119
2 6119
10931 6120
9241 6120
11471 6120
11446 6120
11510 6120
2 6120
10735 6121
8328 6121
11616 6121
8767 6121
8837 6121
9016 6121
2 6121
8741 6122
8332 6122
8832 6122
9725 6122
2 6122
8643 6123
11994 6123
8744 6123
10109 6123
8617 6123
11027 6123
8218 6123
9655 6123
11815 6123
11731 6123
10011 6123
2 6123
11091 6124
9248 6124
10870 6124
10455 6124
11117 6124
11650 6124
9551 6124
10587 6124
2 6124
9425 6125
8303 6125
11393 6125
11527 6125
11221 6125
10021 6125
2 6125
11325 6126
9985 6126
10324 6126
10939 6126
2 6126
9824 6127
8598 6127
8334 6127
11933 6127
10806 6127
8844 6127
9902 6127
11094 6127
11455 6127
11603 6127
2 6127
9838 6128
9815 6128
8551 6128
11953 6128
10597 6128
10867 6128
2 6128
11084 6129
8199 6129
9079 6129
8316 6129
8166 6129
10893 6129
11032 6129
11355 6129
9619 6129
2 6129
9763 6130
8884 6130
9090 6130
9688 6130
8631 6130
10466 6130
10804 6130
2 6130
8371 6131
9305 6131
11933 6131
11125 6131
10994 6131
11633 6131
9070 6131
2 6131
8640 6132
11846 6132
8595 6132
10887 6132
2 6132
8750 6133
11379 6133
11316 6133
8263 6133
9009 6133
2 6133
9939 6134
9510 6134
8265 6134
10431 6134
9597 6134
2 6134
8968 6135
11172 6135
11459 6135
10160 6135
8267 6135
11078 6135
11158 6135
8704 6135
2 6135
9411 6136
8641 6136
11099 6136
9054 6136
11499 6136
8631 6136
9029 6136
2 6136
8557 6137
10150 6137
10890 6137
11865 6137
8901 6137
11975 6137
10922 6137
11615 6137
10189 6137
9417 6137
11854 6137
2 6137
11169 6138
10822 6138
9898 6138
8156 6138
8236 6138
2 6138
9082 6139
9080 6139
11661 6139
11395 6139
9166 6139
9161 6139
8937 6139
10125 6139
8212 6139
11822 6139
2 6139
11512 6140
8749 6140
11427 6140
8060 6140
2 6140
9597 6141
8559 6141
8250 6141
10282 6141
10728 6141
2 6141
10486 6142
11977 6142
11647 6142
11994 6142
11032 6142
8138 6142
10770 6142
2 6142
10073 6143
9334 6143
11174 6143
11282 6143
11300 6143
10798 6143
9748 6143
9241 6143
10516 6143
10946 6143
2 6143
11837 6144
9261 6144
10978 6144
8572 6144
11453 6144
11652 6144
11481 6144
8161 6144
8315 6144
9635 6144
8015 6144
2 6144
9864 6145
11843 6145
10471 6145
11292 6145
11109 6145
11979 6145
11232 6145
9326 6145
2 6145
11064 6146
11214 6146
11251 6146
9183 6146
10877 6146
10023 6146
9005 6146
2 6146
10381 6147
9931 6147
8703 6147
9170 6147
10257 6147
10488 6147
11947 6147
9503 6147
2 6147
10845 6148
10950 6148
8732 6148
9301 6148
10255 6148
11884 6148
8453 6148
11530 6148
2 6148
11651 6149
10957 6149
9769 6149
11486 6149
2 6149
11536 6150
9834 6150
8749 6150
9320 6150
11455 6150
10033 6150
11743 6150
8738 6150
11267 6150
10274 6150
10197 6150
2 6150
10430 6151
11490 6151
8388 6151
8728 6151
10040 6151
8615 6151
10508 6151
8931 6151
8845 6151
2 6151
11156 6152
10652 6152
8618 6152
8918 6152
8246 6152
2 6152
11943 6153
11073 6153
10276 6153
11107 6153
10683 6153
2 6153
10842 6154
11811 6154
10944 6154
8978 6154
2 6154
8477 6155
8889 6155
8187 6155
8891 6155
11717 6155
10864 6155
9646 6155
8999 6155
11234 6155
2 6155
9941 6156
10505 6156
8758 6156
9474 6156
2 6156
10831 6157
11656 6157
8582 6157
8906 6157
10496 6157
8520 6157
9618 6157
2 6157
11307 6158
8202 6158
11597 6158
10649 6158
9072 6158
10116 6158
9083 6158
11986 6158
11936 6158
8504 6158
2 6158
10787 6159
9859 6159
10624 6159
11162 6159
8077 6159
9563 6159
8352 6159
9075 6159
2 6159
9541 6160
10290 6160
11233 6160
9239 6160
11262 6160
2 6160
11301 6161
10918 6161
8807 6161
8631 6161
10383 6161
0 6161
2 6161
10755 6162
10676 6162
9082 6162
9092 6162
2 6162
10492 6163
9259 6163
10482 6163
10756 6163
2 6163
11798 6164
10277 6164
9695 6164
8764 6164
10864 6164
9188 6164
8304 6164
2 6164
11277 6165
11380 6165
8080 6165
8778 6165
11203 6165
10767 6165
8132 6165
2 6165
11313 6166
9815 6166
8599 6166
11067 6166
9499 6166
2 6166
11136 6167
11477 6167
8750 6167
9678 6167
11897 6167
10011 6167
8205 6167
10518 6167
2 6167
11621 6168
11299 6168
10400 6168
10839 6168
8288 6168
10491 6168
10075 6168
10104 6168
10744 6168
2 6168
11384 6169
11719 6169
11817 6169
8137 6169
8805 6169
2 6169
9810 6170
11837 6170
10308 6170
8701 6170
10426 6170
10963 6170
11058 6170
2 6170
8497 6171
9300 6171
8870 6171
9334 6171
9486 6171
10743 6171
11376 6171
8159 6171
10797 6171
9566 6171
2 6171
9745 6172
11390 6172
8955 6172
11753 6172
8527 6172
8552 6172
2 6172
10677 6173
9185 6173
8659 6173
8634 6173
11686 6173
8122 6173
11459 6173
2 6173
9478 6174
9837 6174
8704 6174
9322 6174
11763 6174
11275 6174
2 6174
10263 6175
8830 6175
9478 6175
10643 6175
10197 6175
11715 6175
11465 6175
11383 6175
8862 6175
8008 6175
2 6175
11422 6176
10127 6176
11161 6176
9547 6176
9993 6176
10156 6176
11170 6176
2 6176
10162 6177
11858 6177
11021 6177
11274 6177
10610 6177
2 6177
8197 6178
10789 6178
9870 6178
9283 6178
11282 6178
2 6178
9868 6179
10075 6179
8988 6179
10709 6179
11236 6179
11860 6179
8840 6179
8948 6179
2 6179
8773 6180
10619 6180
8036 6180
9199 6180
9470 6180
2 6180
10945 6181
8731 6181
10281 6181
8158 6181
11501 6181
10953 6181
10287 6181
11008 6181
10936 6181
2 6181
10647 6182
9985 6182
11188 6182
10860 6182
8733 6182
11451 6182
2 6182
10827 6183
11948 6183
9963 6183
8995 6183
10553 6183
8627 6183
9141 6183
11134 6183
10302 6183
11233 6183
8297 6183
2 6183
10076 6184
11167 6184
11670 6184
10320 6184
9562 6184
9826 6184
8188 6184
11661 6184
11310 6184
10810 6184
8364 6184
2 6184
10931 6185
11593 6185
9817 6185
8844 6185
8292 6185
2 6185
9056 6186
10289 6186
11392 6186
9504 6186
2 6186
11274 6187
10218 6187
10315 6187
9656 6187
8167 6187
2 6187
8122 6188
10078 6188
8292 6188
11153 6188
10903 6188
8519 6188
8538 6188
8027 6188
8429 6188
11612 6188
9251 6188
2 6188
11856 6189
8499 6189
10931 6189
11484 6189
10375 6189
9910 6189
2 6189
10663 6190
11342 6190
10023 6190
11100 6190
11445 6190
10355 6190
9693 6190
8445 6190
9896 6190
2 6190
10995 6191
11668 6191
8986 6191
10945 6191
11530 6191
9950 6191
9340 6191
11803 6191
9054 6191
11777 6191
8029 6191
2 6191
11022 6192
10216 6192
9221 6192
8480 6192
2 6192
8911 6193
9032 6193
8062 6193
9480 6193
8349 6193
10224 6193
8494 6193
11549 6193
9434 6193
11409 6193
10041 6193
2 6193
10061 6194
11637 6194
8771 6194
11319 6194
9095 6194
11043 6194
11077 6194
9476 6194
10294 6194
8370 6194
9339 6194
2 6194
10934 6195
9069 6195
9385 6195
10813 6195
9478 6195
11493 6195
9515 6195
10755 6195
2 6195
9408 6196
9849 6196
11732 6196
11803 6196
8558 6196
10119 6196
8029 6196
11909 6196
2 6196
9922 6197
11030 6197
11732 6197
9416 6197
8193 6197
11450 6197
0 6197
11008 6197
9740 6197
9468 6197
9209 6197
2 6197
9946 6198
11940 6198
9053 6198
10067 6198
9179 6198
8225 6198
8996 6198
9561 6198
9635 6198
11481 6198
2 6198
8418 6199
11395 6199
9857 6199
8197 6199
8626 6199
11409 6199
8371 6199
8428 6199
11862 6199
8763 6199
9743 6199
2 6199
10071 6200
9172 6200
8846 6200
8176 6200
9808 6200
2 6200
9779 6201
10943 6201
8693 6201
11466 6201
11626 6201
8192 6201
8100 6201
2 6201
11199 6202
8416 6202
9471 6202
10984 6202
8760 6202
10463 6202
8466 6202
8358 6202
2 6202
9349 6203
10758 6203
10912 6203
11644 6203
2 6203
8946 6204
10385 6204
10624 6204
9024 6204
11124 6204
11011 6204
11454 6204
11405 6204
2 6204
9054 6205
9650 6205
10229 6205
11280 6205
9058 6205
9671 6205
9400 6205
2 6205
11176 6206
11543 6206
11218 6206
10811 6206
11320 6206
11620 6206
10876 6206
8954 6206
2 6206
10253 6207
8309 6207
10359 6207
8100 6207
11569 6207
9207 6207
9313 6207
11737 6207
10878 6207
8071 6207
11844 6207
2 6207
8983 6208
8829 6208
11077 6208
8175 6208
9513 6208
10322 6208
10831 6208
8117 6208
8419 6208
8332 6208
2 6208
8035 6209
8853 6209
8718 6209
11449 6209
11191 6209
8343 6209
8136 6209
9739 6209
2 6209
8052 6210
11190 6210
10382 6210
11703 6210
10524 6210
9475 6210
8973 6210
10267 6210
2 6210
11078 6211
10685 6211
8255 6211
9853 6211
8727 6211
11607 6211
9752 6211
9480 6211
11886 6211
2 6211
8972 6212
8613 6212
10856 6212
8867 6212
11158 6212
8030 6212
2 6212
11044 6213
11335 6213
10782 6213
9174 6213
9702 6213
10684 6213
9941 6213
11255 6213
11746 6213
2 6213
11751 6214
10774 6214
10121 6214
11863 6214
10110 6214
10530 6214
10844 6214
9882 6214
2 6214
8846 6215
10405 6215
9918 6215
10015 6215
9677 6215
9251 6215
11612 6215
8122 6215
10217 6215
2 6215
11846 6216
9435 6216
8818 6216
9742 6216
10926 6216
11696 6216
8956 6216
8341 6216
11693 6216
2 6216
8280 6217
8878 6217
8464 6217
11010 6217
11431 6217
11692 6217
2 6217
10038 6218
9752 6218
10022 6218
11750 6218
9431 6218
11249 6218
9917 6218
10929 6218
10257 6218
9530 6218
2 6218
11181 6219
9547 6219
11849 6219
8291 6219
10710 6219
9558 6219
11230 6219
11534 6219
9540 6219
2 6219
9644 6220
8828 6220
8126 6220
8053 6220
10791 6220
10116 6220
11019 6220
8132 6220
8070 6220
9234 6220
10667 6220
2 6220
10254 6221
9309 6221
8737 6221
11370 6221
8754 6221
8466 6221
9524 6221
2 6221
11610 6222
11597 6222
8543 6222
10561 6222
9636 6222
11893 6222
2 6222
11691 6223
8041 6223
11289 6223
10798 6223
11128 6223
10089 6223
10470 6223
2 6223
8629 6224
11291 6224
10250 6224
9355 6224
9732 6224
10092 6224
11337 6224
9145 6224
11044 6224
2 6224
8606 6225
11342 6225
10193 6225
11088 6225
8927 6225
8888 6225
2 6225
8086 6226
9726 6226
10096 6226
9009 6226
10556 6226
9732 6226
8536 6226
11611 6226
2 6226
9628 6227
9452 6227
11393 6227
10104 6227
11576 6227
11757 6227
8402 6227
11535 6227
10601 6227
10738 6227
2 6227
8160 6228
10439 6228
9493 6228
11183 6228
8603 6228
8650 6228
11014 6228
11888 6228
2 6228
10390 6229
8467 6229
9834 6229
9550 6229
8870 6229
11784 6229
9153 6229
2 6229
10821 6230
8116 6230
8302 6230
8314 6230
9135 6230
2 6230
9890 6231
8816 6231
11283 6231
8954 6231
10423 6231
9111 6231
2 6231
9985 6232
8330 6232
9969 6232
9738 6232
9576 6232
8537 6232
11528 6232
2 6232
8317 6233
10521 6233
11022 6233
10772 6233
10507 6233
9018 6233
10468 6233
10164 6233
11371 6233
10286 6233
2 6233
9076 6234
9143 6234
8506 6234
8351 6234
2 6234
8098 6235
11203 6235
8673 6235
11050 6235
11382 6235
8328 6235
2 6235
8469 6236
11970 6236
10510 6236
11927 6236
9350 6236
11584 6236
2 6236
11004 6237
10011 6237
11460 6237
8985 6237
11945 6237
9148 6237
8032 6237
8208 6237
2 6237
8279 6238
9996 6238
10804 6238
10961 6238
9986 6238
9416 6238
9022 6238
8441 6238
0 6238
2 6238
9116 6239
11570 6239
8429 6239
9562 6239
8997 6239
11876 6239
8261 6239
11297 6239
2 6239
11131 6240
11055 6240
11459 6240
10362 6240
9956 6240
11376 6240
10159 6240
11549 6240
2 6240
8441 6241
9763 6241
9029 6241
11786 6241
8719 6241
2 6241
10692 6242
9098 6242
9484 6242
11748 6242
8032 6242
8388 6242
11268 6242
8120 6242
8380 6242
8286 6242
0 6242
2 6242
11344 6243
8758 6243
9759 6243
8566 6243
10914 6243
9597 6243
8845 6243
11795 6243
11897 6243
9830 6243
2 6243
8443 6244
8891 6244
8021 6244
9334 6244
11212 6244
2 6244
10863 6245
10282 6245
8208 6245
9388 6245
8535 6245
9845 6245
10720 6245
9719 6245
2 6245
8325 6246
9842 6246
8251 6246
11682 6246
9652 6246
9711 6246
11022 6246
9876 6246
11888 6246
11054 6246
8670 6246
2 6246
10131 6247
9603 6247
8100 6247
10902 6247
10668 6247
2 6247
8696 6248
11332 6248
10069 6248
10790 6248
8854 6248
9410 6248
11373 6248
11992 6248
9497 6248
10749 6248
2 6248
9605 6249
9008 6249
10368 6249
8601 6249
2 6249
11101 6250
10306 6250
9445 6250
8808 6250
8160 6250
8005 6250
11287 6250
10506 6250
10971 6250
2 6250
8878 6251
9830 6251
11954 6251
9573 6251
11752 6251
11503 6251
9125 6251
9527 6251
8765 6251
9132 6251
2 6251
11505 6252
9063 6252
10733 6252
8206 6252
2 6252
10364 6253
9142 6253
10310 6253
11858 6253
9933 6253
2 6253
9208 6254
10848 6254
9615 6254
10629 6254
8481 6254
11794 6254
2 6254
11480 6255
11980 6255
9890 6255
9719 6255
9771 6255
2 6255
10549 6256
10296 6256
9518 6256
11673 6256
10621 6256
11061 6256
9341 6256
8161 6256
11766 6256
2 6256
10711 6257
11791 6257
10157 6257
11068 6257
10228 6257
8069 6257
2 6257
9317 6258
9952 6258
10139 6258
8092 6258
8159 6258
11005 6258
10794 6258
11463 6258
11851 6258
10171 6258
11651 6258
2 6258
9077 6259
11969 6259
8461 6259
8458 6259
8662 6259
9783 6259
2 6259
10685 6260
9045 6260
8304 6260
10071 6260
8953 6260
2 6260
11983 6261
10302 6261
9390 6261
9079 6261
8464 6261
2 6261
8134 6262
11235 6262
8450 6262
10740 6262
10083 6262
8819 6262
8678 6262
2 6262
10000 6263
9992 6263
9052 6263
8855 6263
9179 6263
2 6263
11068 6264
9249 6264
10560 6264
10311 6264
9859 6264
11035 6264
9921 6264
11323 6264
8177 6264
11564 6264
11219 6264
2 6264
8260 6265
11071 6265
11443 6265
10591 6265
8520 6265
10352 6265
10778 6265
2 6265
10430 6266
9415 6266
8455 6266
8795 6266
11528 6266
9420 6266
10295 6266
9973 6266
2 6266
11356 6267
9012 6267
11309 6267
9331 6267
9072 6267
11271 6267
11588 6267
10420 6267
2 6267
9170 6268
11802 6268
9105 6268
8961 6268
10041 6268
10934 6268
8290 6268
8763 6268
8592 6268
10843 6268
9752 6268
2 6268
9776 6269
8030 6269
9359 6269
9244 6269
10380 6269
11707 6269
10664 6269
9715 6269
11790 6269
2 6269
11324 6270
8558 6270
9267 6270
8453 6270
11302 6270
2 6270
11123 6271
8876 6271
11386 6271
10725 6271
2 6271
11897 6272
10258 6272
9658 6272
11426 6272
2 6272
11062 6273
8080 6273
10249 6273
8505 6273
11393 6273
2 6273
10271 6274
9322 6274
11873 6274
10151 6274
9200 6274
11719 6274
11484 6274
11580 6274
10032 6274
11338 6274
8601 6274
2 6274
10210 6275
9655 6275
10713 6275
11254 6275
2 6275
10061 6276
10025 6276
10836 6276
9821 6276
8932 6276
11432 6276
11773 6276
10057 6276
2 6276
9645 6277
9385 6277
10982 6277
9194 6277
11011 6277
2 6277
9709 6278
9804 6278
9951 6278
9224 6278
8329 6278
11870 6278
11174 6278
9627 6278
10759 6278
2 6278
11005 6279
9216 6279
8062 6279
8035 6279
11025 6279
10368 6279
9677 6279
9224 6279
11141 6279
2 6279
9299 6280
8802 6280
10276 6280
9038 6280
0 6280
11479 6280
10072 6280
2 6280
10984 6281
11942 6281
11858 6281
11946 6281
10325 6281
9036 6281
9467 6281
10738 6281
9366 6281
2 6281
11722 6282
9143 6282
11274 6282
8411 6282
9718 6282
8506 6282
8813 6282
10121 6282
8270 6282
2 6282
9159 6283
8474 6283
10851 6283
10185 6283
9396 6283
11989 6283
9520 6283
8577 6283
2 6283
11529 6284
10986 6284
8402 6284
11246 6284
8779 6284
9285 6284
11542 6284
2 6284
10639 6285
9976 6285
8238 6285
10100 6285
10168 6285
2 6285
11526 6286
9348 6286
8346 6286
10804 6286
2 6286
9564 6287
11236 6287
8820 6287
11217 6287
11535 6287
8098 6287
10026 6287
2 6287
8959 6288
8054 6288
9837 6288
8879 6288
8833 6288
9020 6288
11359 6288
8660 6288
9349 6288
8814 6288
10859 6288
2 6288
8680 6289
10413 6289
10114 6289
11850 6289
11374 6289
9726 6289
2 6289
9554 6290
11387 6290
10653 6290
10213 6290
8157 6290
2 6290
8436 6291
10804 6291
9468 6291
9112 6291
8679 6291
10119 6291
11073 6291
8404 6291
10276 6291
2 6291
11361 6292
10570 6292
11254 6292
9132 6292
8493 6292
8353 6292
8893 6292
8245 6292
8533 6292
8875 6292
10215 6292
2 6292
11672 6293
8591 6293
9742 6293
11686 6293
8394 6293
9164 6293
11333 6293
11454 6293
11182 6293
8595 6293
10314 6293
2 6293
10460 6294
8850 6294
8458 6294
11407 6294
10897 6294
8473 6294
8644 6294
2 6294
11372 6295
10177 6295
11928 6295
9397 6295
9150 6295
8363 6295
9745 6295
8007 6295
8829 6295
10397 6295
9119 6295
2 6295
9196 6296
9309 6296
9402 6296
10332 6296
11336 6296
10689 6296
2 6296
11988 6297
10728 6297
8313 6297
10430 6297
2 6297
8720 6298
10603 6298
10778 6298
8214 6298
9381 6298
10060 6298
9679 6298
8775 6298
11286 6298
2 6298
8167 6299
8306 6299
10465 6299
10791 6299
9940 6299
2 6299
8416 6300
11765 6300
10043 6300
9470 6300
10162 6300
10261 6300
8570 6300
10023 6300
9825 6300
11246 6300
9056 6300
2 6300
8225 6301
9261 6301
11940 6301
11766 6301
9211 6301
8913 6301
9157 6301
9050 6301
2 6301
9662 6302
8170 6302
11745 6302
11675 6302
9980 6302
9903 6302
9679 6302
11151 6302
9120 6302
2 6302
11323 6303
9062 6303
9529 6303
10968 6303
8210 6303
11758 6303
11580 6303
11520 6303
2 6303
10019 6304
11800 6304
9101 6304
8341 6304
8738 6304
8497 6304
10528 6304
11657 6304
11842 6304
2 6304
9794 6305
11271 6305
8810 6305
11272 6305
9367 6305
9915 6305
8529 6305
10187 6305
2 6305
8728 6306
8577 6306
11426 6306
10082 6306
10692 6306
8245 6306
11971 6306
8024 6306
9256 6306
2 6306
8383 6307
10597 6307
8874 6307
8591 6307
10242 6307
10798 6307
2 6307
10776 6308
10952 6308
10291 6308
9874 6308
10423 6308
9148 6308
2 6308
11134 6309
11419 6309
11184 6309
8868 6309
10556 6309
11795 6309
11428 6309
11985 6309
10947 6309
2 6309
9224 6310
11127 6310
8805 6310
9798 6310
11998 6310
9525 6310
11025 6310
2 6310
11716 6311
10109 6311
9373 6311
11513 6311
8648 6311
10583 6311
11283 6311
2 6311
10647 6312
10185 6312
10713 6312
10553 6312
9414 6312
11379 6312
11193 6312
9528 6312
9702 6312
8517 6312
2 6312
9374 6313
8314 6313
9526 6313
9514 6313
9238 6313
9246 6313
8668 6313
9128 6313
9706 6313
9908 6313
10269 6313
2 6313
10122 6314
11692 6314
8872 6314
8576 6314
8648 6314
2 6314
10635 6315
8984 6315
8630 6315
10735 6315
10671 6315
9331 6315
9725 6315
10412 6315
8527 6315
2 6315
10661 6316
8982 6316
10868 6316
10255 6316
8275 6316
10221 6316
8038 6316
2 6316
9577 6317
8540 6317
10465 6317
10850 6317
10382 6317
8124 6317
8309 6317
10461 6317
8970 6317
2 6317
10398 6318
8569 6318
9747 6318
8160 6318
9298 6318
11941 6318
10928 6318
2 6318
11432 6319
9825 6319
11108 6319
9444 6319
10138 6319
9868 6319
10428 6319
10765 6319
8683 6319
9450 6319
10272 6319
2 6319
10417 6320
11853 6320
9216 6320
9457 6320
10375 6320
11612 6320
10071 6320
8186 6320
9563 6320
10010 6320
2 6320
10485 6321
11183 6321
11452 6321
10305 6321
11902 6321
2 6321
8980 6322
9737 6322
10658 6322
8631 6322
11785 6322
10072 6322
10953 6322
2 6322
8895 6323
11270 6323
11116 6323
10176 6323
8423 6323
8074 6323
9977 6323
2 6323
11830 6324
8222 6324
9581 6324
11948 6324
10493 6324
8115 6324
8535 6324
11623 6324
9879 6324
2 6324
8383 6325
9194 6325
8759 6325
9521 6325
2 6325
11128 6326
11820 6326
10375 6326
10212 6326
10994 6326
11238 6326
11953 6326
11031 6326
10666 6326
9824 6326
8487 6326
2 6326
9215 6327
9211 6327
8798 6327
11605 6327
8669 6327
11629 6327
11097 6327
8362 6327
11020 6327
8903 6327
9506 6327
2 6327
11187 6328
11963 6328
9766 6328
9074 6328
9626 6328
11809 6328
10738 6328
10541 6328
11108 6328
2 6328
9836 6329
11124 6329
11952 6329
11555 6329
11312 6329
2 6329
11604 6330
10334 6330
10080 6330
8316 6330
9719 6330
8643 6330
8297 6330
9338 6330
10705 6330
2 6330
8372 6331
8180 6331
9544 6331
8875 6331
10109 6331
2 6331
10877 6332
11221 6332
10706 6332
10949 6332
2 6332
11509 6333
8661 6333
9577 6333
9206 6333
10814 6333
10667 6333
2 6333
11199 6334
9868 6334
10403 6334
9039 6334
8637 6334
8567 6334
11246 6334
11567 6334
2 6334
11709 6335
9041 6335
10811 6335
11263 6335
9502 6335
2 6335
10523 6336
9937 6336
9039 6336
10885 6336
2 6336
9034 6337
11785 6337
11034 6337
9269 6337
2 6337
10425 6338
11457 6338
11810 6338
8904 6338
11191 6338
2 6338
9194 6339
10297 6339
11613 6339
11141 6339
11276 6339
8591 6339
10871 6339
8261 6339
10073 6339
11596 6339
2 6339
8360 6340
10539 6340
8911 6340
10676 6340
10160 6340
11508 6340
9921 6340
8121 6340
2 6340
9770 6341
9657 6341
11552 6341
10097 6341
2 6341
8466 6342
9108 6342
10745 6342
8202 6342
11079 6342
10187 6342
2 6342
11100 6343
9163 6343
8606 6343
10696 6343
8351 6343
8414 6343
10332 6343
11742 6343
10966 6343
9867 6343
2 6343
9698 6344
9421 6344
10811 6344
10556 6344
11434 6344
10487 6344
11638 6344
10586 6344
8490 6344
11973 6344
11762 6344
2 6344
10064 6345
10433 6345
10544 6345
9719 6345
8858 6345
8533 6345
11325 6345
10093 6345
11469 6345
11591 6345
2 6345
10423 6346
8425 6346
10194 6346
11015 6346
9889 6346
10815 6346
10048 6346
8435 6346
2 6346
11825 6347
11402 6347
11015 6347
11883 6347
10037 6347
2 6347
9128 6348
9765 6348
8695 6348
9560 6348
10740 6348
2 6348
11917 6349
10384 6349
9691 6349
9898 6349
8392 6349
2 6349
11335 6350
9250 6350
9522 6350
9871 6350
8059 6350
8245 6350
8978 6350
8451 6350
0 6350
2 6350
10969 6351
10216 6351
9418 6351
10262 6351
8777 6351
8153 6351
2 6351
8530 6352
11305 6352
11210 6352
9100 6352
9796 6352
8231 6352
10243 6352
8910 6352
11157 6352
11292 6352
10455 6352
2 6352
10565 6353
11686 6353
10036 6353
10155 6353
8794 6353
8321 6353
9674 6353
8354 6353
11644 6353
9129 6353
2 6353
9670 6354
8612 6354
8797 6354
10304 6354
9700 6354
9215 6354
10730 6354
9221 6354
11422 6354
8225 6354
2 6354
11580 6355
9121 6355
9359 6355
9235 6355
9188 6355
11788 6355
10390 6355
2 6355
8284 6356
11427 6356
9235 6356
11104 6356
9869 6356
8069 6356
9184 6356
9093 6356
8956 6356
2 6356
9325 6357
10697 6357
11126 6357
9326 6357
2 6357
9128 6358
8336 6358
8395 6358
10746 6358
11437 6358
9855 6358
10438 6358
11058 6358
10051 6358
2 6358
10792 6359
8436 6359
11099 6359
9731 6359
11799 6359
2 6359
10799 6360
11077 6360
8473 6360
8736 6360
11960 6360
8706 6360
11529 6360
2 6360
8792 6361
11082 6361
8353 6361
8577 6361
2 6361
11723 6362
10297 6362
11750 6362
10212 6362
8087 6362
10830 6362
10415 6362
11129 6362
2 6362
8168 6363
11249 6363
11103 6363
9203 6363
11876 6363
10691 6363
2 6363
10013 6364
10774 6364
9036 6364
8200 6364
8739 6364
10219 6364
8544 6364
11538 6364
11391 6364
2 6364
11534 6365
11002 6365
9700 6365
8701 6365
8909 6365
11147 6365
10158 6365
10746 6365
9944 6365
8638 6365
8392 6365
2 6365
8388 6366
10365 6366
8762 6366
9541 6366
9732 6366
11434 6366
9877 6366
8604 6366
10769 6366
11355 6366
9969 6366
2 6366
9499 6367
11900 6367
10155 6367
10843 6367
8939 6367
11644 6367
10167 6367
2 6367
10724 6368
11994 6368
9009 6368
9502 6368
8627 6368
11968 6368
10644 6368
2 6368
9892 6369
11196 6369
8802 6369
11248 6369
8276 6369
0 6369
2 6369
11597 6370
8562 6370
8287 6370
8822 6370
11109 6370
9760 6370
10130 6370
9926 6370
8093 6370
10524 6370
9564 6370
2 6370
8172 6371
10451 6371
10728 6371
11004 6371
9373 6371
11654 6371
10559 6371
8433 6371
2 6371
11899 6372
8023 6372
11563 6372
9781 6372
8371 6372
2 6372
10533 6373
9468 6373
9015 6373
9123 6373
8441 6373
8404 6373
2 6373
8324 6374
9315 6374
8115 6374
11291 6374
8111 6374
11828 6374
11344 6374
8566 6374
2 6374
11437 6375
8148 6375
10579 6375
11092 6375
8076 6375
2 6375
11663 6376
9733 6376
8553 6376
8782 6376
2 6376
10365 6377
10647 6377
11134 6377
11296 6377
11027 6377
2 6377
11634 6378
9889 6378
10766 6378
8514 6378
11415 6378
10080 6378
2 6378
9123 6379
9318 6379
9511 6379
10869 6379
9712 6379
8602 6379
2 6379
9282 6380
9374 6380
9253 6380
8091 6380
11364 6380
11632 6380
11515 6380
8960 6380
10479 6380
11181 6380
2 6380
9270 6381
11033 6381
9749 6381
8163 6381
8564 6381
8076 6381
8573 6381
9298 6381
2 6381
11742 6382
8055 6382
11495 6382
8056 6382
9860 6382
10440 6382
11205 6382
8838 6382
9756 6382
9725 6382
2 6382
10426 6383
8797 6383
8017 6383
10847 6383
8103 6383
11891 6383
11940 6383
2 6383
10451 6384
11816 6384
9708 6384
10776 6384
10334 6384
11528 6384
8456 6384
11306 6384
9588 6384
2 6384
11547 6385
10996 6385
8200 6385
9779 6385
2 6385
9909 6386
9143 6386
10220 6386
10993 6386
10986 6386
8202 6386
10293 6386
10940 6386
11616 6386
9099 6386
2 6386
8456 6387
8386 6387
10206 6387
11779 6387
9862 6387
9874 6387
10598 6387
11428 6387
2 6387
10504 6388
11592 6388
8585 6388
9794 6388
9760 6388
8260 6388
8544 6388
8981 6388
10207 6388
8093 6388
2 6388
10444 6389
8700 6389
8153 6389
9290 6389
8409 6389
10331 6389
9526 6389
2 6389
10181 6390
11683 6390
9502 6390
8627 6390
8369 6390
11159 6390
8034 6390
8433 6390
2 6390
9878 6391
8112 6391
10809 6391
9317 6391
2 6391
8113 6392
11986 6392
9198 6392
8804 6392
2 6392
8206 6393
9005 6393
9751 6393
10205 6393
2 6393
10160 6394
10946 6394
11873 6394
11400 6394
2 6394
11062 6395
9197 6395
9825 6395
11656 6395
9255 6395
10850 6395
11848 6395
2 6395
9010 6396
10765 6396
9197 6396
9938 6396
10389 6396
11852 6396
8496 6396
8810 6396
9074 6396
2 6396
9752 6397
11510 6397
9948 6397
10151 6397
8688 6397
11455 6397
2 6397
8755 6398
10030 6398
8102 6398
9380 6398
8736 6398
8800 6398
11877 6398
10315 6398
2 6398
8967 6399
8009 6399
9574 6399
11975 6399
9833 6399
8161 6399
8815 6399
11726 6399
10500 6399
8745 6399
2 6399
10486 6400
11600 6400
10705 6400
11767 6400
8205 6400
11731 6400
9133 6400
9181 6400
8856 6400
10910 6400
10109 6400
2 6400
8916 6401
11432 6401
9900 6401
8896 6401
9467 6401
2 6401
10900 6402
9840 6402
9479 6402
11376 6402
8294 6402
8060 6402
2 6402
10606 6403
11001 6403
8911 6403
10759 6403
8307 6403
8341 6403
2 6403
8806 6404
10782 6404
9494 6404
10414 6404
11787 6404
10879 6404
9098 6404
2 6404
8669 6405
11058 6405
8232 6405
9795 6405
10786 6405
2 6405
11461 6406
10837 6406
11820 6406
9001 6406
10616 6406
10100 6406
8655 6406
11671 6406
8768 6406
9308 6406
2 6406
8075 6407
10117 6407
10831 6407
9662 6407
11438 6407
9426 6407
8322 6407
2 6407
9722 6408
9947 6408
8051 6408
8871 6408
9297 6408
11998 6408
2 6408
11673 6409
11179 6409
9649 6409
9930 6409
8397 6409
10922 6409
2 6409
8082 6410
9988 6410
11080 6410
11906 6410
11665 6410
9264 6410
10873 6410
2 6410
9279 6411
9101 6411
11899 6411
10167 6411
8717 6411
2 6411
9662 6412
11847 6412
10750 6412
10145 6412
9793 6412
8661 6412
8608 6412
9723 6412
9909 6412
9751 6412
2 6412
11790 6413
11702 6413
8152 6413
9175 6413
9739 6413
11579 6413
2 6413
9641 6414
9389 6414
11162 6414
9478 6414
8454 6414
10271 6414
8367 6414
8751 6414
9929 6414
2 6414
9605 6415
10789 6415
11859 6415
10404 6415
10867 6415
11761 6415
2 6415
10882 6416
11122 6416
9975 6416
9108 6416
8552 6416
8055 6416
9872 6416
10523 6416
8578 6416
11156 6416
2 6416
11976 6417
11915 6417
9651 6417
9047 6417
9663 6417
10568 6417
8438 6417
10397 6417
9074 6417
8085 6417
11831 6417
2 6417
11637 6418
10066 6418
8528 6418
8607 6418
9555 6418
11236 6418
8466 6418
11804 6418
9441 6418
11447 6418
10162 6418
2 6418
11854 6419
8509 6419
10209 6419
11425 6419
8161 6419
10426 6419
2 6419
8895 6420
9782 6420
11369 6420
10972 6420
8897 6420
10563 6420
11108 6420
10437 6420
9183 6420
2 6420
9760 6421
10285 6421
8513 6421
11216 6421
11655 6421
11274 6421
11757 6421
8755 6421
2 6421
11979 6422
8990 6422
10497 6422
10061 6422
8838 6422
10578 6422
11527 6422
2 6422
9933 6423
8672 6423
9949 6423
11075 6423
11089 6423
8852 6423
9143 6423
2 6423
10537 6424
8142 6424
8959 6424
9866 6424
11859 6424
8428 6424
8329 6424
9499 6424
9080 6424
9921 6424
11489 6424
2 6424
9470 6425
10671 6425
9656 6425
11545 6425
10207 6425
11286 6425
9766 6425
11098 6425
8711 6425
2 6425
11216 6426
11387 6426
11380 6426
9367 6426
10993 6426
10059 6426
10824 6426
8007 6426
8374 6426
2 6426
8260 6427
10663 6427
8050 6427
10980 6427
11216 6427
10028 6427
9208 6427
11072 6427
2 6427
11277 6428
10697 6428
8501 6428
8952 6428
2 6428
10486 6429
8323 6429
8651 6429
10005 6429
10754 6429
11973 6429
2 6429
10914 6430
11362 6430
9159 6430
10860 6430
9541 6430
9250 6430
9049 6430
9576 6430
2 6430
10704 6431
9316 6431
10541 6431
10241 6431
10238 6431
2 6431
11943 6432
11499 6432
11207 6432
11008 6432
8590 6432
11803 6432
8183 6432
8884 6432
8732 6432
2 6432
9363 6433
10333 6433
11137 6433
11151 6433
11066 6433
10986 6433
10429 6433
8774 6433
2 6433
11284 6434
8646 6434
9093 6434
10381 6434
10809 6434
11215 6434
11053 6434
11209 6434
10781 6434
9674 6434
2 6434
10007 6435
9490 6435
8844 6435
11459 6435
11282 6435
11580 6435
10656 6435
11195 6435
8186 6435
9534 6435
8048 6435
2 6435
10263 6436
9589 6436
10762 6436
10926 6436
11005 6436
10843 6436
11486 6436
10853 6436
2 6436
8005 6437
8013 6437
11584 6437
11014 6437
9993 6437
9445 6437
2 6437
8745 6438
10749 6438
9960 6438
9225 6438
10306 6438
8359 6438
2 6438
9216 6439
9244 6439
11521 6439
8753 6439
2 6439
11018 6440
11380 6440
9718 6440
10091 6440
9288 6440
8414 6440
8452 6440
8500 6440
11205 6440
2 6440
10737 6441
8653 6441
10715 6441
9717 6441
9197 6441
9273 6441
2 6441
11552 6442
9220 6442
9198 6442
10117 6442
10188 6442
11308 6442
8520 6442
9758 6442
2 6442
8089 6443
8960 6443
10790 6443
11517 6443
11705 6443
9057 6443
8699 6443
8967 6443
8573 6443
2 6443
11944 6444
10429 6444
9665 6444
11848 6444
9476 6444
8399 6444
10172 6444
9206 6444
8375 6444
9585 6444
8618 6444
2 6444
11501 6445
11943 6445
8884 6445
8802 6445
11659 6445
8558 6445
11777 6445
8982 6445
8295 6445
2 6445
9700 6446
9706 6446
9314 6446
10858 6446
2 6446
11879 6447
8100 6447
8736 6447
10714 6447
9683 6447
8149 6447
9402 6447
9083 6447
9532 6447
9146 6447
2 6447
11983 6448
10764 6448
8801 6448
8208 6448
2 6448
11555 6449
9462 6449
10520 6449
8237 6449
2 6449
11637 6450
11168 6450
10779 6450
9316 6450
11560 6450
9266 6450
8780 6450
10958 6450
9331 6450
11804 6450
2 6450
8828 6451
10014 6451
8426 6451
10322 6451
10416 6451
10023 6451
8102 6451
9725 6451
2 6451
9117 6452
9021 6452
10080 6452
11245 6452
11825 6452
9111 6452
2 6452
9256 6453
11490 6453
11974 6453
8464 6453
9315 6453
11355 6453
8384 6453
2 6453
8611 6454
8172 6454
10317 6454
9355 6454
11948 6454
9707 6454
11985 6454
8893 6454
2 6454
9671 6455
11803 6455
8295 6455
8735 6455
9986 6455
10961 6455
10115 6455
10854 6455
10281 6455
8217 6455
10936 6455
2 6455
10568 6456
9557 6456
8840 6456
11382 6456
9501 6456
2 6456
10758 6457
11074 6457
11201 6457
8168 6457
11485 6457
9116 6457
9235 6457
8972 6457
11041 6457
8826 6457
2 6457
11269 6458
11834 6458
11828 6458
9684 6458
10183 6458
8923 6458
2 6458
11829 6459
8663 6459
11868 6459
8846 6459
10711 6459
10038 6459
2 6459
9155 6460
11587 6460
10071 6460
11579 6460
10372 6460
2 6460
10417 6461
11455 6461
10743 6461
9324 6461
9156 6461
2 6461
8743 6462
10133 6462
8853 6462
9995 6462
11622 6462
8646 6462
8407 6462
0 6462
2 6462
10258 6463
8834 6463
9373 6463
11059 6463
9187 6463
11620 6463
11973 6463
8464 6463
11402 6463
2 6463
9430 6464
11554 6464
9390 6464
11193 6464
11352 6464
9594 6464
9546 6464
9969 6464
2 6464
10178 6465
11791 6465
9623 6465
8410 6465
11740 6465
11340 6465
9947 6465
2 6465
10867 6466
9237 6466
9469 6466
10488 6466
10979 6466
10459 6466
8321 6466
11784 6466
9434 6466
2 6466
10592 6467
10883 6467
10776 6467
9159 6467
10411 6467
10518 6467
11355 6467
10451 6467
2 6467
11717 6468
10672 6468
10244 6468
8515 6468
11800 6468
2 6468
9392 6469
9123 6469
0 6469
11207 6469
2 6469
9876 6470
9350 6470
11808 6470
9060 6470
9747 6470
9445 6470
8616 6470
2 6470
11600 6471
10827 6471
9874 6471
11503 6471
11194 6471
10669 6471
10815 6471
11352 6471
8408 6471
11262 6471
8914 6471
2 6471
9188 6472
10861 6472
11365 6472
9918 6472
10125 6472
9584 6472
11029 6472
9200 6472
8714 6472
9981 6472
11749 6472
2 6472
8714 6473
10723 6473
10098 6473
10245 6473
2 6473
11173 6474
11245 6474
8205 6474
8723 6474
10430 6474
11492 6474
9148 6474
10377 6474
10048 6474
2 6474
11054 6475
11063 6475
10262 6475
9784 6475
11605 6475
9721 6475
11652 6475
9670 6475
2 6475
8248 6476
8900 6476
9360 6476
11986 6476
11252 6476
11438 6476
8998 6476
10009 6476
10461 6476
9167 6476
10472 6476
2 6476
9650 6477
8631 6477
11880 6477
8982 6477
9800 6477
8802 6477
2 6477
10536 6478
8294 6478
9863 6478
10904 6478
2 6478
11275 6479
10125 6479
11798 6479
8151 6479
9850 6479
9312 6479
2 6479
9501 6480
10757 6480
10709 6480
8085 6480
2 6480
8390 6481
11953 6481
10160 6481
10977 6481
8348 6481
8196 6481
10664 6481
8848 6481
9456 6481
11646 6481
11900 6481
2 6481
8948 6482
8260 6482
11699 6482
9294 6482
10193 6482
8411 6482
2 6482
11521 6483
11707 6483
8109 6483
9739 6483
10166 6483
11829 6483
11886 6483
10512 6483
8112 6483
8147 6483
8051 6483
2 6483
10016 6484
10024 6484
9329 6484
11295 6484
9839 6484
11688 6484
10537 6484
9948 6484
10991 6484
10911 6484
10111 6484
2 6484
11237 6485
9344 6485
10043 6485
8100 6485
11072 6485
8439 6485
9245 6485
8132 6485
9005 6485
2 6485
8121 6486
11743 6486
10470 6486
10197 6486
8788 6486
11635 6486
9349 6486
8041 6486
10280 6486
8238 6486
2 6486
9547 6487
8785 6487
10906 6487
11208 6487
11872 6487
2 6487
10729 6488
10040 6488
9528 6488
10901 6488
11968 6488
9420 6488
9473 6488
8398 6488
11647 6488
10728 6488
2 6488
10374 6489
11117 6489
10550 6489
9120 6489
2 6489
10616 6490
11448 6490
8010 6490
8752 6490
10245 6490
11671 6490
11603 6490
11175 6490
11845 6490
9480 6490
2 6490
10439 6491
11087 6491
10549 6491
10623 6491
9635 6491
2 6491
8743 6492
9643 6492
8498 6492
9235 6492
9984 6492
9559 6492
11256 6492
10809 6492
8718 6492
2 6492
11149 6493
11872 6493
11925 6493
10623 6493
9097 6493
11632 6493
9700 6493
2 6493
11920 6494
9153 6494
8159 6494
10102 6494
9722 6494
8518 6494
2 6494
11740 6495
11448 6495
8958 6495
8936 6495
0 6495
2 6495
8726 6496
10891 6496
10640 6496
10608 6496
8263 6496
2 6496
11076 6497
9876 6497
8291 6497
8251 6497
2 6497
9711 6498
9417 6498
9721 6498
8908 6498
9792 6498
10760 6498
8819 6498
10002 6498
8777 6498
9960 6498
2 6498
8908 6499
9018 6499
9670 6499
9706 6499
9876 6499
2 6499
9937 6500
8481 6500
9147 6500
11789 6500
11718 6500
11969 6500
11502 6500
2 6500
11598 6501
10197 6501
10921 6501
11384 6501
11013 6501
9317 6501
11224 6501
10079 6501
10992 6501
2 6501
8072 6502
10855 6502
11442 6502
11593 6502
9312 6502
11067 6502
8958 6502
10160 6502
2 6502
8552 6503
9991 6503
9980 6503
8780 6503
2 6503
9658 6504
11692 6504
9133 6504
11060 6504
8316 6504
10891 6504
2 6504
10557 6505
9668 6505
11032 6505
9505 6505
8172 6505
2 6505
11158 6506
11442 6506
9548 6506
8946 6506
10630 6506
9384 6506
2 6506
9459 6507
11911 6507
8044 6507
10987 6507
11410 6507
11209 6507
2 6507
10215 6508
10096 6508
8726 6508
8111 6508
10054 6508
9668 6508
9553 6508
2 6508
9991 6509
8820 6509
8547 6509
10627 6509
10563 6509
2 6509
10253 6510
10094 6510
10068 6510
11272 6510
11098 6510
9796 6510
11639 6510
9147 6510
8064 6510
9618 6510
11699 6510
2 6510
9605 6511
11055 6511
9216 6511
10762 6511
8756 6511
9639 6511
2 6511
10323 6512
8181 6512
11591 6512
8856 6512
11558 6512
8762 6512
8744 6512
11415 6512
11355 6512
9621 6512
2 6512
8518 6513
10761 6513
11195 6513
8341 6513
11363 6513
8176 6513
8568 6513
2 6513
9160 6514
9051 6514
11106 6514
10284 6514
11916 6514
9402 6514
8724 6514
11237 6514
9987 6514
11858 6514
10374 6514
2 6514
11212 6515
8418 6515
11456 6515
11413 6515
11471 6515
9562 6515
9092 6515
11375 6515
11958 6515
9276 6515
2 6515
10253 6516
10550 6516
9272 6516
8025 6516
11640 6516
11121 6516
2 6516
9554 6517
8202 6517
10745 6517
11984 6517
11616 6517
10238 6517
11089 6517
2 6517
8146 6518
8864 6518
10044 6518
10175 6518
8687 6518
2 6518
9164 6519
9268 6519
11599 6519
9300 6519
11734 6519
10203 6519
11851 6519
2 6519
11652 6520
11181 6520
10535 6520
10857 6520
8554 6520
10269 6520
8225 6520
10951 6520
9993 6520
2 6520
9041 6521
8435 6521
9187 6521
9885 6521
11291 6521
10326 6521
2 6521
11832 6522
9245 6522
11918 6522
8025 6522
8623 6522
2 6522
11497 6523
8957 6523
10557 6523
9594 6523
11850 6523
2 6523
8198 6524
9373 6524
8125 6524
9871 6524
10669 6524
9596 6524
0 6524
2 6524
10760 6525
8603 6525
10873 6525
9855 6525
10308 6525
11902 6525
8699 6525
2 6525
9651 6526
8988 6526
10937 6526
10550 6526
9777 6526
9371 6526
2 6526
11219 6527
9984 6527
11707 6527
9559 6527
8620 6527
9768 6527
11376 6527
10577 6527
8135 6527
10998 6527
2 6527
10155 6528
8122 6528
10829 6528
9916 6528
10179 6528
10907 6528
9715 6528
10537 6528
9224 6528
10195 6528
9956 6528
2 6528
8262 6529
11677 6529
9490 6529
8364 6529
10149 6529
11489 6529
9664 6529
2 6529
10489 6530
10588 6530
8173 6530
8263 6530
2 6530
11253 6531
8699 6531
9221 6531
8333 6531
8082 6531
9374 6531
8977 6531
9762 6531
10963 6531
11170 6531
2 6531
9089 6532
11411 6532
11018 6532
10249 6532
9467 6532
2 6532
8250 6533
8285 6533
11744 6533
11720 6533
10647 6533
9229 6533
8762 6533
11828 6533
8178 6533
9132 6533
11344 6533
2 6533
8221 6534
8493 6534
9239 6534
11032 6534
10556 6534
11513 6534
10557 6534
2 6534
9498 6535
8894 6535
9580 6535
10980 6535
11956 6535
10738 6535
10462 6535
10131 6535
9975 6535
8970 6535
11108 6535
2 6535
11805 6536
10749 6536
11101 6536
11367 6536
9485 6536
9908 6536
2 6536
10596 6537
8678 6537
10150 6537
10164 6537
10304 6537
9026 6537
2 6537
9192 6538
8215 6538
8540 6538
11021 6538
9395 6538
9422 6538
11577 6538
8249 6538
10956 6538
2 6538
11872 6539
9943 6539
11178 6539
11373 6539
11975 6539
8162 6539
10147 6539
8960 6539
10286 6539
2 6539
10840 6540
8559 6540
8181 6540
9509 6540
11658 6540
9003 6540
10694 6540
11344 6540
2 6540
8856 6541
8765 6541
11291 6541
10058 6541
9579 6541
9985 6541
8715 6541
10492 6541
10948 6541
2 6541
11161 6542
8639 6542
8786 6542
10002 6542
11357 6542
10535 6542
2 6542
9154 6543
8532 6543
8099 6543
11239 6543
11841 6543
10347 6543
10798 6543
11037 6543
10794 6543
8176 6543
8196 6543
2 6543
9976 6544
9043 6544
11572 6544
10975 6544
8685 6544
10425 6544
10626 6544
9781 6544
9191 6544
11297 6544
10798 6544
2 6544
10353 6545
9854 6545
8801 6545
8806 6545
9569 6545
11114 6545
11084 6545
8257 6545
10312 6545
10776 6545
2 6545
8411 6546
11999 6546
8988 6546
9496 6546
9426 6546
10504 6546
9095 6546
10523 6546
11229 6546
8910 6546
2 6546
10544 6547
11716 6547
10764 6547
10802 6547
11539 6547
2 6547
9026 6548
10150 6548
9506 6548
8700 6548
11422 6548
9270 6548
11399 6548
10500 6548
2 6548
9100 6549
11327 6549
10249 6549
9451 6549
8789 6549
9761 6549
8666 6549
2 6549
10886 6550
10032 6550
10280 6550
11784 6550
10846 6550
10911 6550
8195 6550
9389 6550
2 6550
9999 6551
8486 6551
10993 6551
8206 6551
8804 6551
10571 6551
8530 6551
11424 6551
2 6551
11584 6552
9558 6552
10646 6552
9954 6552
9545 6552
2 6552
11668 6553
9301 6553
9054 6553
9892 6553
9848 6553
11196 6553
9096 6553
8385 6553
2 6553
8812 6554
8590 6554
10803 6554
11785 6554
8042 6554
2 6554
10483 6555
8432 6555
11175 6555
8428 6555
11282 6555
10859 6555
11707 6555
9156 6555
10155 6555
8753 6555
9423 6555
2 6555
9658 6556
9588 6556
11335 6556
11111 6556
8024 6556
9021 6556
10655 6556
11811 6556
9375 6556
11971 6556
2 6556
10188 6557
8247 6557
11476 6557
9601 6557
9825 6557
8840 6557
10322 6557
9255 6557
11075 6557
8351 6557
2 6557
10186 6558
8468 6558
11971 6558
8722 6558
11220 6558
8868 6558
8885 6558
8316 6558
8985 6558
8674 6558
2 6558
9953 6559
10498 6559
9391 6559
10774 6559
9065 6559
9208 6559
2 6559
9491 6560
10377 6560
9907 6560
10622 6560
8652 6560
11291 6560
2 6560
11903 6561
8937 6561
8515 6561
11086 6561
10409 6561
9035 6561
11067 6561
11384 6561
2 6561
8103 6562
9277 6562
11769 6562
11667 6562
11437 6562
11183 6562
8258 6562
9602 6562
8616 6562
11930 6562
2 6562
9627 6563
10367 6563
10957 6563
9622 6563
11514 6563
9959 6563
11001 6563
10299 6563
9563 6563
10347 6563
11129 6563
2 6563
9981 6564
8522 6564
10368 6564
8407 6564
11249 6564
8308 6564
9709 6564
11102 6564
2 6564
9419 6565
8199 6565
8226 6565
9832 6565
11490 6565
2 6565
10477 6566
8104 6566
8217 6566
9173 6566
8647 6566
2 6566
8719 6567
9218 6567
8274 6567
10683 6567
8735 6567
9912 6567
11034 6567
9775 6567
2 6567
9571 6568
9113 6568
11777 6568
9318 6568
11526 6568
11030 6568
9269 6568
8602 6568
2 6568
9125 6569
8881 6569
8256 6569
11434 6569
8369 6569
8463 6569
8271 6569
11988 6569
10048 6569
9483 6569
2 6569
9214 6570
10972 6570
8118 6570
9809 6570
9072 6570
2 6570
8206 6571
8052 6571
8240 6571
10706 6571
11631 6571
2 6571
10927 6572
11977 6572
9890 6572
9256 6572
10705 6572
10976 6572
8587 6572
11492 6572
10302 6572
2 6572
10082 6573
8627 6573
9124 6573
11815 6573
10054 6573
9355 6573
11060 6573
10802 6573
10096 6573
8338 6573
9531 6573
2 6573
11359 6574
9296 6574
11384 6574
9776 6574
11275 6574
10581 6574
2 6574
8324 6575
10317 6575
8323 6575
9678 6575
10612 6575
10494 6575
10258 6575
11362 6575
9125 6575
10583 6575
2 6575
9983 6576
11211 6576
8470 6576
10725 6576
2 6576
11635 6577
9153 6577
9305 6577
8381 6577
11734 6577
10314 6577
11013 6577
10702 6577
11758 6577
9590 6577
8848 6577
2 6577
11659 6578
8807 6578
9650 6578
9922 6578
9038 6578
10330 6578
9411 6578
2 6578
8998 6579
9756 6579
11919 6579
9072 6579
9615 6579
11468 6579
9754 6579
10788 6579
2 6579
10738 6580
8448 6580
11393 6580
11369 6580
2 6580
9542 6581
8256 6581
10181 6581
9124 6581
10318 6581
8627 6581
10430 6581
11733 6581
10482 6581
11044 6581
10511 6581
2 6581
11400 6582
8784 6582
8919 6582
8494 6582
9878 6582
2 6582
9470 6583
10984 6583
10574 6583
11006 6583
8720 6583
8194 6583
2 6583
8969 6584
11087 6584
11930 6584
9277 6584
10127 6584
10303 6584
9128 6584
11138 6584
9485 6584
8148 6584
2 6584
9219 6585
10405 6585
8299 6585
8176 6585
9865 6585
9172 6585
9093 6585
2 6585
10020 6586
10958 6586
9137 6586
11544 6586
10463 6586
11205 6586
10917 6586
2 6586
10920 6587
9739 6587
9714 6587
8549 6587
11385 6587
8833 6587
8551 6587
8511 6587
8874 6587
11175 6587
2 6587
8369 6588
10239 6588
11136 6588
9871 6588
2 6588
11943 6589
8657 6589
8802 6589
9986 6589
9408 6589
2 6589
11005 6590
11904 6590
8526 6590
9486 6590
8826 6590
2 6590
11684 6591
11183 6591
11047 6591
9018 6591
10971 6591
2 6591
10279 6592
9711 6592
8134 6592
8444 6592
11440 6592
8469 6592
9427 6592
10306 6592
8355 6592
2 6592
10976 6593
9256 6593
8273 6593
11934 6593
2 6593
10932 6594
9297 6594
8159 6594
11905 6594
8187 6594
8992 6594
11444 6594
11313 6594
11322 6594
8308 6594
2 6594
11332 6595
10772 6595
8302 6595
8480 6595
8148 6595
9264 6595
9253 6595
10001 6595
2 6595
9134 6596
8479 6596
10107 6596
8026 6596
9822 6596
8722 6596
10713 6596
2 6596
10104 6597
9644 6597
8827 6597
10370 6597
8791 6597
9796 6597
11348 6597
9031 6597
9718 6597
11294 6597
11984 6597
2 6597
9284 6598
8217 6598
10435 6598
8512 6598
10350 6598
9571 6598
2 6598
9236 6599
10991 6599
10923 6599
9685 6599
11465 6599
2 6599
9294 6600
8310 6600
9580 6600
10917 6600
2 6600
10528 6601
10277 6601
8959 6601
10690 6601
2 6601
11903 6602
9311 6602
11548 6602
11025 6602
11644 6602
10280 6602
11696 6602
11378 6602
2 6602
9991 6603
9766 6603
9243 6603
10695 6603
10283 6603
8399 6603
10917 6603
8101 6603
8356 6603
11303 6603
9306 6603
2 6603
8410 6604
9517 6604
11876 6604
11750 6604
9118 6604
2 6604
10460 6605
11626 6605
9926 6605
8068 6605
9966 6605
8045 6605
11908 6605
10117 6605
11277 6605
2 6605
8442 6606
10065 6606
10187 6606
8486 6606
8839 6606
10788 6606
11106 6606
2 6606
11320 6607
8762 6607
11084 6607
11352 6607
10826 6607
11561 6607
9830 6607
11032 6607
8758 6607
2 6607
11775 6608
9688 6608
8558 6608
10350 6608
9209 6608
9610 6608
9096 6608
10804 6608
9399 6608
10045 6608
8042 6608
2 6608
8731 6609
9123 6609
10807 6609
9468 6609
2 6609
9435 6610
10376 6610
11868 6610
9495 6610
11874 6610
11598 6610
10867 6610
8549 6610
10047 6610
11195 6610
2 6610
9219 6611
8262 6611
10155 6611
8044 6611
11228 6611
9088 6611
9566 6611
11454 6611
9191 6611
11537 6611
11603 6611
2 6611
8773 6612
8666 6612
9644 6612
11221 6612
9100 6612
10878 6612
11890 6612
8689 6612
10578 6612
2 6612
8823 6613
9927 6613
8481 6613
8707 6613
2 6613
10852 6614
11269 6614
9291 6614
8012 6614
10396 6614
10295 6614
10109 6614
10883 6614
9078 6614
2 6614
8910 6615
11538 6615
10695 6615
11274 6615
10059 6615
11946 6615
11552 6615
8528 6615
8416 6615
10410 6615
2 6615
9546 6616
8065 6616
11994 6616
9086 6616
11540 6616
8107 6616
10556 6616
2 6616
11278 6617
10989 6617
8737 6617
11618 6617
11458 6617
10687 6617
8771 6617
9007 6617
9262 6617
2 6617
10868 6618
9763 6618
8128 6618
9731 6618
11302 6618
9055 6618
9740 6618
10108 6618
11441 6618
8732 6618
2 6618
8379 6619
11294 6619
9167 6619
11126 6619
10120 6619
10908 6619
9262 6619
11887 6619
2 6619
10980 6620
10009 6620
9591 6620
9554 6620
10357 6620
8950 6620
11809 6620
11922 6620
8789 6620
10412 6620
8706 6620
2 6620
10467 6621
11037 6621
10855 6621
11376 6621
9976 6621
2 6621
11623 6622
8868 6622
10973 6622
8478 6622
11254 6622
9998 6622
9596 6622
10542 6622
8587 6622
2 6622
11913 6623
9300 6623
9995 6623
10650 6623
2 6623
8257 6624
8047 6624
11243 6624
11957 6624
10927 6624
11003 6624
8478 6624
2 6624
11923 6625
10631 6625
11397 6625
8024 6625
9907 6625
8615 6625
9302 6625
9066 6625
8380 6625
2 6625
9659 6626
9459 6626
11359 6626
11653 6626
11532 6626
10415 6626
2 6626
8147 6627
8595 6627
8502 6627
11802 6627
8331 6627
11859 6627
2 6627
10159 6628
8492 6628
11267 6628
8497 6628
8087 6628
9838 6628
8238 6628
9866 6628
9329 6628
2 6628
10533 6629
11678 6629
11354 6629
9468 6629
9038 6629
9811 6629
10287 6629
0 6629
8581 6629
2 6629
11716 6630
9874 6630
10480 6630
10684 6630
11997 6630
8125 6630
11420 6630
11415 6630
11828 6630
11428 6630
2 6630
8201 6631
8504 6631
10628 6631
11356 6631
11890 6631
9999 6631
8774 6631
9537 6631
2 6631
8243 6632
10324 6632
11326 6632
9017 6632
11894 6632
11095 6632
2 6632
8363 6633
8900 6633
10379 6633
11341 6633
9477 6633
8016 6633
8755 6633
11495 6633
11806 6633
8117 6633
2 6633
8845 6634
11360 6634
8316 6634
9678 6634
8451 6634
8344 6634
10976 6634
10828 6634
9854 6634
9621 6634
9141 6634
2 6634
11517 6635
10356 6635
11058 6635
8232 6635
8251 6635
10469 6635
10535 6635
9514 6635
11152 6635
2 6635
8158 6636
8441 6636
8812 6636
10466 6636
8667 6636
11501 6636
2 6636
8724 6637
10162 6637
9467 6637
9794 6637
10182 6637
9206 6637
8837 6637
2 6637
11289 6638
10642 6638
10222 6638
10062 6638
2 6638
11516 6639
11596 6639
9525 6639
10488 6639
11427 6639
11215 6639
11532 6639
11408 6639
10380 6639
9648 6639
10349 6639
2 6639
10220 6640
8711 6640
9363 6640
9397 6640
9689 6640
8471 6640
9343 6640
9793 6640
2 6640
9939 6641
8086 6641
9446 6641
9822 6641
8478 6641
11811 6641
11194 6641
9586 6641
2 6641
11955 6642
8089 6642
11941 6642
10269 6642
11437 6642
10525 6642
10444 6642
2 6642
10789 6643
11563 6643
11662 6643
10693 6643
2 6643
8764 6644
11964 6644
10137 6644
11776 6644
9292 6644
2 6644
9655 6645
9474 6645
11731 6645
9017 6645
10449 6645
8305 6645
8024 6645
2 6645
11465 6646
8953 6646
8502 6646
9499 6646
9131 6646
11365 6646
2 6646
11181 6647
9906 6647
8531 6647
9908 6647
9217 6647
8359 6647
8808 6647
2 6647
9333 6648
10341 6648
10075 6648
8779 6648
9577 6648
11403 6648
10091 6648
2 6648
10780 6649
8792 6649
8722 6649
10511 6649
11731 6649
8105 6649
8125 6649
8350 6649
10411 6649
2 6649
10997 6650
10619 6650
11879 6650
8018 6650
9186 6650
9821 6650
11483 6650
8417 6650
8033 6650
11388 6650
9475 6650
2 6650
11635 6651
11023 6651
10838 6651
11763 6651
2 6651
8852 6652
9347 6652
10571 6652
9821 6652
8403 6652
10735 6652
11621 6652
8458 6652
11690 6652
2 6652
8194 6653
9718 6653
9371 6653
11045 6653
11863 6653
11137 6653
11062 6653
9158 6653
9051 6653
8200 6653
2 6653
10774 6654
8778 6654
9306 6654
9868 6654
11931 6654
11863 6654
9513 6654
9735 6654
11700 6654
2 6654
10163 6655
8938 6655
8221 6655
8524 6655
9448 6655
9491 6655
10776 6655
11032 6655
2 6655
11597 6656
8737 6656
8925 6656
11887 6656
8126 6656
10820 6656
9886 6656
11166 6656
8760 6656
8775 6656
10052 6656
2 6656
11567 6657
11137 6657
9977 6657
10983 6657
8645 6657
10091 6657
9167 6657
8553 6657
2 6657
8583 6658
8914 6658
8280 6658
10247 6658
11325 6658
10962 6658
11451 6658
9573 6658
10518 6658
2 6658
8668 6659
8808 6659
11328 6659
9211 6659
9225 6659
10308 6659
11364 6659
2 6659
10903 6660
8814 6660
11810 6660
10856 6660
9070 6660
9503 6660
11212 6660
11023 6660
2 6660
9629 6661
11559 6661
9368 6661
8459 6661
9760 6661
8754 6661
8976 6661
8240 6661
8248 6661
10341 6661
10057 6661
2 6661
11059 6662
8872 6662
10732 6662
8465 6662
8115 6662
2 6662
10847 6663
10576 6663
10615 6663
9706 6663
2 6663
11541 6664
11982 6664
9493 6664
8325 6664
8725 6664
9489 6664
2 6664
10139 6665
11209 6665
10259 6665
9486 6665
2 6665
9222 6666
11453 6666
10189 6666
8336 6666
9670 6666
8908 6666
11371 6666
11161 6666
9762 6666
9393 6666
11849 6666
2 6666
9608 6667
10494 6667
11245 6667
10777 6667
9822 6667
11730 6667
9021 6667
8995 6667
9509 6667
2 6667
11358 6668
11447 6668
10363 6668
8882 6668
10094 6668
10043 6668
10504 6668
2 6668
9577 6669
9196 6669
8098 6669
9720 6669
10243 6669
2 6669
9674 6670
11853 6670
10483 6670
9517 6670
9956 6670
11904 6670
9227 6670
11489 6670
8140 6670
8526 6670
2 6670
8159 6671
9839 6671
10192 6671
9673 6671
10244 6671
2 6671
8050 6672
10370 6672
8829 6672
9583 6672
2 6672
8183 6673
10477 6673
10593 6673
8019 6673
8835 6673
10287 6673
8346 6673
9090 6673
8602 6673
2 6673
11786 6674
10119 6674
8229 6674
9606 6674
8346 6674
11909 6674
10918 6674
10995 6674
2 6674
9783 6675
8374 6675
8737 6675
9980 6675
9551 6675
9669 6675
2 6675
11504 6676
10262 6676
8362 6676
8708 6676
10369 6676
10002 6676
10485 6676
11531 6676
10069 6676
9044 6676
11138 6676
2 6676
9860 6677
9005 6677
11495 6677
10709 6677
9273 6677
9353 6677
11288 6677
11314 6677
9382 6677
11556 6677
2 6677
8371 6678
8595 6678
9743 6678
8620 6678
10307 6678
11661 6678
8640 6678
10405 6678
11125 6678
9593 6678
9155 6678
2 6678
8074 6679
11303 6679
11290 6679
11907 6679
10341 6679
8610 6679
11951 6679
2 6679
11443 6680
8075 6680
11618 6680
11722 6680
10708 6680
8948 6680
9754 6680
8200 6680
11831 6680
2 6680
11979 6681
8144 6681
9887 6681
9220 6681
11509 6681
9532 6681
8033 6681
9005 6681
8970 6681
11216 6681
10578 6681
2 6681
8975 6682
9672 6682
11341 6682
9793 6682
10165 6682
2 6682
9161 6683
10946 6683
11725 6683
9623 6683
9088 6683
8354 6683
10755 6683
9182 6683
2 6683
9011 6684
11835 6684
8138 6684
11551 6684
11945 6684
8902 6684
11337 6684
8872 6684
11929 6684
8474 6684
2 6684
10695 6685
10020 6685
10882 6685
11117 6685
9938 6685
9642 6685
9867 6685
2 6685
9494 6686
11539 6686
9483 6686
11967 6686
8765 6686
10290 6686
10876 6686
9726 6686
9505 6686
11543 6686
2 6686
10153 6687
8109 6687
11323 6687
8041 6687
8223 6687
11339 6687
11102 6687
10886 6687
9030 6687
11317 6687
9750 6687
2 6687
11676 6688
10429 6688
11858 6688
10301 6688
10897 6688
11198 6688
8101 6688
9458 6688
11996 6688
10057 6688
2 6688
11617 6689
9946 6689
10321 6689
8557 6689
9518 6689
11087 6689
2 6689
11337 6690
10486 6690
8490 6690
8245 6690
8378 6690
10840 6690
10227 6690
8372 6690
10583 6690
11361 6690
11830 6690
2 6690
9850 6691
9177 6691
11053 6691
10859 6691
8048 6691
2 6691
10195 6692
11614 6692
11475 6692
10022 6692
8956 6692
10470 6692
10151 6692
10405 6692
9645 6692
9405 6692
2 6692
9308 6693
8776 6693
8846 6693
11396 6693
11715 6693
2 6693
8892 6694
11320 6694
10092 6694
10592 6694
8286 6694
10705 6694
10612 6694
2 6694
10369 6695
9898 6695
8469 6695
11364 6695
2 6695
9504 6696
10355 6696
9926 6696
8234 6696
2 6696
10477 6697
9849 6697
9763 6697
10044 6697
11499 6697
9986 6697
10661 6697
10682 6697
10683 6697
2 6697
10852 6698
9732 6698
11243 6698
8872 6698
9890 6698
10183 6698
10655 6698
2 6698
11963 6699
10878 6699
8283 6699
10419 6699
11594 6699
11610 6699
2 6699
8487 6700
11836 6700
8352 6700
9799 6700
11333 6700
11057 6700
11582 6700
2 6700
10884 6701
9954 6701
10269 6701
11367 6701
9558 6701
2 6701
8369 6702
10451 6702
11923 6702
11402 6702
10811 6702
2 6702
8087 6703
11913 6703
8939 6703
11068 6703
10616 6703
2 6703
11016 6704
11644 6704
9330 6704
11555 6704
11582 6704
11094 6704
2 6704
11816 6705
11420 6705
9078 6705
8256 6705
2 6705
9989 6706
10875 6706
11828 6706
10729 6706
11733 6706
11835 6706
11988 6706
2 6706
10811 6707
9321 6707
11263 6707
10939 6707
10777 6707
8172 6707
11114 6707
10600 6707
2 6707
10824 6708
8644 6708
11753 6708
8755 6708
9033 6708
8462 6708
10709 6708
11327 6708
2 6708
9389 6709
8625 6709
11141 6709
10809 6709
8857 6709
10347 6709
8341 6709
2 6709
11027 6710
9342 6710
8111 6710
10893 6710
8378 6710
10092 6710
2 6710
9407 6711
8939 6711
10957 6711
10385 6711
8783 6711
2 6711
9583 6712
8644 6712
11782 6712
8216 6712
8990 6712
9039 6712
11180 6712
2 6712
9261 6713
8668 6713
9700 6713
10951 6713
10000 6713
9908 6713
10485 6713
2 6713
11252 6714
10980 6714
8681 6714
10419 6714
11305 6714
11848 6714
11065 6714
10788 6714
9262 6714
11843 6714
11356 6714
2 6714
8869 6715
8970 6715
10905 6715
10874 6715
2 6715
10691 6716
11345 6716
10634 6716
8843 6716
10761 6716
10173 6716
9164 6716
2 6716
11428 6717
11185 6717
8514 6717
11754 6717
2 6717
11922 6718
8144 6718
8539 6718
9285 6718
11560 6718
2 6718
11294 6719
8373 6719
8149 6719
9512 6719
10937 6719
8419 6719
11942 6719
8401 6719
2 6719
10244 6720
8011 6720
11029 6720
9495 6720
9080 6720
8508 6720
10751 6720
11102 6720
9153 6720
2 6720
11352 6721
10288 6721
10048 6721
8026 6721
8845 6721
9681 6721
8865 6721
2 6721
10584 6722
11406 6722
8418 6722
9170 6722
10459 6722
2 6722
11988 6723
10011 6723
9845 6723
8587 6723
2 6723
10756 6724
11374 6724
9732 6724
10947 6724
2 6724
8123 6725
8064 6725
11382 6725
10059 6725
10970 6725
9007 6725
8071 6725
11890 6725
11782 6725
9309 6725
2 6725
8321 6726
10569 6726
8534 6726
9070 6726
10271 6726
2 6726
11415 6727
11360 6727
10183 6727
8792 6727
9021 6727
11434 6727
8386 6727
11551 6727
9446 6727
2 6727
8852 6728
9363 6728
11391 6728
8541 6728
2 6728
10450 6729
9395 6729
10363 6729
10379 6729
11928 6729
9451 6729
2 6729
11218 6730
11985 6730
10056 6730
10494 6730
11620 6730
8250 6730
11304 6730
2 6730
9939 6731
8845 6731
9396 6731
10318 6731
11977 6731
10346 6731
8372 6731
10064 6731
10080 6731
2 6731
11272 6732
11252 6732
11392 6732
11656 6732
8932 6732
2 6732
9231 6733
10000 6733
9765 6733
11966 6733
9222 6733
11425 6733
11517 6733
9497 6733
2 6733
10775 6734
10111 6734
10366 6734
10810 6734
11790 6734
2 6734
10165 6735
10412 6735
10419 6735
9084 6735
8084 6735
10996 6735
11358 6735
9226 6735
9567 6735
2 6735
11525 6736
11014 6736
9238 6736
11138 6736
9230 6736
9253 6736
9602 6736
9061 6736
9270 6736
11367 6736
8977 6736
2 6736
10825 6737
11795 6737
8587 6737
8365 6737
8344 6737
8337 6737
10631 6737
2 6737
8947 6738
11173 6738
10054 6738
11220 6738
8337 6738
2 6738
10031 6739
11158 6739
11827 6739
8949 6739
11191 6739
8685 6739
9654 6739
9866 6739
8784 6739
2 6739
9409 6740
11113 6740
8734 6740
10421 6740
11599 6740
10405 6740
8108 6740
11031 6740
9486 6740
2 6740
9228 6741
10603 6741
11468 6741
10068 6741
11091 6741
2 6741
9455 6742
11341 6742
10030 6742
8712 6742
11106 6742
8249 6742
2 6742
8962 6743
8599 6743
9244 6743
10392 6743
8267 6743
9490 6743
10197 6743
10789 6743
11042 6743
2 6743
11542 6744
8266 6744
9575 6744
10187 6744
9199 6744
9119 6744
11307 6744
8742 6744
2 6744
10988 6745
9714 6745
11778 6745
9857 6745
10015 6745
9456 6745
2 6745
8250 6746
9724 6746
11779 6746
8892 6746
10876 6746
9708 6746
2 6746
9652 6747
11353 6747
9314 6747
9699 6747
11364 6747
10384 6747
11665 6747
9290 6747
10000 6747
2 6747
11759 6748
9502 6748
9939 6748
11155 6748
11967 6748
8257 6748
8378 6748
8893 6748
8747 6748
9936 6748
8250 6748
2 6748
8515 6749
11653 6749
8311 6749
11548 6749
10685 6749
9660 6749
9045 6749
8147 6749
10923 6749
2 6749
10515 6750
11529 6750
9039 6750
11065 6750
9796 6750
11831 6750
11592 6750
8686 6750
10933 6750
2 6750
10704 6751
9100 6751
11006 6751
8144 6751
9397 6751
9365 6751
8673 6751
11290 6751
2 6751
10382 6752
9450 6752
10170 6752
11908 6752
11096 6752
10717 6752
9524 6752
10882 6752
9676 6752
2 6752
8957 6753
11004 6753
10493 6753
11132 6753
10048 6753
11184 6753
11658 6753
9148 6753
9373 6753
2 6753
8519 6754
9631 6754
8096 6754
9929 6754
9920 6754
9790 6754
8282 6754
9180 6754
9203 6754
9409 6754
2 6754
8459 6755
10882 6755
9886 6755
10917 6755
11407 6755
8661 6755
8224 6755
8379 6755
2 6755
11722 6756
8645 6756
10240 6756
9882 6756
10913 6756
10555 6756
8900 6756
9549 6756
9580 6756
8070 6756
8389 6756
2 6756
9407 6757
10536 6757
8929 6757
10761 6757
10017 6757
9323 6757
2 6757
9121 6758
8756 6758
9517 6758
11978 6758
9918 6758
11297 6758
9746 6758
10787 6758
10711 6758
2 6758
10427 6759
9837 6759
11182 6759
11459 6759
8237 6759
10895 6759
8999 6759
11055 6759
2 6759
9226 6760
8860 6760
11232 6760
8852 6760
10445 6760
11575 6760
8102 6760
10043 6760
11148 6760
2 6760
8587 6761
11825 6761
8726 6761
10295 6761
2 6761
10418 6762
8033 6762
11117 6762
10943 6762
9727 6762
10515 6762
8356 6762
2 6762
11313 6763
8702 6763
9891 6763
10835 6763
8079 6763
2 6763
8042 6764
10804 6764
8951 6764
11659 6764
11678 6764
9848 6764
10435 6764
2 6764
11833 6765
9482 6765
9004 6765
10004 6765
9404 6765
9343 6765
9829 6765
9582 6765
11559 6765
10135 6765
2 6765
8104 6766
11302 6766
9986 6766
9400 6766
2 6766
9098 6767
11283 6767
8765 6767
11491 6767
8273 6767
8451 6767
8205 6767
2 6767
9467 6768
8207 6768
8506 6768
10283 6768
10820 6768
11407 6768
10397 6768
10750 6768
2 6768
11259 6769
11858 6769
10410 6769
10745 6769
9640 6769
9196 6769
11070 6769
11538 6769
9642 6769
2 6769
9471 6770
8585 6770
8789 6770
9210 6770
9306 6770
8540 6770
2 6770
11387 6771
9680 6771
10562 6771
11006 6771
2 6771
11339 6772
11475 6772
8121 6772
11219 6772
9781 6772
11462 6772
8729 6772
11824 6772
10560 6772
11102 6772
2 6772
11125 6773
8010 6773
8519 6773
11055 6773
9715 6773
2 6773
11706 6774
10656 6774
11057 6774
9185 6774
2 6774
8239 6775
10368 6775
10098 6775
9296 6775
9006 6775
9105 6775
9660 6775
2 6775
11659 6776
9571 6776
11030 6776
9468 6776
11884 6776
8275 6776
10466 6776
11354 6776
8346 6776
2 6776
8483 6777
8267 6777
9435 6777
9646 6777
2 6777
10543 6778
9966 6778
8896 6778
11690 6778
9999 6778
10284 6778
2 6778
9504 6779
11077 6779
10833 6779
8288 6779
11703 6779
10332 6779
10983 6779
10651 6779
11676 6779
8430 6779
11071 6779
2 6779
8884 6780
10918 6780
9123 6780
10099 6780
8647 6780
2 6780
8268 6781
8550 6781
9562 6781
8238 6781
8233 6781
11300 6781
10975 6781
11734 6781
10934 6781
10488 6781
11685 6781
2 6781
8608 6782
9717 6782
8234 6782
10956 6782
2 6782
9701 6783
11769 6783
10847 6783
8336 6783
11332 6783
9964 6783
11364 6783
2 6783
10553 6784
10451 6784
8468 6784
11611 6784
11828 6784
8250 6784
10453 6784
11985 6784
9813 6784
8257 6784
10910 6784
2 6784
10841 6785
10444 6785
10454 6785
9535 6785
11130 6785
8395 6785
11615 6785
11453 6785
10928 6785
2 6785
9247 6786
10485 6786
8291 6786
11138 6786
9805 6786
8480 6786
9374 6786
10067 6786
8013 6786
2 6786
9142 6787
11621 6787
9220 6787
11349 6787
11722 6787
10060 6787
2 6787
9886 6788
11205 6788
10849 6788
11278 6788
9507 6788
11467 6788
2 6788
9659 6789
11681 6789
10277 6789
11459 6789
10280 6789
10865 6789
8718 6789
10941 6789
9323 6789
2 6789
10207 6790
11247 6790
11070 6790
8438 6790
2 6790
10878 6791
11575 6791
10057 6791
10504 6791
11594 6791
9829 6791
11407 6791
9932 6791
2 6791
8262 6792
8710 6792
9942 6792
8551 6792
2 6792
8194 6793
10689 6793
9197 6793
8673 6793
2 6793
11971 6794
11434 6794
9494 6794
8344 6794
2 6794
9285 6795
8541 6795
8194 6795
10301 6795
2 6795
8401 6796
9004 6796
8567 6796
11741 6796
10532 6796
9720 6796
9313 6796
10332 6796
10006 6796
10738 6796
2 6796
11552 6797
11844 6797
9040 6797
10956 6797
10116 6797
10284 6797
8546 6797
8827 6797
9326 6797
8466 6797
10315 6797
2 6797
10505 6798
11010 6798
9240 6798
10860 6798
8250 6798
8629 6798
9732 6798
10413 6798
10938 6798
2 6798
9743 6799
11455 6799
10226 6799
11725 6799
11582 6799
9614 6799
8099 6799
9006 6799
2 6799
9682 6800
10300 6800
10484 6800
8145 6800
9811 6800
8581 6800
2 6800
10881 6801
8629 6801
10248 6801
11759 6801
2 6801
9050 6802
9270 6802
10579 6802
11924 6802
2 6802
9991 6803
9987 6803
10450 6803
9703 6803
10446 6803
9467 6803
8439 6803
11421 6803
2 6803
8689 6804
11241 6804
11650 6804
8897 6804
8074 6804
11847 6804
10389 6804
9766 6804
10039 6804
9669 6804
11942 6804
2 6804
9363 6805
10735 6805
11109 6805
11251 6805
9266 6805
8266 6805
10966 6805
2 6805
9902 6806
10761 6806
8211 6806
8867 6806
8953 6806
8870 6806
11347 6806
8853 6806
11172 6806
2 6806
9477 6807
8102 6807
9260 6807
10340 6807
9100 6807
2 6807
8386 6808
10947 6808
11296 6808
8816 6808
8166 6808
11003 6808
11004 6808
2 6808
11732 6809
9113 6809
10665 6809
8279 6809
10533 6809
8849 6809
11479 6809
10950 6809
9386 6809
8339 6809
2 6809
10430 6810
11744 6810
10586 6810
9011 6810
11497 6810
2 6810
8447 6811
9950 6811
10832 6811
9096 6811
9299 6811
10012 6811
2 6811
10854 6812
9736 6812
8512 6812
11030 6812
8385 6812
11583 6812
9816 6812
10566 6812
11140 6812
10422 6812
11678 6812
2 6812
9437 6813
11806 6813
10663 6813
11135 6813
8990 6813
2 6813
10196 6814
11102 6814
8428 6814
9942 6814
2 6814
8163 6815
11170 6815
10279 6815
8480 6815
8291 6815
8397 6815
11332 6815
2 6815
10942 6816
8531 6816
11826 6816
11399 6816
9171 6816
9383 6816
11955 6816
10329 6816
2 6816
11518 6817
11385 6817
10614 6817
8185 6817
9840 6817
10362 6817
8087 6817
8568 6817
2 6817
8203 6818
8076 6818
10790 6818
10500 6818
9060 6818
11925 6818
2 6818
10671 6819
11093 6819
9477 6819
11847 6819
9949 6819
2 6819
10109 6820
11601 6820
8208 6820
8330 6820
9767 6820
2 6820
10388 6821
11075 6821
8277 6821
9073 6821
9025 6821
9273 6821
11621 6821
8075 6821
9328 6821
2 6821
8518 6822
10932 6822
10748 6822
11167 6822
10991 6822
10703 6822
2 6822
8066 6823
8626 6823
11400 6823
8702 6823
10787 6823
9188 6823
8756 6823
8959 6823
2 6823
10970 6824
11833 6824
9228 6824
8246 6824
8403 6824
9723 6824
10696 6824
9957 6824
10140 6824
2 6824
9228 6825
9089 6825
9860 6825
8900 6825
2 6825
11905 6826
8077 6826
8940 6826
11613 6826
9431 6826
9435 6826
2 6826
10541 6827
9615 6827
9882 6827
8149 6827
2 6827
11686 6828
9459 6828
10347 6828
11463 6828
2 6828
8157 6829
11636 6829
8036 6829
10389 6829
9583 6829
9735 6829
11819 6829
11348 6829
2 6829
8136 6830
8223 6830
10924 6830
10753 6830
8142 6830
9434 6830
9517 6830
9030 6830
2 6830
8345 6831
9638 6831
9180 6831
11048 6831
11211 6831
9550 6831
2 6831
11364 6832
11213 6832
9711 6832
11047 6832
9410 6832
10580 6832
8450 6832
2 6832
8728 6833
9543 6833
10973 6833
10458 6833
2 6833
9174 6834
9390 6834
9678 6834
10180 6834
11428 6834
11028 6834
11193 6834
9387 6834
8576 6834
8059 6834
2 6834
10351 6835
9408 6835
9671 6835
10683 6835
8647 6835
9113 6835
9054 6835
10350 6835
8558 6835
10868 6835
2 6835
8207 6836
8093 6836
10052 6836
10445 6836
9333 6836
9033 6836
11133 6836
10473 6836
2 6836
11488 6837
10339 6837
8292 6837
11449 6837
10614 6837
11394 6837
9152 6837
2 6837
10302 6838
11611 6838
8490 6838
11850 6838
11985 6838
10780 6838
10064 6838
2 6838
9548 6839
9020 6839
10153 6839
11653 6839
9094 6839
10604 6839
11840 6839
9013 6839
9664 6839
2 6839
11704 6840
10937 6840
11411 6840
8357 6840
10524 6840
11424 6840
2 6840
8887 6841
11317 6841
11874 6841
11378 6841
9403 6841
2 6841
9849 6842
8835 6842
9772 6842
11479 6842
10221 6842
11714 6842
11760 6842
10072 6842
8259 6842
11099 6842
2 6842
11738 6843
9223 6843
9190 6843
9281 6843
9819 6843
9224 6843
8663 6843
8051 6843
10427 6843
9612 6843
8743 6843
2 6843
10479 6844
9204 6844
8258 6844
10161 6844
8564 6844
11353 6844
9930 6844
10739 6844
8945 6844
11955 6844
2 6844
9138 6845
9195 6845
11645 6845
9197 6845
8580 6845
2 6845
8428 6846
9612 6846
10595 6846
11409 6846
10380 6846
9469 6846
10421 6846
9856 6846
9235 6846
9178 6846
10789 6846
2 6846
10894 6847
10046 6847
11029 6847
8318 6847
10977 6847
8223 6847
8284 6847
10178 6847
10427 6847
8331 6847
2 6847
11241 6848
11336 6848
9262 6848
8917 6848
9555 6848
9382 6848
8623 6848
2 6848
10947 6849
11812 6849
8726 6849
11818 6849
9889 6849
10948 6849
11551 6849
9078 6849
8393 6849
10093 6849
10819 6849
2 6849
8883 6850
9330 6850
9091 6850
8870 6850
8383 6850
10391 6850
9905 6850
10725 6850
9292 6850
2 6850
11137 6851
11106 6851
8216 6851
9786 6851
11412 6851
11259 6851
10104 6851
2 6851
8660 6852
10192 6852
8876 6852
8753 6852
11846 6852
10151 6852
8646 6852
8196 6852
9801 6852
8987 6852
2 6852
8441 6853
8339 6853
11526 6853
10221 6853
10477 6853
8631 6853
2 6853
10547 6854
9294 6854
8860 6854
11500 6854
9630 6854
10898 6854
2 6854
10981 6855
11938 6855
10999 6855
8077 6855
8213 6855
10810 6855
11228 6855
8255 6855
11340 6855
2 6855
8115 6856
8524 6856
11032 6856
11261 6856
10938 6856
2 6856
9767 6857
10815 6857
10163 6857
8503 6857
10493 6857
9771 6857
2 6857
10935 6858
8794 6858
10565 6858
8195 6858
11642 6858
8684 6858
2 6858
11894 6859
10644 6859
9286 6859
9608 6859
8181 6859
8587 6859
9021 6859
9122 6859
10441 6859
11268 6859
2 6859
9530 6860
8646 6860
8139 6860
8159 6860
9552 6860
10994 6860
9094 6860
10195 6860
9934 6860
11651 6860
2 6860
9187 6861
11185 6861
11602 6861
11344 6861
10654 6861
10819 6861
2 6861
9525 6862
10810 6862
10392 6862
11532 6862
2 6862
10191 6863
9532 6863
9422 6863
8175 6863
10498 6863
10774 6863
8824 6863
2 6863
11092 6864
9649 6864
8603 6864
9635 6864
2 6864
10632 6865
10726 6865
9587 6865
8860 6865
2 6865
9915 6866
9551 6866
8910 6866
11984 6866
9692 6866
9343 6866
11135 6866
9087 6866
8541 6866
8769 6866
8523 6866
2 6866
9379 6867
10582 6867
9690 6867
11164 6867
11466 6867
8973 6867
11429 6867
10424 6867
2 6867
11556 6868
10140 6868
11502 6868
11319 6868
11327 6868
11199 6868
8895 6868
2 6868
8535 6869
10183 6869
10648 6869
8474 6869
11666 6869
9181 6869
8472 6869
11165 6869
11977 6869
8726 6869
2 6869
10510 6870
10821 6870
10266 6870
8561 6870
10736 6870
8670 6870
8922 6870
9691 6870
8236 6870
8434 6870
11058 6870
2 6870
10432 6871
8462 6871
9551 6871
9796 6871
9872 6871
11699 6871
11768 6871
2 6871
9680 6872
10182 6872
11809 6872
8720 6872
8925 6872
2 6872
8082 6873
9974 6873
11630 6873
8129 6873
8725 6873
10394 6873
2 6873
10447 6874
11084 6874
11658 6874
8621 6874
8088 6874
9419 6874
9726 6874
8034 6874
2 6874
9048 6875
9124 6875
11254 6875
11539 6875
11220 6875
11554 6875
11968 6875
8762 6875
2 6875
10824 6876
10965 6876
10970 6876
8787 6876
2 6876
8007 6877
10052 6877
11741 6877
10130 6877
10429 6877
2 6877
11238 6878
9330 6878
11471 6878
11677 6878
9788 6878
10032 6878
10280 6878
11267 6878
10690 6878
2 6878
8068 6879
9444 6879
8555 6879
8117 6879
9582 6879
8058 6879
9095 6879
10610 6879
10670 6879
11916 6879
2 6879
11115 6880
8437 6880
9375 6880
11604 6880
9240 6880
11945 6880
11898 6880
9597 6880
11032 6880
11965 6880
10326 6880
2 6880
11983 6881
8138 6881
10275 6881
10114 6881
8652 6881
10453 6881
2 6881
11854 6882
11910 6882
11097 6882
11000 6882
8694 6882
11766 6882
8162 6882
2 6882
8901 6883
8586 6883
9282 6883
11534 6883
8669 6883
11332 6883
9908 6883
11147 6883
2 6883
8722 6884
11004 6884
11972 6884
11731 6884
10317 6884
11601 6884
9655 6884
10598 6884
2 6884
9486 6885
9863 6885
9769 6885
11182 6885
8597 6885
11359 6885
10178 6885
11375 6885
8532 6885
9080 6885
2 6885
10291 6886
9707 6886
11540 6886
10680 6886
9812 6886
10556 6886
10180 6886
2 6886
10011 6887
8474 6887
9875 6887
11977 6887
11254 6887
8278 6887
9655 6887
8198 6887
10947 6887
8664 6887
11415 6887
2 6887
8355 6888
11007 6888
11183 6888
10394 6888
8668 6888
10439 6888
2 6888
11746 6889
11498 6889
8353 6889
11965 6889
9894 6889
11146 6889
2 6889
8620 6890
11846 6890
11174 6890
9899 6890
10719 6890
2 6890
9502 6891
11426 6891
9213 6891
10093 6891
2 6891
10115 6892
9113 6892
10175 6892
8512 6892
10484 6892
9922 6892
10566 6892
9439 6892
8436 6892
9740 6892
8404 6892
2 6892
9903 6893
10617 6893
10603 6893
8098 6893
8707 6893
9206 6893
2 6893
8957 6894
8479 6894
11573 6894
10570 6894
10611 6894
9655 6894
10556 6894
2 6894
10989 6895
8567 6895
11393 6895
8357 6895
8117 6895
11443 6895
9331 6895
9395 6895
8672 6895
11502 6895
2 6895
11836 6896
8624 6896
11840 6896
9824 6896
2 6896
9826 6897
10349 6897
10806 6897
11738 6897
11444 6897
10160 6897
9194 6897
8508 6897
9431 6897
2 6897
9142 6898
8068 6898
8544 6898
11137 6898
11588 6898
8530 6898
10238 6898
8202 6898
9402 6898
2 6898
8440 6899
8534 6899
8318 6899
9101 6899
9469 6899
10656 6899
9910 6899
10567 6899
8443 6899
2 6899
11613 6900
10307 6900
10567 6900
8139 6900
11312 6900
10889 6900
8429 6900
2 6900
11069 6901
11002 6901
11557 6901
11373 6901
8797 6901
9221 6901
8161 6901
11808 6901
2 6901
10469 6902
10675 6902
11921 6902
10731 6902
9136 6902
8015 6902
8163 6902
11534 6902
9506 6902
2 6902
10833 6903
10587 6903
11794 6903
9450 6903
9167 6903
2 6903
11818 6904
10713 6904
8181 6904
8263 6904
10600 6904
2 6904
8267 6905
11384 6905
8919 6905
9659 6905
2 6905
11723 6906
11563 6906
10900 6906
10975 6906
10226 6906
9838 6906
8487 6906
2 6906
8594 6907
9601 6907
9524 6907
9404 6907
2 6907
10384 6908
10736 6908
9706 6908
10801 6908
9721 6908
11902 6908
11000 6908
11632 6908
11888 6908
8392 6908
10147 6908
2 6908
10288 6909
11111 6909
11601 6909
9141 6909
8431 6909
8795 6909
2 6909
8986 6910
8687 6910
8019 6910
11107 6910
0 6910
9688 6910
8873 6910
10936 6910
2 6910
8661 6911
8672 6911
9437 6911
8970 6911
11701 6911
9461 6911
9010 6911
10750 6911
11266 6911
8368 6911
9004 6911
2 6911
9773 6912
10770 6912
8858 6912
11728 6912
2 6912
8943 6913
8122 6913
9715 6913
9429 6913
9202 6913
10861 6913
9503 6913
9917 6913
8993 6913
2 6913
8524 6914
8675 6914
9388 6914
8880 6914
9813 6914
10353 6914
10654 6914
10080 6914
11812 6914
8398 6914
8863 6914
2 6914
10078 6915
11532 6915
10829 6915
10929 6915
11750 6915
2 6915
9882 6916
10715 6916
11712 6916
8712 6916
11369 6916
2 6916
9926 6917
8772 6917
9717 6917
8458 6917
8964 6917
11009 6917
2 6917
10305 6918
9050 6918
9053 6918
8908 6918
11955 6918
9247 6918
2 6918
10575 6919
10196 6919
9276 6919
10513 6919
10797 6919
9742 6919
10211 6919
8143 6919
9981 6919
11859 6919
9043 6919
2 6919
11536 6920
10236 6920
9088 6920
8177 6920
8519 6920
11090 6920
11201 6920
9107 6920
9631 6920
10421 6920
2 6920
10429 6921
10958 6921
8461 6921
11577 6921
2 6921
10991 6922
8142 6922
9434 6922
10050 6922
10049 6922
11430 6922
8454 6922
11128 6922
2 6922
10338 6923
9044 6923
8153 6923
8082 6923
9691 6923
11208 6923
10847 6923
2 6923
11395 6924
11710 6924
8428 6924
11209 6924
8550 6924
8891 6924
11802 6924
8783 6924
9409 6924
9045 6924
2 6924
9291 6925
10492 6925
9702 6925
8723 6925
8571 6925
9342 6925
2 6925
9073 6926
10958 6926
9163 6926
10514 6926
10205 6926
11908 6926
2 6926
10674 6927
8567 6927
9163 6927
11309 6927
2 6927
11462 6928
10691 6928
10630 6928
11067 6928
11702 6928
11282 6928
9566 6928
11385 6928
8383 6928
2 6928
11943 6929
10792 6929
11324 6929
11499 6929
9358 6929
11526 6929
10175 6929
8217 6929
8340 6929
9209 6929
2 6929
8910 6930
11963 6930
10523 6930
9794 6930
11482 6930
8007 6930
11274 6930
8894 6930
11232 6930
2 6930
11967 6931
11818 6931
10557 6931
8593 6931
2 6931
8471 6932
9636 6932
9532 6932
11305 6932
11577 6932
11621 6932
8774 6932
9667 6932
2 6932
11919 6933
9198 6933
9208 6933
10757 6933
9040 6933
11527 6933
8984 6933
10706 6933
8033 6933
11655 6933
2 6933
10511 6934
11494 6934
8726 6934
8378 6934
8384 6934
9684 6934
11150 6934
8243 6934
9998 6934
11660 6934
9647 6934
2 6934
11844 6935
11424 6935
10653 6935
11421 6935
8645 6935
10113 6935
11770 6935
2 6935
10338 6936
8915 6936
11888 6936
11982 6936
11729 6936
11966 6936
8397 6936
8359 6936
9314 6936
9151 6936
10760 6936
2 6936
10436 6937
9519 6937
10342 6937
8555 6937
11783 6937
9272 6937
11151 6937
9039 6937
11372 6937
2 6937
9790 6938
10889 6938
11546 6938
8781 6938
8237 6938
8119 6938
2 6938
10725 6939
10923 6939
8499 6939
10642 6939
9769 6939
11749 6939
10900 6939
8171 6939
2 6939
11679 6940
11874 6940
11154 6940
8751 6940
9823 6940
2 6940
10390 6941
9686 6941
8704 6941
9961 6941
8870 6941
2 6941
9926 6942
10021 6942
9196 6942
8630 6942
9903 6942
8686 6942
9458 6942
10534 6942
10674 6942
2 6942
9469 6943
10502 6943
11154 6943
8467 6943
8936 6943
10723 6943
11836 6943
9495 6943
8428 6943
11295 6943
8718 6943
2 6943
9101 6944
10367 6944
8360 6944
9768 6944
8841 6944
9664 6944
9191 6944
9389 6944
8826 6944
9062 6944
10856 6944
2 6944
11394 6945
10257 6945
8108 6945
8595 6945
11536 6945
11182 6945
10597 6945
10907 6945
10639 6945
2 6945
11457 6946
11323 6946
11444 6946
10404 6946
11405 6946
9715 6946
2 6946
11420 6947
8265 6947
8455 6947
8107 6947
8067 6947
9098 6947
9822 6947
2 6947
11473 6948
8008 6948
9460 6948
10886 6948
9319 6948
10089 6948
8640 6948
8264 6948
2 6948
9701 6949
8971 6949
11541 6949
11186 6949
8669 6949
2 6949
11381 6950
11583 6950
8029 6950
0 6950
11441 6950
11775 6950
10115 6950
2 6950
10253 6951
11421 6951
9644 6951
10735 6951
10285 6951
11621 6951
11106 6951
11527 6951
2 6951
8440 6952
8538 6952
10224 6952
11537 6952
8354 6952
11153 6952
11129 6952
8011 6952
8027 6952
2 6952
11869 6953
11926 6953
9117 6953
11261 6953
9494 6953
9541 6953
11060 6953
8312 6953
9239 6953
9845 6953
2 6953
10930 6954
8912 6954
11418 6954
10239 6954
9678 6954
9620 6954
11977 6954
9291 6954
10481 6954
2 6954
10753 6955
10224 6955
11123 6955
9359 6955
10554 6955
2 6955
8821 6956
8765 6956
9597 6956
9505 6956
9494 6956
11136 6956
10324 6956
8793 6956
11490 6956
2 6956
11324 6957
9996 6957
10807 6957
8421 6957
8252 6957
8558 6957
8980 6957
11678 6957
10869 6957
2 6957
8201 6958
9789 6958
10984 6958
10191 6958
11765 6958
9782 6958
10207 6958
11009 6958
9829 6958
10949 6958
9065 6958
0 6958
2 6958
8855 6959
8397 6959
9795 6959
9341 6959
2 6959
10427 6960
9918 6960
11514 6960
10252 6960
9276 6960
11454 6960
10835 6960
8109 6960
9818 6960
10572 6960
10198 6960
2 6960
10731 6961
8770 6961
11652 6961
8291 6961
9810 6961
8777 6961
10051 6961
9526 6961
2 6961
10838 6962
10153 6962
9310 6962
10007 6962
8887 6962
2 6962
11756 6963
10951 6963
10070 6963
9383 6963
10896 6963
9711 6963
10500 6963
10321 6963
8509 6963
2 6963
9912 6964
11909 6964
8835 6964
11995 6964
11659 6964
9772 6964
8279 6964
8019 6964
9731 6964
10804 6964
2 6964
11606 6965
8694 6965
10129 6965
11069 6965
8786 6965
10890 6965
9485 6965
11982 6965
9747 6965
2 6965
11717 6966
11238 6966
8233 6966
8862 6966
9409 6966
8718 6966
8565 6966
11234 6966
8705 6966
11670 6966
2 6966
9157 6967
11169 6967
10596 6967
10209 6967
9944 6967
8797 6967
10906 6967
9943 6967
11058 6967
2 6967
11195 6968
8211 6968
8632 6968
9407 6968
2 6968
11245 6969
10449 6969
9871 6969
8747 6969
11971 6969
2 6969
8405 6970
8343 6970
11489 6970
9070 6970
8997 6970
8626 6970
10968 6970
2 6970
9140 6971
10828 6971
11316 6971
8115 6971
8344 6971
11871 6971
2 6971
9017 6972
11273 6972
11522 6972
9841 6972
11374 6972
10556 6972
2 6972
11322 6973
11582 6973
10656 6973
11365 6973
10560 6973
8062 6973
9241 6973
11892 6973
10390 6973
2 6973
8606 6974
9903 6974
11993 6974
10812 6974
9458 6974
11882 6974
10627 6974
10733 6974
11916 6974
10240 6974
2 6974
9678 6975
10056 6975
9149 6975
8912 6975
9546 6975
11316 6975
10233 6975
10317 6975
8792 6975
2 6975
8198 6976
8627 6976
9596 6976
9307 6976
8263 6976
8425 6976
2 6976
9419 6977
9684 6977
8199 6977
11355 6977
8926 6977
9520 6977
10729 6977
10290 6977
2 6977
9364 6978
11068 6978
8349 6978
8830 6978
10360 6978
9840 6978
11670 6978
10751 6978
8487 6978
2 6978
8145 6979
8110 6979
8441 6979
10807 6979
0 6979
9318 6979
10221 6979
8982 6979
9816 6979
2 6979
10899 6980
10640 6980
11591 6980
11173 6980
8181 6980
9302 6980
10324 6980
9413 6980
9240 6980
8536 6980
11326 6980
2 6980
8635 6981
8019 6981
8404 6981
11786 6981
9029 6981
9034 6981
11943 6981
10435 6981
2 6981
11405 6982
11350 6982
8066 6982
9177 6982
11686 6982
11406 6982
11905 6982
9638 6982
11781 6982
10101 6982
8185 6982
2 6982
8246 6983
10461 6983
9382 6983
8287 6983
8673 6983
10532 6983
9108 6983
10697 6983
10504 6983
9377 6983
8981 6983
2 6983
8208 6984
10258 6984
8533 6984
11419 6984
8821 6984
11828 6984
8388 6984
9647 6984
11060 6984
9569 6984
2 6984
11502 6985
11505 6985
8539 6985
8351 6985
8374 6985
8681 6985
2 6985
10608 6986
10776 6986
8615 6986
8924 6986
8995 6986
2 6986
11357 6987
10535 6987
9506 6987
9246 6987
8770 6987
9700 6987
10158 6987
2 6987
11960 6988
10524 6988
11105 6988
10241 6988
10121 6988
11631 6988
8055 6988
9065 6988
8356 6988
8623 6988
9640 6988
2 6988
11412 6989
11264 6989
8925 6989
8950 6989
9753 6989
8056 6989
10268 6989
11077 6989
10025 6989
9472 6989
10515 6989
2 6989
10393 6990
9012 6990
10352 6990
11126 6990
8737 6990
10117 6990
10065 6990
9940 6990
11168 6990
11986 6990
2 6990
8787 6991
10850 6991
9073 6991
11070 6991
9872 6991
11272 6991
11026 6991
11407 6991
10667 6991
9672 6991
9978 6991
2 6991
9075 6992
10483 6992
11899 6992
10349 6992
10835 6992
9798 6992
8497 6992
11566 6992
10677 6992
11874 6992
2 6992
11345 6993
8966 6993
10264 6993
8210 6993
10089 6993
10016 6993
10036 6993
11719 6993
8341 6993
2 6993
10107 6994
8198 6994
8435 6994
10590 6994
8491 6994
10669 6994
10093 6994
9698 6994
10186 6994
2 6994
9820 6995
9365 6995
11979 6995
9335 6995
2 6995
11052 6996
8083 6996
8338 6996
10441 6996
8851 6996
10302 6996
10508 6996
8324 6996
9315 6996
8455 6996
8899 6996
2 6996
10314 6997
11475 6997
10464 6997
11596 6997
8961 6997
10467 6997
10569 6997
10385 6997
2 6997
8185 6998
11518 6998
9059 6998
11192 6998
11103 6998
11564 6998
9486 6998
9152 6998
2 6998
10440 6999
9138 6999
11369 6999
10473 6999
2 6999
11906 7000
10549 7000
9855 7000
11872 7000
8127 7000
11729 7000
9810 7000
2 7000
8790 7001
11016 7001
8048 7001
8140 7001
10245 7001
11158 7001
10154 7001
11386 7001
9888 7001
11423 7001
8634 7001
2 7001
11803 7002
11714 7002
9406 7002
8404 7002
9712 7002
11799 7002
8647 7002
2 7002
11225 7003
10861 7003
10595 7003
11238 7003
9697 7003
8072 7003
11532 7003
9956 7003
8318 7003
9478 7003
2 7003
9960 7004
10873 7004
9350 7004
11364 7004
11130 7004
11178 7004
9393 7004
2 7004
9401 7005
10931 7005
8688 7005
10798 7005
11338 7005
11791 7005
10103 7005
11191 7005
9612 7005
9836 7005
2 7005
8749 7006
9605 7006
11489 7006
10794 7006
2 7006
10056 7007
9181 7007
9773 7007
11664 7007
8675 7007
2 7007
11904 7008
9364 7008
8532 7008
8549 7008
2 7008
10556 7009
11496 7009
11269 7009
11263 7009
11193 7009
8842 7009
2 7009
10972 7010
10009 7010
9367 7010
10698 7010
8085 7010
8358 7010
2 7010
10312 7011
11561 7011
11604 7011
8420 7011
9613 7011
8433 7011
2 7011
8146 7012
11678 7012
11280 7012
8193 7012
8421 7012
9694 7012
9892 7012
9058 7012
11099 7012
2 7012
11724 7013
8585 7013
11739 7013
10075 7013
11221 7013
11377 7013
2 7013
11382 7014
9461 7014
9844 7014
8900 7014
2 7014
11885 7015
11823 7015
11420 7015
8474 7015
10505 7015
10346 7015
9608 7015
2 7015
11726 7016
11727 7016
11925 7016
8967 7016
8612 7016
11932 7016
2 7016
10673 7017
11815 7017
8180 7017
11683 7017
10482 7017
11855 7017
11258 7017
8914 7017
11492 7017
2 7017
9311 7018
8756 7018
8994 7018
8642 7018
9235 7018
9559 7018
8646 7018
2 7018
9543 7019
8115 7019
8243 7019
11664 7019
8377 7019
2 7019
9505 7020
8517 7020
8593 7020
9446 7020
9647 7020
8408 7020
2 7020
10884 7021
10216 7021
10985 7021
9730 7021
8043 7021
10746 7021
11517 7021
11766 7021
11615 7021
10730 7021
9290 7021
2 7021
11616 7022
8910 7022
10388 7022
11264 7022
2 7022
9743 7023
11935 7023
8550 7023
11784 7023
2 7023
9770 7024
11663 7024
9487 7024
8332 7024
8772 7024
9744 7024
11535 7024
9873 7024
2 7024
11261 7025
11989 7025
11591 7025
10312 7025
8537 7025
8493 7025
9655 7025
2 7025
9756 7026
10374 7026
8045 7026
9025 7026
11370 7026
8071 7026
9023 7026
11299 7026
9867 7026
2 7026
8499 7027
8889 7027
11174 7027
11516 7027
9203 7027
11212 7027
8454 7027
2 7027
8791 7028
10972 7028
9033 7028
11045 7028
10649 7028
8170 7028
8266 7028
11404 7028
8430 7028
8546 7028
2 7028
11748 7029
11897 7029
10288 7029
10447 7029
8289 7029
8733 7029
10232 7029
9483 7029
11838 7029
9048 7029
2 7029
10238 7030
11993 7030
11259 7030
8920 7030
8085 7030
10670 7030
11217 7030
9056 7030
8698 7030
2 7030
9157 7031
11517 7031
9204 7031
9350 7031
10951 7031
11541 7031
2 7031
10389 7032
9272 7032
10870 7032
9872 7032
8358 7032
9234 7032
9909 7032
10747 7032
9447 7032
10532 7032
2 7032
10196 7033
11696 7033
11920 7033
10307 7033
9637 7033
2 7033
9660 7034
11282 7034
11056 7034
8311 7034
2 7034
11622 7035
9182 7035
9305 7035
10236 7035
2 7035
11058 7036
8017 7036
11178 7036
10928 7036
8603 7036
2 7036
11885 7037
11720 7037
9969 7037
9375 7037
10184 7037
10486 7037
8885 7037
11736 7037
8446 7037
8199 7037
10413 7037
2 7037
11056 7038
11347 7038
11191 7038
10033 7038
11904 7038
10806 7038
10987 7038
2 7038
10149 7039
11031 7039
11566 7039
10838 7039
9224 7039
2 7039
9578 7040
11700 7040
8430 7040
11804 7040
8319 7040
9347 7040
10653 7040
2 7040
11079 7041
10057 7041
10629 7041
10814 7041
11260 7041
8767 7041
11348 7041
2 7041
10507 7042
8967 7042
8639 7042
9454 7042
11163 7042
11481 7042
10615 7042
10279 7042
9842 7042
10506 7042
9558 7042
2 7042
9470 7043
11783 7043
8671 7043
8231 7043
9068 7043
8541 7043
11424 7043
10240 7043
10774 7043
8248 7043
2 7043
8292 7044
9177 7044
11508 7044
11227 7044
2 7044
11373 7045
8043 7045
11682 7045
8156 7045
8798 7045
9179 7045
9810 7045
11416 7045
8908 7045
2 7045
11779 7046
9553 7046
10570 7046
9041 7046
2 7046
11189 7047
10165 7047
8869 7047
10698 7047
2 7047
10221 7048
11995 7048
11354 7048
10803 7048
9688 7048
8421 7048
2 7048
9389 7049
8239 7049
8565 7049
8284 7049
2 7049
11495 7050
10735 7050
8132 7050
9039 7050
10319 7050
2 7050
11264 7051
9777 7051
8084 7051
10534 7051
10784 7051
2 7051
10121 7052
9629 7052
9278 7052
9426 7052
8014 7052
10715 7052
8553 7052
9073 7052
8200 7052
10632 7052
2 7052
8983 7053
10429 7053
9316 7053
8698 7053
10193 7053
10363 7053
8910 7053
11996 7053
10382 7053
2 7053
11538 7054
10940 7054
10956 7054
9073 7054
9926 7054
2 7054
9126 7055
8789 7055
9285 7055
11878 7055
11382 7055
10670 7055
11387 7055
11135 7055
11214 7055
10585 7055
2 7055
9121 7056
9105 7056
10089 7056
9533 7056
10880 7056
9460 7056
8519 7056
9042 7056
2 7056
10648 7057
9028 7057
11835 7057
10518 7057
9925 7057
11460 7057
9390 7057
8474 7057
10852 7057
9546 7057
2 7057
11399 7058
9050 7058
11584 7058
11000 7058
9201 7058
9757 7058
8315 7058
11138 7058
9246 7058
8700 7058
8009 7058
2 7058
9822 7059
11355 7059
9846 7059
9250 7059
10005 7059
11397 7059
10680 7059
11812 7059
2 7059
10229 7060
8276 7060
9096 7060
9301 7060
9694 7060
10422 7060
11909 7060
8340 7060
2 7060
9465 7061
8018 7061
11804 7061
11529 7061
9425 7061
9657 7061
8426 7061
9309 7061
10767 7061
2 7061
8497 7062
8140 7062
10567 7062
9956 7062
2 7062
10451 7063
11850 7063
10944 7063
9286 7063
10559 7063
10819 7063
9608 7063
8921 7063
9755 7063
8024 7063
10186 7063
2 7063
8024 7064
8912 7064
10754 7064
10583 7064
9707 7064
9420 7064
8115 7064
8978 7064
11159 7064
2 7064
9524 7065
11877 7065
11412 7065
11789 7065
11277 7065
9371 7065
9741 7065
2 7065
8414 7066
11318 7066
10193 7066
9633 7066
9825 7066
2 7066
9534 7067
11297 7067
11365 7067
9105 7067
10231 7067
10236 7067
11810 7067
11776 7067
9352 7067
2 7067
8428 7068
10846 7068
8549 7068
11707 7068
9409 7068
9156 7068
10049 7068
10843 7068
2 7068
9446 7069
8733 7069
11692 7069
10910 7069
8924 7069
2 7069
11372 7070
8562 7070
9242 7070
9786 7070
11117 7070
11942 7070
9106 7070
10695 7070
11552 7070
8423 7070
11996 7070
2 7070
10862 7071
9256 7071
10518 7071
10251 7071
11233 7071
9936 7071
8026 7071
11188 7071
2 7071
9846 7072
9256 7072
11261 7072
8577 7072
8180 7072
11885 7072
11762 7072
9907 7072
2 7072
8815 7073
10331 7073
10951 7073
10679 7073
2 7073
11268 7074
11004 7074
11326 7074
11813 7074
10930 7074
2 7074
8415 7075
9166 7075
9346 7075
11874 7075
11172 7075
11791 7075
11717 7075
8663 7075
10348 7075
2 7075
10491 7076
8852 7076
11242 7076
9556 7076
11372 7076
10726 7076
11021 7076
2 7076
10085 7077
9713 7077
8598 7077
11697 7077
10345 7077
8366 7077
2 7077
9951 7078
8507 7078
9533 7078
9170 7078
8152 7078
2 7078
10472 7079
9425 7079
9909 7079
9504 7079
11755 7079
9753 7079
9214 7079
8739 7079
8458 7079
8574 7079
2 7079
8670 7080
9264 7080
11888 7080
9383 7080
11163 7080
9943 7080
9261 7080
8699 7080
8203 7080
10822 7080
8669 7080
2 7080
8619 7081
8655 7081
9787 7081
9500 7081
8475 7081
11780 7081
11958 7081
11347 7081
8262 7081
2 7081
11087 7082
11531 7082
10150 7082
11047 7082
11924 7082
9602 7082
11022 7082
9453 7082
10722 7082
2 7082
10052 7083
8190 7083
11046 7083
8301 7083
9074 7083
2 7083
9546 7084
11498 7084
10194 7084
8931 7084
8652 7084
11283 7084
8593 7084
11258 7084
11436 7084
2 7084
10774 7085
11021 7085
9025 7085
8389 7085
2 7085
11708 7086
11543 7086
9528 7086
11115 7086
9696 7086
9604 7086
9259 7086
11325 7086
8393 7086
2 7086
11388 7087
9937 7087
9881 7087
8423 7087
9513 7087
8462 7087
2 7087
10979 7088
10703 7088
8734 7088
8784 7088
10392 7088
2 7088
8307 7089
8454 7089
8030 7089
11129 7089
8140 7089
8556 7089
9116 7089
9327 7089
9443 7089
2 7089
9436 7090
10307 7090
10079 7090
8584 7090
11104 7090
2 7090
11909 7091
11073 7091
9848 7091
8029 7091
10422 7091
9740 7091
8441 7091
9811 7091
10868 7091
10918 7091
11302 7091
2 7091
10462 7092
8932 7092
11928 7092
10997 7092
8288 7092
10972 7092
11588 7092
11019 7092
2 7092
9050 7093
9602 7093
9230 7093
10623 7093
10722 7093
9000 7093
9136 7093
10209 7093
11849 7093
11416 7093
2 7093
8712 7094
11382 7094
9471 7094
9735 7094
9893 7094
2 7094
9885 7095
11177 7095
8583 7095
11273 7095
9049 7095
10317 7095
9355 7095
8890 7095
10055 7095
11173 7095
11185 7095
2 7095
9395 7096
10310 7096
10663 7096
9582 7096
10956 7096
9636 7096
9377 7096
9288 7096
11936 7096
2 7096
9956 7097
8830 7097
9660 7097
8949 7097
8470 7097
11351 7097
11613 7097
10923 7097
8968 7097
9968 7097
11589 7097
2 7097
11725 7098
9550 7098
8159 7098
11493 7098
10536 7098
11580 7098
11710 7098
2 7098
9668 7099
11945 7099
11997 7099
9822 7099
8517 7099
8728 7099
8571 7099
11263 7099
10808 7099
9594 7099
2 7099
11581 7100
8453 7100
11760 7100
8361 7100
8158 7100
10484 7100
8217 7100
8259 7100
10012 7100
2 7100
8192 7101
9720 7101
9662 7101
9504 7101
11687 7101
11308 7101
11391 7101
8510 7101
10892 7101
8721 7101
2 7101
8396 7102
10199 7102
9606 7102
11441 7102
9173 7102
11140 7102
9096 7102
9895 7102
9986 7102
10144 7102
2 7102
10060 7103
10374 7103
9582 7103
10601 7103
11285 7103
11071 7103
11392 7103
10075 7103
10706 7103
9452 7103
11916 7103
2 7103
9529 7104
10339 7104
8035 7104
11457 7104
9189 7104
10758 7104
9947 7104
9536 7104
2 7104
8032 7105
11028 7105
11731 7105
8384 7105
9133 7105
8372 7105
11540 7105
2 7105
10543 7106
9167 7106
9063 7106
8578 7106
11142 7106
8402 7106
11628 7106
8653 7106
11051 7106
8850 7106
2 7106
8157 7107
9630 7107
8932 7107
11292 7107
11358 7107
11079 7107
9466 7107
11151 7107
10059 7107
8761 7107
8401 7107
2 7107
9082 7108
11807 7108
9401 7108
10307 7108
10911 7108
8159 7108
2 7108
10536 7109
9121 7109
10797 7109
11802 7109
9905 7109
10160 7109
11256 7109
11127 7109
2 7109
8921 7110
9413 7110
10487 7110
10056 7110
10232 7110
11683 7110
11261 7110
2 7110
9654 7111
11876 7111
10763 7111
8428 7111
8592 7111
10242 7111
10838 7111
9899 7111
8598 7111
2 7111
9400 7112
11479 7112
10287 7112
10099 7112
9688 7112
9895 7112
10276 7112
10609 7112
11760 7112
11786 7112
10683 7112
2 7112
9209 7113
9694 7113
11943 7113
10175 7113
10108 7113
9606 7113
2 7113
8728 7114
10592 7114
8353 7114
10939 7114
9396 7114
2 7114
11394 7115
10785 7115
11042 7115
11023 7115
9899 7115
10703 7115
2 7115
11043 7116
9938 7116
8828 7116
8126 7116
11244 7116
11535 7116
10357 7116
10667 7116
9333 7116
9073 7116
10410 7116
2 7116
8849 7117
10276 7117
8558 7117
10950 7117
8654 7117
10845 7117
10803 7117
2 7117
8896 7118
8820 7118
10784 7118
9278 7118
11050 7118
8167 7118
10686 7118
11199 7118
9287 7118
10225 7118
11502 7118
2 7118
11457 7119
10348 7119
10676 7119
9480 7119
10211 7119
11646 7119
9791 7119
9334 7119
8519 7119
8944 7119
2 7119
11221 7120
8288 7120
9683 7120
10138 7120
8609 7120
11765 7120
9095 7120
11190 7120
11567 7120
8458 7120
9896 7120
2 7120
8542 7121
8735 7121
8193 7121
10682 7121
10792 7121
8873 7121
11324 7121
2 7121
9929 7122
9252 7122
11633 7122
8584 7122
9612 7122
2 7122
10184 7123
10944 7123
11957 7123
9414 7123
9707 7123
9473 7123
11188 7123
10511 7123
8095 7123
11003 7123
2 7123
9616 7124
11859 7124
8911 7124
8974 7124
9032 7124
8709 7124
11845 7124
10074 7124
9981 7124
11056 7124
2 7124
10465 7125
11878 7125
9718 7125
10783 7125
10429 7125
11251 7125
11538 7125
9809 7125
11229 7125
9636 7125
8036 7125
2 7125
9593 7126
11378 7126
10931 7126
9815 7126
9983 7126
9303 7126
8625 7126
11396 7126
2 7126
11027 7127
9668 7127
11694 7127
11664 7127
2 7127
10738 7128
11618 7128
8123 7128
10767 7128
10004 7128
9025 7128
10341 7128
9326 7128
2 7128
8136 7129
8734 7129
10606 7129
8233 7129
10988 7129
11162 7129
11410 7129
11613 7129
2 7129
9233 7130
11502 7130
11466 7130
8028 7130
10013 7130
8950 7130
11116 7130
2 7130
8991 7131
10716 7131
8206 7131
8860 7131
11704 7131
11483 7131
10117 7131
11951 7131
11960 7131
8123 7131
9754 7131
2 7131
11963 7132
11538 7132
9761 7132
9425 7132
9504 7132
10949 7132
9119 7132
10061 7132
9679 7132
2 7132
10057 7133
10627 7133
9909 7133
11116 7133
9991 7133
9532 7133
8580 7133
9005 7133
2 7133
11408 7134
9888 7134
9092 7134
10339 7134
11284 7134
9742 7134
2 7134
9728 7135
10910 7135
11683 7135
8801 7135
9847 7135
11974 7135
11834 7135
2 7135
10744 7136
9828 7136
8248 7136
10294 7136
11796 7136
10610 7136
8504 7136
9642 7136
9475 7136
11370 7136
10902 7136
2 7136
10120 7137
11081 7137
8501 7137
9285 7137
10550 7137
10892 7137
11411 7137
10293 7137
9632 7137
10140 7137
2 7137
11953 7138
8887 7138
9550 7138
11758 7138
9746 7138
2 7138
9996 7139
9848 7139
8732 7139
9650 7139
10144 7139
2 7139
8661 7140
8829 7140
9915 7140
10917 7140
11831 7140
9556 7140
11553 7140
10294 7140
8925 7140
2 7140
11321 7141
11403 7141
8249 7141
11745 7141
8358 7141
8952 7141
9076 7141
2 7141
8592 7142
8519 7142
11821 7142
8826 7142
11711 7142
2 7142
11715 7143
8734 7143
10490 7143
11598 7143
9781 7143
10931 7143
10467 7143
8805 7143
8697 7143
2 7143
10503 7144
11153 7144
10007 7144
8867 7144
8730 7144
2 7144
10602 7145
9853 7145
11016 7145
9695 7145
9952 7145
8152 7145
9434 7145
10690 7145
11048 7145
2 7145
9631 7146
8599 7146
9685 7146
8729 7146
9093 7146
10132 7146
11555 7146
2 7146
10221 7147
9922 7147
10961 7147
9411 7147
11583 7147
2 7147
8962 7148
8718 7148
9435 7148
9781 7148
9372 7148
9956 7148
8137 7148
10408 7148
11661 7148
10047 7148
10955 7148
2 7148
10173 7149
10536 7149
9562 7149
8598 7149
11939 7149
11764 7149
11406 7149
11322 7149
9976 7149
9462 7149
9405 7149
2 7149
11893 7150
11690 7150
8215 7150
10610 7150
9465 7150
8368 7150
8037 7150
8567 7150
10698 7150
9126 7150
9873 7150
2 7150
9680 7151
8403 7151
9945 7151
11640 7151
11148 7151
8097 7151
11458 7151
2 7151
9136 7152
8668 7152
10621 7152
11453 7152
8148 7152
2 7152
9212 7153
9944 7153
11698 7153
10884 7153
11425 7153
9946 7153
2 7153
8209 7154
8041 7154
9069 7154
10280 7154
9030 7154
10467 7154
9605 7154
8078 7154
8062 7154
9372 7154
2 7154
9726 7155
11434 7155
11293 7155
11194 7155
8514 7155
9527 7155
11420 7155
8576 7155
2 7155
9902 7156
10032 7156
8282 7156
9495 7156
2 7156
9820 7157
8920 7157
10172 7157
11026 7157
10812 7157
9945 7157
2 7157
8438 7158
9632 7158
10309 7158
8607 7158
2 7158
10119 7159
8183 7159
10448 7159
8346 7159
8104 7159
9950 7159
11937 7159
0 7159
8732 7159
2 7159
11245 7160
10396 7160
11694 7160
8472 7160
8312 7160
11513 7160
10181 7160
8172 7160
10583 7160
2 7160
10256 7161
8305 7161
8985 7161
10202 7161
10480 7161
11426 7161
8172 7161
10093 7161
2 7161
11496 7162
10930 7162
11857 7162
10962 7162
9852 7162
10899 7162
2 7162
9507 7163
9896 7163
11544 7163
9108 7163
10086 7163
10892 7163
9565 7163
2 7163
8884 7164
9892 7164
8252 7164
10287 7164
9267 7164
11526 7164
0 7164
9922 7164
10300 7164
10499 7164
0 7164
2 7164
11076 7165
9898 7165
10369 7165
10356 7165
9463 7165
8251 7165
2 7165
10003 7166
11493 7166
10407 7166
10830 7166
11691 7166
9030 7166
8790 7166
9530 7166
2 7166
10182 7167
8607 7167
11077 7167
10820 7167
2 7167
11872 7168
9225 7168
11069 7168
11605 7168
2 7168
8009 7169
11149 7169
10296 7169
9785 7169
8678 7169
2 7169
8513 7170
9450 7170
11062 7170
11875 7170
8630 7170
9451 7170
9362 7170
8057 7170
2 7170
11775 7171
11248 7171
11499 7171
9763 7171
9816 7171
2 7171
8404 7172
9318 7172
8269 7172
8396 7172
10350 7172
9340 7172
10190 7172
8657 7172
8193 7172
2 7172
11049 7173
11773 7173
9402 7173
10029 7173
9809 7173
8356 7173
8007 7173
2 7173
10431 7174
9141 7174
10326 7174
10608 7174
9812 7174
8923 7174
11188 7174
8032 7174
8344 7174
2 7174
11481 7175
10951 7175
10841 7175
9842 7175
11769 7175
9418 7175
11328 7175
11208 7175
8317 7175
10000 7175
10857 7175
2 7175
10512 7176
8308 7176
11474 7176
10244 7176
2 7176
9593 7177
10168 7177
8187 7177
8624 7177
8889 7177
10855 7177
2 7177
8135 7178
10226 7178
9324 7178
10712 7178
9590 7178
10320 7178
11657 7178
9304 7178
10630 7178
2 7178
8304 7179
9349 7179
8360 7179
8549 7179
8898 7179
8534 7179
9500 7179
8186 7179
2 7179
9175 7180
8030 7180
11886 7180
11405 7180
10242 7180
8752 7180
8151 7180
10041 7180
10503 7180
8069 7180
9024 7180
2 7180
9333 7181
10087 7181
8098 7181
8673 7181
9382 7181
10916 7181
2 7181
11007 7182
11163 7182
9785 7182
11837 7182
10857 7182
10884 7182
2 7182
9250 7183
8088 7183
11815 7183
8338 7183
11115 7183
8834 7183
10766 7183
9133 7183
2 7183
11572 7184
9808 7184
9185 7184
10195 7184
8412 7184
11455 7184
11410 7184
2 7184
10237 7185
9275 7185
8770 7185
11178 7185
10070 7185
2 7185
9068 7186
8053 7186
9266 7186
11156 7186
9893 7186
10984 7186
10230 7186
10610 7186
2 7186
8230 7187
11749 7187
9478 7187
11672 7187
8165 7187
9840 7187
11485 7187
10988 7187
11566 7187
9942 7187
2 7187
11957 7188
11625 7188
10732 7188
10011 7188
2 7188
9703 7189
10374 7189
11216 7189
8779 7189
11783 7189
8712 7189
8766 7189
11443 7189
9391 7189
11907 7189
8689 7189
2 7189
9817 7190
10376 7190
9175 7190
8515 7190
9536 7190
11462 7190
11212 7190
2 7190
9890 7191
9240 7191
9734 7191
9357 7191
8034 7191
9430 7191
2 7191
10998 7192
9429 7192
8348 7192
10031 7192
8613 7192
8949 7192
11474 7192
11707 7192
2 7192
10603 7193
10333 7193
9720 7193
10028 7193
10059 7193
11505 7193
11951 7193
11852 7193
2 7193
8095 7194
10826 7194
10443 7194
9265 7194
8899 7194
9541 7194
9041 7194
10302 7194
2 7194
10609 7195
10045 7195
11583 7195
8986 7195
9772 7195
11441 7195
0 7195
8038 7195
9038 7195
8542 7195
2 7195
11267 7196
9639 7196
11817 7196
10702 7196
8966 7196
9349 7196
11822 7196
11472 7196
2 7196
11016 7197
11239 7197
11472 7197
11738 7197
10421 7197
8165 7197
8119 7197
10167 7197
11224 7197
2 7197
11648 7198
11907 7198
9367 7198
11270 7198
9288 7198
9564 7198
8462 7198
9802 7198
11083 7198
10170 7198
8859 7198
2 7198
11723 7199
10787 7199
10887 7199
10148 7199
10003 7199
11514 7199
9385 7199
11104 7199
2 7199
11435 7200
9324 7200
10650 7200
9722 7200
10372 7200
9322 7200
2 7200
9294 7201
10618 7201
11180 7201
9167 7201
8693 7201
10014 7201
9977 7201
2 7201
11111 7202
10505 7202
9812 7202
9678 7202
11989 7202
11326 7202
11052 7202
9728 7202
2 7202
11329 7203
10676 7203
11211 7203
11599 7203
8159 7203
9660 7203
11580 7203
2 7203
9467 7204
10750 7204
10097 7204
10456 7204
8028 7204
10550 7204
2 7204
10631 7205
11132 7205
10888 7205
8596 7205
11469 7205
9594 7205
2 7205
8296 7206
9152 7206
10889 7206
9219 7206
2 7206
10936 7207
11995 7207
11668 7207
8229 7207
11343 7207
9340 7207
11120 7207
2 7207
10649 7208
11931 7208
8918 7208
9199 7208
9099 7208
10574 7208
11621 7208
8097 7208
2 7208
11889 7209
11978 7209
10259 7209
8261 7209
11788 7209
8022 7209
10751 7209
8646 7209
10459 7209
2 7209
8262 7210
10903 7210
9750 7210
8614 7210
9631 7210
2 7210
9557 7211
11438 7211
8298 7211
11308 7211
10582 7211
2 7211
10087 7212
8606 7212
11663 7212
11621 7212
9333 7212
11369 7212
11819 7212
11265 7212
10218 7212
9258 7212
2 7212
9681 7213
11082 7213
9594 7213
9355 7213
9430 7213
2 7213
10741 7214
9664 7214
11339 7214
9641 7214
10203 7214
2 7214
11183 7215
8103 7215
10974 7215
10579 7215
8819 7215
9747 7215
8160 7215
9992 7215
2 7215
9743 7216
11867 7216
8341 7216
9372 7216
11129 7216
10977 7216
8349 7216
2 7216
9809 7217
8910 7217
8411 7217
9532 7217
9583 7217
10689 7217
2 7217
11998 7218
11892 7218
9129 7218
11211 7218
9235 7218
10787 7218
8327 7218
2 7218
8980 7219
11196 7219
10190 7219
8133 7219
10683 7219
8692 7219
10466 7219
10499 7219
9895 7219
8146 7219
2 7219
8940 7220
11516 7220
11938 7220
11127 7220
9480 7220
10725 7220
11222 7220
8023 7220
9951 7220
2 7220
8473 7221
9676 7221
8754 7221
8861 7221
8607 7221
11093 7221
2 7221
11756 7222
9442 7222
8253 7222
9136 7222
10069 7222
9417 7222
8690 7222
8236 7222
11178 7222
11147 7222
2 7222
9385 7223
8857 7223
11859 7223
9981 7223
10007 7223
8595 7223
10169 7223
11822 7223
8041 7223
2 7223
8131 7224
11161 7224
9231 7224
10158 7224
11069 7224
11022 7224
9652 7224
9954 7224
10507 7224
2 7224
10435 7225
9411 7225
11909 7225
11107 7225
9712 7225
2 7225
8465 7226
8566 7226
10206 7226
8995 7226
10181 7226
11060 7226
10251 7226
10141 7226
10449 7226
9710 7226
8902 7226
2 7226
9246 7227
11181 7227
10454 7227
10500 7227
10525 7227
11910 7227
11975 7227
8174 7227
9060 7227
9417 7227
2 7227
11032 7228
11957 7228
9528 7228
10323 7228
9573 7228
10295 7228
2 7228
8497 7229
11763 7229
10244 7229
9434 7229
11506 7229
8044 7229
2 7229
9151 7230
11054 7230
10126 7230
8690 7230
10749 7230
9730 7230
8409 7230
2 7230
9147 7231
10984 7231
11639 7231
9756 7231
10399 7231
2 7231
11836 7232
11129 7232
11334 7232
10743 7232
10142 7232
11693 7232
9856 7232
8703 7232
9947 7232
2 7232
8631 7233
10803 7233
8252 7233
10199 7233
8146 7233
11884 7233
11441 7233
10221 7233
2 7233
8137 7234
11598 7234
9534 7234
10008 7234
10084 7234
8077 7234
9359 7234
11607 7234
11023 7234
10236 7234
8099 7234
2 7234
9654 7235
11472 7235
9739 7235
9385 7235
10988 7235
9888 7235
11158 7235
10762 7235
10909 7235
9590 7235
2 7235
10163 7236
11811 7236
11929 7236
10718 7236
2 7236
10884 7237
10710 7237
11453 7237
11910 7237
2 7237
10127 7238
11130 7238
10398 7238
10526 7238
11525 7238
8650 7238
11930 7238
11178 7238
8572 7238
2 7238
8303 7239
8124 7239
10309 7239
10389 7239
11712 7239
10571 7239
10534 7239
2 7239
10648 7240
11709 7240
9773 7240
11325 7240
9936 7240
10976 7240
8166 7240
9738 7240
2 7240
8627 7241
10939 7241
9998 7241
9553 7241
2 7241
10926 7242
9093 7242
10763 7242
8195 7242
8394 7242
9638 7242
2 7242
8148 7243
10269 7243
8355 7243
11854 7243
9514 7243
8690 7243
8650 7243
10444 7243
2 7243
11620 7244
8674 7244
9969 7244
11967 7244
9596 7244
11787 7244
10564 7244
2 7244
9456 7245
9488 7245
8776 7245
11707 7245
11211 7245
2 7245
8064 7246
11144 7246
9900 7246
9344 7246
9802 7246
9735 7246
10844 7246
9197 7246
2 7246
9065 7247
11244 7247
11168 7247
11156 7247
10568 7247
8706 7247
11106 7247
9452 7247
8288 7247
8585 7247
11242 7247
2 7247
8977 7248
10545 7248
10118 7248
9805 7248
11170 7248
8639 7248
10454 7248
8082 7248
9506 7248
11605 7248
8531 7248
2 7248
11433 7249
9909 7249
10213 7249
9927 7249
11833 7249
11782 7249
2 7249
9455 7250
8822 7250
8057 7250
10562 7250
8322 7250
10403 7250
11511 7250
10450 7250
11288 7250
9339 7250
2 7250
11269 7251
10081 7251
11115 7251
9719 7251
9448 7251
11362 7251
9420 7251
11293 7251
2 7251
8654 7252
11937 7252
10108 7252
8542 7252
2 7252
9684 7253
9066 7253
9125 7253
11561 7253
11315 7253
10005 7253
2 7253
11790 7254
10257 7254
10053 7254
11688 7254
10427 7254
10197 7254
11395 7254
2 7254
8992 7255
8534 7255
8366 7255
9092 7255
11408 7255
8008 7255
8632 7255
10228 7255
9605 7255
9292 7255
10278 7255
2 7255
8640 7256
9861 7256
9088 7256
10200 7256
8081 7256
10934 7256
2 7256
9037 7257
9149 7257
9232 7257
8559 7257
8914 7257
2 7257
9498 7258
10104 7258
9630 7258
9537 7258
9789 7258
11806 7258
10619 7258
11963 7258
8575 7258
11271 7258
8458 7258
2 7258
9971 7259
9891 7259
9268 7259
11589 7259
8756 7259
10672 7259
10111 7259
9638 7259
2 7259
10760 7260
11007 7260
9238 7260
8204 7260
11181 7260
9706 7260
9960 7260
10821 7260
8909 7260
9923 7260
2 7260
11831 7261
9999 7261
8618 7261
11879 7261
11305 7261
2 7261
8810 7262
9933 7262
10695 7262
11765 7262
9147 7262
11737 7262
9991 7262
11960 7262
10039 7262
2 7262
9292 7263
11693 7263
10385 7263
9947 7263
10490 7263
10895 7263
10554 7263
10763 7263
9276 7263
9429 7263
2 7263
11851 7264
10050 7264
10867 7264
9713 7264
8090 7264
10016 7264
11939 7264
8862 7264
11862 7264
2 7264
9993 7265
8225 7265
9930 7265
10526 7265
10969 7265
11014 7265
8564 7265
10721 7265
11373 7265
2 7265
9890 7266
9286 7266
8350 7266
10888 7266
8576 7266
9307 7266
11257 7266
9387 7266
10443 7266
9355 7266
2 7266
8725 7267
8797 7267
10623 7267
9282 7267
2 7267
10006 7268
10824 7268
11875 7268
11961 7268
11342 7268
11844 7268
8920 7268
8101 7268
8677 7268
2 7268
8763 7269
10457 7269
9091 7269
11406 7269
11330 7269
10154 7269
9385 7269
2 7269
8626 7270
8614 7270
9296 7270
10981 7270
10572 7270
9835 7270
10763 7270
10032 7270
8568 7270
10797 7270
11350 7270
2 7270
8242 7271
10617 7271
8541 7271
8363 7271
10218 7271
9258 7271
10996 7271
2 7271
8991 7272
10882 7272
9437 7272
8016 7272
9717 7272
9426 7272
8742 7272
10342 7272
2 7272
10557 7273
11735 7273
8219 7273
10288 7273
9982 7273
2 7273
9256 7274
8535 7274
11261 7274
8892 7274
11326 7274
8256 7274
10256 7274
2 7274
11255 7275
10210 7275
10608 7275
8863 7275
8821 7275
11825 7275
2 7275
11552 7276
9512 7276
9106 7276
8800 7276
9583 7276
11382 7276
2 7276
10840 7277
9390 7277
8338 7277
11744 7277
8821 7277
9985 7277
10692 7277
9531 7277
2 7277
11669 7278
9876 7278
9691 7278
10454 7278
9518 7278
8650 7278
8359 7278
2 7278
10829 7279
9030 7279
10838 7279
8142 7279
8592 7279
11078 7279
11514 7279
10560 7279
11784 7279
9659 7279
8974 7279
2 7279
8143 7280
9517 7280
10024 7280
9968 7280
10723 7280
8646 7280
9121 7280
11074 7280
2 7280
11107 7281
9849 7281
11030 7281
10961 7281
11668 7281
11732 7281
10918 7281
10300 7281
9694 7281
11884 7281
2 7281
11275 7282
10425 7282
8646 7282
8853 7282
2 7282
10495 7283
9360 7283
10025 7283
11887 7283
8389 7283
10670 7283
10707 7283
8782 7283
2 7283
8327 7284
11713 7284
8886 7284
11475 7284
11619 7284
11086 7284
8751 7284
2 7284
9105 7285
9709 7285
11589 7285
11859 7285
10031 7285
10572 7285
9459 7285
10063 7285
10554 7285
8844 7285
10911 7285
2 7285
11495 7286
8427 7286
10670 7286
10561 7286
9437 7286
8126 7286
8780 7286
2 7286
10441 7287
9510 7287
9520 7287
10692 7287
8893 7287
10776 7287
10451 7287
9698 7287
2 7287
11418 7288
9531 7288
9315 7288
8205 7288
11397 7288
8344 7288
8728 7288
2 7288
11415 7289
8934 7289
8893 7289
8571 7289
8235 7289
10542 7289
11634 7289
8617 7289
9707 7289
8885 7289
10815 7289
2 7289
11214 7290
9872 7290
8473 7290
11569 7290
9461 7290
9662 7290
8216 7290
10113 7290
2 7290
10612 7291
8271 7291
9502 7291
11994 7291
9271 7291
9604 7291
9315 7291
8559 7291
11647 7291
2 7291
10652 7292
8328 7292
10193 7292
9551 7292
8288 7292
10176 7292
10386 7292
2 7292
10906 7293
11906 7293
9670 7293
11726 7293
8786 7293
10816 7293
11163 7293
2 7293
9261 7294
8160 7294
9807 7294
10209 7294
8232 7294
8969 7294
2 7294
9163 7295
8897 7295
10574 7295
10649 7295
9138 7295
9245 7295
9949 7295
8672 7295
9014 7295
9328 7295
11819 7295
2 7295
9014 7296
9733 7296
10105 7296
9937 7296
9183 7296
11244 7296
11640 7296
8778 7296
11251 7296
2 7296
11530 7297
9301 7297
8647 7297
10868 7297
8605 7297
10152 7297
2 7297
8292 7298
9431 7298
10513 7298
11228 7298
9101 7298
9436 7298
9478 7298
8079 7298
11653 7298
8290 7298
2 7298
8506 7299
10555 7299
8202 7299
11404 7299
11848 7299
10695 7299
2 7299
9382 7300
8955 7300
8543 7300
11148 7300
2 7300
8742 7301
9056 7301
9081 7301
9432 7301
8991 7301
11046 7301
10834 7301
11189 7301
9158 7301
8973 7301
11412 7301
2 7301
11691 7302
9224 7302
11057 7302
8345 7302
10228 7302
11846 7302
10003 7302
11119 7302
9091 7302
9443 7302
2 7302
9643 7303
11284 7303
10314 7303
10723 7303
10019 7303
9529 7303
2 7303
9743 7304
9190 7304
8684 7304
8826 7304
9327 7304
9317 7304
8515 7304
10031 7304
9085 7304
2 7304
10450 7305
11247 7305
8363 7305
11639 7305
9481 7305
11770 7305
2 7305
9911 7306
11721 7306
9352 7306
10339 7306
11651 7306
10153 7306
2 7306
11581 7307
10221 7307
9950 7307
9406 7307
9772 7307
2 7307
9659 7308
10664 7308
8334 7308
9787 7308
10142 7308
9107 7308
8956 7308
9891 7308
10616 7308
8642 7308
11171 7308
2 7308
10695 7309
8501 7309
8562 7309
10844 7309
9753 7309
8580 7309
8427 7309
10767 7309
2 7309
8121 7310
8499 7310
11383 7310
9372 7310
10327 7310
9082 7310
2 7310
8884 7311
10950 7311
8244 7311
9800 7311
8193 7311
10276 7311
11501 7311
0 7311
9996 7311
8042 7311
2 7311
11198 7312
8683 7312
11986 7312
11299 7312
2 7312
10929 7313
9252 7313
8495 7313
11016 7313
8751 7313
10977 7313
10572 7313
9865 7313
2 7313
9705 7314
9799 7314
11521 7314
10488 7314
10459 7314
8866 7314
11686 7314
10016 7314
8342 7314
8487 7314
2 7314
9564 7315
11724 7315
9962 7315
10341 7315
2 7315
9749 7316
8708 7316
11872 7316
10786 7316
2 7316
9652 7317
8160 7317
9540 7317
8786 7317
8573 7317
10156 7317
10000 7317
8650 7317
10790 7317
9270 7317
2 7317
9951 7318
11598 7318
9188 7318
10830 7318
9297 7318
11564 7318
8367 7318
2 7318
9114 7319
11070 7319
10959 7319
11331 7319
11741 7319
9827 7319
10783 7319
10872 7319
2 7319
11612 7320
10810 7320
8992 7320
9431 7320
11633 7320
8066 7320
9091 7320
11040 7320
11644 7320
11841 7320
11510 7320
2 7320
10275 7321
8715 7321
11830 7321
10081 7321
9541 7321
8408 7321
9315 7321
9125 7321
2 7321
8215 7322
11928 7322
10023 7322
10629 7322
2 7322
8656 7323
11387 7323
11071 7323
8070 7323
2 7323
8633 7324
11818 7324
11491 7324
10486 7324
2 7324
10546 7325
10507 7325
8164 7325
10286 7325
2 7325
11525 7326
10928 7326
10216 7326
10951 7326
8638 7326
9193 7326
8009 7326
9493 7326
2 7326
9361 7327
11451 7327
11609 7327
8032 7327
2 7327
9586 7328
10318 7328
11291 7328
9852 7328
11243 7328
2 7328
8383 7329
8238 7329
8620 7329
9251 7329
11939 7329
8781 7329
9263 7329
11222 7329
2 7329
8777 7330
11606 7330
10580 7330
11020 7330
9212 7330
10847 7330
8554 7330
11138 7330
11756 7330
2 7330
9187 7331
8521 7331
11522 7331
8180 7331
11752 7331
8856 7331
2 7331
11605 7332
9222 7332
9247 7332
8376 7332
11617 7332
10740 7332
8745 7332
8777 7332
9923 7332
2 7332
11587 7333
9799 7333
9116 7333
9801 7333
11798 7333
10032 7333
8410 7333
2 7333
8022 7334
9521 7334
9456 7334
8498 7334
2 7334
10525 7335
10329 7335
10526 7335
10001 7335
11682 7335
8015 7335
8612 7335
2 7335
9895 7336
0 7336
9015 7336
10255 7336
8453 7336
9173 7336
8154 7336
2 7336
9179 7337
11684 7337
8819 7337
11138 7337
11865 7337
8690 7337
9784 7337
10801 7337
10051 7337
2 7337
9538 7338
9826 7338
8030 7338
8228 7338
11124 7338
10987 7338
2 7338
11756 7339
11766 7339
8908 7339
11615 7339
2 7339
11136 7340
11839 7340
10863 7340
9812 7340
10183 7340
2 7340
10990 7341
9058 7341
8986 7341
8229 7341
8654 7341
10499 7341
11775 7341
0 7341
8647 7341
2 7341
8353 7342
10478 7342
10302 7342
9414 7342
9332 7342
9342 7342
9446 7342
2 7342
11297 7343
11904 7343
8502 7343
8121 7343
10602 7343
2 7343
10175 7344
11880 7344
11714 7344
10330 7344
9015 7344
8654 7344
10144 7344
2 7344
10497 7345
11412 7345
9458 7345
8963 7345
11922 7345
11083 7345
8084 7345
8567 7345
11979 7345
2 7345
10102 7346
9979 7346
9850 7346
11340 7346
2 7346
8739 7347
10364 7347
10617 7347
10440 7347
8347 7347
9072 7347
9567 7347
10674 7347
9056 7347
11595 7347
9016 7347
2 7347
9121 7348
11613 7348
9020 7348
10712 7348
11489 7348
10157 7348
10912 7348
9815 7348
11899 7348
10894 7348
2 7348
10466 7349
11581 7349
10281 7349
11792 7349
10229 7349
8042 7349
2 7349
10858 7350
8996 7350
9747 7350
10208 7350
8977 7350
11665 7350
8082 7350
9785 7350
10269 7350
8658 7350
10873 7350
2 7350
8698 7351
11483 7351
10270 7351
9897 7351
11936 7351
9150 7351
9285 7351
10029 7351
8144 7351
2 7351
9096 7352
10533 7352
10199 7352
10803 7352
11678 7352
8802 7352
9439 7352
8631 7352
2 7352
9329 7353
8141 7353
10992 7353
8886 7353
9320 7353
8191 7353
10830 7353
2 7353
11085 7354
8057 7354
11108 7354
10771 7354
8460 7354
9651 7354
8693 7354
10726 7354
11388 7354
2 7354
8997 7355
11778 7355
11449 7355
10154 7355
9722 7355
10173 7355
10743 7355
9035 7355
11677 7355
11395 7355
9910 7355
2 7355
9027 7356
11967 7356
10728 7356
10054 7356
2 7356
10512 7357
11365 7357
8600 7357
8187 7357
11723 7357
8632 7357
10567 7357
9398 7357
8809 7357
9008 7357
2 7357
8660 7358
10538 7358
9743 7358
9709 7358
9172 7358
2 7358
8899 7359
11752 7359
10295 7359
8652 7359
10114 7359
9708 7359
10492 7359
8636 7359
10592 7359
2 7359
10483 7360
9778 7360
9129 7360
8751 7360
8048 7360
2 7360
8760 7361
11594 7361
9669 7361
10463 7361
10461 7361
11260 7361
2 7361
8257 7362
11965 7362
11641 7362
8384 7362
10292 7362
11923 7362
8083 7362
8398 7362
9049 7362
11625 7362
2 7362
11450 7363
8558 7363
10012 7363
8735 7363
2 7363
8279 7364
8275 7364
8581 7364
9800 7364
2 7364
8647 7365
8679 7365
9022 7365
8274 7365
9416 7365
2 7365
8062 7366
9984 7366
10968 7366
8598 7366
9891 7366
11068 7366
8366 7366
9405 7366
2 7366
8570 7367
10342 7367
10949 7367
9766 7367
9508 7367
8543 7367
9278 7367
8260 7367
9360 7367
11088 7367
2 7367
11346 7368
11853 7368
10748 7368
8176 7368
9902 7368
9843 7368
8483 7368
9801 7368
2 7368
11171 7369
8069 7369
9180 7369
10539 7369
10932 7369
9861 7369
10071 7369
11167 7369
8492 7369
11874 7369
9952 7369
2 7369
8867 7370
8300 7370
11289 7370
9840 7370
9859 7370
9188 7370
9956 7370
9385 7370
8241 7370
9858 7370
9372 7370
2 7370
8126 7371
11724 7371
11699 7371
11922 7371
8773 7371
2 7371
10402 7372
9168 7372
8657 7372
8980 7372
11381 7372
8986 7372
9406 7372
2 7372
10843 7373
8784 7373
10271 7373
11474 7373
10368 7373
10031 7373
8429 7373
9804 7373
9884 7373
2 7373
10041 7374
8400 7374
8879 7374
8432 7374
8412 7374
11693 7374
9748 7374
9685 7374
11463 7374
11298 7374
10752 7374
2 7374
11766 7375
10615 7375
11069 7375
9908 7375
9044 7375
9706 7375
2 7375
8013 7376
8612 7376
11481 7376
8314 7376
10746 7376
10731 7376
2 7376
8512 7377
11995 7377
8183 7377
8812 7377
10845 7377
2 7377
11760 7378
9055 7378
9168 7378
8276 7378
10255 7378
10099 7378
2 7378
9789 7379
9031 7379
9313 7379
8671 7379
10913 7379
9507 7379
11288 7379
2 7379
11076 7380
9765 7380
10127 7380
9908 7380
9988 7380
8409 7380
11615 7380
9833 7380
11163 7380
2 7380
9194 7381
11195 7381
9152 7381
8619 7381
11548 7381
11622 7381
10395 7381
2 7381
11187 7382
9887 7382
9758 7382
11577 7382
9626 7382
10342 7382
9023 7382
11305 7382
8382 7382
9382 7382
9680 7382
2 7382
11186 7383
9923 7383
9721 7383
10621 7383
11181 7383
8563 7383
8434 7383
8392 7383
8253 7383
11138 7383
11022 7383
2 7383
10102 7384
8691 7384
9459 7384
8642 7384
11788 7384
11691 7384
8136 7384
9170 7384
10503 7384
11685 7384
10137 7384
2 7384
9168 7385
11487 7385
8183 7385
9740 7385
9682 7385
11792 7385
8104 7385
2 7385
9738 7386
8914 7386
10557 7386
9145 7386
9302 7386
8593 7386
11320 7386
2 7386
10140 7387
9197 7387
11893 7387
8328 7387
9629 7387
8574 7387
9243 7387
9255 7387
11848 7387
2 7387
9981 7388
11681 7388
10102 7388
11807 7388
10723 7388
11900 7388
11182 7388
10015 7388
2 7388
11143 7389
9672 7389
10652 7389
10960 7389
9487 7389
9285 7389
9294 7389
9582 7389
2 7389
11788 7390
9863 7390
11953 7390
11471 7390
2 7390
10959 7391
9945 7391
9676 7391
8984 7391
8309 7391
10220 7391
11412 7391
2 7391
10423 7392
10588 7392
8218 7392
9874 7392
0 7392
2 7392
9364 7393
8371 7393
11679 7393
8640 7393
8946 7393
2 7393
9798 7394
8412 7394
9764 7394
11430 7394
11912 7394
2 7394
11365 7395
11172 7395
11520 7395
10236 7395
9612 7395
10407 7395
10031 7395
2 7395
8107 7396
9355 7396
10124 7396
11024 7396
8938 7396
11811 7396
9338 7396
2 7396
10559 7397
8793 7397
9581 7397
10669 7397
9373 7397
11815 7397
2 7397
9130 7398
8030 7398
9878 7398
10442 7398
11964 7398
10367 7398
8626 7398
2 7398
11836 7399
9188 7399
8261 7399
10865 7399
2 7399
9713 7400
11378 7400
8702 7400
9296 7400
9639 7400
10311 7400
10404 7400
10894 7400
2 7400
8039 7401
9189 7401
8716 7401
10228 7401
10347 7401
10470 7401
11384 7401
8781 7401
11029 7401
2 7401
8180 7402
8664 7402
9516 7402
10724 7402
11683 7402
2 7402
8946 7403
8714 7403
10274 7403
8684 7403
10712 7403
11939 7403
9092 7403
8886 7403
2 7403
10022 7404
8054 7404
9130 7404
9227 7404
11395 7404
2 7404
9231 7405
11531 7405
9992 7405
8700 7405
8161 7405
10303 7405
10736 7405
8469 7405
2 7405
9292 7406
11564 7406
9252 7406
8021 7406
10380 7406
9839 7406
10941 7406
10900 7406
2 7406
8432 7407
10405 7407
9398 7407
10151 7407
10929 7407
9695 7407
11365 7407
2 7407
10446 7408
9872 7408
11640 7408
8656 7408
9482 7408
9626 7408
9940 7408
10473 7408
9273 7408
2 7408
9788 7409
11365 7409
10763 7409
9503 7409
11162 7409
2 7409
10177 7410
9630 7410
10783 7410
8895 7410
2 7410
11320 7411
8907 7411
10608 7411
11028 7411
10486 7411
10353 7411
10295 7411
9361 7411
9078 7411
8757 7411
8793 7411
2 7411
8233 7412
9826 7412
10137 7412
10935 7412
11055 7412
10166 7412
2 7412
9520 7413
10776 7413
8420 7413
11926 7413
10777 7413
2 7413
9770 7414
8767 7414
8810 7414
11858 7414
8071 7414
11272 7414
9618 7414
9108 7414
10836 7414
8925 7414
11951 7414
2 7414
10604 7415
9661 7415
10597 7415
10602 7415
2 7415
10981 7416
9984 7416
8470 7416
10626 7416
2 7416
10120 7417
10013 7417
9087 7417
9665 7417
11180 7417
2 7417
8519 7418
9127 7418
8077 7418
11702 7418
10616 7418
11295 7418
10501 7418
10368 7418
10880 7418
8099 7418
8911 7418
2 7418
9702 7419
8465 7419
11095 7419
11177 7419
9375 7419
11115 7419
11428 7419
9553 7419
2 7419
11340 7420
11821 7420
11859 7420
9216 7420
9697 7420
2 7420
8342 7421
10626 7421
9590 7421
11037 7421
8853 7421
10098 7421
2 7421
11080 7422
8203 7422
8148 7422
9506 7422
9225 7422
9261 7422
10721 7422
9699 7422
10736 7422
8160 7422
2 7422
8827 7423
10989 7423
11039 7423
11545 7423
11544 7423
10294 7423
11770 7423
8917 7423
9031 7423
8746 7423
9186 7423
2 7423
11099 7424
8441 7424
9763 7424
10466 7424
11302 7424
10330 7424
10072 7424
8982 7424
10792 7424
9038 7424
2 7424
9953 7425
10397 7425
9720 7425
10563 7425
8579 7425
8755 7425
8036 7425
2 7425
8825 7426
8659 7426
10538 7426
8360 7426
2 7426
10467 7427
10932 7427
10887 7427
10196 7427
10409 7427
2 7427
11369 7428
9609 7428
9233 7428
9147 7428
11356 7428
10839 7428
10205 7428
10030 7428
9089 7428
2 7428
11989 7429
11185 7429
8533 7429
9474 7429
9655 7429
11257 7429
2 7429
10159 7430
9488 7430
11549 7430
11192 7430
9661 7430
8525 7430
10391 7430
9103 7430
0 7430
2 7430
9343 7431
9147 7431
10674 7431
9672 7431
11443 7431
10117 7431
8347 7431
2 7431
8900 7432
11106 7432
11077 7432
8246 7432
9426 7432
8287 7432
2 7432
11898 7433
11418 7433
11601 7433
10481 7433
8181 7433
10860 7433
10239 7433
10948 7433
9708 7433
11561 7433
2 7433
10746 7434
8395 7434
10237 7434
11930 7434
2 7434
11039 7435
8130 7435
8510 7435
10182 7435
11432 7435
10472 7435
11796 7435
8053 7435
8462 7435
11070 7435
11321 7435
2 7435
10481 7436
11551 7436
11291 7436
11362 7436
10612 7436
8313 7436
10766 7436
11344 7436
2 7436
9954 7437
8908 7437
11253 7437
11766 7437
2 7437
9247 7438
9785 7438
9923 7438
9988 7438
2 7438
9027 7439
11573 7439
11855 7439
9332 7439
9141 7439
11082 7439
8344 7439
11658 7439
11044 7439
2 7439
9001 7440
10645 7440
10921 7440
8087 7440
11546 7440
9891 7440
8209 7440
2 7440
8768 7441
11234 7441
8600 7441
11384 7441
9129 7441
9359 7441
8846 7441
2 7441
10840 7442
9336 7442
10451 7442
8868 7442
8095 7442
8902 7442
9985 7442
9213 7442
11337 7442
10180 7442
9813 7442
2 7442
8389 7443
8896 7443
8093 7443
8948 7443
8900 7443
2 7443
8273 7444
8733 7444
10210 7444
9544 7444
10823 7444
9378 7444
11431 7444
10180 7444
8636 7444
8537 7444
2 7444
9917 7445
9469 7445
9059 7445
10528 7445
9934 7445
9276 7445
10297 7445
10907 7445
9080 7445
2 7445
8091 7446
11425 7446
9383 7446
9018 7446
11955 7446
11574 7446
10469 7446
10786 7446
2 7446
8588 7447
8291 7447
9906 7447
9061 7447
2 7447
11609 7448
11491 7448
8115 7448
8931 7448
10598 7448
9122 7448
9086 7448
11664 7448
9483 7448
8178 7448
2 7448
8865 7449
10096 7449
11945 7449
10654 7449
11752 7449
2 7449
11389 7450
10423 7450
8899 7450
10728 7450
8842 7450
2 7450
9935 7451
11955 7451
8302 7451
8362 7451
11630 7451
8336 7451
8690 7451
10740 7451
11729 7451
2 7451
11332 7452
10454 7452
9171 7452
8015 7452
11453 7452
10985 7452
10746 7452
9765 7452
8557 7452
11101 7452
10485 7452
2 7452
9190 7453
8342 7453
9934 7453
9623 7453
2 7453
9085 7454
8853 7454
10946 7454
8534 7454
9947 7454
10378 7454
8329 7454
2 7454
8353 7455
10449 7455
11496 7455
11989 7455
2 7455
11808 7456
10161 7456
9906 7456
11170 7456
11183 7456
2 7456
8992 7457
11312 7457
9534 7457
11074 7457
10751 7457
8296 7457
9552 7457
9981 7457
8853 7457
2 7457
10977 7458
11862 7458
8041 7458
10362 7458
11128 7458
9322 7458
8756 7458
10280 7458
9407 7458
10512 7458
9297 7458
2 7458
8604 7459
11335 7459
10612 7459
11003 7459
10107 7459
2 7459
11911 7460
10528 7460
10853 7460
11697 7460
2 7460
10111 7461
9622 7461
11580 7461
8904 7461
8227 7461
9385 7461
11633 7461
8532 7461
10203 7461
2 7461
9883 7462
11343 7462
10995 7462
9406 7462
8447 7462
8346 7462
11478 7462
9772 7462
10854 7462
9301 7462
2 7462
10072 7463
9610 7463
9096 7463
11200 7463
11324 7463
8558 7463
2 7463
11999 7464
11288 7464
10773 7464
10052 7464
9864 7464
10261 7464
11151 7464
8423 7464
11006 7464
2 7464
11274 7465
9611 7465
11412 7465
11009 7465
10294 7465
9470 7465
8932 7465
10432 7465
10057 7465
10916 7465
8990 7465
2 7465
11473 7466
9834 7466
8364 7466
10725 7466
10367 7466
10880 7466
10299 7466
9748 7466
2 7466
11605 7467
11606 7467
10269 7467
10070 7467
8922 7467
2 7467
8335 7468
11798 7468
8366 7468
10664 7468
11721 7468
9643 7468
9888 7468
10032 7468
8929 7468
10789 7468
2 7468
9140 7469
8032 7469
9604 7469
10705 7469
2 7469
8584 7470
10753 7470
9153 7470
9517 7470
9091 7470
8956 7470
11333 7470
10920 7470
2 7470
10781 7471
10846 7471
9947 7471
11423 7471
2 7471
11280 7472
11450 7472
8667 7472
9610 7472
10383 7472
11785 7472
11884 7472
2 7472
9361 7473
11402 7473
11683 7473
10777 7473
8138 7473
11052 7473
9239 7473
8172 7473
8199 7473
10684 7473
2 7473
9680 7474
11676 7474
9362 7474
9651 7474
9183 7474
9779 7474
10172 7474
10704 7474
9402 7474
9198 7474
10618 7474
2 7474
10911 7475
8929 7475
10263 7475
9959 7475
11455 7475
10676 7475
11154 7475
9329 7475
2 7475
8950 7476
8562 7476
10340 7476
9793 7476
8869 7476
9587 7476
2 7476
9551 7477
11266 7477
9287 7477
8637 7477
8288 7477
10632 7477
9294 7477
8523 7477
11237 7477
11318 7477
8513 7477
2 7477
9156 7478
10941 7478
9219 7478
11935 7478
10539 7478
9403 7478
9235 7478
11635 7478
11520 7478
8646 7478
10406 7478
2 7478
8127 7479
11630 7479
11771 7479
8701 7479
8815 7479
8317 7479
9810 7479
8203 7479
10237 7479
2 7479
10942 7480
11138 7480
11771 7480
10398 7480
2 7480
8579 7481
8772 7481
10113 7481
9343 7481
2 7481
9736 7482
10661 7482
10593 7482
8133 7482
11799 7482
2 7482
9008 7483
10830 7483
10719 7483
9817 7483
10512 7483
9910 7483
9866 7483
9459 7483
10167 7483
11672 7483
2 7483
9026 7484
10262 7484
8017 7484
9851 7484
8409 7484
2 7484
11148 7485
10652 7485
11961 7485
11879 7485
2 7485
9324 7486
9600 7486
9931 7486
8940 7486
2 7486
10466 7487
10255 7487
9029 7487
11441 7487
11499 7487
8453 7487
11207 7487
9895 7487
8110 7487
8835 7487
9168 7487
2 7487
10055 7488
9854 7488
11480 7488
9852 7488
9187 7488
2 7488
8146 7489
10350 7489
10422 7489
11354 7489
9428 7489
2 7489
8356 7490
8182 7490
11404 7490
8920 7490
8540 7490
9689 7490
10261 7490
11106 7490
9087 7490
2 7490
9389 7491
8354 7491
11068 7491
9203 7491
8502 7491
11707 7491
11471 7491
10639 7491
10520 7491
10539 7491
2 7491
9961 7492
10343 7492
10142 7492
9503 7492
10538 7492
2 7492
9449 7493
11463 7493
9990 7493
8189 7493
2 7493
10399 7494
11143 7494
10874 7494
10970 7494
11445 7494
10561 7494
9583 7494
2 7494
11541 7495
9453 7495
10679 7495
10384 7495
8397 7495
8162 7495
9290 7495
10001 7495
11240 7495
9053 7495
9418 7495
2 7495
9574 7496
11805 7496
8909 7496
9701 7496
10001 7496
10710 7496
9393 7496
10051 7496
11982 7496
11632 7496
2 7496
8881 7497
11257 7497
11402 7497
9098 7497
10346 7497
10553 7497
11898 7497
10766 7497
9546 7497
2 7497
8172 7498
10494 7498
10181 7498
11015 7498
10777 7498
9569 7498
8587 7498
2 7498
8233 7499
11662 7499
10169 7499
11717 7499
9910 7499
10366 7499
2 7499
8097 7500
11126 7500
8231 7500
10420 7500
10057 7500
10187 7500
2 7500
10446 7501
8644 7501
8020 7501
9196 7501
11214 7501
9504 7501
11618 7501
11979 7501
2 7501
9435 7502
8343 7502
10743 7502
8062 7502
10751 7502
2 7502
9734 7503
11044 7503
10776 7503
10802 7503
11337 7503
8633 7503
2 7503
10144 7504
9883 7504
10383 7504
8654 7504
8679 7504
2 7504
8376 7505
11311 7505
9050 7505
8397 7505
9757 7505
9805 7505
10884 7505
2 7505
9570 7506
9584 7506
10101 7506
10512 7506
10856 7506
2 7506
9831 7507
8907 7507
8629 7507
10669 7507
9122 7507
10862 7507
11361 7507
10899 7507
10324 7507
11261 7507
11325 7507
2 7507
8019 7508
9408 7508
9775 7508
10402 7508
9400 7508
11583 7508
11120 7508
11499 7508
9386 7508
2 7508
10419 7509
10174 7509
11916 7509
10498 7509
11286 7509
9379 7509
2 7509
10459 7510
9638 7510
8044 7510
10084 7510
9590 7510
8284 7510
9911 7510
8230 7510
2 7510
9659 7511
9194 7511
9921 7511
10539 7511
9781 7511
2 7511
9297 7512
8597 7512
9984 7512
8814 7512
10245 7512
11001 7512
8197 7512
9917 7512
8440 7512
2 7512
9760 7513
9007 7513
8712 7513
8766 7513
11944 7513
10428 7513
10954 7513
10833 7513
2 7513
9960 7514
11414 7514
9253 7514
11149 7514
11917 7514
11163 7514
10821 7514
10164 7514
10444 7514
11014 7514
8225 7514
2 7514
8162 7515
9876 7515
8903 7515
9212 7515
11373 7515
8913 7515
9652 7515
8569 7515
8901 7515
9993 7515
2 7515
10953 7516
8605 7516
9055 7516
11775 7516
10099 7516
9168 7516
8581 7516
11017 7516
9610 7516
9955 7516
2 7516
10179 7517
10626 7517
11790 7517
10909 7517
8522 7517
9584 7517
8841 7517
10503 7517
9059 7517
11154 7517
2 7517
10841 7518
11854 7518
8922 7518
10150 7518
9992 7518
8359 7518
8819 7518
11399 7518
11181 7518
2 7518
8361 7519
8104 7519
11775 7519
11450 7519
10995 7519
8732 7519
9682 7519
10792 7519
2 7519
10824 7520
11674 7520
8298 7520
11244 7520
11079 7520
8457 7520
2 7520
10169 7521
9600 7521
8418 7521
8759 7521
11840 7521
8632 7521
2 7521
8187 7522
11781 7522
8383 7522
9748 7522
10723 7522
10787 7522
9443 7522
2 7522
9005 7523
10585 7523
8301 7523
11774 7523
8459 7523
11645 7523
9567 7523
11412 7523
10130 7523
2 7523
8930 7524
11765 7524
8859 7524
9957 7524
2 7524
8254 7525
9145 7525
11787 7525
9028 7525
11954 7525
8456 7525
11436 7525
8289 7525
10930 7525
11752 7525
2 7525
8564 7526
11481 7526
9906 7526
10126 7526
9412 7526
11253 7526
11332 7526
9264 7526
11726 7526
11837 7526
10615 7526
2 7526
9136 7527
10526 7527
10890 7527
10857 7527
9784 7527
9270 7527
2 7527
10021 7528
9451 7528
8775 7528
11433 7528
10618 7528
2 7528
11003 7529
9117 7529
10673 7529
11666 7529
10194 7529
10005 7529
11004 7529
9845 7529
11360 7529
9473 7529
2 7529
11171 7530
10650 7530
11899 7530
10830 7530
9092 7530
11323 7530
8684 7530
11413 7530
2 7530
10532 7531
8682 7531
8544 7531
10359 7531
2 7531
8575 7532
11782 7532
10972 7532
10667 7532
10389 7532
8861 7532
11045 7532
11356 7532
10014 7532
9953 7532
8649 7532
2 7532
8679 7533
8590 7533
8631 7533
11803 7533
9763 7533
10566 7533
2 7533
8989 7534
9546 7534
11273 7534
11059 7534
8912 7534
9879 7534
11565 7534
10766 7534
11397 7534
9613 7534
2 7534
10587 7535
11081 7535
10619 7535
9539 7535
11331 7535
9575 7535
2 7535
9040 7536
10352 7536
8084 7536
11887 7536
10344 7536
2 7536
11171 7537
11345 7537
11563 7537
8022 7537
2 7537
11158 7538
10381 7538
10228 7538
11410 7538
11710 7538
8099 7538
10752 7538
9790 7538
9768 7538
8335 7538
8079 7538
2 7538
10833 7539
9761 7539
9779 7539
9704 7539
2 7539
10673 7540
11980 7540
11188 7540
10631 7540
9213 7540
9307 7540
8221 7540
2 7540
9948 7541
9024 7541
11840 7541
9369 7541
11842 7541
11512 7541
8595 7541
9788 7541
10102 7541
2 7541
8544 7542
10574 7542
9233 7542
8416 7542
8028 7542
8739 7542
8677 7542
8981 7542
8248 7542
2 7542
8138 7543
10883 7543
8633 7543
9232 7543
8316 7543
8478 7543
2 7543
8391 7544
8301 7544
9758 7544
11922 7544
11747 7544
10388 7544
2 7544
8881 7545
9037 7545
8338 7545
11491 7545
11983 7545
11231 7545
8941 7545
9011 7545
9681 7545
8651 7545
2 7545
11379 7546
11881 7546
10673 7546
8537 7546
8858 7546
2 7546
10841 7547
9568 7547
8847 7547
10816 7547
8569 7547
8444 7547
2 7547
8306 7548
10460 7548
11801 7548
9258 7548
9938 7548
10638 7548
8981 7548
2 7548
9278 7549
10193 7549
11071 7549
8823 7549
2 7549
8868 7550
10556 7550
11883 7550
10914 7550
11420 7550
9011 7550
9813 7550
8872 7550
8353 7550
2 7550
10748 7551
9641 7551
8267 7551
11842 7551
8151 7551
11323 7551
8141 7551
2 7551
9046 7552
11087 7552
9270 7552
8695 7552
11481 7552
9561 7552
11161 7552
10884 7552
11181 7552
2 7552
8982 7553
8735 7553
8436 7553
9029 7553
2 7553
10122 7554
9254 7554
10317 7554
10573 7554
8627 7554
9885 7554
9573 7554
10082 7554
9716 7554
11643 7554
10557 7554
2 7554
9908 7555
8131 7555
9427 7555
10286 7555
2 7555
10128 7556
10025 7556
8068 7556
11083 7556
9828 7556
11831 7556
11292 7556
9657 7556
8052 7556
2 7556
10049 7557
8151 7557
10259 7557
10660 7557
10560 7557
9888 7557
10794 7557
9646 7557
8591 7557
8522 7557
2 7557
10734 7558
10378 7558
11579 7558
9292 7558
10599 7558
10139 7558
2 7558
10076 7559
11249 7559
9921 7559
11053 7559
10761 7559
2 7559
11129 7560
11912 7560
9283 7560
10630 7560
9593 7560
8968 7560
8294 7560
2 7560
9839 7561
11514 7561
11685 7561
11334 7561
8788 7561
8898 7561
10900 7561
10998 7561
10921 7561
10228 7561
2 7561
11964 7562
8494 7562
10798 7562
9570 7562
11953 7562
11462 7562
9865 7562
9866 7562
8987 7562
9359 7562
11226 7562
2 7562
8738 7563
9916 7563
11472 7563
9548 7563
9641 7563
2 7563
10529 7564
11817 7564
8833 7564
11090 7564
10630 7564
8213 7564
2 7564
8368 7565
10701 7565
11500 7565
10218 7565
8373 7565
10052 7565
9926 7565
9508 7565
10265 7565
8741 7565
10026 7565
2 7565
10961 7566
9406 7566
9054 7566
9348 7566
8453 7566
8404 7566
8193 7566
10945 7566
8183 7566
10566 7566
10868 7566
2 7566
9410 7567
10001 7567
9558 7567
8725 7567
2 7567
10791 7568
9068 7568
11751 7568
10774 7568
2 7568
10625 7569
8850 7569
10205 7569
9965 7569
2 7569
8857 7570
9457 7570
11646 7570
11162 7570
9322 7570
9961 7570
8187 7570
10835 7570
10987 7570
8051 7570
9297 7570
2 7570
10203 7571
10691 7571
10409 7571
9480 7571
8703 7571
9194 7571
9001 7571
8197 7571
8360 7571
11489 7571
2 7571
11040 7572
11031 7572
8335 7572
11582 7572
11723 7572
2 7572
8046 7573
9549 7573
11626 7573
9158 7573
11843 7573
11142 7573
9309 7573
9461 7573
2 7573
8519 7574
11546 7574
9905 7574
8210 7574
8946 7574
9398 7574
8853 7574
8121 7574
2 7574
11743 7575
9244 7575
11506 7575
10274 7575
8410 7575
10488 7575
8348 7575
10656 7575
10528 7575
10320 7575
2 7575
10570 7576
8384 7576
11028 7576
11578 7576
11344 7576
8954 7576
10802 7576
9159 7576
2 7576
11299 7577
10420 7577
9656 7577
9438 7577
10130 7577
10850 7577
8132 7577
10043 7577
10004 7577
11091 7577
11467 7577
2 7577
11793 7578
8355 7578
11230 7578
9535 7578
8745 7578
11061 7578
9833 7578
8156 7578
9795 7578
8913 7578
2 7578
11249 7579
10148 7579
10457 7579
11743 7579
9080 7579
11653 7579
2 7579
8262 7580
11227 7580
9654 7580
8794 7580
10725 7580
8282 7580
9931 7580
9984 7580
11791 7580
11442 7580
10509 7580
2 7580
10798 7581
11612 7581
10024 7581
8936 7581
9311 7581
10894 7581
10264 7581
9752 7581
8826 7581
11350 7581
11386 7581
2 7581
11833 7582
10364 7582
8513 7582
9344 7582
11655 7582
8609 7582
11264 7582
2 7582
8745 7583
11101 7583
8996 7583
9410 7583
9314 7583
9935 7583
9136 7583
9417 7583
2 7583
9314 7584
9453 7584
9110 7584
9230 7584
10209 7584
10479 7584
10969 7584
8103 7584
2 7584
10473 7585
10620 7585
11963 7585
10603 7585
8445 7585
11569 7585
11424 7585
9881 7585
2 7585
10385 7586
11510 7586
10975 7586
11086 7586
9714 7586
2 7586
10541 7587
10765 7587
8791 7587
9220 7587
2 7587
11439 7588
9363 7588
8645 7588
9441 7588
11342 7588
11247 7588
11164 7588
8270 7588
2 7588
8481 7589
11569 7589
10788 7589
9938 7589
11079 7589
10986 7589
10949 7589
9577 7589
2 7589
10307 7590
9349 7590
9449 7590
8684 7590
8027 7590
8962 7590
9093 7590
9070 7590
2 7590
11003 7591
9732 7591
11828 7591
8369 7591
10005 7591
11060 7591
2 7591
10435 7592
9267 7592
9055 7592
8802 7592
8217 7592
9736 7592
2 7592
10086 7593
10958 7593
10715 7593
9958 7593
2 7593
11078 7594
8497 7594
10926 7594
11005 7594
8119 7594
8702 7594
9075 7594
10781 7594
2 7594
10639 7595
8830 7595
8063 7595
8141 7595
2 7595
9244 7596
11635 7596
8776 7596
10264 7596
9364 7596
10166 7596
9281 7596
9486 7596
2 7596
8323 7597
10292 7597
10475 7597
9734 7597
10487 7597
2 7597
9253 7598
8076 7598
11481 7598
11652 7598
9652 7598
11367 7598
9560 7598
10821 7598
2 7598
8168 7599
10314 7599
10763 7599
11695 7599
9559 7599
8237 7599
8418 7599
9823 7599
10699 7599
10192 7599
2 7599
8279 7600
8732 7600
11937 7600
9806 7600
8687 7600
2 7600
9407 7601
9525 7601
8507 7601
10157 7601
9424 7601
9521 7601
10759 7601
9296 7601
10264 7601
9305 7601
10100 7601
2 7601
10806 7602
9677 7602
10693 7602
11442 7602
9625 7602
9911 7602
11113 7602
10911 7602
11191 7602
9713 7602
10753 7602
2 7602
8373 7603
11737 7603
11151 7603
11879 7603
8084 7603
10374 7603
9014 7603
10120 7603
2 7603
11319 7604
8530 7604
11299 7604
9675 7604
8085 7604
2 7604
8932 7605
8224 7605
11559 7605
10223 7605
11046 7605
8190 7605
10145 7605
10885 7605
11180 7605
8567 7605
2 7605
9004 7606
9636 7606
10745 7606
8157 7606
10174 7606
8952 7606
11963 7606
11951 7606
8373 7606
9220 7606
2 7606
9467 7607
8755 7607
10997 7607
11979 7607
10940 7607
9733 7607
11433 7607
2 7607
8095 7608
8422 7608
8793 7608
11150 7608
2 7608
11124 7609
9916 7609
11589 7609
10016 7609
2 7609
9737 7610
10658 7610
9736 7610
8019 7610
9763 7610
8512 7610
11200 7610
10961 7610
9022 7610
2 7610
9888 7611
9429 7611
9548 7611
9983 7611
9389 7611
8169 7611
10459 7611
2 7611
11454 7612
11706 7612
9153 7612
9972 7612
8135 7612
8599 7612
11702 7612
11661 7612
10998 7612
10483 7612
2 7612
10288 7613
11027 7613
11431 7613
10141 7613
8265 7613
8806 7613
8111 7613
2 7613
10609 7614
9411 7614
9712 7614
8042 7614
8275 7614
9168 7614
9571 7614
8864 7614
8110 7614
8252 7614
2 7614
10301 7615
10970 7615
8486 7615
11137 7615
8965 7615
10872 7615
10849 7615
9214 7615
2 7615
8396 7616
9358 7616
8654 7616
10350 7616
11354 7616
8436 7616
10422 7616
10143 7616
9400 7616
10807 7616
8295 7616
2 7616
11212 7617
10528 7617
8788 7617
9409 7617
2 7617
9710 7618
11855 7618
11115 7618
11823 7618
2 7618
9759 7619
11752 7619
11326 7619
11994 7619
11136 7619
8587 7619
10842 7619
10475 7619
8535 7619
2 7619
8118 7620
11012 7620
10026 7620
9519 7620
9940 7620
10472 7620
8374 7620
11796 7620
11133 7620
10663 7620
10450 7620
2 7620
10689 7621
9404 7621
11303 7621
8045 7621
11369 7621
8527 7621
10028 7621
8513 7621
9382 7621
11597 7621
2 7621
9013 7622
9818 7622
8871 7622
9743 7622
11284 7622
10700 7622
8237 7622
8476 7622
2 7622
9495 7623
11750 7623
9870 7623
9905 7623
11938 7623
10204 7623
9824 7623
8519 7623
2 7623
8278 7624
11004 7624
8491 7624
11360 7624
11767 7624
8604 7624
10588 7624
2 7624
11809 7625
9628 7625
10767 7625
11377 7625
2 7625
9852 7626
9546 7626
8643 7626
9086 7626
10899 7626
8166 7626
10881 7626
11263 7626
10611 7626
2 7626
11562 7627
9241 7627
8646 7627
9625 7627
10934 7627
11662 7627
8784 7627
10900 7627
2 7627
11134 7628
8583 7628
10186 7628
8989 7628
11218 7628
2 7628
9021 7629
10899 7629
10694 7629
10295 7629
10256 7629
9176 7629
11968 7629
8533 7629
2 7629
8247 7630
9255 7630
8981 7630
9458 7630
11552 7630
2 7630
9529 7631
10257 7631
8188 7631
9364 7631
9715 7631
9918 7631
2 7631
8410 7632
11226 7632
10076 7632
10171 7632
2 7632
11588 7633
9395 7633
11502 7633
8544 7633
8560 7633
9206 7633
11096 7633
10937 7633
9741 7633
2 7633
9550 7634
8843 7634
10153 7634
10046 7634
11317 7634
11346 7634
8072 7634
8841 7634
2 7634
9132 7635
9117 7635
10476 7635
10770 7635
2 7635
10587 7636
10530 7636
10601 7636
9481 7636
11774 7636
10205 7636
9195 7636
10020 7636
8357 7636
2 7636
9978 7637
8724 7637
9005 7637
11314 7637
10344 7637
9524 7637
8144 7637
2 7637
9749 7638
10675 7638
10279 7638
8915 7638
11630 7638
9935 7638
8819 7638
10821 7638
9493 7638
2 7638
8261 7639
10195 7639
8624 7639
11484 7639
2 7639
8266 7640
11075 7640
10412 7640
9333 7640
9741 7640
11062 7640
2 7640
10856 7641
10368 7641
10490 7641
8041 7641
11536 7641
11613 7641
9042 7641
9902 7641
8432 7641
11473 7641
2 7641
10157 7642
9623 7642
8035 7642
11740 7642
8713 7642
11192 7642
2 7642
8064 7643
10113 7643
8981 7643
8050 7643
9206 7643
2 7643
10274 7644
10758 7644
8759 7644
9069 7644
8738 7644
2 7644
9286 7645
10899 7645
9845 7645
11173 7645
9989 7645
9373 7645
11052 7645
10720 7645
11540 7645
8979 7645
8172 7645
2 7645
10466 7646
8029 7646
10422 7646
8346 7646
9650 7646
0 7646
10665 7646
8980 7646
9284 7646
9740 7646
11478 7646
2 7646
8082 7647
9052 7647
9855 7647
8668 7647
10189 7647
9018 7647
9649 7647
8359 7647
2 7647
8222 7648
10109 7648
8086 7648
10544 7648
8816 7648
2 7648
10683 7649
11248 7649
10115 7649
10012 7649
10361 7649
10190 7649
8657 7649
2 7649
10377 7650
10256 7650
10202 7650
9357 7650
10290 7650
11112 7650
2 7650
9057 7651
8089 7651
11927 7651
10331 7651
10822 7651
10906 7651
9670 7651
11087 7651
10675 7651
10925 7651
2 7651
8726 7652
9901 7652
11883 7652
9599 7652
11361 7652
10005 7652
9969 7652
8107 7652
2 7652
10580 7653
9514 7653
11684 7653
11311 7653
10279 7653
9410 7653
9747 7653
2 7653
10980 7654
10418 7654
10294 7654
10293 7654
2 7654
11958 7655
11215 7655
10347 7655
10895 7655
10998 7655
10569 7655
10222 7655
2 7655
9650 7656
8654 7656
9736 7656
0 7656
10466 7656
10609 7656
8864 7656
2 7656
9973 7657
9862 7657
8289 7657
9017 7657
10724 7657
8902 7657
2 7657
10288 7658
11601 7658
11864 7658
10443 7658
8456 7658
2 7658
11219 7659
10967 7659
11338 7659
10994 7659
10274 7659
10125 7659
9456 7659
2 7659
8869 7660
8900 7660
11687 7660
11962 7660
10541 7660
9601 7660
8677 7660
11567 7660
8310 7660
2 7660
9089 7661
10023 7661
11327 7661
11467 7661
2 7661
8672 7662
10382 7662
10983 7662
9272 7662
8529 7662
9074 7662
2 7662
9577 7663
9618 7663
10355 7663
8098 7663
8093 7663
2 7663
8759 7664
9324 7664
9921 7664
11300 7664
11078 7664
8619 7664
10084 7664
8011 7664
8929 7664
11448 7664
2 7664
10662 7665
11178 7665
11169 7665
9374 7665
10963 7665
9561 7665
2 7665
8612 7666
10147 7666
11902 7666
8564 7666
11959 7666
11452 7666
8819 7666
9833 7666
10579 7666
11181 7666
10279 7666
2 7666
10661 7667
8404 7667
10300 7667
8244 7667
11499 7667
11034 7667
10108 7667
2 7667
10842 7668
8032 7668
9797 7668
11855 7668
8664 7668
10881 7668
11604 7668
2 7668
9696 7669
11744 7669
8245 7669
10449 7669
11828 7669
11797 7669
10248 7669
8431 7669
11767 7669
9573 7669
10107 7669
2 7669
9182 7670
11192 7670
8784 7670
11395 7670
2 7670
10839 7671
9073 7671
11018 7671
10424 7671
8813 7671
11286 7671
9379 7671
10605 7671
2 7671
11440 7672
8148 7672
10746 7672
11684 7672
11557 7672
2 7672
8287 7673
10241 7673
9083 7673
9644 7673
8543 7673
10543 7673
10913 7673
2 7673
8243 7674
9846 7674
9176 7674
8744 7674
2 7674
11751 7675
10605 7675
10561 7675
9260 7675
2 7675
10050 7676
11933 7676
9750 7676
8809 7676
11227 7676
10157 7676
9979 7676
10768 7676
11672 7676
10865 7676
2 7676
8338 7677
11184 7677
8086 7677
9502 7677
8263 7677
8456 7677
2 7677
10248 7678
8265 7678
10122 7678
11418 7678
10018 7678
8226 7678
11554 7678
8286 7678
9419 7678
11428 7678
10640 7678
2 7678
10593 7679
10477 7679
10115 7679
10499 7679
11302 7679
10854 7679
9922 7679
9022 7679
11914 7679
0 7679
2 7679
10722 7680
10303 7680
9453 7680
9574 7680
8355 7680
9607 7680
11357 7680
9057 7680
11525 7680
11080 7680
2 7680
11054 7681
11230 7681
9179 7681
10969 7681
9277 7681
11891 7681
10070 7681
8251 7681
9992 7681
2 7681
11512 7682
9653 7682
11410 7682
9500 7682
8318 7682
11457 7682
11330 7682
2 7682
11185 7683
8517 7683
9553 7683
11828 7683
10290 7683
10612 7683
8733 7683
10559 7683
10863 7683
11895 7683
10396 7683
2 7683
10412 7684
8240 7684
11369 7684
8608 7684
9033 7684
2 7684
11048 7685
8534 7685
9153 7685
11339 7685
9503 7685
8187 7685
2 7685
10311 7686
11329 7686
9748 7686
8783 7686
11475 7686
8994 7686
9354 7686
10932 7686
2 7686
10661 7687
11280 7687
8441 7687
9358 7687
11530 7687
9883 7687
2 7687
8780 7688
9106 7688
11648 7688
9356 7688
11631 7688
11122 7688
2 7688
10230 7689
11916 7689
9425 7689
9886 7689
2 7689
10751 7690
8349 7690
9664 7690
9742 7690
10047 7690
10768 7690
11603 7690
2 7690
9696 7691
8726 7691
11539 7691
11261 7691
8831 7691
8278 7691
11811 7691
10862 7691
8344 7691
9159 7691
2 7691
11883 7692
9134 7692
11855 7692
11602 7692
2 7692
11741 7693
10601 7693
11264 7693
9554 7693
9615 7693
8527 7693
9932 7693
2 7693
11192 7694
9836 7694
10859 7694
11685 7694
10853 7694
11859 7694
9429 7694
8518 7694
10759 7694
11345 7694
11781 7694
2 7694
11482 7695
8800 7695
8766 7695
10937 7695
8149 7695
10726 7695
10387 7695
11875 7695
8984 7695
11559 7695
11391 7695
2 7695
9797 7696
11115 7696
8566 7696
11973 7696
10938 7696
9420 7696
9847 7696
10881 7696
8218 7696
8715 7696
8627 7696
2 7696
11363 7697
8704 7697
8410 7697
8803 7697
10084 7697
11473 7697
11523 7697
9952 7697
11001 7697
8381 7697
11904 7697
2 7697
10673 7698
10093 7698
11609 7698
11787 7698
10326 7698
11934 7698
2 7698
8140 7699
9552 7699
9252 7699
11853 7699
9791 7699
10134 7699
10264 7699
9116 7699
8763 7699
8177 7699
11717 7699
2 7699
8717 7700
11508 7700
10762 7700
10362 7700
2 7700
9426 7701
9793 7701
10243 7701
9444 7701
2 7701
10042 7702
10272 7702
10524 7702
10110 7702
2 7702
11211 7703
11340 7703
11239 7703
11713 7703
11284 7703
9006 7703
2 7703
11230 7704
8639 7704
11849 7704
11504 7704
8678 7704
11097 7704
9427 7704
10746 7704
9314 7704
10760 7704
2 7704
9870 7705
11128 7705
8054 7705
9190 7705
10367 7705
8790 7705
9161 7705
8904 7705
10595 7705
8710 7705
10699 7705
2 7705
9610 7706
9029 7706
10383 7706
10281 7706
8951 7706
2 7706
10843 7707
9981 7707
10217 7707
11846 7707
11078 7707
2 7707
8422 7708
10430 7708
11261 7708
10481 7708
8323 7708
9448 7708
2 7708
10243 7709
11553 7709
10121 7709
9197 7709
11205 7709
8661 7709
8645 7709
10123 7709
10462 7709
8347 7709
11314 7709
2 7709
10581 7710
11671 7710
11124 7710
10748 7710
9169 7710
10762 7710
11876 7710
10642 7710
2 7710
9986 7711
8146 7711
9468 7711
8436 7711
8269 7711
2 7711
8204 7712
9018 7712
9506 7712
10468 7712
2 7712
10607 7713
11359 7713
11013 7713
11978 7713
2 7713
9619 7714
9302 7714
11257 7714
11855 7714
8517 7714
11315 7714
2 7714
8740 7715
8271 7715
10511 7715
10434 7715
11052 7715
9830 7715
8611 7715
10819 7715
2 7715
9775 7716
11775 7716
9671 7716
11571 7716
11995 7716
9029 7716
10221 7716
2 7716
10217 7717
9389 7717
11486 7717
9631 7717
9177 7717
10406 7717
2 7717
8875 7718
8652 7718
10692 7718
10508 7718
2 7718
9749 7719
9602 7719
10384 7719
10083 7719
8658 7719
9275 7719
9264 7719
11981 7719
2 7719
10768 7720
11339 7720
8550 7720
11123 7720
11459 7720
11807 7720
9840 7720
11862 7720
9244 7720
9878 7720
2 7720
8841 7721
11040 7721
8039 7721
8891 7721
9947 7721
8241 7721
2 7721
8923 7722
9773 7722
9149 7722
8723 7722
2 7722
11920 7723
9956 7723
11710 7723
10725 7723
2 7723
10849 7724
10627 7724
11949 7724
10704 7724
9926 7724
10059 7724
8582 7724
2 7724
9574 7725
10896 7725
11149 7725
11673 7725
2 7725
10390 7726
10457 7726
10074 7726
10734 7726
2 7726
10646 7727
11771 7727
9749 7727
8161 7727
10304 7727
11932 7727
2 7727
11734 7728
11723 7728
11582 7728
10797 7728
8187 7728
11493 7728
9407 7728
9869 7728
8428 7728
8870 7728
2 7728
11388 7729
10585 7729
10738 7729
10892 7729
9081 7729
8905 7729
8501 7729
11597 7729
10744 7729
10460 7729
2 7729
10463 7730
11285 7730
11070 7730
10793 7730
9903 7730
11077 7730
2 7730
10439 7731
8908 7731
9908 7731
9277 7731
11425 7731
8701 7731
11992 7731
9749 7731
10308 7731
8786 7731
9418 7731
2 7731
10176 7732
10432 7732
10738 7732
10833 7732
11241 7732
10902 7732
8240 7732
2 7732
10435 7733
8679 7733
0 7733
9688 7733
11301 7733
2 7733
11564 7734
10838 7734
8282 7734
8659 7734
11345 7734
8803 7734
11681 7734
11719 7734
2 7734
11259 7735
8283 7735
10603 7735
8473 7735
10885 7735
9783 7735
8610 7735
10088 7735
10284 7735
8485 7735
11656 7735
2 7735
10994 7736
10572 7736
11695 7736
10197 7736
2 7736
11946 7737
9447 7737
9962 7737
10744 7737
8739 7737
8900 7737
8796 7737
11018 7737
2 7737
8392 7738
9944 7738
10234 7738
10331 7738
11110 7738
11927 7738
8612 7738
9171 7738
2 7738
8843 7739
11677 7739
11211 7739
11846 7739
8717 7739
2 7739
11695 7740
8048 7740
11707 7740
11016 7740
9013 7740
8227 7740
9001 7740
8008 7740
2 7740
9495 7741
8176 7741
10734 7741
11810 7741
9166 7741
10079 7741
9979 7741
10998 7741
2 7741
8103 7742
9810 7742
10356 7742
9270 7742
9699 7742
8777 7742
11684 7742
9410 7742
10273 7742
2 7742
9761 7743
9578 7743
9618 7743
10207 7743
2 7743
9347 7744
11122 7744
9192 7744
10463 7744
9703 7744
8319 7744
8074 7744
8998 7744
9461 7744
2 7744
11999 7745
8761 7745
11741 7745
9114 7745
9033 7745
8488 7745
9450 7745
2 7745
11012 7746
8184 7746
11507 7746
11072 7746
9897 7746
2 7746
8329 7747
10941 7747
11749 7747
9861 7747
10567 7747
9490 7747
11011 7747
10169 7747
2 7747
11684 7748
10067 7748
8770 7748
11022 7748
9855 7748
8009 7748
9427 7748
10500 7748
11353 7748
2 7748
11053 7749
10168 7749
10345 7749
11029 7749
2 7749
8718 7750
9562 7750
11933 7750
10390 7750
10796 7750
10919 7750
8268 7750
11824 7750
2 7750
10575 7751
9687 7751
9308 7751
11113 7751
11776 7751
9503 7751
8716 7751
8428 7751
9317 7751
9788 7751
8532 7751
2 7751
8491 7752
9373 7752
10291 7752
10776 7752
10092 7752
9086 7752
9901 7752
10944 7752
2 7752
8334 7753
9750 7753
9115 7753
11340 7753
2 7753
9381 7754
9766 7754
11987 7754
9432 7754
8606 7754
2 7754
11109 7755
11143 7755
10653 7755
11250 7755
9345 7755
11199 7755
10820 7755
10294 7755
8014 7755
10424 7755
8399 7755
2 7755
10369 7756
9050 7756
11364 7756
9383 7756
11630 7756
9060 7756
11932 7756
2 7756
8074 7757
8578 7757
9126 7757
10342 7757
9782 7757
2 7757
9928 7758
8293 7758
9238 7758
11007 7758
10928 7758
10535 7758
10915 7758
10906 7758
2 7758
10416 7759
9780 7759
8074 7759
8501 7759
10357 7759
9980 7759
2 7759
10091 7760
9578 7760
11421 7760
8442 7760
2 7760
9212 7761
9711 7761
9204 7761
11665 7761
10545 7761
9044 7761
2 7761
8647 7762
8807 7762
10995 7762
8252 7762
8667 7762
10466 7762
2 7762
8579 7763
8567 7763
10004 7763
11443 7763
10735 7763
11848 7763
9339 7763
8045 7763
9391 7763
2 7763
9776 7764
8179 7764
11300 7764
8329 7764
10375 7764
11359 7764
11127 7764
11536 7764
8519 7764
10967 7764
8565 7764
2 7764
11106 7765
8249 7765
10850 7765
11843 7765
9458 7765
2 7765
9380 7766
9618 7766
10387 7766
10667 7766
10461 7766
2 7766
11350 7767
11896 7767
10690 7767
9653 7767
9695 7767
8550 7767
10362 7767
10376 7767
8992 7767
2 7767
9047 7768
8106 7768
9557 7768
11949 7768
10550 7768
11098 7768
11701 7768
8481 7768
8791 7768
9464 7768
10618 7768
2 7768
9059 7769
11395 7769
8809 7769
8684 7769
11939 7769
10712 7769
11154 7769
8143 7769
2 7769
11528 7770
8425 7770
11032 7770
10318 7770
11263 7770
11402 7770
8006 7770
2 7770
8770 7771
11076 7771
11235 7771
11981 7771
8908 7771
8251 7771
9280 7771
11204 7771
2 7771
11021 7772
10446 7772
8132 7772
9587 7772
11206 7772
10456 7772
10972 7772
10695 7772
9206 7772
2 7772
9701 7773
8162 7773
10147 7773
10127 7773
10925 7773
2 7773
10599 7774
11635 7774
10900 7774
11171 7774
8697 7774
2 7774
8244 7775
11017 7775
0 7775
11732 7775
8812 7775
9340 7775
9511 7775
2 7775
9456 7776
8142 7776
11430 7776
10264 7776
9605 7776
2 7776
8546 7777
11495 7777
8481 7777
9487 7777
2 7777
10347 7778
8763 7778
8142 7778
8041 7778
9252 7778
2 7778
9760 7779
9262 7779
11259 7779
10959 7779
10294 7779
11627 7779
10866 7779
2 7779
10506 7780
10237 7780
11213 7780
10971 7780
9526 7780
9410 7780
11959 7780
2 7780
9818 7781
8108 7781
10464 7781
8826 7781
10271 7781
9641 7781
8545 7781
11056 7781
11903 7781
11840 7781
10650 7781
2 7781
8390 7782
11721 7782
8764 7782
10409 7782
8751 7782
2 7782
11608 7783
11729 7783
9792 7783
10873 7783
10001 7783
10262 7783
9350 7783
2 7783
11495 7784
11237 7784
9243 7784
9316 7784
8052 7784
9498 7784
9717 7784
8182 7784
8402 7784
2 7784
9928 7785
10129 7785
10444 7785
10000 7785
8650 7785
2 7785
8943 7786
11345 7786
10047 7786
10818 7786
10569 7786
10015 7786
2 7786
11398 7787
11335 7787
11415 7787
9542 7787
8723 7787
9003 7787
11823 7787
10476 7787
2 7787
11379 7788
9388 7788
9841 7788
11245 7788
11185 7788
9009 7788
2 7788
8107 7789
10852 7789
10732 7789
11578 7789
10095 7789
2 7789
10401 7790
11826 7790
9282 7790
10469 7790
8569 7790
11837 7790
10150 7790
11950 7790
8701 7790
9261 7790
2 7790
9888 7791
10809 7791
11400 7791
10368 7791
11856 7791
8817 7791
9281 7791
2 7791
10332 7792
10009 7792
8653 7792
8070 7792
11393 7792
9074 7792
9508 7792
11321 7792
11848 7792
2 7792
9733 7793
8322 7793
8742 7793
9150 7793
10674 7793
10831 7793
11303 7793
0 7793
2 7793
10331 7794
10485 7794
8561 7794
9230 7794
11163 7794
9044 7794
2 7794
11547 7795
9343 7795
8516 7795
11091 7795
2 7795
8534 7796
8139 7796
10886 7796
9612 7796
9563 7796
9566 7796
8304 7796
8844 7796
2 7796
9210 7797
8080 7797
11270 7797
10848 7797
11214 7797
8741 7797
8965 7797
8823 7797
10205 7797
11860 7797
9031 7797
2 7797
11310 7798
8734 7798
8857 7798
10753 7798
8518 7798
10672 7798
2 7798
10640 7799
9302 7799
11551 7799
11010 7799
9109 7799
9973 7799
2 7799
11162 7800
10509 7800
8891 7800
10700 7800
10327 7800
11078 7800
2 7800
10155 7801
8937 7801
9182 7801
8415 7801
9292 7801
8622 7801
8308 7801
9300 7801
2 7801
10197 7802
10853 7802
8308 7802
9979 7802
9088 7802
10417 7802
8349 7802
8041 7802
9434 7802
8432 7802
11124 7802
2 7802
8108 7803
8502 7803
8591 7803
8334 7803
11234 7803
11695 7803
9121 7803
11191 7803
9612 7803
10867 7803
8939 7803
2 7803
8942 7804
9486 7804
9563 7804
11225 7804
8600 7804
8784 7804
8440 7804
10132 7804
11013 7804
2 7804
10021 7805
11626 7805
8888 7805
11075 7805
9580 7805
11753 7805
10359 7805
10610 7805
8462 7805
2 7805
10625 7806
10446 7806
10585 7806
9064 7806
10491 7806
11210 7806
10029 7806
10090 7806
11742 7806
10091 7806
2 7806
9700 7807
8164 7807
10321 7807
11729 7807
11756 7807
10623 7807
2 7807
11484 7808
8454 7808
8595 7808
11171 7808
9790 7808
10022 7808
10366 7808
8545 7808
2 7808
11975 7809
10847 7809
8434 7809
8855 7809
9635 7809
10749 7809
8638 7809
11606 7809
10161 7809
2 7809
8776 7810
10741 7810
8262 7810
11048 7810
2 7810
9161 7811
9929 7811
10602 7811
8049 7811
2 7811
10244 7812
8794 7812
8763 7812
10036 7812
9130 7812
11486 7812
8195 7812
8449 7812
8318 7812
10017 7812
9654 7812
2 7812
11059 7813
11146 7813
11762 7813
10559 7813
9822 7813
2 7813
11654 7814
10215 7814
8872 7814
10713 7814
2 7814
11790 7815
11706 7815
8502 7815
9799 7815
11345 7815
9281 7815
2 7815
10636 7816
11164 7816
9809 7816
8194 7816
9585 7816
9867 7816
10625 7816
9949 7816
10993 7816
2 7816
9340 7817
10330 7817
10045 7817
9712 7817
8441 7817
10945 7817
8873 7817
8605 7817
2 7817
8770 7818
11481 7818
9135 7818
11981 7818
9649 7818
9652 7818
10384 7818
8236 7818
11183 7818
9785 7818
8639 7818
2 7818
9716 7819
8593 7819
9321 7819
10952 7819
8278 7819
2 7819
11009 7820
10260 7820
9744 7820
8988 7820
2 7820
10919 7821
9550 7821
11743 7821
9190 7821
9552 7821
9177 7821
11016 7821
10763 7821
11758 7821
9815 7821
2 7821
10943 7822
11458 7822
11009 7822
8950 7822
8202 7822
11236 7822
10541 7822
11277 7822
11648 7822
10091 7822
8247 7822
2 7822
11490 7823
9355 7823
8733 7823
9259 7823
9510 7823
10782 7823
2 7823
11151 7824
9356 7824
11121 7824
11356 7824
11288 7824
2 7824
10871 7825
8703 7825
10421 7825
8716 7825
8428 7825
8477 7825
11457 7825
8499 7825
9552 7825
2 7825
10105 7826
9040 7826
11976 7826
8836 7826
8820 7826
8050 7826
11739 7826
2 7826
8051 7827
10425 7827
8933 7827
10019 7827
11900 7827
2 7827
9805 7828
9427 7828
10969 7828
11959 7828
10760 7828
9935 7828
8572 7828
8444 7828
9418 7828
2 7828
11138 7829
10286 7829
9221 7829
8397 7829
10216 7829
10922 7829
8808 7829
8557 7829
11014 7829
2 7829
11922 7830
11875 7830
11476 7830
11843 7830
11844 7830
11411 7830
2 7830
9785 7831
11902 7831
10526 7831
8089 7831
2 7831
10509 7832
9364 7832
8518 7832
9995 7832
10015 7832
10837 7832
9172 7832
2 7832
9686 7833
10016 7833
9283 7833
10169 7833
10539 7833
10894 7833
9503 7833
2 7833
11942 7834
8462 7834
8780 7834
11648 7834
2 7834
11944 7835
8403 7835
9012 7835
10341 7835
9068 7835
8033 7835
11588 7835
11789 7835
10249 7835
2 7835
11541 7836
8161 7836
9711 7836
10841 7836
10394 7836
11665 7836
10156 7836
9341 7836
10646 7836
8797 7836
2 7836
11030 7837
11008 7837
8647 7837
8447 7837
9775 7837
8982 7837
2 7837
11670 7838
8211 7838
10314 7838
10125 7838
10789 7838
8550 7838
8044 7838
8063 7838
9115 7838
11322 7838
2 7838
10868 7839
8849 7839
9113 7839
11659 7839
2 7839
11663 7840
10956 7840
8184 7840
10568 7840
8869 7840
11121 7840
10605 7840
10870 7840
8351 7840
2 7840
9584 7841
10520 7841
10470 7841
10406 7841
2 7841
11909 7842
8687 7842
9284 7842
8542 7842
9892 7842
10190 7842
8229 7842
8731 7842
10658 7842
10045 7842
2 7842
9106 7843
10013 7843
10515 7843
8742 7843
10042 7843
9100 7843
8452 7843
9360 7843
10428 7843
10138 7843
8656 7843
2 7843
8569 7844
9052 7844
11910 7844
8302 7844
9855 7844
11208 7844
8355 7844
9314 7844
8708 7844
8650 7844
2 7844
9725 7845
9802 7845
9585 7845
8489 7845
8761 7845
9782 7845
11046 7845
8618 7845
2 7845
8071 7846
10956 7846
10765 7846
10261 7846
10428 7846
9306 7846
10709 7846
9782 7846
10943 7846
9727 7846
2 7846
10272 7847
8748 7847
9023 7847
8838 7847
10727 7847
10558 7847
10336 7847
11814 7847
11151 7847
11495 7847
2 7847
8672 7848
9266 7848
9821 7848
9031 7848
10340 7848
8272 7848
8201 7848
8609 7848
2 7848
11428 7849
9250 7849
9728 7849
10181 7849
11974 7849
8199 7849
2 7849
11098 7850
9829 7850
8672 7850
9725 7850
8739 7850
2 7850
8098 7851
11538 7851
9233 7851
8712 7851
9539 7851
11789 7851
9073 7851
9266 7851
2 7851
8800 7852
10446 7852
8916 7852
10301 7852
11137 7852
9073 7852
2 7852
8844 7853
9627 7853
9536 7853
10642 7853
8196 7853
11614 7853
11791 7853
10957 7853
2 7853
8759 7854
8041 7854
10259 7854
9934 7854
9538 7854
8390 7854
11300 7854
9533 7854
10038 7854
10409 7854
11040 7854
2 7854
9281 7855
11463 7855
11227 7855
11129 7855
10889 7855
9563 7855
8227 7855
2 7855
10838 7856
9403 7856
8939 7856
10367 7856
10624 7856
10242 7856
2 7856
11628 7857
8460 7857
8050 7857
8789 7857
8917 7857
9575 7857
2 7857
8471 7858
11984 7858
11919 7858
8850 7858
10697 7858
8093 7858
9913 7858
2 7858
8494 7859
10992 7859
9705 7859
9768 7859
8341 7859
10111 7859
8300 7859
2 7859
9856 7860
8171 7860
10278 7860
8077 7860
9020 7860
10378 7860
11685 7860
8853 7860
2 7860
8354 7861
8443 7861
9739 7861
10407 7861
10516 7861
10007 7861
11904 7861
8209 7861
8545 7861
2 7861
9428 7862
9912 7862
9800 7862
11530 7862
8849 7862
10961 7862
8145 7862
8019 7862
9267 7862
9269 7862
9740 7862
2 7862
9215 7863
11605 7863
10161 7863
10266 7863
11617 7863
8815 7863
10262 7863
8908 7863
10596 7863
11014 7863
2 7863
10594 7864
10951 7864
11854 7864
9774 7864
8013 7864
9217 7864
9061 7864
2 7864
9766 7865
10243 7865
10965 7865
8056 7865
8677 7865
11627 7865
9897 7865
2 7865
9957 7866
8053 7866
11505 7866
11844 7866
10450 7866
10882 7866
10980 7866
10496 7866
2 7866
8139 7867
10490 7867
9169 7867
11685 7867
11868 7867
10192 7867
2 7867
10903 7868
8432 7868
8109 7868
9092 7868
11671 7868
8494 7868
10991 7868
8342 7868
2 7868
11243 7869
10011 7869
9483 7869
10186 7869
9967 7869
11857 7869
9291 7869
9541 7869
2 7869
11678 7870
9399 7870
11324 7870
10918 7870
2 7870
10853 7871
9101 7871
11596 7871
9865 7871
10133 7871
10926 7871
11613 7871
8599 7871
11580 7871
10349 7871
2 7871
11192 7872
9550 7872
11821 7872
11427 7872
11191 7872
9778 7872
8383 7872
9152 7872
10830 7872
8966 7872
2 7872
11950 7873
10369 7873
8564 7873
10126 7873
11630 7873
8251 7873
11208 7873
8258 7873
2 7873
10159 7874
10843 7874
9317 7874
10889 7874
10084 7874
10806 7874
10033 7874
11750 7874
10923 7874
11408 7874
9570 7874
2 7874
8354 7875
8406 7875
9236 7875
10992 7875
2 7875
10171 7876
11094 7876
9981 7876
8933 7876
8429 7876
9279 7876
9815 7876
9521 7876
8078 7876
2 7876
9903 7877
9206 7877
11505 7877
10393 7877
9991 7877
2 7877
8719 7878
9029 7878
9816 7878
8104 7878
8807 7878
9408 7878
9511 7878
9400 7878
9218 7878
2 7878
8020 7879
11553 7879
9326 7879
11631 7879
9343 7879
11372 7879
2 7879
9698 7880
8278 7880
9176 7880
11551 7880
9250 7880
10724 7880
10080 7880
11923 7880
8577 7880
11797 7880
9936 7880
2 7880
10746 7881
9526 7881
10816 7881
11584 7881
2 7881
8635 7882
8687 7882
10287 7882
8542 7882
2 7882
8996 7883
11808 7883
9607 7883
9908 7883
9445 7883
9506 7883
9050 7883
11854 7883
10942 7883
2 7883
10444 7884
9560 7884
9253 7884
11837 7884
8690 7884
8127 7884
8777 7884
10816 7884
9928 7884
9050 7884
10546 7884
2 7884
8313 7885
8245 7885
8938 7885
11059 7885
9420 7885
10324 7885
8652 7885
2 7885
11428 7886
10795 7886
9396 7886
8369 7886
11554 7886
11934 7886
11972 7886
2 7886
11634 7887
11565 7887
11744 7887
8073 7887
8420 7887
11787 7887
10910 7887
2 7887
11433 7888
10791 7888
11382 7888
10715 7888
9432 7888
9667 7888
8964 7888
9828 7888
9073 7888
2 7888
10392 7889
11613 7889
11408 7889
8212 7889
11365 7889
11394 7889
10345 7889
2 7889
8580 7890
9578 7890
10460 7890
11993 7890
11164 7890
10933 7890
10878 7890
8610 7890
2 7890
11009 7891
9084 7891
10243 7891
8351 7891
2 7891
10680 7892
9098 7892
8463 7892
11746 7892
11733 7892
11134 7892
10559 7892
11059 7892
8926 7892
11418 7892
2 7892
11734 7893
9091 7893
11904 7893
10926 7893
11572 7893
11212 7893
9456 7893
2 7893
9933 7894
10340 7894
8963 7894
11438 7894
9551 7894
8084 7894
9680 7894
10956 7894
11610 7894
2 7894
10235 7895
8577 7895
9969 7895
8834 7895
8914 7895
8398 7895
8762 7895
8178 7895
2 7895
8744 7896
10564 7896
10729 7896
11864 7896
8890 7896
2 7896
9133 7897
9710 7897
9528 7897
11374 7897
10673 7897
11352 7897
2 7897
11975 7898
8569 7898
8960 7898
10519 7898
8668 7898
9290 7898
11223 7898
11437 7898
2 7898
10423 7899
11337 7899
8198 7899
10573 7899
11835 7899
11015 7899
9803 7899
2 7899
11800 7900
9769 7900
11612 7900
10789 7900
8592 7900
8752 7900
11841 7900
11489 7900
10522 7900
2 7900
9546 7901
11759 7901
11220 7901
10478 7901
8120 7901
9239 7901
11965 7901
9213 7901
9505 7901
2 7901
10435 7902
10609 7902
8229 7902
8145 7902
10190 7902
11659 7902
8276 7902
0 7902
8735 7902
9406 7902
2 7902
8839 7903
8882 7903
9829 7903
9821 7903
11847 7903
8351 7903
9455 7903
10717 7903
2 7903
10654 7904
10802 7904
8431 7904
11082 7904
8503 7904
2 7904
11803 7905
11464 7905
0 7905
10221 7905
8154 7905
10199 7905
2 7905
8663 7906
11686 7906
10427 7906
10311 7906
10560 7906
9001 7906
11212 7906
11131 7906
9801 7906
9921 7906
2 7906
11070 7907
8097 7907
9467 7907
9794 7907
9073 7907
9938 7907
8930 7907
10272 7907
10515 7907
2 7907
11406 7908
9319 7908
11903 7908
11167 7908
8494 7908
10789 7908
11896 7908
11463 7908
8476 7908
2 7908
9742 7909
10614 7909
10712 7909
8096 7909
8628 7909
11862 7909
10955 7909
8168 7909
11409 7909
10843 7909
8062 7909
2 7909
8123 7910
8452 7910
8249 7910
10555 7910
8769 7910
9783 7910
11135 7910
11096 7910
10087 7910
9402 7910
9720 7910
2 7910
10455 7911
10462 7911
10240 7911
11542 7911
10620 7911
8206 7911
10379 7911
9475 7911
2 7911
10180 7912
8286 7912
8799 7912
9430 7912
11132 7912
10107 7912
8393 7912
8243 7912
8323 7912
8559 7912
10058 7912
2 7912
11797 7913
11460 7913
11816 7913
10655 7913
8386 7913
11558 7913
8652 7913
8593 7913
11934 7913
11539 7913
2 7913
9441 7914
10309 7914
11321 7914
9630 7914
9611 7914
8328 7914
9081 7914
2 7914
8093 7915
11266 7915
8789 7915
9379 7915
9197 7915
10445 7915
9977 7915
10193 7915
2 7915
10853 7916
8418 7916
10224 7916
8211 7916
9503 7916
8122 7916
11376 7916
9322 7916
9490 7916
11912 7916
9548 7916
0 7916
2 7916
10862 7917
9569 7917
9822 7917
10608 7917
2 7917
9836 7918
10968 7918
11129 7918
10512 7918
11475 7918
8556 7918
8936 7918
2 7918
11452 7919
9561 7919
8909 7919
9046 7919
8317 7919
10001 7919
10485 7919
8668 7919
9410 7919
11534 7919
10308 7919
2 7919
10020 7920
8671 7920
11655 7920
9065 7920
11806 7920
2 7920
9049 7921
8611 7921
11945 7921
8254 7921
8521 7921
10828 7921
10611 7921
10879 7921
8629 7921
2 7921
10086 7922
10340 7922
10937 7922
11062 7922
11133 7922
9582 7922
8056 7922
10652 7922
11065 7922
10028 7922
2 7922
9655 7923
11666 7923
10239 7923
8420 7923
10194 7923
10764 7923
9491 7923
10096 7923
9342 7923
10973 7923
2 7923
9655 7924
10292 7924
9542 7924
11257 7924
2 7924
8946 7925
11763 7925
11005 7925
10798 7925
2 7925
11941 7926
11766 7926
10454 7926
10286 7926
9526 7926
8808 7926
9810 7926
8638 7926
2 7926
8661 7927
10870 7927
9014 7927
11739 7927
9640 7927
10428 7927
9186 7927
2 7927
8580 7928
11467 7928
10219 7928
10068 7928
9893 7928
11318 7928
2 7928
11661 7929
8660 7929
10409 7929
9674 7929
8565 7929
11386 7929
11430 7929
10741 7929
11788 7929
2 7929
9737 7930
8154 7930
10804 7930
8346 7930
11760 7930
8029 7930
8436 7930
10361 7930
11441 7930
9848 7930
2 7930
9611 7931
9615 7931
9551 7931
10042 7931
2 7931
11920 7932
9203 7932
8294 7932
8498 7932
8142 7932
2 7932
9721 7933
11092 7933
11022 7933
11367 7933
11574 7933
11452 7933
8650 7933
2 7933
9794 7934
9932 7934
10145 7934
9676 7934
10767 7934
2 7934
9614 7935
11005 7935
9686 7935
11548 7935
11723 7935
10606 7935
8511 7935
2 7935
9938 7936
8414 7936
10531 7936
8585 7936
10530 7936
10850 7936
11292 7936
2 7936
11445 7937
10674 7937
8466 7937
11804 7937
10382 7937
8260 7937
10267 7937
2 7937
11297 7938
8622 7938
9434 7938
8492 7938
8137 7938
10719 7938
10178 7938
11841 7938
8352 7938
2 7938
9918 7939
11853 7939
10752 7939
9154 7939
9161 7939
11840 7939
10197 7939
11227 7939
9130 7939
9818 7939
2 7939
8837 7940
10246 7940
8787 7940
9751 7940
2 7940
9020 7941
8943 7941
10278 7941
10639 7941
8600 7941
11508 7941
11521 7941
2 7941
8874 7942
9627 7942
8818 7942
9190 7942
11313 7942
10404 7942
9653 7942
2 7942
8720 7943
9163 7943
11236 7943
10980 7943
8513 7943
9932 7943
10738 7943
2 7943
9321 7944
8587 7944
8337 7944
8762 7944
2 7944
11127 7945
11141 7945
10252 7945
10062 7945
11685 7945
8743 7945
11222 7945
2 7945
10877 7946
9273 7946
10820 7946
11648 7946
10902 7946
9704 7946
10671 7946
2 7946
9421 7947
8880 7947
11254 7947
8665 7947
11561 7947
11220 7947
9361 7947
8893 7947
9767 7947
2 7947
9600 7948
8177 7948
9905 7948
11442 7948
10360 7948
2 7948
9754 7949
11071 7949
11466 7949
9629 7949
11879 7949
2 7949
9219 7950
11899 7950
8717 7950
10371 7950
8738 7950
10242 7950
11363 7950
10975 7950
11873 7950
10522 7950
9354 7950
2 7950
10632 7951
9208 7951
8488 7951
10698 7951
11180 7951
9031 7951
10207 7951
8984 7951
11753 7951
2 7951
8346 7952
11120 7952
8986 7952
11207 7952
9209 7952
10683 7952
8884 7952
10477 7952
9408 7952
9218 7952
2 7952
11268 7953
9390 7953
11389 7953
11398 7953
9658 7953
2 7953
8835 7954
9775 7954
9439 7954
10448 7954
11301 7954
9848 7954
8104 7954
9113 7954
2 7954
9367 7955
10344 7955
10113 7955
8303 7955
2 7955
10560 7956
8476 7956
8262 7956
9661 7956
2 7956
8343 7957
9637 7957
11874 7957
8394 7957
10768 7957
9235 7957
8549 7957
10178 7957
11409 7957
10894 7957
8335 7957
2 7957
9317 7958
9861 7958
8383 7958
10606 7958
9984 7958
8165 7958
8600 7958
2 7958
8894 7959
11986 7959
8460 7959
10013 7959
9651 7959
8822 7959
10844 7959
2 7959
11870 7960
9804 7960
11127 7960
8545 7960
11312 7960
9385 7960
8919 7960
8237 7960
8341 7960
2 7960
11140 7961
11792 7961
11937 7961
10683 7961
10845 7961
8279 7961
2 7961
10794 7962
9616 7962
10703 7962
8108 7962
10537 7962
10606 7962
11086 7962
9407 7962
10192 7962
11488 7962
8230 7962
2 7962
10181 7963
11988 7963
8795 7963
8576 7963
2 7963
9306 7964
9476 7964
11205 7964
11960 7964
8683 7964
10249 7964
9095 7964
8399 7964
2 7964
10478 7965
8633 7965
9357 7965
10056 7965
10250 7965
8478 7965
11957 7965
10122 7965
9265 7965
8256 7965
8305 7965
2 7965
10192 7966
8348 7966
9308 7966
8428 7966
10932 7966
11128 7966
9686 7966
11209 7966
10046 7966
8933 7966
2 7966
8691 7967
9241 7967
10171 7967
8857 7967
8008 7967
11867 7967
10409 7967
11743 7967
8487 7967
2 7967
10405 7968
11651 7968
11685 7968
9131 7968
10049 7968
8119 7968
11800 7968
11817 7968
2 7968
8779 7969
10410 7969
11006 7969
11216 7969
2 7969
10726 7970
10515 7970
11166 7970
10970 7970
9766 7970
10497 7970
11500 7970
2 7970
9573 7971
10863 7971
10564 7971
10573 7971
11823 7971
11551 7971
9315 7971
8313 7971
2 7971
8627 7972
9361 7972
8047 7972
11231 7972
11708 7972
9413 7972
9738 7972
9708 7972
2 7972
9898 7973
10469 7973
9314 7973
10069 7973
11481 7973
9805 7973
10526 7973
9526 7973
2 7973
8253 7974
10269 7974
10594 7974
9485 7974
2 7974
11086 7975
11829 7975
11899 7975
9517 7975
8887 7975
10503 7975
11587 7975
9092 7975
9616 7975
2 7975
11173 7976
10680 7976
8088 7976
8067 7976
9159 7976
11573 7976
8931 7976
10282 7976
10622 7976
2 7976
11176 7977
9894 7977
9588 7977
9421 7977
11315 7977
9599 7977
11188 7977
9491 7977
8611 7977
2 7977
11611 7978
8537 7978
10295 7978
8921 7978
9505 7978
11835 7978
2 7978
11693 7979
10280 7979
9891 7979
8119 7979
8994 7979
8169 7979
8784 7979
10977 7979
9742 7979
11461 7979
2 7979
11936 7980
8859 7980
8457 7980
9633 7980
10131 7980
10717 7980
9081 7980
8458 7980
2 7980
9644 7981
11039 7981
9379 7981
9507 7981
10446 7981
10833 7981
9106 7981
10337 7981
2 7981
11990 7982
8739 7982
8448 7982
8529 7982
9886 7982
9634 7982
2 7982
10236 7983
11102 7983
11346 7983
8311 7983
9790 7983
10211 7983
9354 7983
8743 7983
2 7983
8937 7984
10380 7984
11113 7984
9295 7984
2 7984
8205 7985
9901 7985
9647 7985
11010 7985
9187 7985
9516 7985
11728 7985
11258 7985
9124 7985
11985 7985
8387 7985
2 7985
9602 7986
9851 7986
9211 7986
11235 7986
10035 7986
2 7986
8949 7987
10100 7987
10584 7987
8241 7987
9152 7987
8968 7987
9617 7987
8620 7987
10946 7987
10148 7987
2 7987
11905 7988
11670 7988
9748 7988
9407 7988
9320 7988
9093 7988
10038 7988
11128 7988
2 7988
11514 7989
8418 7989
10920 7989
8238 7989
10149 7989
2 7989
8767 7990
10066 7990
10138 7990
9426 7990
10735 7990
8459 7990
8570 7990
2 7990
8772 7991
10601 7991
8427 7991
8562 7991
9014 7991
10387 7991
8920 7991
11996 7991
10709 7991
10418 7991
2 7991
8081 7992
9398 7992
11338 7992
11461 7992
10932 7992
11211 7992
8109 7992
10089 7992
2 7992
10189 7993
10303 7993
11076 7993
11772 7993
10269 7993
10922 7993
2 7993
8347 7994
10188 7994
10582 7994
11700 7994
9636 7994
9683 7994
2 7994
9169 7995
11201 7995
9983 7995
9409 7995
9324 7995
9750 7995
9152 7995
8776 7995
10395 7995
2 7995
10135 7996
11370 7996
10627 7996
8430 7996
10460 7996
2 7996
9592 7997
9415 7997
10235 7997
10141 7997
9430 7997
2 7997
8550 7998
8753 7998
8345 7998
9219 7998
10017 7998
11579 7998
10957 7998
9948 7998
2 7998
10348 7999
9870 7999
10664 7999
8826 7999
10693 7999
10385 7999
8874 7999
2 7999
8163 8000
9943 8000
9898 8000
10279 8000
9518 8000
10273 8000
11002 8000
9785 8000
11223 8000
8960 8000
2 8000
11912 8001
8943 8001
8140 8001
8069 8001
11350 8001
8349 8001
11710 8001
2 8001
11800 8002
8830 8002
11386 8002
10537 8002
8494 8002
2 8002
8407 8003
9722 8003
11048 8003
10179 8003
9530 8003
2 8003
11077 8004
10370 8004
10667 8004
11108 8004
2 8004
2 8005
8439 8016
2899 8019
1409 8019
8876 8027
9024 8027
8685 8027
3262 8029
2204 8029
9629 8036
10013 8036
11585 8036
10585 8037
9065 8037
8975 8037
3707 8038
10100 8041
10835 8041
8327 8041
3028 8042
10870 8046
8025 8052
11091 8052
10517 8061
10147 8061
10082 8088
984 8104
3656 8104
1201 8110
8368 8113
10403 8113
8712 8114
8439 8117
10445 8117
9482 8118
11809 8118
10233 8125
2438 8128
276 8133
11534 8134
2533 8145
2412 8146
369 8154
11129 8155
10742 8155
11067 8155
8513 8157
11588 8157
8382 8157
3923 8158
8915 8160
10579 8160
11772 8160
11456 8171
11166 8175
11326 8180
8715 8180
1842 8183
10696 8192
8963 8192
9777 8192
1537 8193
3358 8193
8317 8203
10519 8203
11549 8210
2264 8217
788 8217
8911 8223
8625 8223
1192 8229
8200 8240
9640 8240
10916 8242
8320 8242
2865 8244
9655 8250
1081 8252
708 8259
3183 8259
685 8259
900 8259
2034 8259
3100 8259
2978 8259
1547 8259
3458 8259
1993 8259
1776 8269
2086 8269
2910 8274
3321 8275
632 8276
3297 8279
10620 8288
9784 8291
525 8295
3426 8295
9578 8301
8823 8301
11645 8303
9438 8303
10195 8304
8688 8304
8228 8304
1100 8339
875 8340
3950 8346
10614 8348
8642 8348
11903 8348
9620 8353
11894 8353
8422 8353
11670 8354
9154 8354
10634 8360
1009 8361
3495 8361
10579 8362
10655 8365
8947 8365
11720 8365
1699 8385
447 8396
1816 8404
1494 8404
10115 8404
8835 8404
9934 8413
8591 8413
11294 8416
8424 8416
3359 8421
10670 8424
8988 8424
9402 8424
10851 8433
1172 8436
1688 8436
10609 8436
10072 8436
8986 8436
2988 8441
738 8441
9386 8441
10661 8441
8193 8441
11160 8442
8774 8442
9626 8442
8684 8443
11791 8443
833 8447
3907 8447
8963 8448
9523 8448
3930 8453
2946 8453
8246 8457
9146 8457
11747 8459
10336 8459
9200 8476
8108 8476
11067 8498
8817 8498
10686 8500
10698 8500
2155 8512
8363 8530
8175 8530
10881 8535
8643 8535
11304 8536
11600 8536
3881 8542
8419 8547
10128 8547
9018 8557
11531 8557
238 8558
11399 8563
11110 8563
11054 8563
11813 8566
10475 8566
10302 8566
1662 8581
2576 8590
8233 8595
10643 8595
10569 8595
9637 8600
10650 8600
821 8602
10308 8603
11665 8603
10156 8603
3839 8605
9228 8610
1415 8631
9101 8634
9104 8634
9346 8634
2153 8635
3843 8635
1224 8641
684 8641
237 8647
9779 8649
10432 8649
9864 8649
8162 8650
9540 8650
8931 8652
11812 8652
437 8654
3954 8654
3708 8654
3349 8654
1867 8654
664 8654
2472 8654
441 8654
408 8654
2492 8654
2917 8657
1247 8667
3596 8667
11849 8670
10580 8670
1508 8676
1743 8679
3814 8679
298 8687
2603 8687
581 8692
1605 8692
1252 8692
2146 8692
3357 8692
3354 8692
2407 8692
2488 8692
1030 8692
3819 8692
10268 8711
9072 8711
9965 8711
3212 8719
592 8719
8802 8719
9511 8719
11792 8719
11231 8726
11245 8726
3688 8731
1894 8731
1892 8731
252 8731
3447 8731
2229 8731
1674 8731
1560 8731
826 8731
2517 8731
926 8732
2717 8735
117 8735
10661 8735
9328 8739
8113 8739
11694 8744
8040 8744
8265 8744
11109 8767
9294 8767
11588 8773
9095 8773
10170 8773
8207 8789
10162 8789
9346 8790
9030 8790
10031 8790
9925 8799
11325 8799
8755 8800
11216 8800
8774 8800
270 8802
11355 8806
11112 8806
2377 8807
9300 8809
2792 8812
9090 8812
11381 8812
8980 8812
11152 8815
8568 8817
8508 8817
3303 8835
8897 8836
10374 8839
10270 8839
9120 8839
11154 8841
9589 8841
1848 8849
154 8849
2825 8849
865 8849
1223 8849
1194 8849
3204 8849
3026 8849
1518 8849
3427 8849
8995 8851
10608 8851
9647 8851
9030 8857
10442 8857
9939 8863
8437 8863
1394 8864
1033 8864
10754 8868
9086 8868
1444 8873
2077 8884
724 8884
10020 8895
8178 8902
11797 8902
9847 8902
11605 8913
11698 8913
10858 8913
9714 8942
2779 8951
11877 8970
8247 8970
9872 8970
8565 8974
10572 8974
1013 8980
2301 8980
2852 8980
2810 8980
3426 8980
1075 8980
3741 8980
3131 8980
415 8980
997 8980
3859 8980
2891 8980
3141 8980
2660 8980
1113 8980
1330 8980
2029 8980
3561 8980
7 8980
610 8980
1378 8980
2813 8980
1167 8980
3765 8980
2434 8980
958 8980
2703 8980
1450 8980
438 8980
1182 8980
2026 8980
2520 8980
95 8980
206 8980
181 8980
3904 8980
2947 8980
660 8980
2447 8980
3396 8980
2690 8980
2734 8980
505 8980
508 8980
1147 8980
3261 8980
1742 8980
226 8980
198 8980
1264 8980
1832 8982
3649 8982
3271 8986
10357 8988
9119 8988
11292 8988
11931 8991
11116 8991
11226 9001
11707 9001
10669 9003
11585 9004
646 9015
1322 9022
11043 9023
8920 9023
105 9029
112 9034
1470 9034
1752 9038
860 9038
10313 9040
10065 9040
8589 9040
11564 9043
8939 9043
10128 9051
1187 9054
2675 9055
787 9058
9208 9063
10652 9063
11648 9064
9012 9064
8200 9064
2006 9090
3346 9090
2782 9090
295 9090
37 9090
1359 9090
822 9090
1202 9090
2997 9090
1750 9090
2475 9090
1850 9090
3264 9090
1505 9090
2327 9090
2240 9090
1460 9090
745 9090
2661 9090
730 9090
3054 9090
1464 9090
2668 9090
1724 9090
2583 9090
3583 9090
3180 9090
2071 9090
835 9090
1526 9090
3951 9090
3003 9090
2394 9090
3987 9090
2294 9090
1027 9090
2514 9090
4003 9090
873 9090
282 9090
3723 9090
2176 9090
3622 9090
3787 9090
1019 9090
2454 9090
2502 9090
1692 9090
2674 9090
3782 9090
1182 9096
10091 9106
8370 9106
8854 9110
11399 9110
3036 9112
124 9112
1951 9113
3241 9113
10226 9118
11041 9118
11025 9118
3511 9123
2991 9123
11580 9156
10781 9156
11057 9156
10711 9161
10539 9161
910 9168
8119 9170
10102 9170
8729 9170
9485 9171
715 9173
10116 9195
11848 9195
11631 9195
10942 9201
8658 9201
11110 9201
8122 9202
9235 9202
11840 9202
10442 9203
1061 9209
1203 9209
3132 9209
1660 9209
3324 9209
2068 9209
2693 9209
2974 9209
1533 9209
211 9209
9000 9211
11169 9211
3380 9218
10303 9238
11920 9241
10932 9252
10943 9260
11852 9260
8007 9262
9228 9266
9896 9266
918 9267
2709 9267
7 9269
10675 9282
816 9284
471 9289
3758 9289
2450 9299
3196 9301
11107 9301
11792 9301
11280 9301
11154 9312
8233 9312
2153 9318
507 9318
8217 9318
8590 9318
8386 9321
8040 9321
11355 9321
8896 9325
10695 9325
9063 9325
10289 9339
9524 9339
11789 9339
3636 9340
1336 9348
8324 9355
3140 9358
11 9358
0 9358
10172 9363
8071 9363
9126 9379
9779 9379
8379 9382
9744 9382
593 9386
8217 9386
1695 9392
2976 9392
3973 9392
418 9392
3537 9392
3732 9392
1359 9392
3962 9392
1249 9392
15 9392
9280 9393
3903 9399
2919 9400
11953 9401
10889 9405
9161 9405
1256 9406
11681 9407
9276 9407
9067 9407
3520 9408
9731 9408
11120 9408
11659 9408
2487 9411
1564 9411
3648 9411
710 9411
3062 9411
2701 9411
3697 9411
1432 9411
2643 9411
2482 9411
11132 9415
10141 9415
3966 9416
8618 9425
2095 9428
8025 9432
3029 9439
3014 9439
10746 9440
10801 9440
11376 9443
10427 9443
9729 9445
9179 9445
8548 9450
9150 9461
8057 9461
8395 9463
2026 9468
10072 9468
10152 9468
9534 9479
9653 9479
8360 9480
11346 9480
8888 9487
8014 9487
8091 9489
9383 9489
9341 9489
11268 9502
10964 9502
11811 9502
10001 9506
1630 9511
2207 9511
11474 9515
8177 9515
11231 9543
10254 9554
8839 9554
11366 9554
11595 9565
10714 9565
8682 9565
8643 9569
1609 9571
2919 9571
2124 9571
335 9571
1356 9571
2246 9571
3214 9571
718 9571
1636 9571
3305 9571
1246 9571
3858 9571
1111 9571
3562 9571
1747 9571
3758 9571
827 9571
2271 9571
2705 9571
2300 9571
3250 9571
707 9571
1000 9571
2205 9571
37 9571
1284 9571
3318 9571
3444 9571
2862 9571
1844 9571
2177 9571
1463 9571
3074 9571
3737 9571
2728 9571
2929 9571
68 9571
3093 9571
939 9571
31 9571
101 9571
1162 9571
2457 9571
1425 9571
165 9571
2371 9571
1882 9571
2866 9571
428 9571
3108 9571
9199 9580
10293 9591
11852 9591
11046 9591
10973 9594
11492 9594
3543 9606
2788 9606
3527 9610
10128 9611
10476 9619
9581 9619
9859 9623
11715 9623
10543 9630
9129 9631
9685 9631
10931 9631
8840 9633
9868 9633
10053 9643
11129 9643
10768 9643
3828 9650
9946 9652
11289 9660
8081 9660
9715 9660
101 9671
3354 9682
3003 9682
1034 9688
8084 9693
11229 9693
3277 9694
746 9694
10209 9706
10454 9706
2172 9712
228 9712
9179 9721
10965 9727
803 9731
2126 9736
887 9736
3091 9736
970 9736
3522 9736
1072 9736
3392 9736
2018 9736
2404 9736
2023 9736
1112 9737
8756 9739
1217 9740
10990 9740
8605 9740
11301 9740
8607 9745
8264 9748
10179 9748
8228 9748
8405 9750
10155 9750
11066 9754
11391 9754
9117 9755
9877 9755
9841 9755
11296 9759
9210 9761
888 9763
3809 9763
11623 9767
140 9772
3792 9772
499 9775
11252 9789
8970 9793
1790 9800
3526 9806
2662 9811
267 9816
11798 9824
8703 9834
1917 9848
110 9849
3265 9849
8784 9869
9311 9869
9600 9878
11166 9881
9120 9881
323 9883
135 9883
10499 9883
10229 9883
11859 9888
8752 9888
9180 9888
8865 9889
8265 9889
1691 9892
836 9892
1037 9895
882 9895
0 9895
8269 9895
450 9912
2121 9922
2542 9950
9008 9951
11141 9951
2690 9955
11228 9956
8579 9958
1923 9970
2467 9970
10113 9977
9198 9977
10267 9980
11079 9980
3871 9986
10825 9989
9684 9989
610 9996
999 10012
11549 10017
11764 10017
11938 10017
8430 10030
10844 10030
9949 10030
9215 10035
10564 10040
11815 10040
10112 10040
978 10044
747 10045
702 10045
9843 10050
10769 10054
10215 10055
10644 10055
8672 10061
9260 10061
11096 10061
1920 10072
10834 10077
8724 10077
3356 10099
2680 10108
3769 10115
1807 10119
3417 10119
3390 10143
1694 10143
1791 10144
917 10144
10270 10145
11783 10145
11 10152
8295 10152
8244 10152
11501 10152
9244 10154
8971 10158
8700 10158
9784 10164
9876 10164
11826 10164
11500 10165
10664 10168
11912 10168
11385 10168
3354 10175
3498 10175
2706 10175
2138 10175
2767 10175
856 10175
2705 10175
154 10175
2336 10175
520 10175
1162 10175
3179 10175
2359 10175
1480 10175
485 10175
1381 10175
2987 10175
2521 10175
2195 10175
2166 10175
308 10175
3481 10175
2844 10175
3785 10175
1378 10175
1908 10175
3898 10175
1181 10175
2530 10175
2910 10175
323 10175
1670 10175
322 10175
2237 10175
3331 10175
58 10175
464 10175
1714 10175
347 10175
3285 10175
2276 10175
2208 10175
642 10175
1579 10175
2020 10175
3669 10175
2478 10175
1918 10175
3228 10175
991 10175
9017 10183
11335 10186
9430 10186
8726 10186
3982 10190
2096 10190
3620 10199
9936 10206
11283 10206
11494 10206
9998 10210
11708 10210
1812 10221
3400 10221
10983 10225
9723 10225
11990 10225
3213 10229
1909 10229
505 10229
459 10229
2730 10229
2600 10229
213 10229
179 10229
1509 10229
3920 10229
11903 10231
11256 10231
10599 10231
8514 10233
9941 10248
9112 10255
2484 10255
2832 10255
2873 10255
1702 10255
1684 10255
1375 10255
3912 10255
691 10255
3727 10255
1360 10255
2998 10255
1817 10255
522 10255
3438 10255
3032 10255
615 10255
2355 10255
3441 10255
2995 10255
3586 10255
2563 10255
852 10255
187 10255
196 10255
1155 10255
139 10255
2877 10255
1010 10255
2609 10255
2757 10255
172 10255
3988 10255
2600 10255
2168 10255
606 10255
2014 10255
3606 10255
2376 10255
2785 10255
3466 10255
2282 10255
907 10255
1000 10255
1325 10255
464 10255
2159 10255
1365 10255
2276 10255
1071 10255
1042 10255
1706 10276
2249 10276
3333 10281
8463 10282
8801 10282
2855 10287
8456 10290
9073 10293
11590 10293
1834 10300
9257 10304
10269 10304
9240 10312
11754 10312
11084 10312
8458 10319
8618 10319
1364 10330
9744 10336
11390 10336
9504 10336
9521 10339
10957 10339
8159 10339
8126 10340
8288 10340
10831 10340
9008 10343
10264 10345
1086 10350
842 10351
10823 10358
11360 10358
1204 10361
10534 10370
11593 10378
10467 10381
11764 10381
8538 10381
3228 10383
2254 10383
3463 10383
2047 10383
2407 10383
1458 10383
1541 10383
219 10383
2813 10383
3008 10383
8746 10386
2160 10402
11740 10405
11691 10405
11618 10420
10316 10420
2190 10422
10493 10431
8178 10431
1729 10435
10226 10442
8349 10442
2256 10448
2539 10448
2758 10448
3344 10448
300 10448
1389 10448
2666 10448
3429 10448
1059 10448
468 10448
10259 10464
10616 10464
834 10466
9251 10467
9623 10467
9686 10467
212 10477
3437 10477
8731 10477
11134 10480
3876 10484
1545 10484
3155 10499
9690 10504
11535 10504
11364 10510
10580 10510
9830 10518
8105 10518
11299 10524
2134 10533
8538 10536
8601 10536
8147 10537
10741 10537
11870 10537
11708 10544
11589 10548
10920 10548
9820 10555
10201 10555
10573 10559
9419 10559
10431 10559
10009 10562
2793 10566
11582 10577
10049 10577
11090 10577
11521 10581
11350 10581
9608 10586
9125 10586
10431 10586
11112 10592
11709 10592
927 10593
11016 10607
8371 10607
120 10609
3370 10609
10066 10628
9023 10628
10988 10630
10366 10630
8477 10630
8092 10634
11044 10640
11263 10640
2209 10641
2273 10641
11302 10641
11760 10641
8463 10657
9901 10657
8675 10657
2229 10658
3889 10661
207 10665
11566 10676
10137 10676
9661 10676
3261 10682
921 10683
8182 10686
9676 10686
10528 10693
10755 10693
8407 10693
9869 10699
10159 10699
11367 10710
9253 10710
9564 10716
11680 10725
11671 10725
11870 10725
11109 10727
11866 10727
11319 10727
8420 10732
10824 10733
10806 10734
9739 10734
8162 10736
8480 10736
11281 10739
9700 10739
11673 10739
9464 10744
8303 10744
8462 10744
10168 10758
10813 10758
8197 10768
11558 10782
8856 10782
9148 10782
8326 10790
10906 10790
11096 10791
492 10792
3098 10792
1140 10792
2972 10792
1498 10792
718 10792
1731 10792
733 10792
2728 10792
1488 10792
8417 10793
8666 10793
10462 10793
9154 10796
1592 10803
990 10803
1237 10804
1480 10807
1129 10807
3466 10807
3977 10807
3267 10807
769 10807
2341 10807
1312 10807
3932 10807
1759 10807
11533 10822
1940 10832
9186 10833
9143 10833
11106 10833
9615 10834
8281 10834
10048 10840
2388 10845
11528 10852
11480 10852
1757 10854
635 10868
1885 10869
3116 10869
9600 10894
11053 10894
9161 10894
11406 10903
11598 10903
11905 10907
9852 10910
11337 10910
11603 10912
10019 10912
10089 10912
9136 10915
1496 10918
1805 10936
3609 10945
805 10945
10111 10946
11662 10946
49 10950
1879 10953
1141 10953
276 10961
1707 10961
8063 10977
9099 10983
34 10990
2837 10995
2541 10995
8625 11005
3682 11008
808 11008
9755 11010
678 11017
10287 11017
8542 11017
10120 11021
2732 11030
9080 11031
2937 11034
387 11034
11635 11042
9562 11053
10421 11053
10758 11053
11460 11060
8938 11060
8872 11060
1167 11073
10233 11084
10458 11084
8280 11084
9776 11086
8912 11095
10430 11095
9213 11095
9582 11096
9555 11096
9444 11096
2242 11099
3336 11099
3958 11107
10194 11114
9144 11114
11477 11114
10165 11117
10499 11120
8951 11120
8110 11120
2635 11120
702 11120
3906 11120
2445 11120
3937 11120
1127 11120
2393 11120
80 11120
316 11120
1299 11120
3453 11120
3943 11120
1445 11120
3733 11120
3205 11120
1142 11120
3178 11120
3267 11120
1018 11120
1694 11120
2490 11120
2067 11120
3172 11120
1477 11120
276 11120
885 11120
210 11120
657 11120
2097 11120
1454 11120
3152 11120
3839 11120
1720 11120
1043 11120
3365 11120
1737 11120
1189 11120
3305 11120
3486 11120
1510 11120
2626 11120
2959 11120
2697 11120
806 11120
17 11120
2534 11120
3809 11120
291 11120
3984 11120
244 11120
11685 11128
11868 11128
9641 11128
1146 11140
3554 11140
10391 11141
8714 11141
11271 11145
9010 11160
11336 11160
8846 11171
11589 11171
3341 11196
3211 11200
3765 11200
1602 11200
3637 11200
1216 11200
1544 11200
248 11200
3537 11200
3155 11200
3763 11200
725 11207
2837 11207
9553 11220
9824 11225
11376 11225
11427 11225
11097 11230
9766 11232
10246 11232
8623 11232
10865 11234
9314 11235
11927 11235
10036 11239
8508 11239
2655 11248
9005 11260
9630 11278
11628 11278
3111 11280
10098 11282
10404 11282
11271 11294
10187 11294
10872 11294
8341 11295
3202 11301
499 11302
11568 11304
8715 11304
8065 11304
2990 11324
1925 11324
8594 11327
8428 11330
8724 11341
8025 11341
722 11343
8693 11348
8242 11348
11133 11348
8845 11352
9373 11352
11052 11352
3050 11354
3465 11354
1530 11354
2937 11354
314 11354
2112 11354
3548 11354
740 11354
2702 11354
3266 11354
2643 11354
350 11354
2520 11354
1539 11354
3109 11354
1114 11354
369 11354
1828 11354
2094 11354
2554 11354
1966 11354
1320 11354
2176 11354
3244 11354
1217 11354
1260 11354
2871 11354
240 11354
1301 11354
2264 11354
995 11354
1062 11354
2890 11354
3993 11354
2049 11354
2332 11354
1372 11354
2214 11354
1808 11354
2439 11354
3928 11354
3855 11354
2098 11354
2863 11354
1754 11354
2481 11354
667 11354
2372 11354
484 11354
3692 11354
11310 11359
10778 11366
11946 11366
9517 11375
11048 11375
10867 11376
8803 11376
11462 11376
3901 11381
2772 11381
9718 11390
8707 11390
11901 11390
9438 11393
11495 11393
9451 11393
9869 11395
10244 11395
8072 11396
8718 11396
11864 11402
10564 11402
11372 11404
9779 11417
11246 11417
11524 11417
10772 11422
10279 11422
9184 11430
9706 11437
11533 11437
3881 11441
366 11450
28 11450
9044 11453
9427 11453
8076 11453
726 11464
49 11464
10402 11464
11381 11464
609 11478
3857 11478
270 11479
10547 11483
11770 11483
8402 11483
10685 11484
11589 11484
11711 11484
1061 11487
1817 11499
1484 11499
10854 11499
10995 11499
10477 11499
512 11501
2396 11501
2564 11501
3247 11501
2642 11501
3941 11501
2185 11501
3106 11501
2178 11501
3293 11501
10340 11502
10349 11506
11094 11508
11613 11508
9220 11509
9512 11509
9283 11510
11276 11510
10178 11510
9534 11519
8096 11519
981 11526
8796 11527
2349 11530
11956 11556
10298 11556
11624 11556
10082 11565
10692 11565
10644 11565
1416 11571
420 11571
428 11581
3960 11583
49 11583
1881 11583
817 11583
3984 11583
669 11583
3724 11583
2872 11583
581 11583
2361 11583
8180 11602
9845 11602
9925 11602
8922 11606
11771 11606
8400 11614
8878 11620
8037 11621
11509 11621
10086 11621
9075 11635
8565 11635
9027 11638
10275 11638
10694 11638
8280 11647
8762 11647
8305 11647
3793 11659
3481 11668
1942 11668
961 11678
11090 11680
8701 11684
8573 11684
2780 11714
9707 11731
8032 11731
11320 11731
1677 11732
8208 11733
11415 11733
10256 11733
10140 11745
11185 11746
10669 11746
9017 11746
10708 11747
11270 11747
2106 11760
9412 11766
11930 11766
3847 11775
1006 11777
10049 11780
9799 11780
3831 11785
664 11786
8802 11786
8087 11790
11350 11790
3032 11792
8872 11795
8245 11795
11895 11795
2061 11799
10078 11800
8299 11800
10076 11800
2486 11803
8038 11803
8654 11803
10199 11803
8009 11805
8195 11810
9397 11814
10671 11814
9803 11830
2007 11880
1601 11880
1452 11884
9861 11889
11713 11889
8584 11889
11046 11901
1068 11909
3090 11909
780 11909
259 11909
3907 11909
455 11909
2308 11909
3509 11909
3378 11909
1348 11909
2105 11914
11652 11917
8696 11917
8067 11923
9767 11923
8892 11926
11255 11926
9315 11926
1657 11937
2705 11937
8082 11940
11888 11940
649 11943
10728 11957
11974 11957
8425 11957
11261 11968
9542 11968
11898 11968
11028 11973
8472 11973
8205 11973
9491 11980
11426 11980
3507 11995
10092 12000
10011 12000
11752 12000
9542 12000
10258 12000
9599 12000
8924 12000
11945 12000
11522 12000
